model_name,i_par,parameter_name,parameter_transformation,parameter_value,transformed_mean,transformed_variance
scheme_6_inact,0,Binding_on,Log10,9.27999999999999936,0.967547976218862016,2
scheme_6_inact,1,Binding_off,Log10,1870.99999999999977,3.27207378750000988,2
scheme_6_inact,2,Rocking_on,Log10,3874.99999999999818,3.58827170684232888,2
scheme_6_inact,3,Rocking_off,Log10,1.07000000000000006,0.0293837776852096666,2
scheme_6_inact,4,Gating_on,Log10,914.000000000000568,2.96094619573383167,2
scheme_6_inact,5,Gating_off,Log10,776.000000000000114,2.88986172125818852,2
scheme_6_inact,6,BR,Log10,74.8649999999999807,1.87427882892180353,2
scheme_6_inact,7,BR_0,Log10,1.14999999999999991,0.0606978403536116498,2
scheme_6_inact,8,BR_1,Log10,33.2999999999999901,1.52244423350631974,2
scheme_6_inact,9,BG,Log10,1.77000000000000002,0.247973266361806638,2
scheme_6_inact,10,BG_0,Log10,1.77000000000000002,0.247973266361806638,2
scheme_6_inact,11,BG_1,Log10,0.770000000000000018,-0.113509274827518117,2
scheme_6_inact,12,RG,Log10,123.000000000000028,2.08990511143939806,2
scheme_6_inact,13,RG_0,Log10,1,0,2
scheme_6_inact,14,RG_1,Log10,634.999999999999773,2.80277372529197555,2
scheme_6_inact,15,Gating_Current,Log10,1,0,2
scheme_6_inact,16,Current_Noise,Log10,0.00100000000000000002,-3,2
scheme_6_inact,17,Pink_Noise,Log10,5.00000000000000089,0.698970004336018857,2
scheme_6_inact,18,Proportional_Noise,Log10,0.0100000000000000002,-2,2
scheme_6_inact,19,Current_Baseline,Linear,1,1,2
scheme_6_inact,20,Num_ch,Log10,4799.99999999999909,3.68124123737558717,2
scheme_6_inact,21,inactivation_rate,Log10,3.0e-4,-3.52287874528033740,2
