interval_in_tau,param_index,m,lo,hi,se,nch,z
1,0,-0.04598215009844041,-0.05979862958088857,-0.03548158439256986,0.5653403195647514,5,0.1
1,1,0.03958188061756441,0.0338193943097095,0.04447042110039888,0.2337928565335734,5,0.1
1,2,-0.04027036921121054,-0.04672156186697422,-0.0340214523727347,0.31914752361935195,5,0.1
1,3,-0.03836151234374179,-0.0484914914245814,-0.02945931489927139,0.39819051882449574,5,0.1
1,4,3.4069641724971e-4,-1.9884037073764e-4,8.61240536376e-4,0.027254048670658455,5,0.1
1,5,0.08413212196044072,0.07403159380346168,0.0986980587654355,0.5871965683430079,5,0.1
0.5,0,-0.03169699313796306,-0.04017851397606415,-0.02143103111080553,0.4819567851287268,5,0.1
0.5,1,0.03904964917916536,0.03427964549840431,0.04346197700767165,0.24077572411417283,5,0.1
0.5,2,-0.03264919605565422,-0.03660200437661897,-0.0270123764189924,0.25046580068518526,5,0.1
0.5,3,-0.04364545591813483,-0.04953807886186624,-0.03862209063380793,0.2521352672476742,5,0.1
0.5,4,0.00117975550557535,7.4819101593745e-4,0.00156509109592337,0.02539455294856655,5,0.1
0.5,5,0.06957585668248838,0.05827003785521531,0.07787335669579673,0.5088077536207847,5,0.1
0.2,0,-2.259290016997e-4,-0.00678671847929985,0.00675983196212651,0.32401520788212057,5,0.1
0.2,1,0.02373551885124975,0.01883719414976968,0.02962752482002162,0.22129352464915653,5,0.1
0.2,2,-0.0084636513776027,-0.01240506582303967,-0.00523771465125569,0.20397992396552322,5,0.1
0.2,3,-0.0280873880452009,-0.03050804458799518,-0.02500647439132399,0.1387552938297511,5,0.1
0.2,4,0.00157547527507114,0.00115123101440813,0.00206549733094111,0.02434335082653208,5,0.1
0.2,5,0.01864396523760373,0.01411128732595794,0.02492514287490473,0.3504312012027388,5,0.1
0.1,0,-0.00649929944481912,-0.0125816831101295,-0.00129078330932215,0.2579132958898164,5,0.1
0.1,1,0.01452619488632057,0.00874261169058162,0.01886213373604217,0.21010364588773955,5,0.1
0.1,2,-0.00299380635272812,-0.00633554238926463,7.0626627238011e-4,0.18945924536047984,5,0.1
0.1,3,-0.01437159784492163,-0.01617903110971291,-0.01245588067801729,0.08714390663502332,5,0.1
0.1,4,0.00255423182200397,0.00205283990890918,0.00316686513077392,0.02407876710555796,5,0.1
0.1,5,0.01077871199464604,0.00631022593203535,0.01558105323567593,0.2736087779526695,5,0.1
0.05,0,-0.00876842255058188,-0.01329382993065827,-0.00394835814777984,0.2337251148783606,5,0.1
0.05,1,0.01144734631800409,0.00739900418618506,0.01580801056767269,0.20717903128375018,5,0.1
0.05,2,0.00432314200198286,0.00167682651313527,0.00713435762283186,0.18524729308081864,5,0.1
0.05,3,-0.00825071133777538,-0.00926688650146577,-0.00706297480852823,0.05434779965757271,5,0.1
0.05,4,0.00348135471797044,0.00307932449424267,0.0039574213241175,0.02387593975863275,5,0.1
0.05,5,3.575148677221153e-6,-0.00393846993269205,0.00373458006415235,0.24116547843988326,5,0.1
0.02,0,-0.0205300462700516,-0.0251780584283053,-0.015947689693195,0.22067297799940974,5,0.1
0.02,1,5.3510010608899e-4,-0.00492757894485143,0.00462692449389227,0.2050620680620063,5,0.1
0.02,2,0.00819608312435042,0.00491408220725226,0.01179810429629572,0.18242742326338804,5,0.1
0.02,3,-0.00208586326768222,-0.00284149548037517,-0.00142701157711827,0.030579576637588365,5,0.1
0.02,4,0.00456028748811077,0.00399692124156099,0.0050462828586689,0.023838832318892007,5,0.1
0.02,5,-0.00153747613464795,-0.00520687954344261,0.00208435841511294,0.21820037324135483,5,0.1
0.01,0,-0.03041498324912778,-0.0359420651390169,-0.02574845950708024,0.21720462999101087,5,0.1
0.01,1,-0.0023462846196545,-0.00763555214277664,0.00189347068536217,0.20560205484047853,5,0.1
0.01,2,0.01323974216509746,0.01010641753273612,0.01636501548893336,0.18179084427268993,5,0.1
0.01,3,-0.00133783347320771,-0.0017441590012268,-9.6642940572278e-4,0.020571691626759817,5,0.1
0.01,4,0.00549734082717368,0.00501488007619887,0.00597574211379165,0.023767863031219697,5,0.1
0.01,5,-0.00443960522474231,-0.00831647437753462,1.0029675965812e-4,0.21048225601553125,5,0.1
1,0,0.01131276178718938,-0.00308921447881297,0.02375815009673648,0.6678491616377781,5,1
1,1,0.00725017433730819,0.00139221498797378,0.01363148734029563,0.2672652785492035,5,1
1,2,0.00829275544387429,-9.4267375483341e-4,0.01652982479575063,0.4372025800537883,5,1
1,3,-0.02575379694183515,-0.03363327003049378,-0.0183189372456015,0.35689281950416785,5,1
1,4,0.00354185988411558,0.00200362499806376,0.00555044559921491,0.08042758025866804,5,1
1,5,-0.00917479096275191,-0.02474984378485313,0.00867693185791,0.7667069154893661,5,1
0.5,0,-0.00195930499598293,-0.0145862770063618,0.00816553806472985,0.6053171820105038,5,1
0.5,1,0.00673208902420247,0.00107666138014133,0.01220277498982256,0.2676707352633606,5,1
0.5,2,0.00703349735916953,-9.7244851011711e-4,0.0138928566457862,0.37206761273341743,5,1
0.5,3,-0.01918650885216986,-0.02316168247008199,-0.01485406396210065,0.22030297051297248,5,1
0.5,4,0.00313474301542241,0.00168961648129723,0.00483631282552659,0.07741887308259635,5,1
0.5,5,-0.00428875335371427,-0.01621594570209342,0.01351039322910405,0.689809657131264,5,1
0.2,0,0.01768833606250583,0.00630777378551484,0.0286619976754556,0.5366468584351333,5,1
0.2,1,0.00297073106486388,-0.00330137404859004,0.00869950533438428,0.2656122939176305,5,1
0.2,2,0.0188357075450539,0.01213673432011515,0.02553495047191347,0.32975024335887987,5,1
0.2,3,-0.00892985350785796,-0.01139329257846019,-0.00640481962029186,0.11521842601669717,5,1
0.2,4,0.00402045915372573,0.00222979793038562,0.00592429490987763,0.07550781992862858,5,1
0.2,5,-0.02623299123229181,-0.03962825029237194,-0.01363755426061132,0.61220777964307,5,1
0.1,0,1.7291146179428e-4,-0.01011642469838498,0.0083447449881382,0.49085726213564884,5,1
0.1,1,-9.9807174483108e-4,-0.00529300000871295,0.00468844764066291,0.2621137396554697,5,1
0.1,2,0.00995386996850438,0.00448147892362629,0.01473916581286297,0.3080945231574855,5,1
0.1,3,-0.00341458507294503,-0.00505910356774985,-0.00153149431539078,0.07258437005043379,5,1
0.1,4,0.00481219569709136,0.0032323740116595,0.00602632599919941,0.07498376498007459,5,1
0.1,5,-0.00848676766691952,-0.01956603604438246,0.0010872041073796,0.560012987051545,5,1
0.05,0,0.00864689875033009,-7.137549427118e-4,0.01646991818797489,0.46819013216461325,5,1
0.05,1,3.677660552853016e-5,-0.00528760331047269,0.00497626196894734,0.26108880078314595,5,1
0.05,2,0.01390041297378425,0.00811892276884355,0.01947074546203428,0.2964108319652243,5,1
0.05,3,-0.00155643592088654,-0.00250212826269354,-6.8320247306324e-4,0.04762177890392588,5,1
0.05,4,0.00630008039647461,0.00498403771154028,0.00807452906184607,0.07469437300394623,5,1
0.05,5,-0.01823711076680757,-0.02917367397715269,-0.00824382834090215,0.5318223805286578,5,1
0.02,0,0.00389290525325735,-0.00430699370621048,0.01337810260686745,0.44446192278833446,5,1
0.02,1,-0.00314371007568609,-0.00841248421852323,0.00204708834320217,0.25918788001214194,5,1
0.02,2,0.01090108637076553,0.00560812130523855,0.01586096907787892,0.28654221061478713,5,1
0.02,3,-5.0875752431463e-4,-0.00101414133105406,1.2971301071249e-4,0.028577680176696988,5,1
0.02,4,0.00647179794380753,0.00509500504648242,0.00794457395002018,0.07443296995268582,5,1
0.02,5,-0.01388042564220412,-0.02358400023980982,-0.00294984374442759,0.5018975322627159,5,1
0.01,0,-0.00339164065103978,-0.01244329369507472,0.00565507689838777,0.4340256978433261,5,1
0.01,1,-0.00553943384810683,-0.01174827550990186,0.00124675227010566,0.25900000956917796,5,1
0.01,2,0.00999369539551906,0.00386938459639239,0.01614301707689042,0.2827618906463085,5,1
0.01,3,-4.8940808180502e-4,-8.5574932290475e-4,-1.5034014513545e-4,0.019821799703924718,5,1
0.01,4,0.00787830619146009,0.00632922100098933,0.00945994021431615,0.07437746859620721,5,1
0.01,5,-0.01103390085443976,-0.02176006827267245,-0.0015208443253738,0.4895338304614918,5,1
1,0,-0.04135839407236696,-0.05074985532866273,-0.03125223197747468,0.47295658853405204,10,0.05
1,1,0.0281673423065306,0.02381153565747664,0.03290183204284867,0.17812005350099697,10,0.05
1,2,-0.03775867427722247,-0.04236756720007875,-0.03363045520723914,0.2766562901694196,10,0.05
1,3,-0.02515949098144221,-0.0329289529950053,-0.01700250319051987,0.42219418054733865,10,0.05
1,4,8.033129289929636e-5,-4.2470011738517e-4,4.7821381638259e-4,0.02063746595061661,10,0.05
1,5,0.07391868893366875,0.06369262601304557,0.0826456180007375,0.49139964881903375,10,0.05
0.5,0,-0.03636657448716272,-0.04394365146812981,-0.02748485202501978,0.426775748709396,10,0.05
0.5,1,0.02240722544803669,0.01831796524916848,0.02682895872772781,0.18235814948193066,10,0.05
0.5,2,-0.03299050910875638,-0.03720274706273878,-0.02935894273173468,0.21306058703210928,10,0.05
0.5,3,-0.04211469769647398,-0.04717105015992004,-0.03689816071830632,0.2732470201815982,10,0.05
0.5,4,4.0065397506339e-4,-1.512379085936904e-5,7.9527955574973e-4,0.019234646625525775,10,0.05
0.5,5,0.06431539547687909,0.05590530046763664,0.07177196663335103,0.43275965171127206,10,0.05
0.2,0,-0.00840254254257987,-0.01568042135141504,0.00109196172052949,0.37903998800976607,10,0.05
0.2,1,0.01861164031195759,0.01496127750579042,0.02142515833428693,0.1799691350481998,10,0.05
0.2,2,-0.01301253685830697,-0.01572547607399826,-0.01048659116903394,0.18623177025507576,10,0.05
0.2,3,-0.03039075046021358,-0.03284632680948633,-0.02718261213647869,0.15315709637769814,10,0.05
0.2,4,0.00114662153113819,7.9752111896367e-4,0.00143755004873669,0.018320082809131895,10,0.05
0.2,5,0.02643558831050222,0.01924111644258312,0.03390093028145433,0.3927378986096913,10,0.05
0.1,0,-0.00814547044220064,-0.01494240356942259,8.2002369189841e-4,0.33012329204531965,10,0.05
0.1,1,0.01410899042303823,0.01030126052572935,0.01756314685356319,0.1711872804121502,10,0.05
0.1,2,-0.00714401222055458,-0.00987024413232132,-0.00377075703299848,0.17279837235551274,10,0.05
0.1,3,-0.01734400058385299,-0.01899237875219604,-0.01592864783394645,0.09821378366900595,10,0.05
0.1,4,0.00143450653080549,0.00108453785949001,0.0017404751205078,0.01812934851579008,10,0.05
0.1,5,0.01729290136380654,0.01043572945696859,0.02531777078349269,0.34572912158432434,10,0.05
0.05,0,-0.0077846881184971,-0.01438179131892413,-0.00189268669843907,0.2886447364680247,10,0.05
0.05,1,0.01234118353561398,0.00867191098343127,0.01588965215156404,0.1651266523537724,10,0.05
0.05,2,-0.00535984339590804,-0.00902096332458384,-0.00231376779493806,0.1645788183065272,10,0.05
0.05,3,-0.0066499482378307,-0.00799986657531651,-0.00550933166922447,0.06149955074222348,10,0.05
0.05,4,0.0021480126981211,0.00180615065381424,0.00244749229351608,0.018019797296929287,10,0.05
0.05,5,0.01337422678383395,0.00750593128888259,0.02111297456757284,0.3046987373578833,10,0.05
0.02,0,-0.01188278468769731,-0.01644710831789281,-0.0061189808263553,0.24144212838307108,10,0.05
0.02,1,0.0057960257327786,0.00196541502541938,0.00927508179175161,0.159133579206343,10,0.05
0.02,2,3.3155302472219e-4,-0.00228050958891309,0.00291075452213064,0.15579146034139854,10,0.05
0.02,3,-0.00249941517775427,-0.0031105975927391,-0.00166966916478826,0.033061966535274184,10,0.05
0.02,4,0.00331131424000483,0.00289220265407999,0.00367296177087061,0.017941300062125933,10,0.05
0.02,5,0.00592962998425439,0.00107582538501564,0.01044108768475024,0.25397900579934574,10,0.05
0.01,0,-0.00851758176037927,-0.01221683327863683,-0.00417594599277832,0.23150444091697708,10,0.05
0.01,1,0.00598455134956116,0.00136880848099315,0.01007517190591848,0.15822669853627205,10,0.05
0.01,2,3.763850602088743e-6,-0.0026454662805879,0.00323571166659138,0.1543144660871964,10,0.05
0.01,3,-0.00115657859759565,-0.00159366171650648,-6.7270338972809e-4,0.021539831375191172,10,0.05
0.01,4,0.00358091772182242,0.00319351340199224,0.00400918214658177,0.017964960045516103,10,0.05
0.01,5,0.00594460005469676,0.00182861539283219,0.00963502808001362,0.2423282804278431,10,0.05
1,0,-0.02759380788753672,-0.0369743607121773,-0.01904397693823254,0.47816843712138446,10,0.1
1,1,0.01962709500364114,0.01642632944783014,0.0229456256528494,0.17967310161980612,10,0.1
1,2,-0.02884716095351765,-0.03450124211294346,-0.02224287314546097,0.2840805733481147,10,0.1
1,3,-0.03051405772655965,-0.03976482925355,-0.02311983094496643,0.4156716199752444,10,0.1
1,4,5.6170271589637e-4,4.7248588978554e-5,0.00108946368026974,0.02872365327557273,10,0.1
1,5,0.0531507944029864,0.04179857828604186,0.06177204288129356,0.5033172125558819,10,0.1
0.5,0,-0.02157298887994368,-0.0320780092895449,-0.01195031848544638,0.4320929473802883,10,0.1
0.5,1,0.02161083660978702,0.01707682222582574,0.02447274145208622,0.1844199136798458,10,0.1
0.5,2,-0.01920835639128672,-0.02360696580857381,-0.0149384485768171,0.2220445448764363,10,0.1
0.5,3,-0.04295597645880803,-0.0481874734390222,-0.03594523397734111,0.2663150853275465,10,0.1
0.5,4,0.00106607502698659,5.9691603509646e-4,0.00172507453923379,0.026944980546033802,10,0.1
0.5,5,0.0418706650766572,0.03228721962966186,0.0507689680605338,0.44524974275631324,10,0.1
0.2,0,-0.01088145634428252,-0.01737725987167595,-0.00213206694881849,0.3861424428248213,10,0.1
0.2,1,0.0159345314332424,0.01276246953391493,0.01924229918129189,0.18178255385675077,10,0.1
0.2,2,-0.00628005319264951,-0.00990256185391223,-0.00348258936352774,0.1943350200595993,10,0.1
0.2,3,-0.02749781909965678,-0.0302277619897495,-0.02465407243694069,0.147196964159509,10,0.1
0.2,4,0.00174777284843941,0.00128033482192141,0.00214989702106151,0.0258454790671862,10,0.1
0.2,5,0.01928869742115602,0.01333135986460575,0.02615733081506115,0.4047079272055961,10,0.1
0.1,0,-2.7029958210608e-4,-0.00877925609138991,0.00748400914945525,0.342489363453854,10,0.1
0.1,1,0.0102584473462014,0.00549417298001516,0.01360245911872704,0.17438887490870905,10,0.1
0.1,2,-8.0546526530162e-4,-0.00377359063880353,0.00307113298770473,0.18119903024479142,10,0.1
0.1,3,-0.01199715825579312,-0.01449689462003987,-0.01014947360026441,0.09302814748930933,10,0.1
0.1,4,0.00220991430737604,0.00174378225346839,0.00266789147394544,0.025557209169931094,10,0.1
0.1,5,0.00406662128145343,-0.00414471426577793,0.01209710162421026,0.360875893860929,10,0.1
0.05,0,-0.00317993443316688,-0.0096253562640873,0.00311279846375324,0.3199147048663695,10,0.1
0.05,1,0.00933512600737218,0.00552251162368609,0.01292953112525703,0.1710896857289044,10,0.1
0.05,2,-0.00128941995804069,-0.0045226072780887,0.00132189911266103,0.1763981341737891,10,0.1
0.05,3,-0.00605571128452246,-0.00726642680750827,-0.00505662740247909,0.05769255203053155,10,0.1
0.05,4,0.00300036985551791,0.00261097555906999,0.00351814118423706,0.025426499594181067,10,0.1
0.05,5,0.00616489107913999,-1.988872973692e-4,0.01256531061881069,0.34000082113950975,10,0.1
0.02,0,-0.01059723572196673,-0.01574749843877432,-0.00423722602479229,0.2866418396610388,10,0.1
0.02,1,0.00490033332342493,0.00103389916904239,0.00872085201773784,0.1666922158888816,10,0.1
0.02,2,-4.287861879852183e-5,-0.00300711781747209,0.00284588739994912,0.16920567135021183,10,0.1
0.02,3,-0.00137085295378767,-0.0020974881334207,-5.5718390898614e-4,0.031611787339060726,10,0.1
0.02,4,0.00414158031693969,0.00371848381391808,0.00462092115526108,0.0253404623526912,10,0.1
0.02,5,0.00799417692045109,0.00347905600545853,0.01291336640551004,0.3048296115026794,10,0.1
0.01,0,-0.00972193084521132,-0.01496565319302452,-0.00417409743001331,0.2785342344935865,10,0.1
0.01,1,0.00372085622995482,1.3342524399077e-4,0.00751813493921732,0.16600061980100894,10,0.1
0.01,2,-0.00153213494975567,-0.00438855518619847,0.00103953303422626,0.1675464620936039,10,0.1
0.01,3,-0.00109650012587131,-0.0014920915687782,-6.6497710466561e-4,0.020968849381073584,10,0.1
0.01,4,0.00484291145250533,0.00421095387151753,0.00538487587570586,0.02530235855752641,10,0.1
0.01,5,0.00798244640165506,0.00357282525117167,0.01363417233153941,0.2953588974588571,10,0.1
1,0,-0.02257160801647676,-0.03306235796167287,-0.0124813376010024,0.4851826610908333,10,0.2
1,1,0.01774580564952028,0.01396785603801446,0.02243202851652629,0.18281325540038526,10,0.2
1,2,-0.02045982138365772,-0.02638163577173416,-0.01476247809655726,0.2951749897933449,10,0.2
1,3,-0.03386637977005082,-0.04167071576175957,-0.02590924177167514,0.40758786631755695,10,0.2
1,4,3.6427982319533e-4,-7.0487873776776e-4,0.00119864607179928,0.039938964742884234,10,0.2
1,5,0.04192008569948931,0.02856441416618544,0.05252570368320686,0.5201725710456867,10,0.2
0.5,0,-0.0034566790120909,-0.01532767476147106,0.00427093754941166,0.441796704416115,10,0.2
0.5,1,0.01314473401726202,0.00907408341178383,0.01739464538273845,0.1855470041111998,10,0.2
0.5,2,-0.00910872202937965,-0.01405264280371731,-0.00382043670306986,0.23412971399146323,10,0.2
0.5,3,-0.03148107365947533,-0.0370792551519603,-0.02704970592999473,0.2587812469299753,10,0.2
0.5,4,0.00172352209362698,0.00103037671509889,0.00265142382133891,0.03782003157822386,10,0.2
0.5,5,0.01688353292462982,0.00817447558994991,0.02802068245320766,0.4622596090992304,10,0.2
0.2,0,7.4706212432864e-4,-0.00674926433339248,0.00854284349693189,0.4018552672757278,10,0.2
0.2,1,0.00673948930166777,0.00363970147294095,0.01121790354741944,0.18326409923186152,10,0.2
0.2,2,0.00149318274265485,-0.00193449371560532,0.0053026328874683,0.20616339037802478,10,0.2
0.2,3,-0.01782379234393753,-0.02058232803704264,-0.01468462734108743,0.14070295481806408,10,0.2
0.2,4,0.00313124971499797,0.00242095493127542,0.00389454519009639,0.03644461215326293,10,0.2
0.2,5,4.9192484068981e-4,-0.00706430115607245,0.00791015018158781,0.4242620571783142,10,0.2
0.1,0,-0.00574280684158615,-0.01224464071552861,0.0019958232024336,0.37538469467968855,10,0.2
0.1,1,0.00819181321001197,0.00458097493470293,0.01150762991088518,0.18042255980744543,10,0.2
0.1,2,-0.0010410411867409,-0.00471075471043148,0.00253830212446963,0.19794021751981308,10,0.2
0.1,3,-0.00717353266452401,-0.00923028665146687,-0.00556350776442996,0.08751142092216346,10,0.2
0.1,4,0.00368387034881957,0.00305065162869716,0.00445177753776047,0.03597399968691082,10,0.2
0.1,5,0.00759243934956329,0.00113455540740101,0.01507001199845669,0.40034226155568803,10,0.2
0.05,0,-0.0054838899692108,-0.01344153953784816,4.638830134628212e-5,0.3520092106388178,10,0.2
0.05,1,0.0025632878357184,-8.1243303647544e-4,0.00677038067826465,0.1769733840237698,10,0.2
0.05,2,6.2752086374114e-4,-0.00295797951149013,0.00374458760048332,0.19071126244869643,10,0.2
0.05,3,-0.0033494286166963,-0.00454732944011673,-0.00229898612064983,0.05435804784925191,10,0.2
0.05,4,0.00394651223082676,0.00332179352963826,0.0048371542123143,0.03586567241997074,10,0.2
0.05,5,0.00268898072310454,-0.00386916978658317,0.00825577952891386,0.37568710961013607,10,0.2
0.02,0,-0.00747057112239262,-0.01348552858739928,0.00120473181994697,0.3327838892208446,10,0.2
0.02,1,0.00423618465722556,0.00104921629591247,0.0073454606738923,0.1755526173304816,10,0.2
0.02,2,0.00145224097187066,-0.00183911949731391,0.00508160731838177,0.18648490683798202,10,0.2
0.02,3,-0.00109225104757223,-0.00182102228479696,-4.2832967396614e-4,0.030509471312633228,10,0.2
0.02,4,0.00502484632783834,0.00438547992043579,0.00584937869097971,0.03568045913232073,10,0.2
0.02,5,0.00496852522190556,-0.0028819562183852,0.00985289410193535,0.3573357895069874,10,0.2
0.01,0,-0.00636602848337854,-0.01447693140119724,5.9653603811392e-4,0.3219482329857997,10,0.2
0.01,1,0.00243516523077262,-0.001203944556695,0.00685056192340911,0.17392525983781468,10,0.2
0.01,2,7.9070482139509e-4,-0.0031772292521688,0.00419467167566588,0.18308575350099665,10,0.2
0.01,3,-4.9416008753424e-4,-9.7197147982621e-4,-8.51326198346685e-5,0.0205443284521298,10,0.2
0.01,4,0.00519142210919942,0.00453642236454633,0.00590650689922697,0.03572586462178781,10,0.2
0.01,5,0.00331130438862364,-0.00289804700521405,0.01098211436645294,0.34375567865693796,10,0.2
1,0,-0.00676079413617541,-0.0176190222705731,0.00333345027062515,0.5033494531226846,10,0.5
1,1,0.00992828064989579,0.00587308897385516,0.01381785624897154,0.18854993305283302,10,0.5
1,2,-0.00144486249510853,-0.00908181485914703,0.00492871543644007,0.3208144362990411,10,0.5
1,3,-0.03552925637583791,-0.04399010332447091,-0.02757042686824652,0.3921659272949487,10,0.5
1,4,0.00109485517681242,-3.926068480373487e-5,0.0021951937099788,0.0614442374493367,10,0.5
1,5,0.01008868684863017,-5.0121992928498e-4,0.02430961210312225,0.5580224363082017,10,0.5
0.5,0,7.6023267534513e-4,-0.0088788783145801,0.01071369806017838,0.4595478218317584,10,0.5
0.5,1,0.0078700303348763,0.00367382813801468,0.011845799877528,0.19016621231483283,10,0.5
0.5,2,0.00862533022127461,0.00278681442283259,0.01370616137511613,0.26110539310926145,10,0.5
0.5,3,-0.02658996172655772,-0.03152116838276897,-0.0212890402737113,0.2447438208846474,10,0.5
0.5,4,0.00280674656181017,0.00142232094726442,0.00414228025527947,0.05879419145850753,10,0.5
0.5,5,-0.00480887795243947,-0.01603824546767037,0.00599234759329636,0.49768655349385815,10,0.5
0.2,0,0.00315486861737845,-0.00492839993469104,0.01217875689360336,0.43037702204942435,10,0.5
0.2,1,0.00255937072229253,-1.0637610471756e-4,0.00546890111292634,0.18851074397604528,10,0.5
0.2,2,0.00722438750271335,0.00375718735752954,0.01219685227986697,0.23401397632315968,10,0.5
0.2,3,-0.01269099767679551,-0.01547925776382393,-0.0102817531075192,0.13072536720130534,10,0.5
0.2,4,0.00390523347625754,0.00283498706915603,0.00504282744103841,0.05716860262119365,10,0.5
0.2,5,-0.0073172817888457,-0.01718587989728328,0.00107579341310003,0.4647814756843957,10,0.5
0.1,0,0.00142368477103951,-0.00671257038222315,0.01125232452083668,0.4101591393816594,10,0.5
0.1,1,0.00141440730336038,-0.00133663839961791,0.00555379881704287,0.18686922481006982,10,0.5
0.1,2,0.00478606122388239,0.00101619071306968,0.00857546843241889,0.22434014735481023,10,0.5
0.1,3,-0.00363322765203086,-0.00504884089300074,-0.00212275146632683,0.0804684013484359,10,0.5
0.1,4,0.00484739733917669,0.00375476625585241,0.00582899557702303,0.05666291066732947,10,0.5
0.1,5,-0.00380514953487401,-0.01122199472285797,0.00446133914663834,0.4438339938406131,10,0.5
0.05,0,0.00292800093459065,-0.00532778376534528,0.01165443581125619,0.3999728389813719,10,0.5
0.05,1,3.0158193436868e-4,-0.00354351792752945,0.00429233294966221,0.1860405711218239,10,0.5
0.05,2,0.00512990675231072,9.6947084781078e-4,0.00978100296215349,0.21891077905490172,10,0.5
0.05,3,-0.0013758212125904,-0.00270076760154656,-2.902984423225e-4,0.05087634060638334,10,0.5
0.05,4,0.00534229020616378,0.00432007155362435,0.00658409458356726,0.056403964807384334,10,0.5
0.05,5,-0.00503818932388976,-0.01415086233925528,0.00256547885944659,0.4327392915008256,10,0.5
0.02,0,-3.1012261564706e-4,-0.00763674028770732,0.00632052122625424,0.39381063569905167,10,0.5
0.02,1,-1.319736417874e-4,-0.0033791808936135,0.00432138887585649,0.18600419979530658,10,0.5
0.02,2,0.00194586755604295,-0.00247526440515451,0.00577160956729855,0.2152897863948542,10,0.5
0.02,3,-5.4426638495188e-4,-0.00101226210524413,1.359102407135776e-5,0.029493587774448705,10,0.5
0.02,4,0.00535100052906415,0.00437719903818698,0.00640849119710972,0.05633578401904645,10,0.5
0.02,5,-0.00213925025640972,-0.00890356966861848,0.00535120106454934,0.42556202961602013,10,0.5
0.01,0,-0.0046003923317022,-0.013898923404533,0.00289239888910511,0.38443970925859544,10,0.5
0.01,1,-0.00150536813725963,-0.00553036248029006,0.00162526365051055,0.18506643400399214,10,0.5
0.01,2,0.00103440599298867,-0.00284134320733155,0.005352634886004,0.21292841070754848,10,0.5
0.01,3,-3.403109823001e-4,-7.3459494139422e-4,9.347987392008822e-5,0.02015829701955748,10,0.5
0.01,4,0.00692014498590425,0.00571110514137331,0.00841427028581999,0.05619454945707252,10,0.5
0.01,5,0.00231584915446338,-0.00470724535334987,0.0115419086817948,0.4160616874404506,10,0.5
1,0,3.5516296542839e-4,-0.01186958494361271,0.01129281572004518,0.5285072457290725,10,1
1,1,0.00684142739658439,0.00234662843336765,0.01117682108583162,0.19626271716404015,10,1
1,2,1.1896774540709e-4,-0.00872735970545799,0.00579527223663674,0.35376550102058807,10,1
1,3,-0.0229901009613776,-0.03075408810607635,-0.01586663032920236,0.37640985545323224,10,1
1,4,0.00128146493851989,-2.9744835669001e-4,0.00314358823792999,0.0849710507240659,10,1
1,5,0.0035607412028973,-0.00687219906487231,0.01888778253603708,0.6057631191747151,10,1
0.5,0,0.00284374618167418,-0.00680801757220723,0.01267404263961949,0.4877788309243787,10,1
0.5,1,-1.3832818964298e-4,-0.00330192974809557,0.00378247115411026,0.1953620783566844,10,1
0.5,2,0.00474527604879321,-7.0937419607184e-4,0.01025571737668387,0.2949270424648119,10,1
0.5,3,-0.01645889791228446,-0.02092070564329391,-0.01202391689551732,0.23339566590722635,10,1
0.5,4,0.00370868350386698,0.00222853162701435,0.00525344915628953,0.08233515037415096,10,1
0.5,5,-0.00499561937151782,-0.01484369516502121,0.00517584842148697,0.543440567346684,10,1
0.2,0,0.01033935690166678,0.00268454014649877,0.02072377773703033,0.4648091090199871,10,1
0.2,1,1.863463766253659e-6,-0.00410672999970038,0.00395433694296188,0.19493186923064795,10,1
0.2,2,0.00764762029558531,0.00323270268348701,0.01191623917501727,0.2676342265305562,10,1
0.2,3,-0.00430132603450764,-0.00644757776689844,-0.0021516373981469,0.12265538966009419,10,1
0.2,4,0.00357693528837979,0.00218687069204074,0.00509416326978775,0.08032616700892749,10,1
0.2,5,-0.01306266641192082,-0.02347125244707843,-0.00400098137925317,0.5129599906070876,10,1
0.1,0,0.00120090374052459,-0.00817099279242464,0.00914143359007688,0.45163893565218066,10,1
0.1,1,1.8178525717325e-4,-0.00349026417225115,0.00375171096615704,0.19524313770079904,10,1
0.1,2,0.00229383801741813,-0.00258241516247223,0.00747278611847869,0.25767814411534573,10,1
0.1,3,-0.00237403558095824,-0.00402099209615678,-0.00105784479384657,0.07601246582717174,10,1
0.1,4,0.00524876076637094,0.00359734532601896,0.00690791902040448,0.07975733215198838,10,1
0.1,5,-0.00120676696279148,-0.01012557060527209,0.0087635705214855,0.4981887328187981,10,1
0.05,0,0.00639435765567897,-0.00388426790296293,0.01414716470622146,0.4480907994990917,10,1
0.05,1,4.2858709097283e-4,-0.00418284841826173,0.00446523845554616,0.1958348572761582,10,1
0.05,2,0.00641153855607617,9.5840935526208e-4,0.01143035559384702,0.25194175445835487,10,1
0.05,3,-5.1173362029238e-4,-0.00153264081130136,3.8078718265942e-4,0.04896978114631338,10,1
0.05,4,0.0036656305055222,0.00210459936276384,0.00493438674900954,0.07947303352319572,10,1
0.05,5,-0.00931719159375862,-0.01793851764504111,0.00288616931606413,0.49235695494042797,10,1
0.02,0,-0.00378533548395415,-0.01355810112306663,0.00575612612959168,0.43828753912059454,10,1
0.02,1,0.00243729150733483,-0.00109665160730155,0.00628854641260743,0.19573416044002448,10,1
0.02,2,-1.6510990329981e-4,-0.00557879922098508,0.00465465258845574,0.24779979476713404,10,1
0.02,3,-2.9046365276836e-4,-9.0676558245078e-4,4.0794317911004e-4,0.02895033345225457,10,1
0.02,4,0.00600135442770913,0.00438532836757568,0.00769182271172721,0.07928403726012519,10,1
0.02,5,0.00425263823235187,-0.00361579517361279,0.01554977172475198,0.4823290669127377,10,1
0.01,0,0.00891984542542441,8.9572001586456e-4,0.01602376877103052,0.4404371763011568,10,1
0.01,1,-0.0045784273988737,-0.00811132217620753,-7.1817381095166e-4,0.19516363102985568,10,1
0.01,2,0.0034909296036733,-8.269787181891e-4,0.00779097627670374,0.24610912778724242,10,1
0.01,3,-9.377687340333684e-5,-5.0950968103839e-4,2.4348174839074e-4,0.019959457604270463,10,1
0.01,4,0.00604083811832338,0.00443219008101822,0.00768913503660047,0.07938720618975523,10,1
0.01,5,-0.00920449568294135,-0.01772811172943383,-6.6150382289035e-4,0.4816838834286329,10,1
1,0,0.00257768077285019,-0.01317454444797496,0.01982255593395518,0.8104793401740249,10,10
1,1,0.00123418230864675,-0.00415487589850953,0.00734601368910866,0.2859670841337181,10,10
1,2,0.00843444690527325,-0.0070619733435277,0.02320008512944929,0.6967100702327366,10,10
1,3,-0.00642686932232055,-0.01235463308903334,2.4439199117235e-4,0.31291500971509745,10,10
1,4,0.00340784959501063,-0.00261202887764095,0.00781111396455988,0.2528388773685367,10,10
1,5,-0.0085845025216447,-0.03050243001581206,0.01237925468165328,1.077202493533381,10,10
0.5,0,-0.01627678371018136,-0.02987014710680396,-0.00182289831934541,0.7830218121333915,10,10
0.5,1,0.00108423542364784,-0.00346041650500854,0.0066695887529076,0.2797927903631148,10,10
0.5,2,-0.00913547466493441,-0.02061626272943724,0.00419136635953739,0.6264347941659933,10,10
0.5,3,-4.8105444114982e-4,-0.00535986318023996,0.00328653331685058,0.19041046672384518,10,10
0.5,4,0.00195410018900797,-0.00407020840358485,0.00678219152308786,0.24849736065721126,10,10
0.5,5,0.01895895930300423,-0.00218456116254079,0.03694401236732778,1.0053312756371962,10,10
0.2,0,-7.435279296804e-4,-0.01672148964950571,0.01334578185962102,0.758018595695935,10,10
0.2,1,-9.128469542419028e-5,-0.00620369015432658,0.00432009600293163,0.2784118091144954,10,10
0.2,2,0.0057407789550324604,-0.00657981348461369,0.01662391053397386,0.5657505488543652,10,10
0.2,3,-0.0025808349066952,-0.00445801203529322,-7.2347550499613e-4,0.1024990883355518,10,10
0.2,4,0.00253429211757536,-0.00292881264045651,0.00804686298119594,0.24619224359736305,10,10
0.2,5,-0.00519237785000573,-0.02297441432598876,0.01527451712729029,0.9403256454359984,10,10
0.1,0,-0.0060532500686823,-0.01913435875757388,0.0116864665762916,0.750648245995674,10,10
0.1,1,0.00243451820303826,-0.00402503642998484,0.0077606985739198,0.27928214043620336,10,10
0.1,2,-0.0081954159851847,-0.0201223643082581,0.00144267429680225,0.5452447432772909,10,10
0.1,3,2.7255679005963e-4,-8.0343540189616e-4,0.00178251152640432,0.06733034975972997,10,10
0.1,4,0.00189811399885027,-0.00347069190510531,0.00740473398484378,0.2456762490296459,10,10
0.1,5,0.01278029646084003,-0.00537791458071544,0.03119177396940406,0.9195943767603434,10,10
0.05,0,0.00818762849993844,-0.00614483745891988,0.02381455805698124,0.7421308331921103,10,10
0.05,1,0.00204748894607958,-0.00286538257413961,0.00917394606824557,0.27888107481520696,10,10
0.05,2,0.00808040935747613,-0.00352261120805955,0.01857171975457327,0.5314476293299534,10,10
0.05,3,-3.0775150199979e-4,-0.00125264378699768,6.2355767096276e-4,0.04558408556369964,10,10
0.05,4,0.00230513906742192,-0.00256002876180605,0.00733502030702067,0.24535577176531181,10,10
0.05,5,-0.00999747943428801,-0.02765654395894572,0.00943606664306006,0.9023996057417338,10,10
0.02,0,-0.01880193437999153,-0.03543141331753578,-0.00107130542063578,0.7453472499406747,10,10
0.02,1,7.6067838141904e-4,-0.0051413585674246,0.00701350553682489,0.2796674417434695,10,10
0.02,2,-0.00469423023177845,-0.01630916352251646,0.00538052075528047,0.5272851726146663,10,10
0.02,3,-9.982794550730524e-5,-7.0377949464316e-4,4.2856041600952e-4,0.028029112875696403,10,10
0.02,4,0.00435853705250608,7.9372072811364e-4,0.00842433018320077,0.24539640042041352,10,10
0.02,5,0.01530387877605025,-0.00370814796277075,0.03352569898568862,0.9020696098057861,10,10
0.01,0,-0.00746690649165911,-0.02335338372830813,0.00871785207404945,0.7429825102697379,10,10
0.01,1,-7.8813539216205e-4,-0.0080601854212071,0.0056428453782145,0.2788902914165984,10,10
0.01,2,-0.00597877181196327,-0.01632451706048644,0.0057494662983283,0.5242328945255292,10,10
0.01,3,4.732432220486082e-5,-3.5778216041422e-4,4.4518385688599e-4,0.0196237946890646,10,10
0.01,4,-0.00109676740110498,-0.00640652501126081,0.00405669616675627,0.24553740126550372,10,10
0.01,5,0.00888759019963946,-0.01188517381388676,0.02623057824792517,0.8963039609230623,10,10
1,0,-0.011215444929525,-0.05856528146185816,0.03777069745103211,2.2859183053196337,10,100
1,1,0.00887999818969985,-0.00658849606901875,0.02527193453367509,0.7534349243551295,10,100
1,2,-0.02478415276318464,-0.1001574796800174,0.0329231283618269,2.882524866946735,10,100
1,3,0.00354058938608729,-0.00223748793853902,0.00985995602502967,0.27169616551992914,10,100
1,4,0.00174759827829584,-0.01570503703681716,0.01463077130493158,0.8087760700143614,10,100
1,5,0.03720239458251687,-0.04631207995692314,0.1312658985038702,3.741798106845766,10,100
0.5,0,0.01322002908762607,-0.0331110300787795,0.06035446328159512,2.2122644061235444,10,100
0.5,1,2.9807430889414e-4,-0.01351962153153324,0.01768681009593738,0.7283791958836607,10,100
0.5,2,0.04402280550648856,-2.2256760440416e-4,0.09252267628886612,2.4937192450777608,10,100
0.5,3,1.8069423810197e-4,-0.00340062635704752,0.00395786317811534,0.16882541866752637,10,100
0.5,4,-0.00178245668797701,-0.01997908229740818,0.01103611166301299,0.7964886073303379,10,100
0.5,5,-0.05044754383123964,-0.1221613564568636,0.01497672967919235,3.377768759094518,10,100
0.2,0,-0.02352495400752319,-0.07116543295500422,0.01453044873273745,2.147499780851864,10,100
0.2,1,-0.01443040669017991,-0.02977738196842882,-0.00258151276963576,0.7179167486095313,10,100
0.2,2,-0.01589110964725738,-0.05369336896596744,0.02956133752967642,2.2451099982155864,10,100
0.2,3,-0.0013025882121508,-0.00310505019813308,3.0597143470035e-4,0.09578811883875447,10,100
0.2,4,0.00812556021891865,-0.00504126117093156,0.02265685022091948,0.7908085359649412,10,100
0.2,5,0.02395110696563887,-0.03240322387695328,0.08837595112225269,3.1335927305697036,10,100
0.1,0,-0.04902182658268938,-0.1063575635988397,0.00541237377183835,2.1267201394421757,10,100
0.1,1,0.01815943043644274,3.7095476070308e-4,0.03327385884236492,0.7179964198321798,10,100
0.1,2,9.1924421337789e-4,-0.04390725402491081,0.04021072365052249,2.1528718695528823,10,100
0.1,3,9.0638802777127e-4,-3.7343904030611e-4,0.00207197918091321,0.06468211059512646,10,100
0.1,4,-0.0203366265003635,-0.03639558014372526,-0.00438914632504371,0.7881579515734789,10,100
0.1,5,0.03077397204560148,-0.03908638369626742,0.1041045613020258,3.0480563641731497,10,100
0.05,0,0.03028507782635544,-0.02150760547367173,0.07536020041163981,2.126015368431375,10,100
0.05,1,-0.00480990885011404,-0.01940835461115719,0.00852472538255305,0.7169513674351281,10,100
0.05,2,0.02158865067203132,-0.02817061046002951,0.07139348483608157,2.1098560448701167,10,100
0.05,3,-4.6291296737498e-4,-0.00135841825510055,5.8045957331056e-4,0.04461856486894217,10,100
0.05,4,-0.00128329779024331,-0.01520394794979995,0.01395380671256219,0.7885621869095916,10,100
0.05,5,-0.04135750774630748,-0.1102114612855463,0.02996959416618784,3.0043805594274327,10,100
0.02,0,0.00485868543541083,-0.03336351149115017,0.04562783053649448,2.1245083728181395,10,100
0.02,1,4.4832399567302e-4,-0.01612923406284634,0.01403525667946761,0.7176403225732892,10,100
0.02,2,1.9999982058351e-4,-0.04737570736114435,0.03963819389158048,2.087112962485271,10,100
0.02,3,6.846153968039561e-6,-5.7729528105334e-4,5.2776457169483e-4,0.027772272314014027,10,100
0.02,4,-0.00197103651121893,-0.01952427335753124,0.01318495029320821,0.7884120364106978,10,100
0.02,5,-0.00430487932765697,-0.06787686708904309,0.05713352677817005,2.987774634261381,10,100
0.01,0,0.01776347670398823,-0.02447509957193023,0.06620997783566068,2.114664691390615,10,100
0.01,1,-0.00347693444413688,-0.02110488714217068,0.01407932775770544,0.7161052184157988,10,100
0.01,2,0.01553070118725099,-0.02562975627795111,0.0548360455126904,2.0767318378468462,10,100
0.01,3,-1.9846662663212e-4,-5.5863388850704e-4,1.3120825725388e-4,0.019530564858799143,10,100
0.01,4,-0.00175021028739535,-0.01749354594632608,0.01723929419465542,0.7885798524750033,10,100
0.01,5,-0.02490858634790746,-0.087128634218859,0.0385979830756016,2.9725957552958473,10,100
1,0,-0.01344885988664904,-0.1810634738026848,0.1493646188447673,7.631015565581497,10,1000
1,1,0.02594397505583889,-0.02115108718819906,0.06729196127721325,2.4494012341043487,10,1000
1,2,0.03402924532603368,-0.3595649758796076,0.4404111750778568,22.626499935871017,10,1000
1,3,-4.6087987351143e-4,-0.00508107785127313,0.00399509413388107,0.2641523785884986,10,1000
1,4,-0.00969109858378109,-0.06544357206135529,0.05279191530802328,2.6309525143139294,10,1000
1,5,-0.01353705773556574,-0.4427083795616131,0.4349584241589233,23.995729352382185,10,1000
0.5,0,-0.01435239213256907,-0.1495480911293966,0.1301675450714665,7.363182241279232,10,1000
0.5,1,0.02406333182318095,-0.02839727299149476,0.07077319353527449,2.3662366330043527,10,1000
0.5,2,0.4312795161950968,0.07960985199614469,0.7940739695484658,18.91032146836419,10,1000
0.5,3,-0.00248438843137217,-0.00590212945291315,7.1832732515522e-4,0.16515696779482805,10,1000
0.5,4,-0.00240871438370004,-0.05984233538621676,0.05503527429144451,2.5857949377988914,10,1000
0.5,5,-0.4072130418993762,-0.7982793642342727,-0.01977813001248674,20.39038853455244,10,1000
0.2,0,-0.08212339660227322,-0.2585462723042771,0.07043699137120467,7.1181711940999515,10,1000
0.2,1,0.01696094326756635,-0.03235823672563485,0.06926672186671295,2.3266375976389053,10,1000
0.2,2,-0.05823228160943206,-0.4094025846910693,0.3224253780240603,16.746369556072942,10,1000
0.2,3,0.00103907980105868,-6.9699852349111e-4,0.00310567684257417,0.0946490769655413,10,1000
0.2,4,-0.03182966616049363,-0.09607120840691669,0.00974582496786171,2.561585383003482,10,1000
0.2,5,0.1130831338258003,-0.3294342229387975,0.4688131569321992,18.263195656257952,10,1000
0.1,0,0.04838876136526638,-0.06705252141021123,0.1843687309303847,7.073760991727176,10,1000
0.1,1,0.00347809824270112,-0.03559405891843254,0.04938788653486946,2.3213885793752915,10,1000
0.1,2,0.3718427246288079,-3.576594259527e-4,0.6929226202269374,15.933451567069161,10,1000
0.1,3,-2.3760724039884e-4,-0.00154610007238409,0.00122650198562149,0.06425187554893211,10,1000
0.1,4,-0.0151196880951993,-0.08168364088236485,0.03426620546033031,2.5573256821649726,10,1000
0.1,5,-0.398538644028923,-0.7606283123096071,0.00812896396232975,17.468434819355245,10,1000
0.05,0,0.064519087738964,-0.06700608846829144,0.1875788902848341,7.062208229174909,10,1000
0.05,1,-0.02691456732909012,-0.0780722514824665,0.01924353197878623,2.320032085897027,10,1000
0.05,2,-0.08718972131941799,-0.3542635874022415,0.2379370240855869,15.66903692924709,10,1000
0.05,3,4.69271493216e-4,-6.0310307850062e-4,0.00133161666275236,0.044463972474459025,10,1000
0.05,4,0.05011245140613422,-0.01879762362070799,0.1092822688402421,2.5558686937284647,10,1000
0.05,5,0.0466982925169953,-0.2905787970492542,0.3706108008942617,17.216936992198935,10,1000
0.02,0,0.08757357313250212,-0.03783281218445616,0.2069648982507894,7.058238241802545,10,1000
0.02,1,-0.00772528633325072,-0.04815679543899058,0.03339440688356736,2.3197497982901196,10,1000
0.02,2,0.2392906503127151,-0.03985951542560409,0.5269305250097698,15.42123798327657,10,1000
0.02,3,-1.4900656205398e-4,-7.1570117621163e-4,5.301770315722e-4,0.027731064175157794,10,1000
0.02,4,-0.03688602548600794,-0.08352134874228867,0.0083995066842414,2.5561102005010072,10,1000
0.02,5,-0.3050607054222948,-0.6247841103263029,0.00663470841955999,16.982817382175526,10,1000
0.01,0,-0.01473365633385621,-0.1572877360601392,0.1360532854753426,7.052970577250737,10,1000
0.01,1,0.03026588771004663,-0.01391975709604578,0.07103137053548174,2.3202593773516376,10,1000
0.01,2,0.00496676697747416,-0.2801583554359337,0.2850302318465227,15.357948616750226,10,1000
0.01,3,1.041776571639019e-5,-4.1584571728883e-4,4.6692837849204e-4,0.019515852980374185,10,1000
0.01,4,-0.01096269068856233,-0.05543540865434229,0.03689799036396185,2.5554558994493317,10,1000
0.01,5,0.02313700273473418,-0.3113254842367493,0.3645906637766282,16.940324427500514,10,1000
1,0,0.00203910517154314,-0.5474476081582861,0.5680968574927312,24.375246237390993,10,10000
1,1,0.1053514465111433,-0.05892517262520422,0.2709076231572055,7.795316656059453,10,10000
1,2,3.508043260408133,-1.397366440232402,8.774920388905668,217.3846511987627,10,10000
1,3,0.00136615536557719,-0.00413053837065696,0.00655763188622317,0.26250364984993924,10,10000
1,4,-0.06313620817881846,-0.2268590074084001,0.08833533876117322,8.361490329951375,10,10000
1,5,-3.475335251122889,-8.741140902488818,1.298228975402645,218.87412163028205,10,10000
0.5,0,-0.07519326339504383,-0.5464702959257115,0.3894212185547306,23.50894130343347,10,10000
0.5,1,0.06547737818227244,-0.07612449700632345,0.2118376386561038,7.527891321634333,10,10000
0.5,2,0.8149280948554666,-3.186536759884096,4.614761541359746,182.50186503434026,10,10000
0.5,3,5.310114594392417e-5,-0.0036873729308771,0.0029638572363709,0.16498566194495876,10,10000
0.5,4,-0.04597860712969923,-0.2029504925555959,0.09927644260756832,8.216432370035974,10,10000
0.5,5,-0.7322581399798874,-4.595920714210948,3.30684305183392,184.09351444504344,10,10000
0.2,0,0.2976753319371424,-0.1791885672772209,0.8469403410622343,22.726524835654782,10,10000
0.2,1,-0.1277500729604108,-0.2479239280435785,0.03518068233552304,7.405987427923398,10,10000
0.2,2,3.598550546402433,-0.4591593025953237,7.14711283157977,159.85156206170194,10,10000
0.2,3,1.7845182519576e-4,-0.00198015777339171,0.00233532949180594,0.09447293897301089,10,10000
0.2,4,0.1995513681415653,0.04067366446854431,0.3432046961924022,8.134714348477088,10,10000
0.2,5,-3.799200739165278,-7.322998028951406,0.2772124777103182,161.56085300692976,10,10000
0.1,0,-0.481329001737718,-0.8623139651501543,0.08373594184071606,22.571478830457895,10,10000
0.1,1,0.06638662328490387,-0.06767052815146507,0.2226182694122726,7.385776450410463,10,10000
0.1,2,2.297169985465732,-1.593497430296036,5.6238477307585,152.48959017089769,10,10000
0.1,3,7.6973650196216e-4,-3.3922889225381e-4,0.00193896231555137,0.06420181951903194,10,10000
0.1,4,-0.01906673006546032,-0.1765001049356805,0.1329262847069354,8.120703424272152,10,10000
0.1,5,-1.996291544537653,-5.32301148350469,1.681178976342109,154.29635096780834,10,10000
0.05,0,0.05048305175288117,-0.4584258463748177,0.5475056138544581,22.531244776443813,10,10000
0.05,1,-0.01657207308170715,-0.1861660316103109,0.1068043924102167,7.378931868958529,10,10000
0.05,2,-1.693689248853814,-4.974270868487372,1.245994075755203,150.24831587378796,10,10000
0.05,3,3.8395353189196e-4,-4.1448131803754e-4,0.00128254553056295,0.044451651074474165,10,10000
0.05,4,0.00630804331926468,-0.1823167573643805,0.1713319194303357,8.117432148236583,10,10000
0.05,5,1.656496338833583,-1.378393975482896,5.03937803802997,151.9293927644856,10,10000
0.02,0,0.02763508146944499,-0.4677494230556333,0.4777768972237482,22.518648359755957,10,10000
0.02,1,0.01484594726961188,-0.1305585157724795,0.1773982118464761,7.37701798833706,10,10000
0.02,2,1.263129172131084,-1.43833227069432,3.666928348465528,147.35768918318112,10,10000
0.02,3,2.470523668176828e-5,-5.0113487886573e-4,5.2073219389295e-4,0.02772621848694192,10,10000
0.02,4,-0.05177426081721007,-0.2153964377743683,0.07986634290963404,8.11622771128484,10,10000
0.02,5,-1.278759233610075,-3.726607843678526,1.390508831935551,149.0948974410605,10,10000
0.01,0,0.3905180831527971,-0.06477408215289396,0.8934713541301033,22.514720969121125,10,10000
0.01,1,-0.0801864541083858,-0.2267992286855784,0.07035104621336932,7.377382392793139,10,10000
0.01,2,1.44813240105542,-1.413461224443852,4.440409635849603,146.81590121234635,10,10000
0.01,3,-3.0327886530157e-4,-8.7356844446078e-4,1.4724440509988e-4,0.01951439583751032,10,10000
0.01,4,0.0882466079684232,-0.06804260737765938,0.2642810600522275,8.116357716717086,10,10000
0.01,5,-1.677307194486659,-4.740476119614062,1.254599081354763,148.56508169294995,10,10000
1,0,-0.01870147007844011,-0.02582426888018383,-0.011143510275364331,0.38740913318869835,20,0.05
1,1,0.01133211009186486,0.00805229543187602,0.01439366191105778,0.13542882083372154,20,0.05
1,2,-0.02346985324698425,-0.02797515089621919,-0.01826405940525336,0.25375497756412535,20,0.05
1,3,-0.01242780745850044,-0.02020295713134783,-0.00472026756321282,0.43103584244458487,20,0.05
1,4,8.129307932149755e-5,-3.7477340202037e-4,4.1230610618109e-4,0.02130284466573772,20,0.05
1,5,0.03963192037305346,0.03073128815029985,0.04788635570028078,0.41951156915076454,20,0.05
0.5,0,-0.0195909249551193,-0.0267808145665844,-0.01366493786713538,0.35758120529961723,20,0.05
0.5,1,0.01146391780841583,0.00818959344863458,0.01393489107835144,0.13578505741540708,20,0.05
0.5,2,-0.02093786238317831,-0.02414539098330428,-0.01763914667805078,0.19149727783440543,20,0.05
0.5,3,-0.03123027949204821,-0.03798238673961148,-0.0243789038305381,0.287569240307647,20,0.05
0.5,4,2.0629607293026e-4,-1.9976172540133e-4,6.5018609135375e-4,0.020323734996484284,20,0.05
0.5,5,0.0386815884975031,0.03273683786891524,0.04532697668405489,0.3632244233860435,20,0.05
0.2,0,-0.0046377632804414,-0.01187586608968774,0.00214193189564913,0.33441965185530215,20,0.05
0.2,1,0.00875725261984703,0.00548655289007194,0.01161730986068274,0.13473843312441142,20,0.05
0.2,2,-0.00383556030306854,-0.00682026565544527,-9.4048476738443e-4,0.15696954223751622,20,0.05
0.2,3,-0.02855559805509643,-0.03117306058195497,-0.02562260954583741,0.16314824113372445,20,0.05
0.2,4,9.0305159339626e-4,5.0826785695503e-4,0.00122730542838434,0.0194692501373774,20,0.05
0.2,5,0.00976512107620061,0.00344369749200797,0.01635314571750326,0.3299422986936241,20,0.05
0.1,0,-0.00271107800777587,-0.00927425862556294,0.00419998061470178,0.31311684109186605,20,0.05
0.1,1,0.0071804839826896,0.00374718690811896,0.01032140324823968,0.1314811570094254,20,0.05
0.1,2,-0.00254975693932018,-0.00503626232287563,-7.068119111263463e-5,0.1445278137641829,20,0.05
0.1,3,-0.01267453686434457,-0.01510417711331511,-0.01003065381238736,0.1045732923470505,20,0.05
0.1,4,0.00145843784167632,0.00112766735150857,0.00186085621466234,0.019210334196563837,20,0.05
0.1,5,0.00766552527494204,0.00161216878977385,0.01357174801061985,0.30731420559926736,20,0.05
0.05,0,-0.00261460947361364,-0.00937081334033016,0.00408508762677886,0.29604567262855236,20,0.05
0.05,1,0.00499793661404008,0.0019869087342277,0.00707294863213625,0.12906078087288075,20,0.05
0.05,2,1.9052035011111e-4,-0.00206676028862497,0.00282583281719462,0.13856320849860998,20,0.05
0.05,3,-0.00742514931744283,-0.0085635313579714,-0.00605380248111626,0.06593773011449833,20,0.05
0.05,4,0.00196201960297576,0.00163739593888005,0.00233567330739508,0.019094528120188515,20,0.05
0.05,5,0.00277903076067038,-0.00471929760900877,0.00776036514577829,0.2912211664434373,20,0.05
0.02,0,-0.00564564613297605,-0.01152096696538745,2.2019455263774e-4,0.28649786929591886,20,0.05
0.02,1,0.00478691148277456,0.00212769004614554,0.00738567904784651,0.12763862119894226,20,0.05
0.02,2,2.9237530041781e-4,-0.00154614968336994,0.00269452907436189,0.13543520331277176,20,0.05
0.02,3,-0.00233503549896335,-0.00313074278323342,-0.00139342995359742,0.03499522341014442,20,0.05
0.02,4,0.00267360960083061,0.00233368903029586,0.00309949371684549,0.019048645746143216,20,0.05
0.02,5,0.00350637005550668,-0.00127243212222591,0.00835587286588227,0.2816495577915873,20,0.05
0.01,0,-0.00410150908624541,-0.00972073445032653,0.00324725571591009,0.2813379965167799,20,0.05
0.01,1,0.00295286575685858,4.508121557959e-4,0.0058248062709594,0.12703601761989078,20,0.05
0.01,2,2.6337990377332e-4,-0.00256871354498706,0.00309489078539639,0.1343135049385699,20,0.05
0.01,3,-8.0956771123793e-4,-0.00122441512019547,-3.3009349000878e-4,0.022325228726398753,20,0.05
0.01,4,0.0032806639855285,0.00288965196060578,0.00366245274162715,0.019035464608894895,20,0.05
0.01,5,0.00315497414655218,-0.00318434630782744,0.00883992944920401,0.27699920159370744,20,0.05
1,0,-0.01645786735682933,-0.02300386514392557,-0.00780506382094339,0.389802112553503,20,0.1
1,1,0.00971922547421718,0.00664870186029729,0.01205888171882979,0.13600802867947215,20,0.1
1,2,-0.01742898390662467,-0.02182598322653669,-0.0110112197159517,0.2578819077737282,20,0.1
1,3,-0.02210857546050374,-0.02864196197111888,-0.0134457038177255,0.427873023580323,20,0.1
1,4,-1.4801445266645e-4,-7.3760586409333e-4,5.1208240089366e-4,0.029830972282296128,20,0.1
1,5,0.03112273852844209,0.01928885727354437,0.03786007015802435,0.42564204401060285,20,0.1
0.5,0,-0.01841367834875784,-0.02528076733267039,-0.0122237590700679,0.3602024043296395,20,0.1
0.5,1,0.00839191941131228,0.00568719400257049,0.01097378927613103,0.13646921888747615,20,0.1
0.5,2,-0.01338533434299684,-0.01758557696065322,-0.00951191990904775,0.1972045954174465,20,0.1
0.5,3,-0.03273205698001614,-0.03849712329917384,-0.02698704123253004,0.2814935291944252,20,0.1
0.5,4,6.457840501066e-4,1.0862503606747e-4,0.00119885158980334,0.02848405976884633,20,0.1
0.5,5,0.02775145873849263,0.02167587838831382,0.03408922858159225,0.3706424936535908,20,0.1
0.2,0,-0.0016217867233431,-0.00940849815449014,0.00478062411022684,0.33673020929070024,20,0.1
0.2,1,0.00453552171175174,0.00213092576324331,0.0071995348852929,0.13468272092750042,20,0.1
0.2,2,5.8074510361249e-4,-0.0023356667034113,0.00333987888630838,0.1624341103727248,20,0.1
0.2,3,-0.02405648201613435,-0.02676445520076869,-0.02067700506364513,0.1570584011888649,20,0.1
0.2,4,0.00152714310255682,9.698989421859e-4,0.00208945978677595,0.027492033197792046,20,0.1
0.2,5,0.00292018797602884,-0.00204648628746926,0.00929519025402865,0.33570520067192167,20,0.1
0.1,0,-0.00205031755860494,-0.00756828527201751,0.00525129485493044,0.31978175891965865,20,0.1
0.1,1,0.00332477288471824,2.2929757333586e-4,0.00608437140924755,0.1324714824072212,20,0.1
0.1,2,9.3231872159964e-4,-0.00211750531367126,0.00382266675116283,0.15105216861151735,20,0.1
0.1,3,-0.0092201983492693,-0.01098181932983994,-0.00765472054505599,0.09951430154025184,20,0.1
0.1,4,0.00194646459897232,0.00134589682122741,0.0024476159659107,0.027175344642612353,20,0.1
0.1,5,0.00172796626118855,-0.00482681286512943,0.00830700502701319,0.31716137134645717,20,0.1
0.05,0,3.670504108947154e-5,-0.006867246382223,0.00796635805173995,0.30885590418435493,20,0.1
0.05,1,0.00280634016110183,4.1678418085015e-4,0.00564631403153652,0.13099204015387447,20,0.1
0.05,2,0.00201761399030058,6.321386004280833e-5,0.00455571851925486,0.14633551842749298,20,0.1
0.05,3,-0.00429731190545119,-0.0053361732558363,-0.00298670683666751,0.061834954079415715,20,0.1
0.05,4,0.00256966698853547,0.00197215872388082,0.00304452376317905,0.02701693914779411,20,0.1
0.05,5,-0.00144804025934224,-0.00706518642784717,0.00347721396013616,0.3062735290306499,20,0.1
0.02,0,-0.00202360358280119,-0.01020772625622466,0.00387857121009441,0.3023161455159613,20,0.1
0.02,1,9.8566933175424e-4,-0.0017544178432505,0.00367646269180394,0.1300970503603791,20,0.1
0.02,2,0.00245368501694279,2.1046581496697e-4,0.00505755705869591,0.14323634199111113,20,0.1
0.02,3,-0.00113124732193034,-0.00173172837404451,-3.7142634611448e-4,0.03309607802555342,20,0.1
0.02,4,0.00375597138992867,0.00333297541405573,0.0041868983485932,0.026926036413484254,20,0.1
0.02,5,-0.00188835670374688,-0.0068633280005387,0.00350293386711564,0.2992307398430595,20,0.1
0.01,0,-0.0086943904918923,-0.01527292408336326,-0.00214545672166852,0.2989915462301987,20,0.1
0.01,1,5.9029516763281e-4,-0.00178894221254816,0.00234451261899745,0.12977899982396293,20,0.1
0.01,2,0.00113810254279755,-0.00155206736798325,0.00330150579460344,0.14228075052879324,20,0.1
0.01,3,-3.9211721039898e-4,-0.00084087460355696995,4.36503884889952e-5,0.021542578841758246,20,0.1
0.01,4,0.00393206643445778,0.00332258627672286,0.00455245892051062,0.026904553033241418,20,0.1
0.01,5,0.00425452164336373,-0.00151262309555567,0.01063220775846173,0.2963167422126299,20,0.1
1,0,-0.01586977049317685,-0.02364861022540752,-0.00790125668263668,0.39251854437298983,20,0.2
1,1,0.00665663754054868,0.0031793096940435,0.00993140864357072,0.13698409803781028,20,0.2
1,2,-0.01387945550253369,-0.01881322002063275,-0.00918583866218094,0.2642755079533308,20,0.2
1,3,-0.01989580349619725,-0.02826992344504055,-0.01265559812609271,0.4230345747865895,20,0.2
1,4,2.406629478441e-4,-5.7219670266784e-4,0.00132136608645405,0.04168997321431989,20,0.2
1,5,0.02637688882721878,0.01775208490736272,0.03455938973226091,0.43419731896147773,20,0.2
0.5,0,-0.00803625546983392,-0.01531095309141416,-1.6935368117427e-4,0.36456842699547615,20,0.2
0.5,1,0.00808706967312736,0.00566253447241356,0.01056309842200507,0.1374308421145419,20,0.2
0.5,2,-0.00596693681110206,-0.00991763289694283,-0.00168659570171574,0.2054811201410546,20,0.2
0.5,3,-0.02567980917812159,-0.03246175616183429,-0.02046690624392395,0.2738805976827269,20,0.2
0.5,4,0.00108457777030286,1.6814817435755e-4,0.00202418947321379,0.03991285217543229,20,0.2
0.5,5,0.01392947655842338,0.00572968613386191,0.02182233875135802,0.3811739470506607,20,0.2
0.2,0,0.00210326066499859,-0.00434075165590819,0.00835419581540877,0.3423954669025164,20,0.2
0.2,1,-2.1103863746055e-4,-0.00246269521615966,0.00221639521005333,0.13512300750276257,20,0.2
0.2,2,0.00379110376312093,7.8263152051272e-4,0.00648784631478656,0.17067186172582,20,0.2
0.2,3,-0.01380998793725493,-0.01685758980313923,-0.01101550524185,0.15008685417074044,20,0.2
0.2,4,0.00233527530140175,0.00149210700656177,0.00297602674464872,0.038755721289551175,20,0.2
0.2,5,-0.0051340016437241,-0.01142506694601956,6.9840569271285e-4,0.34589082924376646,20,0.2
0.1,0,-0.00248381677258264,-0.00929996560458959,0.00576782539867496,0.32953497509382473,20,0.2
0.1,1,0.00138417897957093,-0.00114039185542895,0.00411334681985148,0.13385976682593148,20,0.2
0.1,2,0.0028240652794468,-9.4600934986258e-5,0.00591500021087087,0.16108791749553858,20,0.2
0.1,3,-0.00709898871313124,-0.00914681835723401,-0.0049152855788911,0.09389399105981554,20,0.2
0.1,4,0.0031897378081317,0.00258834986703248,0.00380307459411083,0.03835646375957343,20,0.2
0.1,5,-6.2791751555887e-4,-0.00685360048313834,0.00620425046052238,0.3315379263003602,20,0.2
0.05,0,0.00747130359536467,4.8192362672833e-4,0.01606758255470699,0.32227440384788847,20,0.2
0.05,1,-6.1561908212515e-4,-0.00292878128014366,0.00215720654851664,0.13292011160453115,20,0.2
0.05,2,0.00351944139576741,4.8682857998061e-4,0.00619463648510595,0.15678294802932222,20,0.2
0.05,3,-0.00361038709890686,-0.00481461185577099,-0.00233209605603542,0.05786875010022983,20,0.2
0.05,4,0.00312999243195453,0.00239199790165566,0.00379577183551573,0.038205430091758814,20,0.2
0.05,5,-0.00675208458266855,-0.01411291442649221,-9.395478744663e-4,0.3232025510950169,20,0.2
0.02,0,-0.0053971152970944,-0.01150784443976898,6.6659469338006e-4,0.31739422986972793,20,0.2
0.02,1,9.0111922360782e-4,-0.0021939102523348,0.00333944059667801,0.13277777687888195,20,0.2
0.02,2,0.00185394128724421,-9.5123460613468e-4,0.00533100957733332,0.1537586289576962,20,0.2
0.02,3,-8.9513940839069e-4,-0.0015198742427761,-3.7757704424153e-4,0.031613521851719555,20,0.2
0.02,4,0.00430998452500666,0.0035931671721452,0.00515093922377924,0.03794851923458042,20,0.2
0.02,5,0.00112909822984918,-0.00584057002041839,0.00647553624549334,0.3183086693974982,20,0.2
0.01,0,-0.00379978640472659,-0.01221174377806214,0.00275214702162202,0.3157306948549571,20,0.2
0.01,1,-0.00119101784082768,-0.00298576582352352,9.8346855823549e-4,0.13231971506286325,20,0.2
0.01,2,0.00397269893342527,0.0011271307040153,0.00640935395013726,0.1523197231059496,20,0.2
0.01,3,-1.7898870298134e-4,-5.929425150274e-4,2.8723005406715e-4,0.02096005820882924,20,0.2
0.01,4,0.00477296742051309,0.00393138182049734,0.00548696503701141,0.03802345040408261,20,0.2
0.01,5,-0.00213206913546522,-0.00821261817148791,0.00392382023113386,0.3158009440411213,20,0.2
1,0,-0.00668724197309422,-0.01596085404603705,9.0004894406449e-4,0.4003336511579474,20,0.5
1,1,0.00391997036256445,0.00148638060750694,0.00684626856039039,0.1394609616902017,20,0.5
1,2,-0.00440402074987942,-0.01051172433425121,6.4968776414996e-4,0.2793222296744137,20,0.5
1,3,-0.02155850385370983,-0.02997772035816767,-0.01371216190698371,0.41185188249557375,20,0.5
1,4,0.00103334876033116,-1.6177409936445e-4,0.00229877764440321,0.06458407382908127,20,0.5
1,5,0.0108792193620553,0.00287584078556452,0.02024489963051597,0.45458194348085856,20,0.5
0.5,0,5.2616245248098e-4,-0.00744587966553612,0.00799223287807844,0.3730904626297468,20,0.5
0.5,1,0.00336584553421279,8.133068271813e-4,0.00590990558893768,0.13898568839433656,20,0.5
0.5,2,0.00240828846104827,-0.00294046581773241,0.00740723710921411,0.22237741624342036,20,0.5
0.5,3,-0.01786649469091485,-0.02304114106962112,-0.01251162788931533,0.26020940933895825,20,0.5
0.5,4,0.00203718243219755,5.6792574278225e-4,0.00323586930511119,0.062343909528474066,20,0.5
0.5,5,-5.7521973428013e-4,-0.01076130129896573,0.00839878762185019,0.4015198571554701,20,0.5
0.2,0,0.01083272582242999,0.00378995668493435,0.01863897995112605,0.3556553302578065,20,0.5
0.2,1,-3.3258310360349e-4,-0.00342751193891469,0.00260364652638444,0.1375434163595225,20,0.5
0.2,2,0.0067484257993131,0.00301367731591353,0.01043432306931724,0.18994905200380993,20,0.5
0.2,3,-0.0097501749436836,-0.01188813683345255,-0.00753465124535197,0.13973593546460675,20,0.5
0.2,4,0.00304781733064073,0.00169187328508755,0.00447366613053486,0.06086174395001855,20,0.5
0.2,5,-0.01265974020298954,-0.02060591126139961,-0.0057515398070016,0.36982594866199964,20,0.5
0.1,0,0.00247607632595637,-0.00381196144307515,0.01041476083775686,0.3471543276193762,20,0.5
0.1,1,9.8731463224614e-4,-0.00186803619613712,0.00380235711654468,0.13701710601990577,20,0.5
0.1,2,0.00577215933499424,0.00284535994083811,0.01014577723843574,0.1816531503186698,20,0.5
0.1,3,-0.00394174766037466,-0.00582541119471898,-0.00160401604851252,0.0859855606042086,20,0.5
0.1,4,0.00279655185071133,0.0014916862963954,0.0042196138240302,0.06028942899793645,20,0.5
0.1,5,-0.00646188278826164,-0.01486126712490828,3.6018165684003e-4,0.35937525986446894,20,0.5
0.05,0,0.00387666839929298,-0.00278138906918675,0.0109916203256078,0.3433029676808824,20,0.5
0.05,1,-0.00126670543846456,-0.00451451408092393,0.00175932686180868,0.13680675918004062,20,0.5
0.05,2,0.00426440315996048,0.00113616078265848,0.00888359841115669,0.17672076295957215,20,0.5
0.05,3,-0.00149241585186369,-0.00249003678120182,-6.2869149537777e-4,0.053395171556221734,20,0.5
0.05,4,0.00467629464167707,0.00362216961621984,0.00620359898066588,0.060076824421035936,20,0.5
0.05,5,-0.00727269639434782,-0.015500794755472549,-5.9463869761293e-4,0.35322338762433214,20,0.5
0.02,0,0.00183576157530602,-0.00617347897654393,0.00897470633723801,0.3392853022820268,20,0.5
0.02,1,-0.00106961000055293,-0.00321592152801856,0.00163313956448126,0.13652033045602124,20,0.5
0.02,2,-3.149538621694477e-5,-0.00391908818576542,0.00298601584374721,0.17348039957056122,20,0.5
0.02,3,-1.1227370071398e-4,-7.6262150847526e-4,5.5154133791371e-4,0.03021577070461765,20,0.5
0.02,4,0.00482275284411206,0.00330426796943342,0.00622884528100686,0.060025813345387084,20,0.5
0.02,5,-1.8751346735293e-4,-0.00599855138955532,0.00850769386047185,0.34815510223695173,20,0.5
0.01,0,-2.224731145716004e-5,-0.00667574157087061,0.00734244512909155,0.3398995846634328,20,0.5
0.01,1,7.7497442387211e-4,-0.00182648123408079,0.00403282105737299,0.13683224833628002,20,0.5
0.01,2,-3.6917837393325e-4,-0.0040557594008767,0.00346051846607617,0.1725223738706993,20,0.5
0.01,3,-1.5061491333354e-4,-5.6577353862461e-4,2.3786074186346e-4,0.020426434627486265,20,0.5
0.01,4,0.0033813539647989,0.00225955979096052,0.00427701591182437,0.05987567258636207,20,0.5
0.01,5,7.7119132408535e-4,-0.00657477035641485,0.00840481020697892,0.3479649552137327,20,0.5
1,0,-0.00683083377915817,-0.01605340759012455,0.0022688717689165,0.41230171188058035,20,1
1,1,0.00308445446413314,-1.4808662321973e-4,0.00597810759742301,0.14341383252089454,20,1
1,2,-7.978448413026e-4,-0.00759395359656486,0.00625839489582693,0.2988948764389129,20,1
1,3,-0.01815593432449382,-0.02665053059562137,-0.01043131693283898,0.3974990607861229,20,1
1,4,8.7451750473324e-4,-6.81219506624e-4,0.00277074218935088,0.08950369069176092,20,1
1,5,0.00541895108354955,-0.00569579931746769,0.01513561339902194,0.48166059687646706,20,1
0.5,0,-0.00112531642442272,-0.00815600409148727,0.0052367679050511,0.3853167343719115,20,1
0.5,1,-6.1551069516395e-4,-0.00343033257363922,0.00253485263770397,0.14188198655405673,20,1
0.5,2,0.00456635977380663,1.7034807421842e-4,0.00879996692000446,0.2428557994087714,20,1
0.5,3,-0.01285216172523527,-0.01705104930919847,-0.00816413640281274,0.2479347392685614,20,1
0.5,4,0.00322307271165426,0.00163686683896675,0.00471815527025946,0.08713701117266101,20,1
0.5,5,-0.00456170463849149,-0.01096649699568356,0.00373977499534154,0.4272572156658355,20,1
0.2,0,0.00111056046069221,-0.00458934768080568,0.00879817800762775,0.3707870998974808,20,1
0.2,1,-0.00142427895298129,-0.00409469080493412,7.5448111624831e-4,0.14030699498790097,20,1
0.2,2,0.00358381943242971,-0.00176671219430559,0.00776871147571623,0.21288020298442636,20,1
0.2,3,-0.00234050291359535,-0.00498479914732126,2.2095891847361e-4,0.13128783931435953,20,1
0.2,4,0.00420914345192901,0.00250973297774953,0.00609052011828147,0.08536521046162887,20,1
0.2,5,-0.00419370072502613,-0.01254501624968235,0.00254815080089678,0.39788479550125033,20,1
0.1,0,2.684901447097914e-5,-0.00714665941555723,0.007199373000975,0.3654440422539144,20,1
0.1,1,-0.00120836834352128,-0.00408093847674085,0.00184864205970207,0.14046695753193686,20,1
0.1,2,0.00358036495317624,-7.6289877116943e-4,0.0071889858666457,0.2041562724611097,20,1
0.1,3,-0.00130204535906896,-0.00276238952426707,1.9393254113457e-4,0.08048494813518277,20,1
0.1,4,0.00301584437974152,0.00122942123309994,0.00454344247687862,0.0847179811856342,20,1
0.1,5,-0.0045309258360207,-0.01095714450023843,0.00329222699035287,0.3887611866470404,20,1
0.05,0,0.00731356504074477,3.7686804353359e-4,0.01756247736771093,0.3627711367369448,20,1
0.05,1,-0.00216688454208801,-0.00583489842849452,3.8179454152329e-4,0.1405370388110482,20,1
0.05,2,0.00458149674969252,7.1085564748989e-4,0.00885530448404113,0.19847523287998453,20,1
0.05,3,-2.9834257963557e-4,-0.00146566464192288,8.7397070630515e-4,0.05083887703714265,20,1
0.05,4,0.00321586278210441,0.0015737975877729,0.00491183827341294,0.08457971208849496,20,1
0.05,5,-0.01032617307662842,-0.01837194146391017,-0.0018452179269288,0.3827349915173559,20,1
0.02,0,-0.00405938027020179,-0.01332971867169791,0.00297979103816232,0.35879236778207196,20,1
0.02,1,-3.9661519694507e-4,-0.00284779911664267,0.00235855065535388,0.14051176479133062,20,1
0.02,2,8.8218467784269e-4,-0.00336755061842802,0.00470149781043501,0.1951779138900892,20,1
0.02,3,-1.5121022147769e-4,-7.3199525638301e-4,4.1497524035446e-4,0.02946839991996121,20,1
0.02,4,0.0047901110040942,0.00300259795935184,0.00686308421834013,0.08441251084637116,20,1
0.02,5,0.00178390451221532,-0.00524621889010464,0.00993828426055028,0.378217243124234,20,1
0.01,0,0.00340563012394801,-0.00331358273939508,0.0099385022214555,0.35887324704823775,20,1
0.01,1,9.4297330349137e-4,-0.0012981707925674,0.00359470552318915,0.14069831279430872,20,1
0.01,2,0.0011293826962504,-0.00254172314932663,0.00496354895793096,0.19427661838706747,20,1
0.01,3,1.464932358858e-4,-2.1550477119514e-4,5.442852150935e-4,0.02014646182963078,20,1
0.01,4,0.00537842568584147,0.00391373444085901,0.00723375841067309,0.08425993487939236,20,1
0.01,5,-0.00140492372409519,-0.00836973870025026,0.0058879269268815,0.37754264732657145,20,1
1,0,0.00505705747057291,-0.00481964624649388,0.01472807161679767,0.537437447912802,20,10
1,1,-0.00177070951865538,-0.00587794040275451,0.0016689869918912,0.18450182679981886,20,10
1,2,7.109866062221e-4,-0.00967453986435813,0.01027228120506754,0.48516880312869604,20,10
1,3,0.00321179861265991,-0.00390071404656105,0.01106226343744867,0.33154698183801284,20,10
1,4,9.7325769815459e-4,-0.00424734014942043,0.00673581070938332,0.26427867459842364,20,10
1,5,-0.00493293950338379,-0.01902643474236502,0.01085580410200119,0.7231280384730014,20,10
0.5,0,0.0116921011656783,9.3425130675243e-4,0.02323507918912814,0.5191190255104697,20,10
0.5,1,-0.00187316147039029,-0.00543641853938584,0.00189711675262474,0.17993535674802844,20,10
0.5,2,0.00568088659094284,-0.00293219729804177,0.01433556706577638,0.4336531275162937,20,10
0.5,3,-0.00385058763539095,-0.00744609364917802,6.138312176099e-4,0.20205805368488716,20,10
0.5,4,0.00294867077758899,-0.00243654798151191,0.00843354672695741,0.26015075940426,20,10
0.5,5,-0.01221693331157616,-0.02631048736106659,1.2481519864393e-4,0.6706439283081419,20,10
0.2,0,0.00481755094983184,-0.00559190942272214,0.01440175091297031,0.5080660221271779,20,10
0.2,1,0.00178463719383448,-0.00248134523175619,0.00613073008611381,0.1790843521536175,20,10
0.2,2,-0.00342880609101967,-0.01037929462864524,0.00478955766983052,0.39480539786726104,20,10
0.2,3,1.348054265267e-4,-0.00183490300726994,0.0022292943122059,0.10670654481888794,20,10
0.2,4,-0.00172717228744877,-0.00711043811737287,0.00357022614559099,0.2575559603506391,20,10
0.2,5,0.00152309255409598,-0.01047754466700707,0.01336750733325045,0.6326226039254612,20,10
0.1,0,-0.00323132967033019,-0.01245046487202549,0.00899674344955164,0.5017056645632492,20,10
0.1,1,0.0012628117536172,-0.00314341407625042,0.00482950207766515,0.17953845128623164,20,10
0.1,2,-0.0013169290706115,-0.00879599636478651,0.00559169686330725,0.37938037917593076,20,10
0.1,3,-2.6262536906863e-4,-0.00142052376851469,8.9534548142737e-4,0.06892488227727726,20,10
0.1,4,9.7010767262082e-4,-0.00423771267805639,0.00593543488005485,0.25672804763677726,20,10
0.1,5,0.00424355230569342,-0.00757340274012254,0.01537464358902706,0.6167630266153773,20,10
0.05,0,0.00577535377639003,-0.00613947257198293,0.01554712420440845,0.5009277799314598,20,10
0.05,1,6.9164981260595e-4,-0.00290253614660697,0.00599803370808507,0.17955763565355318,20,10
0.05,2,0.00500447386371178,-0.00256018960235941,0.01372232506255393,0.36973423770510233,20,10
0.05,3,-5.8684646605611e-4,-0.00156829369645333,4.6989617859636e-4,0.04618108134616718,20,10
0.05,4,0.00289652608663086,-0.00245580991299098,0.0078714193818412,0.2562142629624135,20,10
0.05,5,-0.00817911758427728,-0.02297351497793583,0.00447265595297254,0.607513629587634,20,10
0.02,0,0.00467071821343491,-0.00892499709379156,0.01313299330259721,0.49956532759973543,20,10
0.02,1,-5.772010208988545e-5,-0.00429636821915334,0.00304288665111522,0.17954135901072377,20,10
0.02,2,0.00515312136155577,-0.00291783054364385,0.01241201251243818,0.36492624730494966,20,10
0.02,3,-2.703051111042e-4,-9.5282478076939e-4,3.1333483926768e-4,0.028184286186149012,20,10
0.02,4,0.00265599601296627,-0.00216646684193712,0.00842587343260999,0.25639638011570215,20,10
0.02,5,-0.00775190586952474,-0.01791457208970797,0.00712574998484613,0.6026368619138781,20,10
0.01,0,-0.00836440611336121,-0.01905957976241247,0.00339278261964781,0.4971259474904142,20,10
0.01,1,-0.00117576725642604,-0.00515137829279083,0.00278224539728025,0.1789318229770527,20,10
0.01,2,-0.0033889077868261,-0.0105267541492388,0.00367824912904602,0.364083231767305,20,10
0.01,3,6.345629647915607e-5,-4.0122497228639e-4,4.742596179691e-4,0.019680229568923478,20,10
0.01,4,-0.00134992746422202,-0.00693874187416361,0.0051500395683007,0.25685535297845874,20,10
0.01,5,0.00824768217297334,-0.00236653787943438,0.02039674391113904,0.6005424563164727,20,10
1,0,1.7927560216321e-4,-0.00626620081719305,0.00559930926158782,0.2795981517749016,50,0.05
1,1,0.00253468422628421,3.9633422558768e-4,0.00483003033121441,0.09087386401010035,50,0.05
1,2,-0.00643849888075726,-0.01051336246283135,-0.00209599704145462,0.23490961370912322,50,0.05
1,3,-0.00790406822910104,-0.01495458525907737,-0.00157987613018913,0.43410588617760043,50,0.05
1,4,5.3552291349165e-4,6.406364565092221e-5,9.5398274531137e-4,0.021644586552427608,50,0.05
1,5,0.00780654889090902,5.7023585430943e-4,0.01530382037919111,0.33763376429029757,50,0.05
0.5,0,-0.01158218464948889,-0.01776800492807081,-0.00564123693427919,0.26238622109206694,50,0.05
0.5,1,0.0031669491248677,0.00154978407985823,0.00517756701965884,0.08935494452296683,50,0.05
0.5,2,-0.00873481310782464,-0.01182104258654216,-0.00471113264106151,0.1719895846859691,50,0.05
0.5,3,-0.01768466566776122,-0.02273606737299055,-0.01212643888469082,0.3015235732506965,50,0.05
0.5,4,-2.965173935070765e-6,-4.6341861211003e-4,4.4024357132157e-4,0.021306083685174525,50,0.05
0.5,5,0.01655010715103501,0.01001522726985572,0.02298001744048464,0.28145112144662793,50,0.05
0.2,0,-0.00350787220614408,-0.0080675002086875,0.00152428503114679,0.2524222526393282,50,0.05
0.2,1,0.00355635360236333,0.00139514501900026,0.00542519948330821,0.08781640469088467,50,0.05
0.2,2,-8.8362945070276e-4,-0.00333523524273997,0.00158528613478985,0.12847690413423649,50,0.05
0.2,3,-0.01449918230387617,-0.01850882298330506,-0.01061366348022813,0.17689474440484376,50,0.05
0.2,4,2.4483153258982e-4,-1.5320958527045e-4,7.3246966081605e-4,0.02074909848557137,50,0.05
0.2,5,0.00453206625264391,-5.2104074530551e-4,0.00898191205369454,0.24562362517317735,50,0.05
0.1,0,9.9444918059916e-4,-0.00431341130679659,0.00694659405903148,0.2437649340182729,50,0.05
0.1,1,6.2279517226997e-4,-0.00154593056846973,0.00240796846154601,0.08653773413019328,50,0.05
0.1,2,0.00210499620066881,2.0179075018869e-4,0.00452724815876406,0.1113086174566753,50,0.05
0.1,3,-0.00927594454361451,-0.01168244466738003,-0.00673539527090139,0.11448265742849757,50,0.05
0.1,4,2.807515673905e-4,-1.4253729933464e-4,6.5472239561351e-4,0.020587747277535734,50,0.05
0.1,5,-0.00256183124350094,-0.00893989056652269,0.00216883866840104,0.22870590086470546,50,0.05
0.05,0,0.0020845856758859,-0.00288655224371957,0.0066872091248072,0.2349294260900299,50,0.05
0.05,1,0.00173127087844171,-1.4109138892583e-4,0.00346195168190579,0.08538004008747033,50,0.05
0.05,2,0.00113605966043535,-4.7410961540787e-4,0.00260238185331557,0.1022190237315924,50,0.05
0.05,3,-0.00329310326160717,-0.00483233593719383,-0.00199316169016842,0.07242046680772873,50,0.05
0.05,4,0.00121321003414986,7.6609199728796e-4,0.00160425871028717,0.020500083903976833,50,0.05
0.05,5,-0.00227874197517001,-0.00591691675960515,0.0020769941901045,0.21678985336086812,50,0.05
0.02,0,9.6448602823885e-4,-0.00333948125397976,0.00608490914899678,0.22622548889042313,50,0.05
0.02,1,0.00101913346838195,-5.4622607682443e-4,0.0024760438253466,0.08424617379168937,50,0.05
0.02,2,0.0026706303621889,0.0013189391271205,0.00398249242864537,0.09747260785859287,50,0.05
0.02,3,-0.00120541841336566,-0.00195138598529489,-1.852837509376e-4,0.038348251273231354,50,0.05
0.02,4,0.00151003441239312,0.00101911100589603,0.00194625768065663,0.020400415348222203,50,0.05
0.02,5,-0.00316789079712174,-0.00774879697815666,3.4639848056916e-4,0.20763794497344262,50,0.05
0.01,0,-0.00659051912818587,-0.01072756474092608,-0.00128880226748565,0.22347364581047643,50,0.05
0.01,1,0.00198832666477611,1.270590892841e-4,0.00361141994862313,0.08403520381266734,50,0.05
0.01,2,0.00133964616009192,-4.674428796527e-4,0.00265842333153495,0.09596687023829104,50,0.05
0.01,3,-3.8317963082983e-4,-9.0107307372763e-4,1.2122341137667e-4,0.02380192282743161,50,0.05
0.01,4,0.00162269483321438,0.0012172924091593,0.00197675278758983,0.020388200113798178,50,0.05
0.01,5,0.00282923275688521,-0.00170310977287433,0.00631685954490163,0.20482629407198172,50,0.05
1,0,-0.00269498952080627,-0.00729491797740767,0.00281419949298223,0.27964681790417395,50,0.1
1,1,0.00333843622327727,0.00142688566271899,0.00504569898873657,0.09109562463923654,50,0.1
1,2,-0.00569740126633135,-0.00968039760305305,-9.2495228442164e-4,0.23630278385228773,50,0.1
1,3,-0.00183500921957925,-0.0098911708794589,0.00668900227309545,0.43369905329027364,50,0.1
1,4,2.1222484391219e-4,-3.2355259490359e-4,9.5329323316689e-4,0.03052693403874241,50,0.1
1,5,0.00954185395323361,0.0019708986015274,0.01419148459876844,0.3390883507205299,50,0.1
0.5,0,-0.00277236710245723,-0.00876671936824579,0.00188516958320979,0.26316857106369435,50,0.1
0.5,1,7.8410245058308e-4,-0.00106022278159588,0.00331074267824614,0.08934016551870395,50,0.1
0.5,2,-0.0042716457673254,-0.00838909954227924,-8.4333894548419e-4,0.1748916169575895,50,0.1
0.5,3,-0.01455666358594719,-0.02124439736193641,-0.00833474647542026,0.2983474241159726,50,0.1
0.5,4,-2.8381244901469e-4,-9.5155243604562e-4,3.1075860433354e-4,0.029982388359277183,50,0.1
0.5,5,0.00617563085345271,4.401104974073e-4,0.01386708556293113,0.28450140627174514,50,0.1
0.2,0,-0.00467284539471769,-0.0111227583461659,0.00129557768526351,0.25285042462000923,50,0.1
0.2,1,0.00245163862803722,8.3774950870792e-4,0.00400214780005326,0.08808467187480278,50,0.1
0.2,2,-2.4591309766732e-4,-0.00212056903654968,0.00178687903218686,0.13243449387090642,50,0.1
0.2,3,-0.01379972945727889,-0.01711382621543752,-0.00986694724557675,0.1709093308671258,50,0.1
0.2,4,8.4974701286625e-4,2.9322848973187e-4,0.00143469620461404,0.029295624641386808,50,0.1
0.2,5,0.00393019566645854,-0.00177371578956007,0.00820792791770532,0.24919279142669343,50,0.1
0.1,0,-3.5872027288896e-4,-0.00605058085601369,0.00537949208745944,0.24540774643699265,50,0.1
0.1,1,3.9972085783705e-4,-0.00104850932620973,0.00183759548382234,0.0867533480439954,50,0.1
0.1,2,0.0011211979930636,-0.00100820567785635,0.00357279126556809,0.11586471773312983,50,0.1
0.1,3,-0.00556246428241164,-0.00796288703946368,-0.00358736708718785,0.10884486537812485,50,0.1
0.1,4,0.0015472342120152,0.00110011700967433,0.00206399784616647,0.029076727841467823,50,0.1
0.1,5,-9.0759696278225e-4,-0.00541557875304495,0.00357795309714251,0.2331397841953833,50,0.1
0.05,0,-0.00409343057357298,-0.00818307774168035,0.00112288425395764,0.23820961652557132,50,0.1
0.05,1,3.960673928929e-4,-0.00127338465670833,0.00217811169230925,0.08586287945630294,50,0.1
0.05,2,0.00216558972330652,-5.053176624712668e-5,0.00388497331625403,0.10801263564197519,50,0.1
0.05,3,-0.00243004039922837,-0.00375127543366935,-0.00125327157508695,0.06813988171052852,50,0.1
0.05,4,0.00174858625531263,0.00122298405637735,0.0023643568546936,0.028985040008708805,50,0.1
0.05,5,6.183812024624811e-6,-0.0039797570288683,0.00389657492328288,0.22329841991532579,50,0.1
0.02,0,4.9212422022456e-4,-0.00500276466663895,0.00545959694827563,0.23414231144054629,50,0.1
0.02,1,5.8868961077912e-4,-0.00107887906787365,0.00188058828313557,0.08511491571430198,50,0.1
0.02,2,0.00157946727504931,-2.6461115276283e-4,0.0031454574046917,0.10388791094031119,50,0.1
0.02,3,-5.4138844373513e-4,-0.00129717341107203,1.4483039210408e-4,0.03581163323519537,50,0.1
0.02,4,0.00210836211614759,0.00149959574518537,0.00263373637441048,0.028877949208620753,50,0.1
0.02,5,-0.00168976557746975,-0.00561443152458933,0.00246629475542757,0.21742814184590176,50,0.1
0.01,0,7.6363186850677e-4,-0.00442017126482502,0.00574095167073889,0.2322569365311284,50,0.1
0.01,1,3.923540517015856e-5,-0.00206904271128183,0.00189961226588264,0.08515246891568881,50,0.1
0.01,2,0.0027618828098535,6.0854707233898e-4,0.00431358191457999,0.10235086877991834,50,0.1
0.01,3,-2.784126292936e-4,-7.1106877012865e-4,1.3235880142261e-4,0.022643964718648987,50,0.1
0.01,4,0.00207171184740339,0.00152908745218113,0.00262118717970898,0.02888266336725476,50,0.1
0.01,5,-0.00369680714994293,-0.00784849416482918,8.2379563020517e-4,0.21530822862857735,50,0.1
1,0,-2.5575714217732e-4,-0.00599552897324488,0.00526800982066296,0.28080668148962645,50,0.2
1,1,0.00169645630953707,-9.441285892103756e-5,0.00334472394847606,0.09132923928723982,50,0.2
1,2,-0.00375540179583147,-0.00830414857178634,0.00227159566014903,0.23900445592027492,50,0.2
1,3,6.7608449628135e-4,-0.00730244151306355,0.00957637121320693,0.4326254465435535,50,0.2
1,4,6.9840272318557e-4,-2.1242015080181e-4,0.00151454229049264,0.04298187002952036,50,0.2
1,5,0.00490393261584417,-0.00273000901661016,0.0122479905807236,0.3425635654344106,50,0.2
0.5,0,1.7375334413104e-4,-0.00492761543197247,0.00518844853773896,0.2642028953679956,50,0.2
0.5,1,-5.203356042263e-4,-0.00255657065524542,0.00166409140588826,0.08956733378657875,50,0.2
0.5,2,-0.00189373242044624,-0.00526355273146546,0.00167016929947043,0.17934747728928063,50,0.2
0.5,3,-0.01334363847101809,-0.02014005234020823,-0.00787642287936613,0.293612627855693,50,0.2
0.5,4,4.5880798645927e-4,-4.7905162864073e-4,0.00128448423784933,0.04221017616990185,50,0.2
0.5,5,0.00164409130013612,-0.00405604258473716,0.00793313929014877,0.2892074702480556,50,0.2
0.2,0,-8.8470930559627e-4,-0.00560043410983328,0.00481905029582684,0.2545516860489409,50,0.2
0.2,1,6.0069200978625e-4,-0.00105523767859,0.00244687573297231,0.08814842501776246,50,0.2
0.2,2,0.00126386159409678,-0.00163794781519705,0.00360192835223154,0.13787377256740166,50,0.2
0.2,3,-0.00788605676516215,-0.01095372276301038,-0.00492526111917984,0.16376324470757536,50,0.2
0.2,4,0.001379813545505,5.6086796518443e-4,0.00202764706245704,0.04138979853123545,50,0.2
0.2,5,-6.0123780774142e-4,-0.00516362868073544,0.00436424534293696,0.2544089477452817,50,0.2
0.1,0,0.00112567941200722,-0.00440451631603998,0.00613799605254985,0.2480553490607828,50,0.2
0.1,1,6.7222080722724e-4,-9.5608992995585e-4,0.00262423136308722,0.08717421861620149,50,0.2
0.1,2,0.00165257336540526,-4.2242409059075e-4,0.00399136403283716,0.12279393201799155,50,0.2
0.1,3,-0.00278740065358201,-0.00476938434415416,-6.3617145511376e-4,0.10294826103926015,50,0.2
0.1,4,0.00184787092911685,0.0010787097439666,0.0028464852482156,0.0410645034427554,50,0.2
0.1,5,-0.00181030223221801,-0.00597633591750769,0.00212983822999993,0.24002625493279417,50,0.2
0.05,0,0.00116958343638882,-0.00338738237030141,0.00666951160699236,0.24381189217506044,50,0.2
0.05,1,-6.1527578134593e-4,-0.00217610638215928,0.00102328532119783,0.08646201987255255,50,0.2
0.05,2,0.00205522315111867,-2.5059012839829e-4,0.00413711476675157,0.11619354378533185,50,0.2
0.05,3,-0.00226526241013062,-0.00377166725490126,-0.00103944137878387,0.06367906526005403,50,0.2
0.05,4,0.00200236883983747,0.00123335600744708,0.00265906831707677,0.040986535138407956,50,0.2
0.05,5,-0.0032304866663211,-0.00899611966672434,7.1842474528593e-4,0.23268921408322707,50,0.2
0.02,0,0.00298413774632554,-0.00136561770464448,0.00795340976737953,0.2408995758777172,50,0.2
0.02,1,-6.6461930932554e-4,-0.00248583858981828,0.00121994718222465,0.08622247843255064,50,0.2
0.02,2,0.00237147146809891,-4.83017393016165e-5,0.00483678359741567,0.11230504967366453,50,0.2
0.02,3,-2.7137141161132e-4,-0.00110722075693739,4.7160692246398e-4,0.03369820111463563,50,0.2
0.02,4,0.00246199833807187,0.00144511157656619,0.00350693664152026,0.04085768004502972,50,0.2
0.02,5,-0.00420964545702421,-0.00805900382102404,6.7549270235398e-4,0.22807955030782395,50,0.2
0.01,0,-0.00147303567006188,-0.00738802455523623,0.00364485231016612,0.23960687415419274,50,0.2
0.01,1,-0.00156108311439628,-0.00338627965562815,2.3653179459797e-4,0.08601465919248974,50,0.2
0.01,2,0.00257542966543776,5.6295215712075e-4,0.00479050583523915,0.11055874142955915,50,0.2
0.01,3,-2.1871807787418e-4,-7.8165485982846e-4,2.1207840877961e-4,0.02177199678810375,50,0.2
0.01,4,0.00337785798151645,0.00239872717038158,0.00417022536895417,0.04078946463053897,50,0.2
0.01,5,-0.00249935430525318,-0.00671032779353953,0.00279382247747683,0.22609567307302667,50,0.2
1,0,-0.0065858441084025,-0.01112608143513124,-0.00129022462346761,0.2831142442115663,50,0.5
1,1,0.00298900912380409,4.6141766834736e-4,0.00504546951522244,0.09229947587606076,50,0.5
1,2,-0.00748039044148387,-0.01213929950207302,-0.00346433787404077,0.24590964837755896,50,0.5
1,3,-0.00825845891180459,-0.01725031809859974,0.00108374205033696,0.4283105075510065,50,0.5
1,4,-0.0010411379052071,-0.00241089877281956,4.5711131961685e-4,0.06726371828289736,50,0.5
1,5,0.01257708180364389,0.00552822475800365,0.01882776513785107,0.35098245627780217,50,0.5
0.5,0,9.029679712998e-4,-0.00465016425827853,0.00637645951191242,0.2669516830347845,50,0.5
0.5,1,-2.6352960268641e-4,-0.00190522203258202,0.00213505857671578,0.09027898688452596,50,0.5
0.5,2,2.5107509427996e-4,-0.00389240254417569,0.00480988063203515,0.18910724512975433,50,0.5
0.5,3,-0.01124385656611372,-0.01744528792344884,-0.00587919020455589,0.2817702108017876,50,0.5
0.5,4,0.00175542347114936,4.6667254003891e-4,0.00343084022193335,0.06609103974178111,50,0.5
0.5,5,-9.2939759292152e-4,-0.00669151408927122,0.00526029769492585,0.2997782100680438,50,0.5
0.2,0,-8.685377139533e-4,-0.00680197985620211,0.00546827286135342,0.2584065363837925,50,0.5
0.2,1,0.00167472546058682,4.708186115219786e-5,0.00332098457988801,0.0889111827799616,50,0.5
0.2,2,0.00245899360668686,1.9185177971356e-4,0.00520886614659651,0.1496987255104032,50,0.5
0.2,3,-0.00857531315030117,-0.01088854174569908,-0.00606070960536148,0.15247453662937419,50,0.5
0.2,4,0.00145562667545198,1.1481788027275e-4,0.00323527617458525,0.06503362985974388,50,0.5
0.2,5,-0.00157244157699503,-0.0073135392261165,0.00344863016599387,0.2663709080347064,50,0.5
0.1,0,1.2866687552035e-4,-0.00500599555210134,0.00638680637309657,0.2539055572227612,50,0.5
0.1,1,-9.6101317733253e-4,-0.00290260980144543,5.1769112724378e-4,0.08804673957148726,50,0.5
0.1,2,0.00153437932747707,-7.6033759450855e-4,0.00397429676063786,0.13706870983985653,50,0.5
0.1,3,-0.00245609076910101,-0.00426676310243818,-5.5962767002918e-4,0.0947553338601775,50,0.5
0.1,4,0.0035131945498275,0.00205500291961578,0.00481658857663654,0.06476618029542802,50,0.5
0.1,5,-0.00199657117151158,-0.00734851827506221,0.00312331942367418,0.25447931082017855,50,0.5
0.05,0,0.00510396131541979,-3.6408913594824e-4,0.0102929570302987,0.2519551494752264,50,0.5
0.05,1,-7.2145474917281e-4,-0.00247049935545545,0.00114508553807228,0.08772708218879499,50,0.5
0.05,2,0.00196797580112647,-2.8548228693084e-4,0.0045039538745661,0.13146376265699444,50,0.5
0.05,3,-6.7142625591416e-4,-0.00182832827460071,2.8683805236141e-4,0.05799584085635392,50,0.5
0.05,4,0.00191367054617852,4.0514358583601e-4,0.00338945713434374,0.06446163496538092,50,0.5
0.05,5,-0.0054156269992776,-0.01001023092647559,-4.9474168653044e-4,0.24915820904453817,50,0.5
0.02,0,-0.00130520809780549,-0.00645353294133178,0.00439711043940103,0.2499372135077108,50,0.5
0.02,1,1.4428123032667e-4,-0.00186756728785374,0.00182341736575163,0.08762909766219791,50,0.5
0.02,2,0.00196802672612629,-6.1456670515844e-4,0.00474551153477978,0.1273916193079812,50,0.5
0.02,3,-6.5795502382402e-4,-0.00118542573203266,-4.152119671237753e-5,0.03161220406852423,50,0.5
0.02,4,0.00261777645296744,0.00137784440698748,0.00374180490510326,0.06439903389242994,50,0.5
0.02,5,-0.00125950764195181,-0.00735397967624529,0.00412683435768139,0.24519940577456864,50,0.5
0.01,0,2.2960341072201e-4,-0.00494099885946168,0.00482733022244315,0.24953382942909585,50,0.5
0.01,1,0.00132422852343609,-1.4776400259853e-4,0.00308847087485931,0.08785204906191159,50,0.5
0.01,2,4.6933149876451e-4,-0.00181764604737799,0.00231763752928822,0.1261200405073639,50,0.5
0.01,3,-2.006616344580043e-5,-4.064212256289e-4,4.3528127009721e-4,0.020951257772449126,50,0.5
0.01,4,0.00271882670722094,0.00148220052952787,0.00444241536088085,0.06418010707861066,50,0.5
0.01,5,-2.6559333401749e-4,-0.00487724315403752,0.00417932641868413,0.2441538438844081,50,0.5
1,0,-0.00181554675027693,-0.00719235569298545,0.0038172536684902,0.28628305761737866,50,1
1,1,6.8815817348711e-4,-0.00113236228493951,0.00246686319024397,0.09327219330553378,50,1
1,2,-0.00539293046310494,-0.01038794068102869,-6.1375969621863e-4,0.25520286766154315,50,1
1,3,-0.00377047047064629,-0.0132110312435425,0.00492883778259931,0.42072173138399427,50,1
1,4,6.5893736591303e-4,-0.00120286505963376,0.00263209193542753,0.09401956971108599,50,1
1,5,0.00650496672823745,-7.3131014989203e-4,0.01319018545602361,0.36206831749865726,50,1
0.5,0,0.00228277341372565,-0.0040296935435544,0.00747338658448069,0.27093021879133244,50,1
0.5,1,0.00108779655304014,-6.9352747284749e-4,0.00317429047229024,0.09147189430358321,50,1
0.5,2,6.0081901218866e-4,-0.0029503970551886,0.00513148677234643,0.2004435362007988,50,1
0.5,3,-0.00595657894198379,-0.0112107765153664,-8.7059747410938e-4,0.2690561113790763,50,1
0.5,4,0.0018966192498039,-4.6825012536124e-4,0.00398532010208685,0.09248214062836008,50,1
0.5,5,-0.00175761268268884,-0.00776865261816459,0.00481345656493752,0.3124794099927417,50,1
0.2,0,5.8438329600698e-4,-0.0046084220123694,0.00623357453830001,0.2632904795425781,50,1
0.2,1,9.2653908880051e-4,-0.00148971228754051,0.00292202093969873,0.08986587859053118,50,1
0.2,2,0.00110002367151605,-0.00209544946681192,0.00453031615254965,0.16369367360927564,50,1
0.2,3,-0.00585000908241801,-0.00882475652460973,-0.00327387797422037,0.1438401019601279,50,1
0.2,4,0.00221244525490818,5.8009995657762e-4,0.00388268304183473,0.09138818762284369,50,1
0.2,5,-0.00106047086732055,-0.00709929169688066,0.00320197376318782,0.2805662732965215,50,1
0.1,0,9.6348628835325e-4,-0.00455836812459142,0.00755333415735375,0.259963186272674,50,1
0.1,1,-5.890988458317e-4,-0.00211748122161597,0.00104288547204512,0.08926086740683473,50,1
0.1,2,0.00199069515920893,-0.0015135708721171,0.00537795363548364,0.15290272241302746,50,1
0.1,3,-4.6404831176377e-4,-0.00268281159556726,0.00132171337514009,0.08829261705171135,50,1
0.1,4,0.00145655214884245,-4.6883538613581e-4,0.00313927805779955,0.09091545299016626,50,1
0.1,5,-0.00267993633045459,-0.01012471408517346,0.00298512636934168,0.27051248979037806,50,1
0.05,0,0.00113270495848978,-0.00414825838066375,0.0068413533661184104,0.25838089624482413,50,1
0.05,1,-0.00129001377547602,-0.0030872795763713,7.3462809422027e-4,0.0890454960740497,50,1
0.05,2,2.537919594723e-4,-0.00211642278839013,0.00372738726488949,0.14720059545840514,50,1
0.05,3,-1.9591063799745e-4,-0.00122570795944619,8.7337369696178e-4,0.0544164402924256,50,1
0.05,4,8.9409128320561e-4,-9.534078608895e-4,0.00275564216300804,0.09071738124570876,50,1
0.05,5,-0.00150948264188553,-0.00613626737091597,0.00319937241502493,0.2652278684973518,50,1
0.02,0,4.4412392707276e-4,-0.00495277485375813,0.00497189068837359,0.2568658684072536,50,1
0.02,1,6.6500799849073e-4,-0.00148942548570023,0.00255848223600643,0.08934760243145722,50,1
0.02,2,1.5467566520118e-4,-0.00267292131366786,0.00287650458130181,0.14343600367730583,50,1
0.02,3,-1.245651754891e-4,-6.998691212429e-4,5.6777009754601e-4,0.030484519391701423,50,1
0.02,4,0.00395546958527171,0.00201611998450023,0.00558761370848345,0.09040905229340081,50,1
0.02,5,3.4060282388819e-4,-0.00422276632883102,0.00548221525039061,0.26187115814643097,50,1
0.01,0,0.00290471906160769,-0.00194829658824557,0.00747788583586346,0.25707163681985873,50,1
0.01,1,-3.4232049047477e-4,-0.00216712975821067,0.00122777068596053,0.0892057749643821,50,1
0.01,2,9.1740260359929e-4,-0.0022306592661864,0.00411091325997087,0.1417549814981932,50,1
0.01,3,5.705465784353939e-5,-4.1117009488996e-4,5.1889803683769e-4,0.020526703142396248,50,1
0.01,4,0.00166082198205648,-2.2805982131887e-4,0.0037072501855168,0.0903710452300299,50,1
0.01,5,-0.00283147442483442,-0.00834487066821896,0.00249177432517891,0.2605390490318114,50,1
1,0,-0.00138921027365975,-0.00782362898923842,0.00587792293069357,0.3255197107173957,50,10
1,1,9.0948810665706e-4,-0.00142768869897474,0.00302038470926743,0.10773521800438954,50,10
1,2,0.00215143985657022,-0.00379011574930922,0.00962509371303504,0.34316129982834076,50,10
1,3,-0.00188469335651894,-0.00852851655166497,0.00531751244010314,0.3592153035969669,50,10
1,4,0.00192253853768893,-0.00434244030928302,0.00828558963007189,0.278874995097372,50,10
1,5,-0.00119260343680482,-0.01177844299359616,0.0071759950842893,0.46632389868786606,50,10
0.5,0,1.6420464375085e-4,-0.00548070357054646,0.00693260464346341,0.31435702365943896,50,10
0.5,1,-7.3114512287679e-4,-0.00289667893597301,0.00176891780423256,0.10447501787583718,50,10
0.5,2,-0.00460711513801173,-0.01053070474203563,0.0012547967939094,0.2972998820408343,50,10
0.5,3,0.00274227521712791,-0.00286257806553278,0.00720489897535326,0.22078337307226523,50,10
0.5,4,-6.2630534951302e-4,-0.00561619420642281,0.00421734677573402,0.2755970670524837,50,10
0.5,5,0.00414633665282112,-0.00380732081240398,0.0117322986954379,0.42212683228486,50,10
0.2,0,0.00107825286769505,-0.00434265444997405,0.00801958333780832,0.30922835121287395,50,10
0.2,1,2.68790550965637e-5,-0.00176964673037271,0.00191007741238903,0.1033600149731051,50,10
0.2,2,-0.00275525310130878,-0.00797782325741812,0.00278273347548199,0.2692252427188276,50,10
0.2,3,1.7032774687867e-4,-0.00182370316802501,0.00251645685725392,0.11470720421074297,50,10
0.2,4,-0.00130891177984749,-0.00730782844397417,0.00467239892000492,0.27252204087946397,50,10
0.2,5,0.00223905518696304,-0.00528575980777792,0.00954068175254313,0.39583288739026096,50,10
0.1,0,0.00282226025357206,-0.00248621831718164,0.00792787643337345,0.3066883888329087,50,10
0.1,1,-2.6936422972835e-4,-0.00238557575452675,0.00200301290849024,0.10307604456167592,50,10
0.1,2,-4.4660971739826e-4,-0.00554705461800298,0.00486836233231261,0.2568853312289349,50,10
0.1,3,1.2131655179163e-4,-0.00132831588393231,0.0018895254964793,0.07218145888979587,50,10
0.1,4,8.7631252810852e-4,-0.00499908456431968,0.00737234860670874,0.2719624705470729,50,10
0.1,5,-3.9751956492489e-4,-0.0080487237801395509,0.00703338924592957,0.38392216976385773,50,10
0.05,0,0.00633151597957223,8.1870785381987e-4,0.01126592437380649,0.306183244424459,50,10
0.05,1,-7.4590614098891e-4,-0.0027058252750842,0.00114773277519353,0.10305595198775086,50,10
0.05,2,0.00567652540139745,7.1204451773452e-4,0.01028618698565341,0.24941535928020456,50,10
0.05,3,-1.259569562471e-4,-0.00123503531686063,7.3101836950114e-4,0.04741510139848032,50,10
0.05,4,0.00301850959129093,-0.00205361121474974,0.00854323121079872,0.2717016887972579,50,10
0.05,5,-0.00948207155190443,-0.01736158386947794,-0.00283217495556794,0.3769660089946928,50,10
0.02,0,0.00596067164491017,-0.00238010909882506,0.0115691880037322,0.30493457934568835,50,10
0.02,1,-0.00108865279426315,-0.00361873422672314,7.5821571655336e-4,0.10315580133371512,50,10
0.02,2,0.00125671158420525,-0.00348819996318509,0.00602831524901786,0.24577872615796442,50,10
0.02,3,1.5336773036872e-4,-4.3887514735939e-4,6.6040174774462e-4,0.028515179855516954,50,10
0.02,4,-0.00105179552588688,-0.00626491230443096,0.00401625527187667,0.27161385772754504,50,10
0.02,5,-0.0046129256407595,-0.01214087335300236,0.00359815816455288,0.3730262202862826,50,10
0.01,0,0.00819497639980935,0.00225448924924377,0.01415173307725002,0.30590414436470503,50,10
0.01,1,-0.00207255815130289,-0.00402844668031941,-9.019500150981846e-5,0.10314258400263472,50,10
0.01,2,-0.00143665856213537,-0.0053890468109476,0.00302805081310686,0.24480725163885916,50,10
0.01,3,-1.2360426488047e-4,-5.6218325887862e-4,3.2945412790303e-4,0.019799454601136114,50,10
0.01,4,0.00499136971102151,3.136201238635224e-5,0.00961706326932159,0.27172686182374656,50,10
0.01,5,-0.00389246104358454,-0.01068326922115081,0.00155485747426918,0.3726143852346997,50,10
1,0,-0.00265372474410775,-0.00597127841107895,0.00246723381376683,0.20941480914152805,100,0.05
1,1,0.00243308866852901,0.00120695989381077,0.00410279636673456,0.06596216899457234,100,0.05
1,2,-0.00364916017690421,-0.00789926595481272,0.00125147629638551,0.22694282068034222,100,0.05
1,3,-0.00304652558569696,-0.01144940702036435,0.00604894275512482,0.4342741950563718,100,0.05
1,4,-2.925649898337733e-5,-6.1762129343587e-4,3.8965695242619e-4,0.02169550918553077,100,0.05
1,5,0.00625609983910948,-2.4585090226472e-4,0.01225957653891234,0.29108136328480744,100,0.05
0.5,0,6.7770291879449e-4,-0.003749270789527,0.00483447572549478,0.19768339643553903,100,0.05
0.5,1,-5.3357920577659e-4,-0.00206475409977258,8.7330432977251e-4,0.06399607699936201,100,0.05
0.5,2,8.2252271505961e-4,-0.00199391741261225,0.00547341691233443,0.163365618766833,100,0.05
0.5,3,-0.0044956460700998,-0.00993983927237695,7.252485690901e-4,0.30597367303923695,100,0.05
0.5,4,3.274301563842268e-5,-4.540663056869e-4,5.6224601568039e-4,0.02161832618273256,100,0.05
0.5,5,-0.00130450821689192,-0.00662743510035133,0.00415762721518502,0.2333463615874279,100,0.05
0.2,0,-0.00244217810411721,-0.00604696532025869,0.00290965154102302,0.1925175457466616,100,0.05
0.2,1,-2.9392526248598e-4,-0.00137458145733709,9.5881646544122e-4,0.06259144373455863,100,0.05
0.2,2,8.1958046133428e-4,-0.00190638616198837,0.00375565098463743,0.11490169381973706,100,0.05
0.2,3,-0.00575068698340068,-0.00972203773024913,-0.0025875697825515,0.1860875045556797,100,0.05
0.2,4,2.9335563677351e-4,-1.4655167092725e-4,8.297907193674e-4,0.021389810899551217,100,0.05
0.2,5,3.2853629848338e-4,-0.00470957547533804,0.00410589606423981,0.1941271999957912,100,0.05
0.1,0,-9.0586764846041e-4,-0.00499836484908303,0.00263500407504734,0.18867917965631376,100,0.05
0.1,1,-7.833949874264377e-5,-0.00111673975335644,9.7395840526868e-4,0.06190672391690098,100,0.05
0.1,2,0.00157642051757835,-7.1612910640557e-4,0.00389792690619818,0.09469751576678688,100,0.05
0.1,3,-0.00358243962818794,-0.00703096473539443,-5.3507983713336e-4,0.12231918504007022,100,0.05
0.1,4,6.3833974252452e-4,2.0163763812367e-4,0.00103505293048631,0.021289329492387026,100,0.05
0.1,5,-0.00122521235267077,-0.00468450467965192,0.00285763498937604,0.17807936769082944,100,0.05
0.05,0,4.815617264938959e-5,-0.00382832366356026,0.00385583175387421,0.18377244736809945,100,0.05
0.05,1,2.434243073459346e-5,-0.0011713069047266,0.00161419596259481,0.061211059545291,100,0.05
0.05,2,0.00178266525061428,3.1608593109841e-4,0.00329487364423201,0.0830149647294332,100,0.05
0.05,3,-0.00169050294533174,-0.00340401800309207,-5.540705472366453e-5,0.07774563846690803,100,0.05
0.05,4,0.00104899342959731,5.8485705511414e-4,0.00147069401751227,0.021250964365848436,100,0.05
0.05,5,-0.00169880780300029,-0.00452531858194281,0.00208042968860038,0.16746104767342607,100,0.05
0.02,0,-9.549187457571736e-5,-0.00437199609214024,0.0040262079922681,0.1781085979901797,100,0.05
0.02,1,7.1858725615893e-4,-9.4748962748944e-4,0.00195236226673243,0.060579560145233226,100,0.05
0.02,2,0.00154021418423149,1.29921373923e-4,0.00308410311920131,0.07634976398903476,100,0.05
0.02,3,-8.8722850882888e-4,-0.00165908592623348,-1.5674697794429e-4,0.04140387157295836,100,0.05
0.02,4,7.0287698728014e-4,3.5124515663074e-4,0.00114741521142862,0.021222244099435385,100,0.05
0.02,5,-0.00119214120354887,-0.00496161304836251,0.00219308690488158,0.15962881517243435,100,0.05
0.01,0,0.00154623506114866,-0.00285173754577809,0.00542167615963579,0.17597898536799508,100,0.05
0.01,1,-4.6324475519953e-4,-0.00173882371141929,7.1877107153298e-4,0.0603227360277138,100,0.05
0.01,2,0.00153445179688719,7.068398880756441e-5,0.00302529706424815,0.07433506865059103,100,0.05
0.01,3,7.771127133435397e-5,-3.7246867811199e-4,5.9109491169205e-4,0.025355990939799018,100,0.05
0.01,4,0.0011614068584193,7.5362081794906e-4,0.00165196461674585,0.021191695823062864,100,0.05
0.01,5,-0.00259050734221583,-0.00629113725432183,8.1756617120376e-4,0.15688707118583223,100,0.05
1,0,-4.6705647331542e-4,-0.00555815255982889,0.00348473025929999,0.20950161915902868,100,0.1
1,1,-2.5781654809993e-4,-0.00158896775668538,0.00117303118190186,0.06588367903725748,100,0.1
1,2,-0.00304276471915188,-0.0079532980194663,0.0018163680664859,0.2275584534775699,100,0.1
1,3,0.00407029924529136,-0.00462043237413007,0.01305797877008774,0.4342129213352362,100,0.1
1,4,-2.982454168224e-4,-7.9723849743717e-4,2.730770473278e-4,0.03065541435058251,100,0.1
1,5,0.00313895355309288,-0.00311928846317071,0.00905771349059971,0.2917217766049547,100,0.1
0.5,0,-1.5404131295472e-4,-0.00476003456378268,0.00351226733920399,0.1981452181195806,100,0.1
0.5,1,0.00181197816838068,5.1612701583581e-4,0.00306610043231134,0.06420329356692646,100,0.1
0.5,2,-0.00244619940110852,-0.00598648679442927,8.8977089970918e-4,0.16505338328315863,100,0.1
0.5,3,-0.00549757773569366,-0.01106727356241019,0.00162817056317882,0.30471973099445926,100,0.1
0.5,4,1.9320888061468e-4,-4.4288186245196e-4,8.722606882011e-4,0.030508557866083738,100,0.1
0.5,5,0.00325753555466788,-0.0021577828228283,0.00769586539906413,0.23520734209105465,100,0.1
0.2,0,0.00369270477682689,1.2225307838622e-4,0.00727944733668262,0.19318342740449923,100,0.1
0.2,1,-1.5169499331367e-4,-0.00120282556010558,0.0011374728520141,0.06271442589209128,100,0.1
0.2,2,4.5708950339921e-4,-0.00138299542023102,0.00260960594766817,0.11784676312888408,100,0.1
0.2,3,-0.00478695312263197,-0.00927408669109744,-0.00177067200732002,0.18133532102037167,100,0.1
0.2,4,0.00122952482395385,6.1626555475106e-4,0.00174277326376157,0.03021762176035781,100,0.1
0.2,5,-0.00273537642416675,-0.00663295341473032,-4.759809436030817e-5,0.19680021137283005,100,0.1
0.1,0,0.00119528589811864,-0.00260022821717726,0.00506737918061113,0.18930689622890856,100,0.1
0.1,1,-1.2782042696364e-4,-0.00119993183093699,9.5442017092869e-4,0.061968161125777,100,0.1
0.1,2,0.00158072350080709,-2.5206123073385e-4,0.00327884097375105,0.098240943219691207,100,0.1
0.1,3,-0.00273745618945299,-0.00494889689428451,-2.2386679455732e-4,0.11659719846566842,100,0.1
0.1,4,1.7573415235905e-4,-4.2909877952075e-4,8.0233597057913e-4,0.030115515990118948,100,0.1
0.1,5,-0.00230462607930011,-0.00575664607999977,0.00132738631409548,0.18094807841813978,100,0.1
0.05,0,5.60737758360609e-5,-0.00447260987200554,0.0039086149453279,0.18535026693689552,100,0.1
0.05,1,1.189377337877e-4,-0.00101974044919274,0.00120366802530234,0.06142363630581472,100,0.1
0.05,2,6.6802552423704e-4,-7.6205256604128e-4,0.00247339479372684,0.08755130599241104,100,0.1
0.05,3,-0.00256869529919553,-0.00397784790978955,-0.00111045132516812,0.07324236947842928,100,0.1
0.05,4,7.538837969227e-4,7.833018769786827e-5,0.00134717154601374,0.030025127706123915,100,0.1
0.05,5,-8.9040678182447e-4,-0.00481740822871076,0.00209053286495013,0.17152760965778624,100,0.1
0.02,0,-2.0504478124831e-4,-0.00356999983646299,0.00308006979499614,0.18170327471986011,100,0.1
0.02,1,-1.7671328632403e-4,-0.00149316821448257,0.00100823822493071,0.06096850038909871,100,0.1
0.02,2,0.00235510610502643,7.3165253894547e-4,0.00393555756951593,0.0819954378738729,100,0.1
0.02,3,-5.5374452809187e-4,-0.00143663398248452,1.7792686567351e-4,0.038484117669634575,100,0.1
0.02,4,0.00127822511689449,6.0966084735165e-4,0.00198673178328288,0.029960731316932835,100,0.1
0.02,5,-0.00233579186423165,-0.00518038573362409,0.00118960617432477,0.16563191665446986,100,0.1
0.01,0,-7.2864177426495e-4,-0.00449801315650569,0.00336581838431594,0.18052403696092514,100,0.1
0.01,1,-4.5557453754e-4,-0.00147709555444421,5.9447726394518e-4,0.06086202364674083,100,0.1
0.01,2,0.0017270850538034,2.354973081754709e-5,0.00304728402393753,0.08001117769089741,100,0.1
0.01,3,-4.237990966271993e-5,-4.8799240640704e-4,4.5196047716201e-4,0.023833834565324563,100,0.1
0.01,4,0.00109794564652403,6.3798739153504e-4,0.00158421234298697,0.029952653027350683,100,0.1
0.01,5,-0.00184819929385348,-0.00485309136923293,8.3765853713023e-4,0.1636213437869152,100,0.1
1,0,0.00138512431756011,-0.00267140603031257,0.00499603947363686,0.20972361863341024,100,0.2
1,1,7.666096748153225e-5,-0.00132212234476709,0.00130895868318243,0.06602821877458735,100,0.2
1,2,-0.00871373343509732,-0.0133853694133427,-0.00417508880864517,0.22874980902916456,100,0.2
1,3,-0.00112755721063696,-0.00999781537849183,0.00828689252276729,0.43400781797387716,100,0.2
1,4,-3.2164714466436e-4,-0.00130664525875216,5.1404983481192e-4,0.04328302085910594,100,0.2
1,5,0.00808251823551934,0.00250748340570508,0.01405371551146956,0.2930259525567028,100,0.2
0.5,0,-0.0053200276002509,-0.0086883856815613,-4.440905492555e-4,0.19831805970931274,100,0.2
0.5,1,0.00188608074197931,4.0733388687118e-4,0.00324838731075591,0.06434543298432445,100,0.2
0.5,2,-9.8656561530604e-4,-0.0050747582152142,0.00179096137804713,0.16778662809854622,100,0.2
0.5,3,-0.0077712396007515,-0.01388071316056472,-0.00257014496590812,0.3021839349290973,100,0.2
0.5,4,5.028791493384326e-5,-8.3951170883525e-4,9.5244867417189e-4,0.043030997024035594,100,0.2
0.5,5,0.00454070905082384,-6.983939969087e-4,0.01000653361398009,0.23786944802856488,100,0.2
0.2,0,4.9525545942254e-4,-0.0038501735236593,0.0048377730008744,0.19337786066787077,100,0.2
0.2,1,5.7619638722207e-4,-8.751794718015e-4,0.00193517352173477,0.06280451091064733,100,0.2
0.2,2,6.5884064579661e-4,-0.00255643598412249,0.00305746304996448,0.12201062871551528,100,0.2
0.2,3,-0.00156685092768548,-0.00506850128485281,0.00132934758204019,0.1744629731424539,100,0.2
0.2,4,-2.6780106584646e-4,-0.00106091993260661,4.8203694113648e-4,0.042663221755765354,100,0.2
0.2,5,-4.7253046762435e-4,-0.00552206670608754,0.0037387369781777,0.20026012468030344,100,0.2
0.1,0,0.00141716174395998,-0.00333896315462612,0.0050280375173001,0.1902912695315557,100,0.2
0.1,1,7.5350125019959e-4,-8.3265545008151e-4,0.00212841751755844,0.062209158571986084,100,0.2
0.1,2,0.00194429828361727,-2.197788978363902e-5,0.0041735070364542,0.10339671421472309,100,0.2
0.1,3,-5.6395331448581e-4,-0.00253630750759964,0.00174182758135443,0.11035270796335887,100,0.2
0.1,4,1.8275711536616e-4,-5.6392387192548e-4,0.00107602739548784,0.04252295815538978,100,0.2
0.1,5,-0.00268285272392799,-0.00640994211491344,0.00123112345538523,0.1853513938079572,100,0.2
0.05,0,-8.9643917689877e-4,-0.00506257434110416,0.00329665772791682,0.1872008523799008,100,0.2
0.05,1,-8.6059431370425e-4,-0.00215895842263242,3.2331019617179e-4,0.06164283416648094,100,0.2
0.05,2,8.9711148116633e-4,-8.5275591895561e-4,0.00273339767920473,0.09413815716334721,100,0.2
0.05,3,-1.4812102818434e-4,-0.00164989526307181,0.00125563166130364,0.06863428214217185,100,0.2
0.05,4,0.00156726497591749,8.5261606649257e-4,0.00246418846389877,0.04243449414244124,100,0.2
0.05,5,-9.5935901613661e-4,-0.00415053534183517,0.00234251889161504,0.17720648663593963,100,0.2
0.02,0,-7.3909674482478e-4,-0.00396797630595841,0.00245340747111307,0.18514809767648924,100,0.2
0.02,1,2.9314517837738e-4,-9.9048373367202e-4,0.00125696052873903,0.06143394638259584,100,0.2
0.02,2,0.00170981176309254,9.99929637744783e-5,0.0032767169695674,0.08935282251844964,100,0.2
0.02,3,-4.3071554244721e-4,-0.00132310493305528,3.4348361073164e-4,0.03587066222032052,100,0.2
0.02,4,0.00112999549287601,3.0250259733693e-4,0.00200107090072126,0.042356416949995784,100,0.2
0.02,5,-0.00117514935104484,-0.00469984690201523,0.00131056167225232,0.17280883788663903,100,0.2
0.01,0,0.0014463175108730701,-0.00240225426657797,0.00488773194091271,0.184474570769463,100,0.2
0.01,1,-1.7664085538987e-4,-0.00160117730177463,0.00117972753817318,0.061379134165491046,100,0.2
0.01,2,4.790969525646846e-5,-0.00148957098315086,0.00174216060079258,0.08739773323455592,100,0.2
0.01,3,7.187330983426391e-5,-3.6019433699128e-4,6.0294911971241e-4,0.022658043939350545,100,0.2
0.01,4,0.0012410165295866,3.6353331356226e-4,0.00208031042749252,0.042310500806858456,100,0.2
0.01,5,-8.3263685162938e-4,-0.00385263742693985,0.00328090197314324,0.17103381442319926,100,0.2
1,0,0.00148000850729162,-0.00247446448953791,0.00595643181988736,0.21037232448248855,100,0.5
1,1,1.1474567809908e-4,-0.00117997879724137,0.00139006587944116,0.0662864002611403,100,0.5
1,2,-7.8136993024994e-4,-0.00473526492234897,0.0034209321087815,0.2321436999594755,100,0.5
1,3,-0.00655583203059202,-0.0157022450282738,0.00271456722675126,0.43280947338753367,100,0.5
1,4,-4.195944162621196e-5,-0.00144053853052852,0.00132922162811448,0.06813327268299497,100,0.5
1,5,3.85001415587684e-5,-0.00510705720473082,0.00461806788824377,0.2967456508570819,100,0.5
0.5,0,0.00185863769861898,-0.00205464480540161,0.00618406427138231,0.19923852250207585,100,0.5
0.5,1,5.5215431191273e-4,-8.1754827271418e-4,0.00169944686827369,0.06446711623225394,100,0.5
0.5,2,-0.00144396803718404,-0.00565883090962015,0.00166166329255199,0.17396157351106445,100,0.5
0.5,3,5.4650935941584e-4,-0.00600505236337707,0.00729873394178921,0.29454477506073473,100,0.5
0.5,4,9.389731962071e-4,-3.7596318168749e-4,0.00231894755740383,0.06764879513910599,100,0.5
0.5,5,0.0011419576962709,-0.00374314953822443,0.00722134209401709,0.24393629270884004,100,0.5
0.2,0,-3.9306389239393e-4,-0.00416551439097078,0.00326663943205575,0.19465543521293557,100,0.5
0.2,1,8.5250995948358e-4,-3.5115078336662e-4,0.00223295827876945,0.06314416051422982,100,0.5
0.2,2,0.00111129985966084,-0.00149901599414726,0.00340221495537313,0.13034894648775033,100,0.5
0.2,3,-0.00149446014731768,-0.00487002664313332,0.00169668244109331,0.1630704373346234,100,0.5
0.2,4,0.00161079931041747,3.0746320016857e-4,0.00330536534115203,0.0671390617439929,100,0.5
0.2,5,-4.5324593531918e-4,-0.00415327077201279,0.00364605294225494,0.2077757505065221,100,0.5
0.1,0,-0.00171003325395733,-0.00571677934141119,0.0019932309330523,0.19196812274696937,100,0.5
0.1,1,-3.5691210593876e-4,-0.00166075127254987,7.0194265872829e-4,0.06253244484955973,100,0.5
0.1,2,-0.00169712276085537,-0.00373823430662563,2.9027043675142e-4,0.11402350331915162,100,0.5
0.1,3,-1.1730055805946e-4,-0.00237260049419656,0.00191784436217166,0.10177919097286459,100,0.5
0.1,4,0.00136639002818394,1.0774515924006e-4,0.00274944093437403,0.06694618181111034,100,0.5
0.1,5,0.00253429159907607,-3.9560364055324e-4,0.00659558903986208,0.19428686913602677,100,0.5
0.05,0,-0.00140344139546017,-0.00518191602948348,0.00251975745774689,0.19035559579527966,100,0.5
0.05,1,-1.3526139880868e-4,-0.0013863142546538,0.00122152277863979,0.0622824635467047,100,0.5
0.05,2,0.001580119357426,-5.6249589280137e-4,0.00343103438432559,0.1069724057859278,100,0.5
0.05,3,-0.00101556419693286,-0.00251844675117479,2.2022812378516e-4,0.0623972768252306,100,0.5
0.05,4,0.00125202731723293,-2.607881472822e-4,0.00283850051732272,0.06679101444677847,100,0.5
0.05,5,-7.6297905560053e-4,-0.00436963596659971,0.00282701716851998,0.18841682234476892,100,0.5
0.02,0,-0.00175687405089456,-0.00593420558575682,0.00169167635105494,0.18965700117316123,100,0.5
0.02,1,4.888770766206e-4,-5.9487504312268e-4,0.00170908278240244,0.06225118896444485,100,0.5
0.02,2,7.382503274842e-5,-0.00214642173525737,0.00232000621207282,0.1023636721434198,100,0.5
0.02,3,-2.590580979033e-4,-9.3630060362835e-4,4.9268211052188e-4,0.03313642285457952,100,0.5
0.02,4,5.6244372276443e-4,-7.6555873733146e-4,0.00203545764085738,0.06662875448233607,100,0.5
0.02,5,6.2680041015233e-4,-0.0031146221108921,0.00493694103257508,0.18480537993839757,100,0.5
0.01,0,-7.6408949383953e-4,-0.00415090996613323,0.00384990205205473,0.18929417343629545,100,0.5
0.01,1,-6.7022674284175e-4,-0.00190843656347088,5.9350155065109e-4,0.06205452347468394,100,0.5
0.01,2,0.00103243615107574,-0.00100809844284415,0.0028629132994035,0.10028014920261123,100,0.5
0.01,3,1.8140684252784e-4,-2.2715764206414e-4,6.7246374006694e-4,0.021541621426908422,100,0.5
0.01,4,0.00264325586280179,0.00135945167123048,0.00399115092251673,0.06660727066759026,100,0.5
0.01,5,-0.0011718044944211,-0.00420367230111905,0.00257121182175758,0.1830013206572293,100,0.5
1,0,0.0023938162914886,-0.00167662109045495,0.00589683358850401,0.21145363674698914,100,1
1,1,-4.223894037791e-4,-0.00189625015511682,0.00113837066921517,0.0667559545358371,100,1
1,2,0.00204035388718657,-0.00343288905245225,0.00789448932846598,0.2371815319237274,100,1
1,3,0.00167343836837438,-0.00884353963082722,0.00964451318463422,0.4298234500581662,100,1
1,4,2.0666761110164e-4,-0.00197616698771025,0.00221633514260044,0.09577010614530543,100,1
1,5,-0.00360202143039575,-0.01029035178784741,0.00259185033592079,0.30231748532180874,100,1
0.5,0,6.1117212944555e-4,-0.00400671263074798,0.00577404067274452,0.20071817509739906,100,1
0.5,1,-1.3012949678772e-4,-0.00134599698879244,0.00122690412450746,0.06487276378080481,100,1
0.5,2,0.00346590713661323,1.1570525190131e-4,0.00738739380801695,0.18137212621714632,100,1
0.5,3,-0.00852933765592356,-0.01319527300732366,-0.00314742377599827,0.2843933359429401,100,1
0.5,4,-6.0964354204551e-4,-0.00265408811964832,0.00155798623751226,0.09496613597503749,100,1
0.5,5,-0.00405761780683487,-0.00953825021658231,0.00120816004067163,0.25157563743505496,100,1
0.2,0,4.079437346933e-4,-0.00340742348538917,0.00488984435759854,0.1964450316273248,100,1
0.2,1,-4.7040483129664e-4,-0.00169543986561911,9.5335259873976e-4,0.06351919997873587,100,1
0.2,2,0.00073792223142576995,-0.00204991483112886,0.00304875840925978,0.13984489484496176,100,1
0.2,3,1.5905920815474e-4,-0.0028132518532384,0.00316822783800959,0.1540178815769153,100,1
0.2,4,6.6636301848625e-4,-0.00133642217470104,0.00248275106684109,0.0944131757983806,100,1
0.2,5,-0.0013744244196475,-0.00529271968415392,0.00272283956109184,0.216494244694596,100,1
0.1,0,8.0747450653117e-4,-0.00257555992106397,0.00395098462390715,0.19437640233126022,100,1
0.1,1,-1.6893909954739e-4,-0.00154863244750256,0.00122841280615381,0.06309934582407309,100,1
0.1,2,0.00222007222541984,-2.1006830230149e-4,0.00497734112532116,0.12618229541323173,100,1
0.1,3,2.351116368872758e-6,-0.0018655011323903,0.00229112415285129,0.0950763485954607,100,1
0.1,4,3.6087359380772e-4,-0.0016140549447209,0.00193940093137048,0.09401487564082765,100,1
0.1,5,-0.00256125125427966,-0.00638885479247306,0.00109996195499741,0.20508063396007237,100,1
0.05,0,-5.5481462745565e-4,-0.00545788620720438,0.00418800507295814,0.1935464443226842,100,1
0.05,1,1.99895390571e-4,-0.00105726137234467,0.00166282433068527,0.06292906338825194,100,1
0.05,2,-0.00189852321367801,-0.00460533829101352,7.6651029948587e-4,0.12003408424143752,100,1
0.05,3,1.8845265448188e-4,-7.8022071722499e-4,0.00152094956483522,0.05807755250635998,100,1
0.05,4,3.909837527047e-4,-0.00144170987329701,0.00251523911370116,0.09382682870023062,100,1
0.05,5,0.00232029114795088,-0.00287912312088837,0.00739086645934559,0.20003454502221385,100,1
0.02,0,-0.00252029584300795,-0.00627584353755595,0.00205702209945861,0.1925924771060213,100,1
0.02,1,-2.1015710440479e-4,-0.00149845172708822,0.0012699984472349,0.06284843122987478,100,1
0.02,2,1.249873787685e-4,-0.00221834334743625,0.00246586588522003,0.11527601699288066,100,1
0.02,3,1.6865126256931e-4,-5.2285979082425e-4,7.8556822359731e-4,0.03161523730538979,100,1
0.02,4,0.00307002934090293,0.00102063983769554,0.00467375759880596,0.09373407713359523,100,1
0.02,5,0.00135508829434106,-0.0026711501670742,0.00560998784381917,0.19604325877373652,100,1
0.01,0,0.00233759176663975,-0.00156970917843367,0.00621464668987058,0.1926441881782986,100,1
0.01,1,-0.00135652848708402,-0.00261743043834211,1.2104461389223e-4,0.06284499893676297,100,1
0.01,2,0.00306177041541823,7.3430365623615e-4,0.00537075661811678,0.11332488170716416,100,1
0.01,3,2.9046070209233e-4,1.480578035371527e-5,7.7950936475038e-4,0.02094992023853098,100,1
0.01,4,0.00146699723418343,-6.5718396042105e-4,0.00340207389428884,0.09366392761407664,100,1
0.01,5,-0.00516122371571587,-0.00969361663053113,-0.00137712266351703,0.19449965545139034,100,1
1,0,6.1146940185163e-4,-0.00386160033360191,0.00524645828927167,0.2268804430630534,100,10
1,1,1.6223804810009e-4,-0.00138862412431918,0.0015750178576417,0.07294890864104665,100,10
1,2,0.00219924314555131,-0.00384281800097894,0.00724970034533566,0.28953436828583257,100,10
1,3,-0.0042982463373375,-0.01132456645757978,0.00364243108590101,0.382726950531149,100,10
1,4,0.0018381137684753,-0.00356656945556118,0.00870529662195195,0.288397838988806,100,10
1,5,-0.00266456871352641,-0.00941727369045561,0.00473858285514678,0.36044742105788635,100,10
0.5,0,-0.00281915161439292,-0.00853509316274554,0.00118231285377114,0.2180828360425368,100,10
0.5,1,-5.8128914936861e-4,-0.00180826563314846,6.3887558371894e-4,0.0705520495213261,100,10
0.5,2,7.4315015451518e-4,-0.00438048597460968,0.00584806632619825,0.2414699548679986,100,10
0.5,3,-0.0024703702027145,-0.00701410482676969,0.00174777411881717,0.23615735870856605,100,10
0.5,4,0.0013002882008835,-0.0042659453035343,0.00674876966625246,0.28566722885874374,100,10
0.5,5,4.9878950929518e-4,-0.00636901815823933,0.00829008656795735,0.3149264847636527,100,10
0.2,0,0.00124883570877115,-0.00276821766246229,0.00483474163048704,0.2155171673238965,100,10
0.2,1,7.8428060198976e-4,-7.2996371463015e-4,0.00222207162633573,0.06962103332253171,100,10
0.2,2,0.00351012883293259,-5.1420941916581e-4,0.0075438548928479,0.21395689979684573,100,10
0.2,3,-0.00139073234439419,-0.00398424263397758,0.0011253377615581,0.12271997694710556,100,10
0.2,4,2.8765986527194e-4,-0.00565309471617789,0.00590286075215603,0.2828303230190342,100,10
0.2,5,-0.00376043106552915,-0.0089620123270323,0.00187323723293323,0.29025321075697513,100,10
0.1,0,6.0705274375386e-4,-0.0039149711886053,0.00461907777737368,0.21445503768286758,100,10
0.1,1,4.467093791018981e-5,-0.00159544965446138,0.00124544640498993,0.06930436751598336,100,10
0.1,2,-8.9551182225895e-4,-0.00513594401627691,0.00245523421707611,0.20315172149319696,100,10
0.1,3,-2.2362008938276e-4,-0.00149556316731418,0.00130769829987129,0.07578838518423156,100,10
0.1,4,0.00248724477590541,-0.00386089756610132,0.00789512947541622,0.28204455424840164,100,10
0.1,5,7.4553154328045e-4,-0.0045299396598762,0.00671450844211491,0.2802193900483466,100,10
0.05,0,-0.00297603411019079,-0.00764795116950421,0.00151977541602483,0.2139958101431318,100,10
0.05,1,8.1400608364605e-4,-6.0913277350828e-4,0.00200736603411061,0.0692772690602292,100,10
0.05,2,-4.5880433966811e-4,-0.00453595128169008,0.00407018664467416,0.19684305280110445,100,10
0.05,3,-0.00107868014578625,-0.00197281077892248,-2.1980894397149e-4,0.048837586364793156,100,10
0.05,4,-9.1374050257676e-4,-0.00823815441466142,0.00541490078948455,0.28174952565671973,100,10
0.05,5,0.00244088118152868,-0.00341467551304433,0.00793633172957785,0.2747031726623775,100,10
0.02,0,2.9609486945955e-4,-0.00389724632999747,0.00460072484870185,0.2133605527632689,100,10
0.02,1,5.5041803924092e-4,-7.067908740661e-4,0.00167947937123822,0.06931316297841998,100,10
0.02,2,-9.4257107714044e-4,-0.00463232973495585,0.00246276490162649,0.19276407256656655,100,10
0.02,3,-2.0035195370064e-4,-7.9910207983244e-4,4.1781289707067e-4,0.02889624380549676,100,10
0.02,4,-2.6598138153418e-4,-0.00627863876704327,0.00566447576818479,0.2815325516266204,100,10
0.02,5,0.00133123945252085,-0.00367288793359062,0.00688892778879909,0.2706629497052051,100,10
0.01,0,-0.00278527994307159,-0.0066706779680907,0.00217039087378583,0.21370876478340248,100,10
0.01,1,5.8057974096064e-4,-8.8991800605426e-4,0.00196463628682792,0.06935453175053134,100,10
0.01,2,-6.9230019294392e-4,-0.00482183726761777,0.00367551403172539,0.19144885342029766,100,10
0.01,3,3.181777608348e-4,-1.1295776561274e-4,7.2750860767601e-4,0.019936018281396864,100,10
0.01,4,-5.9279008695708e-4,-0.00686421727779785,0.00497175446654615,0.2815456882371301,100,10
0.01,5,0.00226085036797989,-0.00339093657863297,0.00910380886100818,0.26993685972199605,100,10
1,0,-0.00120208914502115,-0.00900594263947939,0.0058352648896364,0.3255708094712207,100,100
1,1,-5.7187707719229e-4,-0.00279912693072539,0.00186712094055411,0.10711883859420494,100,100
1,2,4.4095752509292e-4,-0.01203627232916554,0.01257275709240207,0.5608319686289434,100,100
1,3,-4.7574171490385e-4,-0.00532822885664517,0.00589331435538954,0.3110006368789398,100,100
1,4,0.0038560060449203,-0.00933369744906553,0.02192937803247977,0.8523390197021705,100,100
1,5,1.4232655226784e-4,-0.01668894738953926,0.01551915494865647,0.652801292440265,100,100
0.5,0,8.3629490649388e-4,-0.00859772052942087,0.00890563490767083,0.3187466862755368,100,100
0.5,1,-8.1351551047936e-4,-0.00351576871757472,0.00156923782562126,0.10332605166354562,100,100
0.5,2,0.00263919689121541,-0.00894489873772077,0.01330431166133439,0.49951334420589266,100,100
0.5,3,7.270861648717313e-5,-0.00332670235369684,0.00301012807863067,0.18907889472282105,100,100
0.5,4,0.00915607082033777,-0.0070344900785458,0.02564412148504327,0.8393004043323751,100,100
0.5,5,-0.00311520681685215,-0.01587318160017024,0.01140911983443233,0.594604409537002,100,100
0.2,0,-0.00173468000384084,-0.00890938897647772,0.00645076688642949,0.3121083994631492,100,100
0.2,1,0.00179593944028745,-3.467236995475885e-5,0.00383571303071941,0.10221053045181955,100,100
0.2,2,-0.00657417073982972,-0.01493049261243865,0.00273690220432408,0.4539268722498243,100,100
0.2,3,1.7596241318525e-4,-0.00193776250706118,0.00218812991116787,0.1019782459858695,100,100
0.2,4,-0.00214095654214107,-0.01996643424396454,0.01468836912607814,0.8309339212092923,100,100
0.2,5,0.0079687968307102,-0.00261448012477152,0.01779172934431046,0.5504518224929965,100,100
0.1,0,8.5520952218761e-4,-0.00474787694153037,0.00673738331257014,0.309680214913926,100,100
0.1,1,-0.00186988787179413,-0.0040836492952316,-4.3981047040829e-4,0.10164898536146222,100,100
0.1,2,0.0022646430296187,-0.00727456158345055,0.0089850487571632,0.4349879797460424,100,100
0.1,3,7.652640859218895e-5,-0.00120092259601115,0.00153358178289378,0.06702699172506693,100,100
0.1,4,0.01616952314378629,-1.7604194793401e-4,0.03558814279187387,0.8301209799885583,100,100
0.1,5,-0.00296197643645274,-0.01192899283589233,0.00707281595530295,0.5316831208687545,100,100
0.05,0,-0.00324399421311279,-0.0089783936857649,0.00333706557487668,0.309072477044337,100,100
0.05,1,2.9888379763106e-4,-0.00238752992557105,0.00206320576580597,0.10169841502320535,100,100
0.05,2,-0.00348444249544137,-0.01201058175295764,0.00365747273043047,0.42722892272362367,100,100
0.05,3,-1.0003938787506e-4,-0.00100046601931467,9.7526555646826e-4,0.045481701722888075,100,100
0.05,4,0.006409410016614,-0.01227811029401548,0.0235217536527989,0.8291396212152364,100,100
0.05,5,0.00586375804452691,-0.0034096702616356,0.0153012716891738,0.524330327790633,100,100
0.02,0,-8.769276668548e-4,-0.00834690877736078,0.00548951001827209,0.30932945086536084,100,100
0.02,1,0.0012607007198695,-0.00111275956621848,0.00336532700110327,0.10184602673802229,100,100
0.02,2,8.1634807050894e-4,-0.00704082331087399,0.00847159597761354,0.4211272826089198,100,100
0.02,3,-2.703198074096474e-5,-6.1643651088347e-4,4.6340510989363e-4,0.027994851132827264,100,100
0.02,4,-0.00285280148149102,-0.01896083873204427,0.01381536615097847,0.8287951456836575,100,100
0.02,5,-1.5032983390292e-4,-0.00851158108835906,0.01109303833213271,0.5185770759326795,100,100
0.01,0,-3.808097562059e-4,-0.00688997638061293,0.00579828965443453,0.3088175939862563,100,100
0.01,1,7.2765115794543e-4,-0.00176122483633582,0.00259182548924186,0.10173625499690432,100,100
0.01,2,0.00126623759470206,-0.00792428357748193,0.01040933260530486,0.41963885794810507,100,100
0.01,3,5.971652425380528e-5,-2.2988727740619e-4,5.0294610007868e-4,0.019610325866180296,100,100
0.01,4,-0.00559199389009774,-0.02253083706476501,0.01107243206339568,0.8290014697663057,100,100
0.01,5,-5.6349477893653e-4,-0.01131049544545975,0.01133157682806891,0.5170831029531289,100,100
1,0,-0.00857521719579227,-0.02172719693502409,0.00988756908625914,0.7983934679351743,100,1000
1,1,0.00676056775186804,0.00208379665686104,0.01207542820223482,0.25771245726892816,100,1000
1,2,-0.02493367778007415,-0.07931647662093128,0.02885977617621482,2.581146068731956,100,1000
1,3,0.00387696089861491,-0.00233803639360057,0.0085591468260372491,0.27104947597118156,100,1000
1,4,-0.04913187309945322,-0.1046877381994939,0.00680969707268842,2.6441438134626525,100,1000
1,5,0.031970776569452,-0.02527814694889843,0.09219619126833936,2.713408168383601,100,1000
0.5,0,-9.2526905581846e-4,-0.01564371704837383,0.01252857540337198,0.7731778333213429,100,1000
0.5,1,-5.7205384032197e-4,-0.00615659389715155,0.00417038428645224,0.24886593857865208,100,1000
0.5,2,0.01860811519966632,-0.02780994286211528,0.06230325426399948,2.197239287954494,100,1000
0.5,3,-8.6804994815233e-4,-0.0043655539286839,0.00326973178338499,0.1685489059058526,100,1000
0.5,4,-0.02104864594746301,-0.06904671735347098,0.03161247333561882,2.600739938243407,100,1000
0.5,5,-0.01849437103047027,-0.06760284839736963,0.02766559469141572,2.3400197925337913,100,1000
0.2,0,0.01024338340665402,-0.00464972327126484,0.02450393065010581,0.7492099545304107,100,1000
0.2,1,-0.00291460122145386,-0.00853356413263515,0.00197064781669318,0.24496950540382642,100,1000
0.2,2,-0.00686120507241909,-0.04452184177350298,0.03264225590016878,1.956653378309276,100,1000
0.2,3,-4.8276176530031e-4,-0.00282943020662207,0.00145104566578928,0.09561888291224699,100,1000
0.2,4,0.03564181757733936,-0.0121638265448845,0.09625684914200876,2.574935454116327,100,1000
0.2,5,4.0682702239941e-4,-0.04349953635188707,0.03973613438349699,2.100738703939135,100,1000
0.1,0,0.00996177825384463,-0.00211065916136798,0.02554215714385394,0.7442879934331484,100,1000
0.1,1,0.00692406848583037,0.00253059934763982,0.01200339813714209,0.24465849502619988,100,1000
0.1,2,0.01663131588970862,-0.02690016530086859,0.05165094351073211,1.8710045125571362,100,1000
0.1,3,7.8208302560786e-4,-9.0042582643537e-4,0.00208826503349381,0.06461881242018643,100,1000
0.1,4,-0.04394287542786338,-0.1020696774454428,0.01436495282739146,2.569234276987833,100,1000
0.1,5,-0.01962832604443868,-0.05719063395097428,0.01994218808968206,2.0185070309459072,100,1000
0.05,0,-0.00212781325273758,-0.01637545296931361,0.0137312389680889,0.7424733522299825,100,1000
0.05,1,0.00216384302829498,-0.00271388478240115,0.00727720273361574,0.24427192938541778,100,1000
0.05,2,-0.03578489572188721,-0.07118491525921014,-0.00230820641034128,1.8432268371430043,100,1000
0.05,3,6.3129781243335e-4,-2.6482127769412e-4,0.00157027770018557,0.044599162127649326,100,1000
0.05,4,0.02354341164706837,-0.03189243053458831,0.07943223125829493,2.568701636470084,100,1000
0.05,5,0.03931719170248669,2.8945606243584e-4,0.08091826994053697,1.993229117101023,100,1000
0.02,0,-0.01007986184494709,-0.02561163858514453,0.00365576431405162,0.7424945861233324,100,1000
0.02,1,0.00333935053416908,-0.00205687089796308,0.00756921253500079,0.24428696508025088,100,1000
0.02,2,0.02777765854093137,-0.01009090525753692,0.06558008972700477,1.8098120666986395,100,1000
0.02,3,-1.2542499556295e-4,-6.7486291487881e-4,3.9492805383225e-4,0.02776387248971458,100,1000
0.02,4,-0.00501163953382322,-0.06038404759099897,0.04669240384752735,2.5685539071867245,100,1000
0.02,5,-0.02058412542676623,-0.06076565761815556,0.01739231258623692,1.9616023672389693,100,1000
0.01,0,-0.007067023565651,-0.02313036585434718,0.00947393393501365,0.7419646873506295,100,1000
0.01,1,-0.00328299251949512,-0.00904666330276333,0.00303525155398486,0.24379487769865238,100,1000
0.01,2,-0.01581363607894537,-0.04933696021062466,0.01886215952319686,1.8073794938416115,100,1000
0.01,3,2.877839301661e-4,-7.8460104685381e-5,6.7066397285161e-4,0.019528629020638903,100,1000
0.01,4,0.02354818694994132,-0.02681854616319694,0.07382986816397447,2.5694558731255865,100,1000
0.01,5,0.01944739066003649,-0.01908513350321487,0.05215553468077543,1.9554154482534365,100,1000
1,0,-0.01876988935487157,-0.05918436423306424,0.04004443703401269,2.447970854620009,100,10000
1,1,0.00846056624034726,-0.01324126330874275,0.02543777018912818,0.7834456949009444,100,10000
1,2,-0.040425454611660513,-0.6114665046301367,0.4499837543221307,22.175195517930806,100,10000
1,3,5.7600585589263e-4,-0.00518518411779031,0.00743094169056734,0.2638428768659789,100,10000
1,4,-0.1197439534050495,-0.2793737176392467,0.07829103238792726,8.365035788863809,100,10000
1,5,0.05173747168955262,-0.4454400297303684,0.6295034926998482,22.325134521914404,100,10000
0.5,0,0.01632486653451705,-0.04243735250119587,0.05727568991379249,2.3628093542957536,100,10000
0.5,1,-0.00320733798116565,-0.01620146692566953,0.00779202031701514,0.7567665247030069,100,10000
0.5,2,0.1394748610213794,-0.3073747079758414,0.5368637615697369,18.49097934738902,100,10000
0.5,3,-2.8909346373085e-4,-0.00303977645744714,0.00249217902703399,0.16513690471739978,100,10000
0.5,4,0.07979712101331433,-0.05797068857012518,0.2580681011760676,8.22008279731784,100,10000
0.5,5,-0.1487448995794604,-0.5540798055723255,0.3047034639812587,18.651340773566996,100,10000
0.2,0,-0.00862763508908898,-0.05156042425545829,0.0410990311552174,2.284466334868121,100,10000
0.2,1,0.00416639533451747,-0.00963213201230929,0.01935054734717269,0.7445665892130265,100,10000
0.2,2,0.1455523891533641,-0.1615880465848112,0.5048677597340141,16.306083463921567,100,10000
0.2,3,4.4477157002665e-4,-0.00125507561806544,0.00243999099452212,0.09460266088033333,100,10000
0.2,4,0.03403186232522347,-0.125516670498382,0.2004640503480087,8.138302196681714,100,10000
0.2,5,-0.1383346906685841,-0.5045918068881537,0.161180709026497,16.473625462521227,100,10000
0.1,0,-0.01419513658954057,-0.05564317705700694,0.03768762354787315,2.268300506047497,100,10000
0.1,1,-0.00558734611680916,-0.01878341272251394,0.00830442071832706,0.7423096471552514,100,10000
0.1,2,0.1285555461206584,-0.1029576809585073,0.4518500004506378,15.603937078404334,100,10000
0.1,3,-6.6252504266818e-4,-0.00187192246915279,3.9115139034092e-4,0.06426593158181651,100,10000
0.1,4,0.03540336947923681,-0.1378837282706668,0.1849265064005542,8.124911123633371,100,10000
0.1,5,-0.1226403328599111,-0.4510965511914845,0.1148441352096178,15.77910504963522,100,10000
0.05,0,0.01077576454988521,-0.03561992361543154,0.05842346172685153,2.2647803006628386,100,10000
0.05,1,-0.00509450951709021,-0.01993953084709808,0.01280490115281192,0.7419818876248596,100,10000
0.05,2,-0.06038744039215151,-0.3594706911253829,0.2116086409098292,15.288323481288272,100,10000
0.05,3,5.8376098370161e-4,-2.9635613635879e-4,0.00134029820555043,0.044462151837279314,100,10000
0.05,4,0.0749685936914716,-0.0803891004932443,0.2314837718112403,8.121073132604359,100,10000
0.05,5,0.05287514455194223,-0.2140092747144293,0.3655323988813297,15.46378537642922,100,10000
0.02,0,-0.04400162088493258,-0.08549502137927503,-0.00557784642521416,2.2633223420331343,100,10000
0.02,1,0.01052469978234765,-0.00183290400121533,0.02586161672451803,0.741764470511488,100,10000
0.02,2,-0.1103594102071709,-0.4098440436331967,0.15614108747526,15.071231486869316,100,10000
0.02,3,6.42370139844578e-5,-4.9408647445677e-4,5.0074363191477e-4,0.027731606755706566,100,10000
0.02,4,-0.1017699999535277,-0.2718078523882191,0.06622627128573247,8.120065526531098,100,10000
0.02,5,0.1389898704793671,-0.142402363987029,0.4375391874072357,15.248945399209127,100,10000
0.01,0,-0.00182942171574714,-0.04474018270796756,0.0462447122993421,2.263253206847866,100,10000
0.01,1,0.00525297536812095,-0.00816140722548357,0.01818474993081745,0.7417589235711521,100,10000
0.01,2,-0.1051925192684491,-0.3469314995278507,0.2348961053190178,15.012070073363374,100,10000
0.01,3,-1.790287529302311e-5,-3.9774392471767e-4,3.9876608540059e-4,0.01951628822238081,100,10000
0.01,4,0.00641132057599208,-0.1375929867024616,0.1637053563744698,8.11920708239219,100,10000
0.01,5,0.1091994666452273,-0.237890554956575,0.3526173497306327,15.187408608761038,100,10000
1,0,-0.1185512862800173,-0.2832470487342434,0.05922132050437381,7.71816227571725,100,100000
1,1,0.06808025333761025,0.00264380917873614,0.115295725094664,2.467568699689478,100,100000
1,2,-1.349150161180513,-5.164577060274197,4.766902370310653,218.31211580910448,100,100000
1,3,2.4440769828771e-4,-0.00550075463278333,0.00450201019225638,0.2632314259497705,100,100000
1,4,-0.03063428248620348,-0.5332553106692102,0.5500543334003879,26.455843943707706,100,100000
1,5,1.446091169037281,-4.634107090991089,5.349520565594027,218.48115947202868,100,100000
0.5,0,-0.03441463594953775,-0.1981104784011987,0.1088911032960235,7.446202932729823,100,100000
0.5,1,0.01182927170421308,-0.04128373537265301,0.05676399957875905,2.383453789054492,100,100000
0.5,2,-2.401832425818991,-5.284156122835723,1.824438249689442,182.6735573777293,100,100000
0.5,3,-1.9606678335458e-4,-0.00387964259325882,0.00307534735702674,0.16514916231858548,100,100000
0.5,4,0.05535547559618081,-0.5340595648449351,0.655981718060339,25.997281053173776,100,100000
0.5,5,2.43271777469292,-1.812788918462235,5.297094225756516,182.8307923920835,100,100000
0.2,0,0.1210468329484013,-0.04861407184826272,0.236691722873151,7.196599447100703,100,100000
0.2,1,0.00876421420174468,-0.03081754126845334,0.07356094296528261,2.3445731781925,100,100000
0.2,2,1.708176987207723,-1.767309486612864,5.000205775090404,159.5127688318428,100,100000
0.2,3,-2.5112526049171e-4,-0.00256860750491627,0.0016312040196231,0.09448096541591824,100,100000
0.2,4,0.112599350523998,-0.3929524444875617,0.5635989526778437,25.73708558715397,100,100000
0.2,5,-1.764759725643449,-5.058871993681603,1.696853172190375,159.6885498329097,100,100000
0.1,0,-0.1632881902743128,-0.3128614474310743,-0.03830000592860193,7.148638756215718,100,100000
0.1,1,0.02441780469003562,-0.02366587178902331,0.06983944795855414,2.3381630305597016,100,100000
0.1,2,0.1884986967050071,-3.652466176276734,3.56509093772496,152.8962075209316,100,100000
0.1,3,-3.9428000381016e-4,-0.00170075464024857,0.00103108149740247,0.06423310833617668,100,100000
0.1,4,0.0021171977989971,-0.5758148972090591,0.5670616233852479,25.69332640031766,100,100000
0.1,5,-0.08958771066405415,-3.464629774988472,3.771456703765454,153.073359688469,100,100000
0.05,0,0.01217523865782742,-0.1128523660665196,0.137130753008363,7.135297170462239,100,100000
0.05,1,-0.01123926124820356,-0.06304955308977571,0.03505444557631185,2.336427106375277,100,100000
0.05,2,-0.3901481938343686,-3.669038289196511,3.146502230099382,149.38854002889641,100,100000
0.05,3,5.611335880536809e-5,-8.2566164045321e-4,9.4105077581614e-4,0.04444489987033135,100,100000
0.05,4,0.494047057504986,-0.07510905714809221,0.9875177217800424,25.68158571968158,100,100000
0.05,5,0.3878291482133614,-3.071960584015436,3.676934670509294,149.5700310459104,100,100000
0.02,0,-0.00942619612518123,-0.167150740798492,0.1290714765406493,7.1324480406838475,100,100000
0.02,1,-0.01662882272813221,-0.06375500734241407,0.04050011257267534,2.3362707663422073,100,100000
0.02,2,-2.045427490332592,-4.885566358886987,0.705037492294508,147.4208542193756,100,100000
0.02,3,3.4008250701529e-4,-2.6249416368004e-4,8.7501987342278e-4,0.02772778774352148,100,100000
0.02,4,0.6587239774576783,0.09469824847359642,1.30871818553401,25.67906578765003,100,100000
0.02,5,2.048312844305952,-0.7193866035791775,4.85140949355667,147.60507825537172,100,100000
0.01,0,0.0632018665456068,-0.05302394341695425,0.1974411991488765,7.13186914239476,100,100000
0.01,1,-0.01961997239106742,-0.06654063593524796,0.02572526458256915,2.3360663255927636,100,100000
0.01,2,1.089470668923751,-1.94047894239288,3.879585483547392,146.3563208384556,100,100000
0.01,3,1.2064386661594e-4,-3.4321158781088e-4,5.4531279892137e-4,0.01951431373811772,100,100000
0.01,4,0.3950192582490611,-0.06861272514670141,0.949397494559473,25.678988537347724,100,100000
0.01,5,-1.128388288698073,-3.92566898875179,1.9370943306263,146.53260561748394,100,100000
1,0,0.00402609440076433,8.7192277831666e-4,0.00732690356111169,0.15285979375836403,200,0.05
1,1,-4.3436111102769e-4,-0.00127462095482172,5.6518761300044e-4,0.047224135844125825,200,0.05
1,2,-3.2720450818085e-4,-0.00419425328026402,0.00423959171810851,0.222341204711404,200,0.05
1,3,-0.00389730747667349,-0.01100137892137369,0.00535055840658507,0.43429065821533097,200,0.05
1,4,-5.2790898026813e-4,-9.599082510717e-4,-8.291302906059819e-5,0.0217073372245658,200,0.05
1,5,-0.00219659862426214,-0.00773061307792737,0.00309242915498881,0.25923112734692527,200,0.05
0.5,0,2.596468605675236e-5,-0.0030285696623871,0.0033780656520308,0.144997854609268,200,0.05
0.5,1,6.1031078320429e-4,-7.002764956321e-4,0.00159115308172963,0.0456494978738564,200,0.05
0.5,2,-0.00181990366399115,-0.0051853968431083,0.00160844278807223,0.15862656470538558,200,0.05
0.5,3,0.00449795280053381,-0.00211869765401991,0.01187653516529696,0.3069607815372248,200,0.05
0.5,4,-1.5830231306162e-4,-6.3695777629632e-4,2.6765018357849e-4,0.021697254868549846,200,0.05
0.5,5,0.00209516448370833,-0.00326299349871419,0.00644909147587111,0.20003855590351233,200,0.05
0.2,0,-6.0240106178115e-4,-0.00354246484540359,0.00264660259001476,0.14218616124303254,200,0.05
0.2,1,-5.1871702154578e-4,-0.00145611351112164,3.2714947039402e-4,0.044481661119079516,200,0.05
0.2,2,0.00146680122309613,-5.5092129145709e-4,0.0034146060570189,0.10671028199228048,200,0.05
0.2,3,3.8819759947231e-4,-0.00361686249660657,0.0049932802338207,0.19156661718760035,200,0.05
0.2,4,-2.3021005445274e-4,-7.1481834929481e-4,1.585427056066e-4,0.021652122607034627,200,0.05
0.2,5,-0.0014210782652543,-0.00503675260578857,0.00119100796226888,0.15632632874659624,200,0.05
0.1,0,-0.00165596858787833,-0.00487199651105515,0.00111514505566804,0.14050650167083123,200,0.05
0.1,1,9.1117632070305e-4,-5.010358175188582e-5,0.0017666962913882,0.044066974796056854,200,0.05
0.1,2,5.8657829499963e-4,-0.00129484657538354,0.00232696569663353,0.08396138760355983,200,0.05
0.1,3,-1.0585487297914e-4,-0.00243594424857046,0.00251552756247094,0.12907068907067495,200,0.05
0.1,4,1.536036617208e-4,-3.1427677085292e-4,5.8429686656527e-4,0.021619609033366446,200,0.05
0.1,5,7.1127135367364e-4,-0.00206393800388837,0.00332643870710097,0.13892742967466126,200,0.05
0.05,0,0.00192494138407588,-0.00143751807271852,0.00536556402496717,0.138466660907783,200,0.05
0.05,1,3.1915726398888e-4,-5.6394916426401e-4,0.00125879399252365,0.04368376909726083,200,0.05
0.05,2,-7.403618478326e-4,-0.00229049961955958,7.5293914422538e-4,0.07008664781319948,200,0.05
0.05,3,4.0814371868629e-4,-0.00150193763439429,0.00239043115280257,0.08309596576339166,200,0.05
0.05,4,3.2284524722035e-4,-1.542833652595e-4,7.8419158999848e-4,0.02160213682026364,200,0.05
0.05,5,-2.2227185603179e-4,-0.00343283413307797,0.00229413116805574,0.1285430795355036,200,0.05
0.02,0,7.575204271994e-4,-0.0018306052297043,0.004019179846108,0.13499336274037105,200,0.05
0.02,1,2.2315318822797e-4,-7.4900519202764e-4,0.00113582316550162,0.0432518212099271,200,0.05
0.02,2,0.00102660670749644,1.458317657362879e-5,0.00212280257395339,0.06096676383108136,200,0.05
0.02,3,7.691748567127202e-5,-9.4286439083451e-4,9.5843625853299e-4,0.04457810785151743,200,0.05
0.02,4,2.081263347284e-4,-2.4127440655515e-4,6.3986054207886e-4,0.021590498547238553,200,0.05
0.02,5,-0.00141767286965596,-0.00414659411744725,8.0150515879697e-4,0.12082823760818003,200,0.05
0.01,0,5.7042847023103e-4,-0.00196799769724965,0.00319803560844436,0.13341474786887378,200,0.05
0.01,1,1.8266081538298e-4,-6.7998179679749e-4,9.4661145415783e-4,0.04305181534185835,200,0.05
0.01,2,4.6028443186664e-4,-7.2488916451474e-4,0.00162988500763113,0.05835591314289967,200,0.05
0.01,3,-1.7734904384829e-4,-7.7130062050933e-4,3.3368260184455e-4,0.02726476160124988,200,0.05
0.01,4,1.3693783139104e-4,-3.4473385244336e-4,5.1393479048319e-4,0.021575264134559513,200,0.05
0.01,5,-7.4933729981321e-4,-0.00310323777349781,0.0014108828711831,0.1182282042619431,200,0.05
1,0,-8.6644121485389e-4,-0.00431446559320265,0.00224632160989562,0.15280792155735431,200,0.1
1,1,-1.9011972745312e-4,-0.00111927246343781,6.5022213147815e-4,0.04726747701171536,200,0.1
1,2,2.0793598534444e-4,-0.00410801831083581,0.00460330605163129,0.22261461283490086,200,0.1
1,3,0.00269869400313322,-0.00511684731585107,0.01044210781749213,0.43427944526820045,200,0.1
1,4,3.5483883390188e-4,-2.7456552196866e-4,8.9257101122407e-4,0.030688369922612375,200,0.1
1,5,3.1264584814406e-4,-0.00511267048048571,0.00590906280108995,0.2594823007089579,200,0.1
0.5,0,-3.0810549260919e-4,-0.00304628019477716,0.00230220209581011,0.14501876628393184,200,0.1
0.5,1,7.0038762367321e-4,-2.04017416106e-4,0.00141869591093386,0.04572676955976783,200,0.1
0.5,2,-0.00222525039740705,-0.00553824402158612,0.00133435933662669,0.1594471319077846,200,0.1
0.5,3,-0.00367619964902768,-0.00984838788401125,0.0028411273906267,0.3066748131839324,200,0.1
0.5,4,2.854447985881268e-6,-5.5979277917637e-4,5.5983167945676e-4,0.030664296427738564,200,0.1
0.5,5,0.00264944562845893,-0.00124352331706801,0.00673795965637465,0.20082826273558957,200,0.1
0.2,0,0.00142898544123478,-0.00105881313160395,0.00456673332900792,0.1423348780228668,200,0.1
0.2,1,-6.7469276582425e-4,-0.00152452562760734,1.1918083321053e-4,0.04449640900258604,200,0.1
0.2,2,-0.0011087783262206,-0.00331853742859246,8.950410389366e-4,0.10874694317027818,200,0.1
0.2,3,-7.7422586541127e-4,-0.00466980427172658,0.00383688571039828,0.18866150705327747,200,0.1
0.2,4,1.6803088665276e-4,-4.2449019096851e-4,7.7912169210893e-4,0.030599961477945196,200,0.1
0.2,5,1.4255875295898e-4,-0.00271021510100431,0.0029891243049356,0.15803696119793328,200,0.1
0.1,0,5.805992645612e-4,-0.00238653129957564,0.00347697469937673,0.14066962564027272,200,0.1
0.1,1,-2.552095795152e-4,-0.00102295730330729,4.7421034995941e-4,0.044039980471418126,200,0.1
0.1,2,8.1098239936659e-4,-0.00100656887880756,0.0027311333525266,0.08668596488397023,200,0.1
0.1,3,-0.00161611562496164,-0.00438221073257363,8.3104293508145e-4,0.12404729063689933,200,0.1
0.1,4,9.487198298943844e-5,-3.8090610913521e-4,7.2207464224695e-4,0.03056365559050864,200,0.1
0.1,5,-0.00115729107544139,-0.00388916878421845,0.00180905174125113,0.14094650539052886,200,0.1
0.05,0,0.00194279346049854,-9.578660564172e-4,0.00447414333333855,0.13881178706953218,200,0.1
0.05,1,-1.5757475428081e-4,-0.001088899964551,6.3536297849038e-4,0.04371277051020514,200,0.1
0.05,2,-2.7962099399786e-4,-0.00189752211007218,0.00150525796747932,0.07353645741748578,200,0.1
0.05,3,1.480070889684e-4,-0.00138263944379733,0.00194073505930867,0.07846798633032977,200,0.1
0.05,4,-8.926758827009374e-5,-6.1592941371905e-4,4.6297638433815e-4,0.03053831294769179,200,0.1
0.05,5,-7.6157607915694e-4,-0.00352948488746573,0.0023258294833424,0.1310115518652424,200,0.1
0.02,0,-3.049863074286e-4,-0.00350329804135595,0.00205991669951076,0.1364255755139746,200,0.1
0.02,1,-4.167589796142184e-6,-0.00104605751008959,9.8409504595113e-4,0.04341115981140736,200,0.1
0.02,2,5.0007377693269e-4,-6.4544004746241e-4,0.00173945195656403,0.06580181068140549,200,0.1
0.02,3,-1.2080998364342e-4,-0.00104561417246709,5.7938473573267e-4,0.041546236701584895,200,0.1
0.02,4,-1.4680121462683e-4,-6.4001322833113e-4,5.3948615306372e-4,0.030500860552051805,200,0.1
0.02,5,-3.0029727049164e-4,-0.00237282649943474,0.00227942743214368,0.12471476141707019,200,0.1
0.01,0,1.5739159508539e-4,-0.00304510631133809,0.0029440228963509,0.13555281472735456,200,0.1
0.01,1,2.9522147584752e-4,-5.4741810281918e-4,0.00119510817783588,0.04335218879333949,200,0.1
0.01,2,8.2002754864221e-4,-5.6109274946126e-4,0.00204625945414516,0.06348979649853131,200,0.1
0.01,3,-2.0763497285007e-4,-6.9068013292357e-4,2.4482969358522e-4,0.025384060843817325,200,0.1
0.01,4,5.4575852624652e-4,5.272886747379715e-5,0.00115232053238879,0.030493875335478763,200,0.1
0.01,5,-9.2681131622282e-4,-0.0032080116749695,0.00197714474156978,0.12278164317359777,200,0.1
1,0,-1.6042661397199e-4,-0.00341447403430148,0.00327924417886532,0.15287950953011026,200,0.2
1,1,3.4553502973102e-4,-7.0211064084052e-4,0.00135782596536529,0.047317938446760445,200,0.2
1,2,-0.002470075059691,-0.00682706114937593,0.0020565680554002,0.22316917383005275,200,0.2
1,3,-0.00807356561004011,-0.01729502764676332,9.1261913859749e-4,0.43423542487011707,200,0.2
1,4,-4.3925615834169e-4,-0.00135124942486705,3.1630743141681e-4,0.04337111537400001,200,0.2
1,5,0.00282411159757844,-0.00350961170473654,0.00754508576627319,0.26006121557617357,200,0.2
0.5,0,-0.00133287611548239,-0.00416803184262641,0.00200186413538555,0.14510220092355414,200,0.2
0.5,1,2.6407592556903e-4,-7.3508738955898e-4,0.00148023558855129,0.04568000368780469,200,0.2
0.5,2,-0.00302246464894077,-0.00684845042009799,-4.7239499735258e-4,0.16092935178186818,200,0.2
0.5,3,0.00188652619024422,-0.00529484047467278,0.00746166626367502,0.3058453007405359,200,0.2
0.5,4,-6.6383296562402e-4,-0.00140067202507983,1.936932773788e-4,0.043317316692443916,200,0.2
0.5,5,0.00390776903872962,3.0098748523319e-4,0.00871391813436308,0.20222568809209204,200,0.2
0.2,0,-2.9218874101669e-4,-0.00342567601599438,0.00330672930552351,0.1425748659164564,200,0.2
0.2,1,-3.2165418189324e-5,-0.00114406878263926,7.9693176229278e-4,0.04460426228841376,200,0.2
0.2,2,0.00116098011877224,-0.00106131869857996,0.00298268437953869,0.11182108282244708,200,0.2
0.2,3,0.00106653246511646,-0.00277173198348065,0.00482063260299882,0.1835362799810128,200,0.2
0.2,4,2.461926924473e-4,-4.3162252666027e-4,9.9757652102807e-4,0.04321777681106977,200,0.2
0.2,5,-0.0014670194963042,-0.00476050626279643,0.0016685119591334,0.16074199251125254,200,0.2
0.1,0,0.00159941022404606,-0.00199528695814795,0.00470830271185422,0.14106265797620768,200,0.2
0.1,1,3.1324395090973e-4,-6.5260033681769e-4,0.0010253685978706,0.04413323573887847,200,0.2
0.1,2,7.6128832622041e-4,-0.0010097646635576,0.0026659751039654,0.0905704744484042,200,0.2
0.1,3,-3.4625511332417e-4,-0.00250747207126507,0.00226873383673828,0.11778364892506961,200,0.2
0.1,4,1.4411368537351e-4,-5.9631556372062e-4,0.00105829529476342,0.04316099528243945,200,0.2
0.1,5,-0.00162576331582557,-0.00436957012280099,0.00138258240958743,0.1440610634420724,200,0.2
0.05,0,1.4496701884782e-4,-0.00223181558644326,0.00265549594655508,0.1391991124069534,200,0.2
0.05,1,-2.1433159897362e-4,-0.0012008559148856,7.370800722923e-4,0.04380426650268373,200,0.2
0.05,2,0.00112866654655593,-2.3967624829668e-4,0.0025418381345928,0.07859730096464579,200,0.2
0.05,3,-0.00177902121972601,-0.00356864367009768,-2.1058700236591e-4,0.07368552524982075,200,0.2
0.05,4,1.2564883419397e-4,-7.5394955748369e-4,0.00102608969940264,0.04312452915140894,200,0.2
0.05,5,-9.7910121154516e-4,-0.00371351566696049,0.00140864474094678,0.1347267826638448,200,0.2
0.02,0,-5.0650175993316e-4,-0.00313903816448025,0.00247961194288178,0.13789900191758941,200,0.2
0.02,1,-4.403520512425079e-5,-0.00110144541997926,0.00103937587588673,0.043626371379183716,200,0.2
0.02,2,1.2478340163712e-4,-9.1628444818755e-4,0.00180783257793264,0.07225566164671714,200,0.2
0.02,3,-3.1732783094737e-4,-0.00109449599367252,6.2314868628968e-4,0.038570972999152485,200,0.2
0.02,4,1.1194137928307e-4,-9.3222446875532e-4,9.4783990515659e-4,0.04307369046366842,200,0.2
0.02,5,1.9128970501734e-4,-0.00304327341223448,0.00280096505648887,0.12981821052688303,200,0.2
0.01,0,-0.0025978766896644,-0.00558110223388694,2.6312748664871e-4,0.137322643770215,200,0.2
0.01,1,2.5464248868904e-4,-5.3460345895034e-4,0.00100849656695908,0.04361018199953057,200,0.2
0.01,2,2.347686271419556e-5,-0.00152320209224177,0.00128373746160935,0.06996573397308807,200,0.2
0.01,3,4.7295454329958e-4,-2.421862365706423e-5,0.00100931134087714,0.02384684065817168,200,0.2
0.01,4,7.146910956652e-4,-2.0251203906428e-4,0.00166698105948297,0.043065131709701526,200,0.2
0.01,5,0.00143975768668774,-0.00124919041623193,0.004189909770536,0.12808480674763875,200,0.2
1,0,0.00208601327405068,-0.00127174523224921,0.00554669276038788,0.15310462481342163,200,0.5
1,1,7.58009314043149e-5,-8.5031313773838e-4,0.0010465709214775,0.047400961571870986,200,0.5
1,2,-0.00142868239740029,-0.00523520849420916,0.00304912734814542,0.2247877451365927,200,0.5
1,3,0.00178983683478048,-0.00678604325253905,0.01138636352439205,0.43395493685672976,200,0.5
1,4,-5.318584263173943e-5,-0.00142572951897458,0.00124515889048836,0.06844364070065245,200,0.5
1,5,3.1435501650595e-4,-0.00563989822659494,0.00545388226451329,0.26175962897089144,200,0.5
0.5,0,6.60615415762168e-5,-0.00285632024256895,0.00317254528504792,0.14550465820850328,200,0.5
0.5,1,6.1014001780248e-4,-3.6191120343682e-4,0.00175407962397319,0.0458394950050505,200,0.5
0.5,2,-2.5918937808696e-4,-0.00394301129428653,0.00379167784853395,0.16467051562599103,200,0.5
0.5,3,-6.8087299497963e-4,-0.00542933239846244,0.00523685038668398,0.30245985369441386,200,0.5
0.5,4,9.4124858910681e-4,-3.6400866317299e-4,0.00242676317181899,0.0683019912874993,200,0.5
0.5,5,4.4663603200667e-4,-0.00416710972174875,0.00477961512658263,0.2059224074459745,200,0.5
0.2,0,-1.725359900767e-4,-0.00312174580528528,0.00285585777009262,0.14284610174302642,200,0.5
0.2,1,-1.2748928365891e-4,-0.00111893794525016,7.5931935727073e-4,0.04470865454083471,200,0.5
0.2,2,-5.5114119782754e-4,-0.00277883467042643,0.00245456656071408,0.11783950990179015,200,0.5
0.2,3,6.6347159325931e-4,-0.00244703718657413,0.00416439369575905,0.17356180770034016,200,0.5
0.2,4,0.00221320720916348,9.215997966478e-4,0.00382886104447512,0.06813522412376795,200,0.5
0.2,5,6.2117306681279e-4,-0.0025268285791673,0.00415276529109362,0.16586330132832927,200,0.5
0.1,0,-0.00240555237155977,-0.00540230281435069,2.4059024249061e-4,0.14147879866502744,200,0.5
0.1,1,1.5858641654966e-4,-7.2042046960791e-4,9.1698378471022e-4,0.04430618596883081,200,0.5
0.1,2,9.8061418939504e-4,-8.1794364062903e-4,0.00266980285479367,0.0983115417962951,200,0.5
0.1,3,5.662508786689611e-5,-0.0023567878456835,0.00223391749249587,0.10899196072691114,200,0.5
0.1,4,4.3992712577899e-4,-8.1155336909231e-4,0.00210011632398756,0.06803199695850512,200,0.5
0.1,5,2.2917348347581e-4,-0.00282599874157806,0.00296248106392953,0.15022591831457197,200,0.5
0.05,0,0.0015475003854656,-0.00111521969590856,0.00453186277027553,0.14062757313242358,200,0.5
0.05,1,-9.799436914334032e-5,-7.7384616725104e-4,9.3179854111607e-4,0.04409067631034831,200,0.5
0.05,2,0.00125118452892036,-2.440215271959543e-5,0.00327042637879129,0.08875657816506424,200,0.5
0.05,3,-8.454884073038068e-5,-0.00160062741442453,0.00124554908394532,0.06728705935481502,200,0.5
0.05,4,9.1199762877308e-4,-3.3018963887716e-4,0.00219002712876118,0.06793966798715857,200,0.5
0.05,5,-0.00230486799670219,-0.00543687356717612,1.8500240084914e-4,0.14279832368774387,200,0.5
0.02,0,-9.4243086124979e-4,-0.00386224468065619,0.00146647502698964,0.13990909611977656,200,0.5
0.02,1,-3.216054102536e-4,-0.00107522020330841,6.6614090666108e-4,0.04392599449454378,200,0.5
0.02,2,0.00174162693585266,1.2877521590612e-4,0.00337236028699171,0.08337496576159836,200,0.5
0.02,3,-5.9205423639087e-4,-0.0011587410648798,-2.816945852242543e-5,0.03515600882299411,200,0.5
0.02,4,1.0042975239573e-4,-9.9265943081467e-4,0.00154216082413095,0.06786578823136294,200,0.5
0.02,5,-0.0014419616896219,-0.00395466904579632,0.00116864758151276,0.138617065327356,200,0.5
0.01,0,0.00172071225887891,-8.3853217105168e-4,0.00402311697712064,0.1396774892950576,200,0.5
0.01,1,2.1738950360727e-4,-5.9998301801634e-4,0.00138533480152188,0.043951588149943,200,0.5
0.01,2,-0.00148190973897582,-0.00304198125038289,4.6554975182626e-4,0.08126099501877417,200,0.5
0.01,3,2.8441951267485e-4,-2.4829993236614e-4,8.3973056282506e-4,0.022351459566086508,200,0.5
0.01,4,7.1800236886486e-4,-8.6558353566437e-4,0.00202161382182536,0.0678417872962792,200,0.5
0.01,5,7.0229900265087e-4,-0.0020046192060167,0.00272984974419615,0.13700391678453405,200,0.5
1,0,0.00424225831538454,0.00154010557325115,0.00739174155489245,0.15344822168429575,200,1
1,1,-3.9406127461861e-4,-0.00154294712152363,7.032221781969e-4,0.047529541161082337,200,1
1,2,9.0131360730349e-4,-0.00356306141716307,0.0055531640175436,0.22734511387603334,200,1
1,3,0.00445079125367999,-0.00519400012938679,0.01399643768166444,0.43310313597624334,200,1
1,4,9.4095952201962e-4,-0.00100466660601773,0.00334597139600262,0.09650711013810842,200,1
1,5,-0.00335481567472781,-0.00908375774378529,0.00133378903646228,0.2644323629585369,200,1
0.5,0,4.7174972788829e-4,-0.00279279582907405,0.00394419405167567,0.14585945296004701,200,1
0.5,1,-5.3302239142745e-4,-0.00163567752344078,4.037579121589e-4,0.045950072727075963,200,1
0.5,2,3.5699170092634e-4,-0.00327933581430981,0.00418616759972999,0.16945413800550846,200,1
0.5,3,-1.1881009083879e-4,-0.00648031892603044,0.00789198094160826,0.2964022070444983,200,1
0.5,4,0.00165417410584862,-3.1665874596847e-4,0.00343979149175704,0.09621545566994208,200,1
0.5,5,-6.6514240084284e-4,-0.00502518704450214,0.00462217762738121,0.21053543954428097,200,1
0.2,0,3.1690651521577e-4,-0.00254443997095313,0.00326794624661542,0.14342639279411387,200,1
0.2,1,-4.636415374084e-4,-0.00132010315154743,3.9984654359395e-4,0.044869999529484506,200,1
0.2,2,0.00121228374497923,-0.00120868301741501,0.00349225050831701,0.12459557961421958,200,1
0.2,3,-0.00270321386060984,-0.00599799223247435,2.2282312620167e-4,0.16454475334332502,200,1
0.2,4,6.8902550811521e-4,-0.00166140772756384,0.00259378697933642,0.09595095386087098,200,1
0.2,5,-0.00157120897886774,-0.00559082182854988,0.00184959892250738,0.17183373907101335,200,1
0.1,0,-4.4139001038894e-4,-0.00387629686328653,0.00318181101579579,0.14235486135942066,200,1
0.1,1,-2.4470240643619e-4,-0.00107912874395242,5.6115472122687e-4,0.04451187065834461,200,1
0.1,2,-0.00150748757609081,-0.00344161686874967,1.5665034724298e-4,0.10723090971130932,200,1
0.1,3,0.00113610890643225,-7.6713638507931e-4,0.00349915201751738,0.10223904223039763,200,1
0.1,4,3.5825838700724e-4,-0.00154912696208057,0.00218113968261962,0.09576981222096663,200,1
0.1,5,0.0016147507190853,-0.00210375073338898,0.00500697819820611,0.15763286278564892,200,1
0.05,0,3.3755255852482e-4,-0.0020264302360226,0.00367239854400989,0.14177773527747467,200,1
0.05,1,1.8278139026415e-4,-6.3162165955492e-4,0.00122419280472198,0.04436192715790106,200,1
0.05,2,-1.8127961629607e-4,-0.00184547413850217,0.00201109361208316,0.09953100649855531,200,1
0.05,3,0.00160590567390832,3.1359987356746e-4,0.00278838457144934,0.06250981881152191,200,1
0.05,4,0.00158920308683852,-6.3339085892256e-4,0.0038038503045267,0.09560088041321972,200,1
0.05,5,8.090835950446876e-5,-0.00289659264799159,0.00283090114480045,0.15152814390512326,200,1
0.02,0,0.00156154411250733,-9.7726259485454e-4,0.00408819289011521,0.14127671576313106,200,1
0.02,1,-0.00138240799500768,-0.00218405221078778,-4.7323332714454e-4,0.04423888089775656,200,1
0.02,2,0.00286862321905223,0.00118957497748948,0.00530822324542166,0.09423397507404375,200,1
0.02,3,1.829225051591445e-5,-7.0630979914806e-4,6.4369627143242e-4,0.033146676063511855,200,1
0.02,4,0.00112512184482857,-9.2123615216168e-4,0.00299650830214488,0.09551261444808848,200,1
0.02,5,-0.00440833835789027,-0.0080053124942388,-0.00172832074664747,0.14722936195881958,200,1
0.01,0,0.00142056716591027,-0.00166788324827723,0.00399340265195865,0.14120383806779643,200,1
0.01,1,-5.649531373485237e-5,-0.00107746287740585,8.0145997805784e-4,0.04429162511720088,200,1
0.01,2,4.6638842539494e-4,-0.0013504453390393,0.00207705070831728,0.09233976759250978,200,1
0.01,3,-3.738970441063e-4,-7.7287682927839e-4,6.325583824840731e-5,0.021544018437727675,200,1
0.01,4,-5.1633361623768e-4,-0.00289690684673817,0.00104712924499035,0.09547428381159337,200,1
0.01,5,-0.00131510721289346,-0.00446303486049306,0.00194396755426112,0.14587183568069712,200,1
1,0,-0.00144237279314541,-0.00423825953045065,0.00191219306465218,0.1592152138662762,200,10
1,1,1.5738074423005e-4,-7.9762870034131e-4,0.00109752512539996,0.05009844218639727,200,10
1,2,-0.00366127441333613,-0.00975120775892474,0.0025140432128419,0.25887276123354497,200,10
1,3,-0.00274518742016803,-0.0104187581180499,0.00585231220946352,0.40451215349510783,200,10
1,4,-0.00298669013966778,-0.00992249078723933,0.00267494381950616,0.2954067947923245,200,10
1,5,0.00434343729210359,-0.00287013020564138,0.01097738605147484,0.29777834048792784,200,10
0.5,0,8.4477031302185e-4,-0.00294126968159021,0.00367302664432036,0.15265852689569123,200,10
0.5,1,1.5767014906719e-4,-7.5863514597437e-4,0.00116563367380143,0.04837356532804906,200,10
0.5,2,8.1349487565801e-4,-0.00395076476977366,0.00493950026985704,0.2084534641399233,200,10
0.5,3,-5.1410505917967e-4,-0.0050917109125772,0.00603285356047865,0.2522904093615828,200,10
0.5,4,0.00215779683121406,-0.00314225476734914,0.00931141777708854,0.2934476790439212,200,10
0.5,5,-0.00109729925427361,-0.0055683496171226,0.0036023599538788,0.2499715197792224,200,10
0.2,0,8.4212976151633e-4,-0.00220484677541854,0.0038857556346918,0.15102331505897962,200,10
0.2,1,-1.6853078085229e-4,-0.00118416156603709,7.8040662453122e-4,0.04743387564339899,200,10
0.2,2,-1.9043136078508e-4,-0.00303384902872211,0.00411682865851067,0.17694501680471228,200,10
0.2,3,0.00104915322227186,-0.00153356449156882,0.00348073033433719,0.13227432125412547,200,10
0.2,4,0.00288724878464908,-0.00206052210357108,0.00832923704513424,0.29132510005978646,200,10
0.2,5,-3.1700182946192e-4,-0.00518215621444273,0.0034673361148563,0.22134317512180418,200,10
0.1,0,9.685791255585e-4,-0.00205966756275734,0.0039159512795335,0.1504295074189874,200,10
0.1,1,1.3102432002646e-4,-8.37517199674e-4,0.00101265149624251,0.047222843138224745,200,10
0.1,2,-0.00293233908068085,-0.00623188795043995,7.9614317580095e-4,0.1666068160678261,200,10
0.1,3,-2.4489164710833e-4,-0.0020958770087096,0.00143248009264165,0.08061132975154342,200,10
0.1,4,6.4167098211511e-4,-0.00492625201670783,0.00601855427764275,0.29040227001171026,200,10
0.1,5,0.00259389931365225,-0.001742432210611,0.00718615217155843,0.21190351310475286,200,10
0.05,0,-4.6848629948367e-4,-0.00361801406689542,0.00331996722910211,0.15012697569345437,200,10
0.05,1,-3.5622049517067e-4,-0.00134183974811462,4.7471640341835e-4,0.047141686980715594,200,10
0.05,2,-2.6067697700085e-4,-0.00381197312020225,0.00299792670508472,0.1598961165394722,200,10
0.05,3,1.5614742372603e-4,-9.2347178055658e-4,0.00112387584704336,0.05078485597558105,200,10
0.05,4,-0.00212406840587686,-0.00869817147176292,0.00393524573747834,0.290075140928441,200,10
0.05,5,2.6186016238904e-4,-0.00404976910243237,0.00451422685863972,0.2058578321616906,200,10
0.02,0,4.3588913126655e-4,-0.00282656346200636,0.00362056306803349,0.14995271435799992,200,10
0.02,1,8.189787851017008e-5,-8.9999964825337e-4,9.9713317629268e-4,0.04717670817214126,200,10
0.02,2,9.6395162868673e-4,-0.00196108800374184,0.00355063843437596,0.15562692255943922,200,10
0.02,3,-1.8393858649617e-4,-8.0936698402966e-4,3.5153535586081e-4,0.029431391878064993,200,10
0.02,4,0.00155404421710959,-0.00376265471608175,0.00659765309302273,0.2898732721495443,200,10
0.02,5,-0.00108300870653269,-0.00494182047364645,0.00284126604404254,0.20213206446823673,200,10
0.01,0,0.00110097666770091,-0.00176262773755347,0.0043725064413326804,0.14983517499189564,200,10
0.01,1,-8.1072247072279e-4,-0.00174507505807349,2.0559526798447e-4,0.04712465967416805,200,10
0.01,2,0.00211223847942718,-8.5387105671573e-4,0.00533912288704904,0.1539884951692616,200,10
0.01,3,3.2959942371858e-4,-1.319003434062e-4,7.3941361797164e-4,0.02013163506135505,200,10
0.01,4,0.00152802924638647,-0.00524147675403071,0.00768319748962971,0.28996520165110234,200,10
0.01,5,-0.00287241445906758,-0.00711378092998863,0.00137140174467969,0.20059385988665482,200,10
1,0,-9.2156858810778e-4,-0.00290188120733983,0.00123943265837138,0.09863673508498844,500,0.05
1,1,1.1110346644147e-4,-5.7628731056565e-4,7.3447919559732e-4,0.03011952073729776,500,0.05
1,2,-5.8203791766506e-4,-0.00444477719500827,0.00315193123153429,0.21930713635431887,500,0.05
1,3,0.003170154703351,-0.00530769621281734,0.01243093968202262,0.43429396154182615,500,0.05
1,4,6.691995803459239e-5,-4.0795156767163e-4,5.0727521174692e-4,0.021712089228443678,500,0.05
1,5,0.00119815558844883,-0.00299417344901135,0.00517485513539438,0.2356059848087962,500,0.05
0.5,0,1.7057690549692e-4,-0.00173438048134526,0.00203688927133882,0.09375886934845834,500,0.05
0.5,1,-6.0924823077493e-4,-0.00114513793608157,-9.457521398818116e-5,0.028989973293405774,500,0.05
0.5,2,1.4243577622198e-4,-0.00244359669899415,0.00322172580028554,0.15562389871634183,500,0.05
0.5,3,-0.00132221416163101,-0.0069194907649299,0.00472029124543235,0.30708111536575466,500,0.05
0.5,4,2.0875778029338e-4,-2.2923079204156e-4,6.4741539999663e-4,0.02171086193262165,500,0.05
0.5,5,-4.3361549122492e-4,-0.00392525767792889,0.00251181875870794,0.17438108413052997,500,0.05
0.2,0,0.00111973836559627,-8.9113599392985e-4,0.00325587044007405,0.09253136847665218,500,0.05
0.2,1,-5.4637701747339e-4,-0.00108994262707964,1.3400014301461e-4,0.0282127996883964,500,0.05
0.2,2,7.3660131312788e-4,-0.00119521201538864,0.00272335814476361,0.10113722008988886,500,0.05
0.2,3,-1.5439486994529e-4,-0.0037737816949913,0.00352275946979639,0.19379263488873774,500,0.05
0.2,4,7.827774550401075e-5,-3.7039409138844e-4,5.2447836934286e-4,0.02170825207986562,500,0.05
0.2,5,-0.00164737318485967,-0.0038609511296976,0.00103630862167038,0.12519161168544024,500,0.05
0.1,0,-2.6040764633637e-4,-0.00240775882429163,0.00167845167089422,0.09189297118894313,500,0.05
0.1,1,3.1232128773383e-4,-2.7548264137711e-4,8.7115205461667e-4,0.02795075232216997,500,0.05
0.1,2,8.2497879161252e-4,-7.6413518817457e-4,0.00253178693160144,0.07578354135997631,500,0.05
0.1,3,-7.86552972025343e-5,-0.00256837939018507,0.00314583155414335,0.13465081459773637,500,0.05
0.1,4,-2.0303373548097e-4,-5.9920987944145e-4,2.3097449727282e-4,0.021706188865899284,500,0.05
0.1,5,-4.2135101032773e-4,-0.00227398075429159,0.0014059412550745,0.10427297457029382,500,0.05
0.05,0,5.8520806348903e-4,-0.00130669040955706,0.00249970711262829,0.09126021770308429,500,0.05
0.05,1,3.362315840312e-4,-5.255364918716371e-5,7.7526875476358e-4,0.02777857233768323,500,0.05
0.05,2,6.3229991369978e-4,-6.9755123017525e-4,0.00166151745797136,0.05967842812795684,500,0.05
0.05,3,8.9348132808389e-4,-9.0694303065749e-4,0.00242784119778864,0.08951577192379016,500,0.05
0.05,4,6.80536390148881e-5,-3.483840371158e-4,4.4631343443704e-4,0.021702639269882133,500,0.05
0.05,5,-9.0779955687169e-4,-0.00275271768324264,6.7441766968364e-4,0.09215445185528386,500,0.05
0.02,0,-7.5057308569495e-4,-0.00276118893856298,0.00104399157950163,0.08983555371280705,500,0.05
0.02,1,2.3171764618458e-4,-3.0266754806245e-4,8.3619990193778e-4,0.02758360070906806,500,0.05
0.02,2,4.4666433044385e-4,-7.0149113040189e-4,0.00130814383913647,0.047709205578053485,500,0.05
0.02,3,-7.9475617982625e-4,-0.00176833443004417,1.799462823916e-4,0.048820593163928276,500,0.05
0.02,4,1.7069631687e-4,-2.2316546103157e-4,6.2989441955608e-4,0.021697371846163997,500,0.05
0.02,5,8.928487480882124e-5,-0.00174236290185621,0.00192034696937772,0.08353362483962616,500,0.05
0.01,0,0.00126849141866567,-4.0196889131544e-4,0.00301627069967471,0.08889040368566621,500,0.05
0.01,1,-2.3325765120155e-4,-7.7020946406812e-4,2.1098396208905e-4,0.027460092142203928,500,0.05
0.01,2,8.9928507479507e-4,1.061076658228e-4,0.00201835005809297,0.043709966425843086,500,0.05
0.01,3,-2.8246690754904e-4,-0.00103273478162142,3.3042441575088e-4,0.030131128542828095,500,0.05
0.01,4,2.643681312593339e-5,-3.3774188365663e-4,4.7243063454354e-4,0.02169321446568097,500,0.05
0.01,5,-0.00172748543622047,-0.00347495218237469,-1.0221178998508e-4,0.08052815017462564,500,0.05
1,0,-6.8075128751037e-4,-0.00299180571760243,0.00174576690282268,0.0986630891652134,500,0.1
1,1,-3.336717545450355e-6,-7.1198926627084e-4,6.300100772618e-4,0.030145580351989575,500,0.1
1,2,-0.00148600515181852,-0.00651531096494608,0.0028646404109861,0.21941249373364477,500,0.1
1,3,1.7750723222653e-4,-0.00824095932342276,0.00857987825446951,0.43429240211493003,500,0.1
1,4,-3.579724605792783e-6,-6.1852651492599e-4,6.4611615353001e-4,0.030701822429237486,500,0.1
1,5,0.00172277793052025,-0.00382901200919542,0.00736536004448264,0.23572164620919336,500,0.1
0.5,0,-0.00191806305638228,-0.00398754657620246,-3.4114552804226e-4,0.09378873117751871,500,0.1
0.5,1,9.568195687468892e-5,-4.7483435804106e-4,7.0432149226058e-4,0.029010637003696764,500,0.1
0.5,2,-6.6586724623346e-4,-0.00339353546949046,0.0028425776386555,0.15593567890930501,500,0.1
0.5,3,0.00397466299931229,-0.00355954497839064,0.01059904607545203,0.30704755629945746,500,0.1
0.5,4,-2.1906062098254e-4,-8.0398876517e-4,3.4743516127584e-4,0.030698327396415915,500,0.1
0.5,5,0.00177242943828955,-0.00188306169876432,0.00525466104013933,0.17469688459923213,500,0.1
0.2,0,-1.1190820703252e-4,-0.00167348095634066,0.00178454979544396,0.09255589793084604,500,0.1
0.2,1,2.051841790046746e-5,-4.4048641508735e-4,5.9261951554205e-4,0.02824421832736463,500,0.1
0.2,2,-0.00167070275874482,-0.00355433839817529,5.0844045544462e-4,0.1022222365607358,500,0.1
0.2,3,-8.6029716029474e-4,-0.00556105095474646,0.00249662458925998,0.19295026378058433,500,0.1
0.2,4,-9.241041473146083e-5,-7.343829271761e-4,5.6278879386529e-4,0.03069277446575285,500,0.1
0.2,5,0.00157749282050393,-7.244279323488e-4,0.00383486577998813,0.12616365597906634,500,0.1
0.1,0,-2.4637583626764e-4,-0.00231270655068179,0.0013697158756772,0.09195256265985793,500,0.1
0.1,1,4.9824805388689e-4,-8.259650158338644e-5,0.00100113339269909,0.027974903208773036,500,0.1
0.1,2,6.1072425700411e-4,-8.9694072760816e-4,0.0020882869593975,0.0776525086637596,500,0.1
0.1,3,-0.00181307358777174,-0.0046871961337765,5.9415649030923e-4,0.1315985883684586,500,0.1
0.1,4,-2.5313242496304e-4,-8.5200534892909e-4,3.460703204895e-4,0.030687182090527145,500,0.1
0.1,5,-3.3481131370402e-4,-0.00236875529217407,0.00183722805486129,0.10579390941791393,500,0.1
0.05,0,-0.00148813021710382,-0.00345315122884601,3.101385934499e-4,0.0912112026014398,500,0.1
0.05,1,-2.6605154597199e-4,-8.0162126083334e-4,2.2316440268341e-4,0.02776745551804342,500,0.1
0.05,2,-0.001617407504815,-0.00254838586047154,-1.8406211964985e-4,0.06211745839834788,500,0.1
0.05,3,5.6543708656334e-4,-8.834204505101e-4,0.00216994768540311,0.08528291845089912,500,0.1
0.05,4,-2.8659810538157e-4,-8.2442250179304e-4,4.2032882503423e-4,0.030680851917414223,500,0.1
0.05,5,0.0022994990955869,7.03157883412e-4,0.0037137645922794,0.09386495649344775,500,0.1
0.02,0,0.0021315230057653,3.592624846053e-4,0.00457386298033953,0.09022921675969564,500,0.1
0.02,1,2.457466331812985e-6,-4.4550351578412e-4,5.9857245518542e-4,0.027611913709714508,500,0.1
0.02,2,3.1311462226664e-4,-5.9508280012642e-4,0.00106738363960096,0.0512512220482754,500,0.1
0.02,3,4.6604027525954e-4,-3.4349138472865e-4,0.00123061149782157,0.04573096207464359,500,0.1
0.02,4,1.4654015747128e-4,-3.7924817941749e-4,7.1697064728766e-4,0.03066814495677298,500,0.1
0.02,5,-0.00123600098678174,-0.00295448494443268,7.1995687082892e-4,0.08598143897885979,500,0.1
0.01,0,0.00320562310339443,0.00136385967293924,0.00526373955089673,0.08971306027609904,500,0.1
0.01,1,-7.558684146779e-4,-0.00134488552223336,-2.4258096734327e-4,0.02753266724887765,500,0.1
0.01,2,9.7552159101587e-4,5.590795416924139e-5,0.00208059705557434,0.04798594340403198,500,0.1
0.01,3,1.3353374306042e-4,-4.7989157472808e-4,6.8994461638267e-4,0.027969294228806882,500,0.1
0.01,4,1.060124820986626e-5,-6.3768231861277e-4,6.2935533339341e-4,0.030660805421603165,500,0.1
0.01,5,-0.00320117454424974,-0.00445535047638884,-0.00159234312361012,0.08359186373946677,500,0.1
1,0,0.00213733662636049,2.796045808074937e-5,0.00437820438155284,0.09863392778094625,500,0.2
1,1,-1.9612393246198e-4,-7.9040811120486e-4,2.8702164070814e-4,0.030153951980477947,500,0.2
1,2,0.00120638477259844,-0.00269911715106007,0.00511245350893884,0.2196186814215862,500,0.2
1,3,0.00155635424062476,-0.00924673506947121,0.00947858411704708,0.43428624576550073,500,0.2
1,4,2.0174530055505e-4,-5.6667123806949e-4,8.7302941726038e-4,0.043408506846564304,500,0.2
1,5,-0.00245779095362003,-0.00636365091083123,0.00227634446592253,0.2359145085498335,500,0.2
0.5,0,0.00113009359670589,-8.7032684146815e-4,0.00321966781549439,0.09384437780745365,500,0.2
0.5,1,1.5661329076203e-4,-4.5533422551152e-4,7.5732925809417e-4,0.02901322975257753,500,0.2
0.5,2,-0.002387688911113,-0.00517789817670284,7.5270152841596e-4,0.15653898460666735,500,0.2
0.5,3,-0.0027647931347435,-0.00849895052248726,0.0033413866112808302,0.30692407175741904,500,0.2
0.5,4,-1.1113002902391e-4,-8.5132576000747e-4,5.7569250826638e-4,0.04339881707200889,500,0.2
0.5,5,0.00191630517217701,-0.00176595596641701,0.00526691287323261,0.17528742764242494,500,0.2
0.2,0,3.509188004245e-4,-0.00138199053893793,0.00217091899993041,0.09254718313022645,500,0.2
0.2,1,-3.2024204026757e-4,-8.5262022638823e-4,2.8919582331484e-4,0.02824276323320436,500,0.2
0.2,2,8.1057079885081e-4,-8.0867524781475e-4,0.00231029678832588,0.10400648594552356,500,0.2
0.2,3,-0.00293439441463349,-0.00722595466305933,6.5307357696384e-4,0.19086106408215794,500,0.2
0.2,4,8.6997149130386e-4,6.699937736901658e-5,0.00170025469792342,0.04338542644898054,500,0.2
0.2,5,-0.00114562148300364,-0.00281822302723354,6.4400343412392e-4,0.1277192226345269,500,0.2
0.1,0,-5.225607268094453e-5,-0.00177705987464133,0.00169669361794976,0.09196201906000971,500,0.2
0.1,1,-5.976008936018538e-6,-5.7645765800533e-4,5.2401294597553e-4,0.027977494607769476,500,0.2
0.1,2,-2.1172050444774e-4,-0.00186980538914643,0.00109198051167921,0.08029911860620097,500,0.2
0.1,3,0.0010128819205815,-0.00155396219953711,0.00333244196408598,0.12686771403458091,500,0.2
0.1,4,-3.3744108590681e-4,-0.00134168641856932,6.5048560777013e-4,0.043373767382839365,500,0.2
0.1,5,2.544881942706e-4,-0.00157127396507311,0.0023429990427139,0.10791050024378512,500,0.2
0.05,0,5.3993453896811e-4,-0.00135837326227166,0.00250552112009844,0.09134503226320405,500,0.2
0.05,1,-5.2467815905563e-4,-0.00103955652956333,6.64826810819106e-5,0.027788033935123045,500,0.2
0.05,2,6.8583501578258e-4,-5.8488222413727e-4,0.00213051449086867,0.06553544171100467,500,0.2
0.05,3,1.4892222745783e-4,-0.00147921329593392,0.00160787611862124,0.08046403113747838,500,0.2
0.05,4,-1.0404219272484e-4,-8.4578537313761e-4,6.0803094490528e-4,0.043356973304099655,500,0.2
0.05,5,-0.00114347140116128,-0.00340877349892753,7.2219136980527e-4,0.09641050029498795,500,0.2
0.02,0,-7.1923939367825e-4,-0.00215527505606091,0.00148407167707639,0.09058163265084589,500,0.2
0.02,1,-1.1161252030043e-4,-6.2238264751777e-4,5.5786715880948e-4,0.027669987791091453,500,0.2
0.02,2,8.0303432010226e-4,-4.7186994965406e-4,0.00168785511441597,0.056237146945492714,500,0.2
0.02,3,-4.800721345636272e-5,-0.00107293787429798,6.7393292262298e-4,0.042618886225729666,500,0.2
0.02,4,-3.596750008391e-4,-0.00130121375920933,5.6265532561131e-4,0.04333265954064636,500,0.2
0.02,5,-4.4792292573105e-4,-0.00227876350978237,0.00124964405137826,0.0895282880855526,500,0.2
0.01,0,-2.8122953768253e-4,-0.00205522813016955,0.00170151984459292,0.09031542238760348,500,0.2
0.01,1,7.888602283143165e-5,-4.8292241742813e-4,6.615615118037e-4,0.02764527357195566,500,0.2
0.01,2,-1.2960642027011e-4,-8.9350608528065e-4,0.00104713454536868,0.05348781738663151,500,0.2
0.01,3,-3.925195546130168e-6,-6.1055808930035e-4,6.0766794447916e-4,0.02597973039821449,500,0.2
0.01,4,1.3583857515438e-4,-7.5133869454205e-4,0.00113771266309716,0.04332034329889711,500,0.2
0.01,5,2.8446533785182e-4,-0.00166065710401353,0.00189265244850112,0.08755433568152493,500,0.2
1,0,0.00118721057851286,-9.7452459536501e-4,0.00314005534536341,0.0987086465693083,500,0.5
1,1,-4.4877013496967e-4,-0.00102956233489983,2.5325935155838e-4,0.03015943071848522,500,0.5
1,2,-0.00351993412357436,-0.00858204374192654,0.00191004950048025,0.22023889686334788,500,0.5
1,3,0.00653746121502197,-0.00251487756833384,0.01547043718605193,0.4342446469561291,500,0.5
1,4,-9.1996581108671e-4,-0.00208900277036632,4.2498954896603e-4,0.06858615176751098,500,0.5
1,5,0.0025871273275078,-0.00274190090156159,0.00767308301979984,0.236552673386326,500,0.5
0.5,0,2.0728687820534e-4,-0.00206687859358738,0.00219947826326903,0.0939134473550448,500,0.5
0.5,1,-3.101754564972555e-5,-7.1709345038229e-4,6.1067874919502e-4,0.029045931260166198,500,0.5
0.5,2,-0.002566666599959,-0.00517973639414677,3.2593927412588e-4,0.15822430593915898,500,0.5
0.5,3,0.00197852243785174,-0.00386584767979116,0.00760091291054077,0.3062032517235994,500,0.5
0.5,4,-7.0782257093692e-4,-0.00238539542754534,6.4327826123829e-4,0.06855012146368882,500,0.5
0.5,5,0.00244017196332636,-7.2835411968326e-4,0.00578434381491388,0.1769323440916973,500,0.5
0.2,0,3.7374023209435e-4,-0.00146256600805021,0.00257390537069437,0.09264030713187467,500,0.5
0.2,1,-1.3678727926472e-4,-5.835597489643e-4,4.7281117696634e-4,0.028281104786197445,500,0.5
0.2,2,-2.5970167120211e-4,-0.00238944506792143,0.00159269855182952,0.10788920388281387,500,0.5
0.2,3,0.00207342511719573,-0.00141897597118896,0.00565794713190819,0.18485538517475555,500,0.5
0.2,4,1.9305910764029e-4,-0.00146284094514068,0.00141868633369753,0.06850954525244479,500,0.5
0.2,5,2.868655113545375e-5,-0.00291560124972181,0.00226337584077178,0.13119363141277732,500,0.5
0.1,0,7.1824360365817e-4,-0.00126384899512973,0.0026557248498136,0.09209081725128478,500,0.5
0.1,1,-3.7445413892271e-4,-9.9859626440047e-4,1.4177551423752e-4,0.028004276526219882,500,0.5
0.1,2,-5.0031885905414e-4,-0.00198471867942568,0.0011680281881604,0.08543624829237688,500,0.5
0.1,3,0.00115667987188145,-0.00113937943111224,0.00397923497422244,0.11866360795671548,500,0.5
0.1,4,6.0763492756837e-4,-8.5537017951734e-4,0.00186076527556746,0.06847192333536271,500,0.5
0.1,5,4.765064543055207e-5,-0.00242520440041272,0.00205393553556347,0.11214324870553964,500,0.5
0.05,0,-1.5163570579234e-4,-0.00208931934646724,0.00145362503713758,0.09163469566402761,500,0.5
0.05,1,-1.7577039892781e-4,-7.0582010065888e-4,3.9142775150886e-4,0.027867556361113904,500,0.5
0.05,2,9.6748805356284e-4,-8.3600622587779e-4,0.0028376169286065,0.07243664897535598,500,0.5
0.05,3,6.0303352402744e-4,-7.2499969788935e-4,0.00202081299780111,0.0739557700838846,500,0.5
0.05,4,3.9071327617264e-4,-7.8599187410583e-4,0.00169977612317584,0.06842457371588252,500,0.5
0.05,5,-0.00102116007536221,-0.00338041933198835,0.00115277475428642,0.10177437469938555,500,0.5
0.02,0,2.0774391335437e-4,-0.00227993757135842,0.00212394969988286,0.0912108722423018,500,0.5
0.02,1,1.9591462602598e-4,-3.8672956399115e-4,8.6805238534951e-4,0.027788051337010303,500,0.5
0.02,2,-7.434035815981e-4,-0.00171568554774627,7.6957767797221e-4,0.06537035055779913,500,0.5
0.02,3,2.6147146118332e-4,-4.9320870704015e-4,0.00110181939571228,0.03861507597208764,500,0.5
0.02,4,-7.904765018226777e-5,-0.00137449603970152,0.00147711197258757,0.06836970776447446,500,0.5
0.02,5,8.4872426212829e-4,-0.00112235483918993,0.00274939892348422,0.09633338262172444,500,0.5
0.01,0,-6.716011858480438e-5,-0.00178861710811093,0.00170489973070592,0.09108825483604414,500,0.5
0.01,1,-2.4833212691273e-4,-8.3060362552274e-4,4.4399860588579e-4,0.0277636647897665,500,0.5
0.01,2,-6.0517643641276e-4,-0.00213600266661404,5.7161416194168e-4,0.06276045361112004,500,0.5
0.01,3,3.9166348929047e-4,-1.5521100423442e-4,7.9945298883321e-4,0.02386415699392082,500,0.5
0.01,4,-9.42085337056746e-5,-0.00147204817314121,0.00132978023925601,0.0683549597832646,500,0.5
0.01,5,5.3348532569389e-4,-0.00126442221203156,0.00271736705592379,0.09438736058487952,500,0.5
1,0,-0.00119090257766352,-0.00306997902684565,7.5868287744814e-4,0.09878998832505174,500,1
1,1,2.327005176006335e-5,-6.4216601238313e-4,6.0129561630484e-4,0.030222837713527,500,1
1,2,-2.9259831972752e-4,-0.00499783404697497,0.00411736050767648,0.22125788651905104,500,1
1,3,-0.00271326332323483,-0.010438375575641,0.00494452099439916,0.43410249816256186,500,1
1,4,0.00143946980195352,-1.1669631701787e-4,0.00338138492212373,0.09688281716902362,500,1
1,5,9.5443336076659e-4,-0.00382345551778349,0.00633342274736562,0.2375920881617173,500,1
0.5,0,-0.0011778341948044,-0.00300626211042903,0.00108135275130214,0.09400156109528171,500,1
0.5,1,2.3110450778379e-4,-4.3375802470155e-4,8.1613786310269e-4,0.029101272104426812,500,1
0.5,2,-0.001014135228501,-0.00382703963893238,0.00221609708452668,0.16069752585010835,500,1
0.5,3,-0.00148028864329126,-0.0071179689927219,0.00416045702314795,0.30435893366547206,500,1
0.5,4,5.863082665188002e-5,-0.00194890036408952,0.00204372368285068,0.09679223258424557,500,1
0.5,5,0.00181192375457432,-0.00206776965173856,0.00483728535943226,0.17934367493712017,500,1
0.2,0,2.6444400846317e-4,-0.00138750345076695,0.0018219218302704,0.09276137961624245,500,1
0.2,1,-2.2501271147437e-4,-8.3721676155823e-4,3.4810232129364e-4,0.028338733326583952,500,1
0.2,2,0.00126821173310309,-0.00135175550745043,0.00367787403035239,0.11229693837569847,500,1
0.2,3,-9.3190903602497e-4,-0.00405299453106666,0.00240849741836652,0.17754317857492305,500,1
0.2,4,7.3764087074279e-4,-0.00113944816487384,0.00262595349976693,0.09669938263764324,500,1
0.2,5,-0.00144527822433045,-0.00404787001120454,8.5015126118354e-4,0.1351746069096409,500,1
0.1,0,8.6475428151891e-4,-9.6603289215208e-4,0.00279823678160998,0.09229929952632247,500,1
0.1,1,1.51890995905758e-5,-7.2220105004343e-4,5.8453380732873e-4,0.02808715226213918,500,1
0.1,2,2.7137630728417e-4,-0.00164139112871109,0.00174433455752554,0.09123131359543986,500,1
0.1,3,-4.8468161982003e-4,-0.00273082456789788,0.00217196528764512,0.11174217735682392,500,1
0.1,4,9.515132439586883e-5,-0.00233202293047075,0.0019365428458406,0.09661090601133793,500,1
0.1,5,-6.5683826751543e-4,-0.00273418600083128,0.00139218961586448,0.11708228283532893,500,1
0.05,0,8.0026983349722e-4,-0.0013900311119199,0.00317580620755773,0.09195501330417669,500,1
0.05,1,-8.915389301657944e-5,-6.7346097931597e-4,4.859119823586e-4,0.027964661901429454,500,1
0.05,2,-1.7906915934678e-4,-0.00189909081923546,0.00125046223549088,0.08025702190398358,500,1
0.05,3,-5.3699302013235e-4,-0.00176998936003823,9.2709817210298e-4,0.06904781240699172,500,1
0.05,4,0.00124412628739003,-6.9050116421025e-4,0.00315962459954569,0.09651200794173775,500,1
0.05,5,-2.6485254283143e-4,-0.00255813351092303,0.00141618721839191,0.10807113281289098,500,1
0.02,0,-6.324355754754e-4,-0.00266923677202469,0.00188393016392551,0.09172893692577162,500,1
0.02,1,6.6566230293858e-4,1.0557577268224e-4,0.0013503470122266,0.02792163136045421,500,1
0.02,2,4.5266074953088e-4,-0.00110599438748259,0.00210756117088778,0.07426507823707014,500,1
0.02,3,9.374582611516326e-5,-7.2437582781126e-4,0.0010907384250528,0.035929553644743484,500,1
0.02,4,-8.5790481336837e-4,-0.0031855775120271,0.00105567698041209,0.09642916756152507,500,1
0.02,5,1.3732453024389e-4,-0.0020488232746003,0.00217251276526067,0.10334768970974838,500,1
0.01,0,-1.7829519098396e-4,-0.00197893143702886,0.00187904935321254,0.09166426156774236,500,1
0.01,1,4.651642250675153e-5,-4.7016182407689e-4,6.5313038473489e-4,0.0278940958422122,500,1
0.01,2,-3.3711745481155e-4,-0.00161783413932518,0.00113295458347292,0.07175687266349802,500,1
0.01,3,-4.0744720676349e-4,-9.3014440932873e-4,-2.451169009620603e-5,0.0226715134464614,500,1
0.01,4,-6.5530073662307e-4,-0.00257617402610595,0.00105566297267196,0.09640983592727737,500,1
0.01,5,4.1295336168459e-4,-0.0016713363431427,0.00212545911567866,0.10137289972062963,500,1
1,0,4.672740302170459e-5,-0.00189272242281939,0.00215720678531621,0.1002593064607001,500,10
1,1,-3.8572824652886e-4,-9.5435019726289e-4,2.9121084549924e-4,0.030943578171125103,500,10
1,2,0.00110057252062848,-0.00392601508481269,0.00504580611730278,0.23654736580667055,500,10
1,3,-0.00177104967883771,-0.01018295990489402,0.00698893955853174,0.4242840840600936,500,10
1,4,0.00117659278827313,-0.00457302172104616,0.00679826205946354,0.301377868110573,500,10
1,5,-0.00141141003230294,-0.0056785087964861,0.00413866325570438,0.2531953879669054,500,10
0.5,0,-1.9299050608701e-4,-0.00195045342795562,0.00148949921105724,0.09578421107074886,500,10
0.5,1,-3.0116788325586e-4,-9.7012035477953e-4,2.9899089587072e-4,0.029805332900325235,500,10
0.5,2,-7.6985166391864e-4,-0.00491489743741688,0.00332388563731478,0.18361085059382898,500,10
0.5,3,9.99678337459758e-6,-0.00539205724284622,0.00626995491798393,0.27380811283464934,500,10
0.5,4,0.0010471582666578,-0.00485335762963784,0.00641739959105975,0.3002349146845255,500,10
0.5,5,8.9740205092007e-4,-0.0032751285096303,0.00518333138217887,0.20200641940794187,500,10
0.2,0,1.7665953024486e-4,-0.00160771870466994,0.00198840595597908,0.09480810230756388,500,10
0.2,1,-1.288132085398e-4,-6.0537687476188e-4,5.777074324559e-4,0.029119977458394435,500,10
0.2,2,-6.6957482669491e-4,-0.0038643740949242,0.00245786218827144,0.1448548386564267,500,10
0.2,3,0.00238471992334611,-6.2113901168399e-4,0.00640543566103566,0.1454547335933055,500,10
0.2,4,0.00510103633707281,-0.00165187799719472,0.01237839625164578,0.29889275539320564,500,10
0.2,5,7.5174413159204e-4,-0.00315197039281658,0.00442418595244908,0.16571938185395677,500,10
0.1,0,-6.0633168956178e-4,-0.00299738798013779,0.00173878540838093,0.0945238791999025,500,10
0.1,1,-5.1935945891982e-4,-0.00111089986650147,7.298791001010497e-5,0.028921042374151384,500,10
0.1,2,-5.4528826207909e-4,-0.00340263685253852,0.00222458685103527,0.13277784742601825,500,10
0.1,3,0.00128170314423007,-6.6968701789816e-4,0.00297939442339114,0.08870034966060596,500,10
0.1,4,0.0058379819463066996,-5.4608345403597e-4,0.01197989148504992,0.29808903954498994,500,10
0.1,5,8.1655478820273e-4,-0.00261804900448258,0.00453847386689306,0.15463665659279133,500,10
0.05,0,-9.12183480768144e-5,-0.00226134523652169,0.00141924853521851,0.0944879106314538,500,10
0.05,1,1.139639090561e-4,-5.0860852977002e-4,6.1732052514143e-4,0.02890064434056912,500,10
0.05,2,-0.00201079038687866,-0.0044630800685204796,0.00112268819025196,0.12617756516556852,500,10
0.05,3,6.3698584776569e-4,-5.5450182945789e-4,0.00158150660842126,0.05445276606857525,500,10
0.05,4,-0.00407203134451807,-0.00964730760197852,0.00139527084492193,0.29767048864926715,500,10
0.05,5,0.00199559803338869,-7.4583601914947e-4,0.00470064694658513,0.14866077086808696,500,10
0.02,0,-6.6307882775235e-4,-0.00252271479673482,9.1081965189219e-4,0.09433649905740095,500,10
0.02,1,-2.3952255328052e-4,-8.0006063816854e-4,3.241426849011e-4,0.028864124449287907,500,10
0.02,2,6.8169615132092e-4,-0.00266043215740431,0.00312801397276729,0.12120180571636331,500,10
0.02,3,-2.5512014027341e-4,-9.0222616115056e-4,2.8828414019371e-4,0.03048187257343272,500,10
0.02,4,0.00435460607868616,-0.00290722089452052,0.00972550058094046,0.2975211121829639,500,10
0.02,5,-2.2976984383376e-4,-0.00286163612771448,0.00315068188661894,0.14421234914055325,500,10
0.01,0,0.00178017073480639,5.356736048664311e-5,0.00386084511977893,0.09438883230541699,500,10
0.01,1,-1.1946894353728e-4,-8.2043962924527e-4,6.0520094935171e-4,0.02887912789675599,500,10
0.01,2,9.4154827202922e-4,-0.00193786116534014,0.00407828040887692,0.1193959958496837,500,10
0.01,3,2.4044663212306e-4,-1.1188158248634e-4,6.3446687566168e-4,0.020520579819709044,500,10
0.01,4,-4.7273940602578e-4,-0.00666530911363654,0.0058425205630328,0.2974478920567279,500,10
0.01,5,-0.00200806850738095,-0.00582939843665285,0.00137021624476979,0.14245908087317047,500,10
1,0,0.00111882627297709,-2.2739863360093e-4,0.0027077317834792,0.07022145870412741,1000,0.05
1,1,-1.665587661590025e-5,-5.4367689129518e-4,3.6562080173399e-4,0.021375272220492538,1000,0.05
1,2,0.00245162030306912,-0.00233550585634601,0.00658731772214697,0.2182417118821666,1000,0.05
1,3,0.00364743794147583,-0.00351967150868987,0.01239004522500271,0.43429435721741777,1000,0.05
1,4,5.1622332853055e-4,2.801512928708276e-5,9.4967901925571e-4,0.021713453437067307,1000,0.05
1,5,-0.00311236102120272,-0.00773780747071417,0.00165279332684472,0.22669477824504156,1000,0.05
0.5,0,6.5357656532307e-4,-0.00107926838890627,0.00203742821265184,0.06685553431224418,1000,0.05
0.5,1,2.6046800533114e-4,-1.6989291592489e-4,6.2803780193236e-4,0.020542699290252486,1000,0.05
0.5,2,0.00116244338309242,-0.00155534467153407,0.00402771658462211,0.15459731225152862,1000,0.05
0.5,3,-0.00235497888732939,-0.00920165652900691,0.00459420094186964,0.3070899770248649,1000,0.05
0.5,4,2.0245677983373e-4,-1.9500159256432e-4,6.6990302860299e-4,0.021712927658685044,1000,0.05
0.5,5,-0.00138546204397566,-0.00455116640774557,0.00155723992173364,0.1644526337525657,1000,0.05
0.2,0,-3.195151399928e-4,-0.00166476626022703,0.00112051922426665,0.06604854630136549,1000,0.05
0.2,1,7.680263550449073e-5,-3.3315840535425e-4,4.485749198777e-4,0.019984203708505375,1000,0.05
0.2,2,-2.059007749291e-4,-0.00203387156027449,0.00121333594349411,0.09915448106759775,1000,0.05
0.2,3,2.8311191234055e-4,-0.00360704255651451,0.00445204542910148,0.194122858988933,1000,0.05
0.2,4,4.1662620314168e-4,-4.001179148976515e-5,7.9751530208173e-4,0.02171221579897524,1000,0.05
0.2,5,3.8556086096538e-4,-0.00158360375593449,0.00240558738373306,0.11221897716098668,1000,0.05
0.1,0,9.3749674699326e-4,-2.4551323754268e-4,0.00221131163169483,0.06578573120329469,1000,0.05
0.1,1,-2.8151947428628e-4,-5.8958135128859e-4,9.972372016289084e-5,0.019778093679502836,1000,0.05
0.1,2,7.1878187924181e-4,-8.9393976509331e-4,0.00195701012238837,0.07248292781933992,1000,0.05
0.1,3,-0.00138547672135453,-0.00414681263032474,0.00167484991761024,0.13641786800279562,1000,0.05
0.1,4,-1.107244843300275e-5,-4.0122536691357e-4,4.0893215693358e-4,0.021711405395725306,1000,0.05
0.1,5,-0.0014988670924535,-0.00304530129647672,4.3485242608056e-4,0.08866214681750352,1000,0.05
0.05,0,7.3699109683297e-4,-4.3196305512093e-4,0.00208186691405363,0.06548170336675696,1000,0.05
0.05,1,-1.6313927598308e-4,-5.1810080121053e-4,1.2442508050739e-4,0.01966613528411467,1000,0.05
0.05,2,2.21288430696553e-5,-0.00105827582328326,9.1303074323078e-4,0.055081248614848775,1000,0.05
0.05,3,-7.3206756424375e-4,-0.00254860344234402,9.0320688462504e-4,0.09315990171982418,1000,0.05
0.05,4,2.0849647197135e-4,-2.3774786138645e-4,7.8285740258458e-4,0.021710210663924475,1000,0.05
0.05,5,-5.7308270579072e-4,-0.00187106028477388,8.3528759465158e-4,0.07448710032939354,1000,0.05
0.02,0,-2.7762384556275e-4,-0.00136352148902479,8.6390510952484e-4,0.06487217798282288,1000,0.05
0.02,1,-1.4199170550405e-4,-6.0772130984625e-4,1.9716611551033e-4,0.01955796557276881,1000,0.05
0.02,2,3.116923645876678e-5,-8.1296049629358e-4,6.8790138312645e-4,0.04152820137241607,1000,0.05
0.02,3,6.7131831660738e-4,-2.8666791310259e-4,0.00173341474769736,0.05202477004504758,1000,0.05
0.02,4,1.6426438342173e-4,-2.2607014423724e-4,6.290147417094e-4,0.02170743187855118,1000,0.05
0.02,5,1.879556359841621e-5,-0.00106627665597591,0.00105604839164336,0.06442434363815537,1000,0.05
0.01,0,0.00114262999082479,-2.530218151705492e-6,0.00230607858884511,0.06435356497026548,1000,0.05
0.01,1,7.012627094465912e-5,-2.990571255466e-4,4.2600632528366e-4,0.01950035278245576,1000,0.05
0.01,2,7.6613679351716e-4,-2.4278537596607e-4,0.00146398734342537,0.036314587245581634,1000,0.05
0.01,3,-5.962334972966993e-5,-7.0716401297268e-4,6.3443914384646e-4,0.032356848341845344,1000,0.05
0.01,4,5.8381451880135e-4,1.8615666792868e-4,9.5992514975558e-4,0.021704268017664636,1000,0.05
0.01,5,-0.00144527997115327,-0.00261280134071792,-1.2846595188275e-4,0.06075667487788844,1000,0.05
1,0,1.5836038838091e-4,-0.00131323901292937,0.00151112197745723,0.07021471396323523,1000,0.1
1,1,-1.0867902324703e-4,-5.0329957402777e-4,3.2898547900539e-4,0.021364902178509032,1000,0.1
1,2,0.00243249600957879,-9.8322105411384e-4,0.0065933955456072,0.21829247941557445,1000,0.1
1,3,-6.2236890939586e-4,-0.01120550137019679,0.00776049151949083,0.43429398471657504,1000,0.1
1,4,-2.9648558591058e-4,-8.4036760700443e-4,2.9690773201723e-4,0.030705669747701482,1000,0.1
1,5,-0.00239107813104098,-0.00702609041949088,0.00145003434994071,0.2267429502961178,1000,0.1
0.5,0,2.3718507806137e-4,-0.00155473262602901,0.0015616665638681,0.06687590767339782,1000,0.1
0.5,1,4.219759995837089e-5,-3.9475962425742e-4,4.3693173822083e-4,0.02054639866256858,1000,0.1
0.5,2,7.6532997529616e-4,-0.00230091852621292,0.00455182119906561,0.15474939779405544,1000,0.1
0.5,3,-0.00541859031988024,-0.01059786081175618,1.0596113652202e-4,0.3070823439910753,1000,0.1
0.5,4,1.3857593361263e-4,-4.5592076901241e-4,7.250857271867e-4,0.03070419418284105,1000,0.1
0.5,5,-9.8493891845767e-4,-0.00496974794727907,0.00199698983781875,0.16460829708127395,1000,0.1
0.2,0,6.7934754780683e-4,-6.9439718453117e-4,0.00179925332923331,0.06607634935844466,1000,0.1
0.2,1,1.8713115862616e-4,-2.8708636119757e-4,5.7091500874733e-4,0.0199910002057806,1000,0.1
0.2,2,0.00168557314782918,-2.0988103543017e-4,0.0033455786492334,0.09975640514072097,1000,0.1
0.2,3,-7.0616233069937e-4,-0.00480834360193215,0.00348480788932346,0.1938685067525175,1000,0.1
0.2,4,-1.3441422072859e-4,-9.9174593824514e-4,6.0534433830416e-4,0.030702211730849784,1000,0.1
0.2,5,-0.00202323752002028,-0.00385602148471882,3.8764516992918e-4,0.1127824723572014,1000,0.1
0.1,0,-5.5403911559957e-4,-0.0017414972886543,7.5541462652668e-4,0.06575132703617555,1000,0.1
0.1,1,-1.0892281270384e-4,-4.6034886010892e-4,2.3336103349201e-4,0.01978390304740978,1000,0.1
0.1,2,9.1614911613771e-4,-7.102226641644e-4,0.00251322737757415,0.07373430893684331,1000,0.1
0.1,3,0.00224607395993982,-4.5024498925313e-4,0.0051910492450388,0.1349333373739686,1000,0.1
0.1,4,1.4778990678924e-4,-4.4927214501869e-4,6.7048480056853e-4,0.030700212392971812,1000,0.1
0.1,5,-7.2293341893512e-4,-0.00249952610308036,0.00114100411632079,0.08972263976911893,1000,0.1
0.05,0,1.3606904232556e-4,-0.00141626134440433,0.00135086441381619,0.06547017026929883,1000,0.1
0.05,1,1.8392297652398e-4,-2.2199800799491e-4,5.9105794696382e-4,0.019680453485698444,1000,0.1
0.05,2,5.4515671657036e-4,-7.515970574752e-4,0.00152500713453106,0.056955058385520244,1000,0.1
0.05,3,5.9123775569049e-4,-0.00117132009493843,0.00245446158344583,0.0897757872640815,1000,0.1
0.05,4,-3.4565219019486e-4,-9.5516544602875e-4,2.5671149528878e-4,0.03069706096538429,1000,0.1
0.05,5,-5.1577865008752e-4,-0.00156023077690472,9.6592159215714e-4,0.07594799060394475,1000,0.1
0.02,0,4.8412583886799e-4,-6.8181879688814e-4,0.00187656357587994,0.06496286897171076,1000,0.1
0.02,1,-4.829886158756219e-5,-4.8207100849891e-4,3.7743395556245e-4,0.019583224122389296,1000,0.1
0.02,2,-3.8578979578168e-4,-0.00117798233361331,3.9318021511414e-4,0.04418224462154894,1000,0.1
0.02,3,-7.2774805008984e-4,-0.00186831850422601,1.7060653003943e-4,0.04890157469002741,1000,0.1
0.02,4,3.532752677166159e-5,-4.8770607284282e-4,6.4829953241577e-4,0.030690241241178442,1000,0.1
0.02,5,7.347549482366804e-5,-0.00123305231662504,0.00119501466544466,0.06629742313957813,1000,0.1
0.01,0,3.4499923610535e-4,-0.00111939295094287,0.00162263037213039,0.06461009632336265,1000,0.1
0.01,1,2.3037402677357e-4,-1.4074191660527e-4,6.7427215658079e-4,0.01953646247573598,1000,0.1
0.01,2,9.501138074342849e-6,-8.0322513111474e-4,7.1249153210067e-4,0.03985004230909172,1000,0.1
0.01,3,-2.560669502065061e-6,-6.2098752719268e-4,6.4423828163246e-4,0.030148232201420534,1000,0.1
0.01,4,4.930920142491e-4,-6.669888714083485e-5,0.00112685171987024,0.030683685087188762,1000,0.1
0.01,5,-1.9693102675482e-4,-0.0013062954059794,0.00113842343975575,0.0631901322978505,1000,0.1
1,0,9.8613530294536e-4,-4.9999409736501e-4,0.00211241331483802,0.07022791402487026,1000,0.2
1,1,-5.8297515196631e-4,-0.00108011259828174,-2.4759926278173e-4,0.021364424899227453,1000,0.2
1,2,0.00174264171422808,-0.00225370752449667,0.00489521136391598,0.21839465415446274,1000,0.2
1,3,0.00788781641401994,-9.1903977561308e-4,0.01644927549447713,0.43429251327952256,1000,0.2
1,4,-8.845478438159146e-5,-9.676965395253e-4,8.037261647395e-4,0.04341934047048953,1000,0.2
1,5,-0.00253298641212601,-0.00617231625274025,0.00173827901399179,0.2268477213776902,1000,0.2
0.5,0,-2.9329810294015e-4,-0.0018990536204512,7.561054201187e-4,0.0668681686350288,1000,0.2
0.5,1,2.6638564946195e-4,-1.1715792827548e-4,6.5627577672943e-4,0.02054949153655243,1000,0.2
0.5,2,-0.00110083388361162,-0.004473489249357,0.00212172760975318,0.15504954059758266,1000,0.2
0.5,3,4.6954191451425e-4,-0.00616601008669001,0.00815694916480119,0.3070526816013347,1000,0.2
0.5,4,8.978768126015374e-5,-7.3095624794194e-4,9.4390271690921e-4,0.04341516476332642,1000,0.2
0.5,5,0.00138446936712734,-0.00217113815571409,0.00484437867003187,0.1648986943454727,1000,0.2
0.2,0,-6.336104442197e-4,-0.00203142580740828,7.6663224819869e-4,0.06604130175950759,1000,0.2
0.2,1,5.2100736362422e-4,9.338428666879176e-5,9.169877812492e-4,0.019993619624501212,1000,0.2
0.2,2,-0.00327885727579905,-0.00531359022670385,-0.00128202020704945,0.10082909152807994,1000,0.2
0.2,3,-0.00191305602152717,-0.00588097109844439,0.00153133647523709,0.19310833751263498,1000,0.2
0.2,4,-8.4308753132703e-4,-0.00167401488998949,-3.357628254698685e-6,0.04340991335043022,1000,0.2
0.2,5,0.00407493082447156,0.00171974983356605,0.00655053854636474,0.11375924878856858,1000,0.2
0.1,0,-4.3055752432469e-4,-0.00157750519433249,8.2973265340926e-4,0.06575336802427811,1000,0.2
0.1,1,3.279206306716422e-6,-3.0451798656529e-4,4.0484143932558e-4,0.019794255978472137,1000,0.2
0.1,2,4.067719190329187e-5,-0.00167701618170494,0.00160326899264455,0.07565582447970863,1000,0.2
0.1,3,3.6890443016328e-4,-0.00208015203070932,0.00298860601087757,0.1319367284070111,1000,0.2
0.1,4,-4.7671004204105e-4,-0.00142287806942951,3.8752813296995e-4,0.04340465272506451,1000,0.2
0.1,5,2.2391772032178e-4,-0.00138213680376752,0.00186501831130273,0.0913793555745635,1000,0.2
0.05,0,4.584894923769247e-6,-0.00114881782926905,0.00130645576831682,0.06549700999240553,1000,0.2
0.05,1,-1.5914853373514e-4,-4.9226572608669e-4,2.2799769582057e-4,0.01968204028733759,1000,0.2
0.05,2,4.9188983957372e-4,-5.7368072212667e-4,0.00163351627324508,0.05951483395152229,1000,0.2
0.05,3,7.161320475454e-4,-0.00103181348620045,0.00251647677865329,0.08545214771009668,1000,0.2
0.05,4,2.2700296333707e-4,-6.5083460740596e-4,0.00107749469781127,0.04339680651401575,1000,0.2
0.05,5,-6.2881854226821e-4,-0.00223845475049021,7.9226213055777e-4,0.07797896615056832,1000,0.2
0.02,0,4.1085465053637e-4,-0.00110786817151065,0.00159648884115802,0.06509318628766086,1000,0.2
0.02,1,-4.056375908858195e-5,-4.0375694226183e-4,3.7618825390455e-4,0.01959767695370219,1000,0.2
0.02,2,1.1835995622276e-4,-8.8060614607502e-4,0.00109097206454238,0.04798511714560411,1000,0.2
0.02,3,-2.3690024610828e-4,-0.0012279738623385,6.2623392028633e-4,0.045778805518862764,1000,0.2
0.02,4,-5.238515942454e-4,-0.00148106276878918,4.9433575213878e-4,0.04338070497364583,1000,0.2
0.02,5,-3.2548279778861e-4,-0.00147184319492284,0.00114333569367872,0.06906722802694865,1000,0.2
0.01,0,7.8907212036677e-4,-4.8782191874302e-4,0.00227220744841584,0.06491403723596985,1000,0.2
0.01,1,2.643751780448e-4,-2.4205830563723e-4,7.658647818137e-4,0.019571669126958742,1000,0.2
0.01,2,-0.00121105129589518,-0.00230766035733649,-3.49644430249e-4,0.04452598100288527,1000,0.2
0.01,3,-3.164724585161e-4,-8.9270634291964e-4,1.6737930912931e-4,0.02798059167087233,1000,0.2
0.01,4,8.0546113248478e-4,6.726202138226509e-5,0.00171341724426138,0.043369167975225095,1000,0.2
0.01,5,8.2252137204665e-4,-5.9005071158107e-4,0.00223186941939119,0.06652804631285997,1000,0.2
1,0,-9.8164109729552e-4,-0.00236114370646208,5.8420344023295e-4,0.07026031309000337,1000,0.5
1,1,-3.048353417897264e-6,-4.2055809843712e-4,4.4355370920302e-4,0.021377667616497127,1000,0.5
1,2,-5.5814316883001e-4,-0.0057011576413376,0.00391985185415285,0.2187003241989889,1000,0.5
1,3,0.00563420737032749,-0.00195888925569342,0.01483605233736402,0.43428229396877543,1000,0.5
1,4,-4.1051947347938e-4,-0.00199800504807361,0.00108609132490342,0.06862814109106599,1000,0.5
1,5,0.00114146309071195,-0.00368723377495044,0.00644682314335864,0.22716035727304573,1000,0.5
0.5,0,-1.445181707346769e-5,-0.00149317190381803,0.00156020365467068,0.06688025519826678,1000,0.5
0.5,1,-3.6526391363159e-4,-8.1613475725069e-4,7.931738985116345e-5,0.020547262575021763,1000,0.5
0.5,2,0.00114945421657913,-0.00180361953074878,0.00441867931892818,0.15591273692658508,1000,0.5
0.5,3,-0.00243025014505653,-0.00839891034456179,0.00446731365834374,0.30686611623646864,1000,0.5
0.5,4,-3.5043235455663e-4,-0.00185176426329133,0.00117657434184858,0.06861260331433884,1000,0.5
0.5,5,-0.00131168317587538,-0.0046826212376574,0.001566924908855,0.1657417293761669,1000,0.5
0.2,0,-5.3801637234609e-4,-0.00186116067944076,7.0760191669217e-4,0.06607416735381332,1000,0.5
0.2,1,-2.4375606041986e-4,-5.9876793413707e-4,1.13295103191e-4,0.019997040838128276,1000,0.5
0.2,2,1.8824805812407e-4,-0.00195974753221488,0.00224652348254668,0.10339137258005839,1000,0.5
0.2,3,-3.7176212094878e-4,-0.0045706901605162,0.00467617338076458,0.19011529252986756,1000,0.5
0.2,4,-3.423997670834411e-5,-0.00104003355324944,0.00112005833226464,0.06859395581650908,1000,0.5
0.2,5,1.618368122891702e-5,-0.00234535846667468,0.0021540235979169,0.11613858319013122,1000,0.5
0.1,0,5.487256841145e-4,-7.8184823700973e-4,0.00193811410326309,0.06581597946181049,1000,0.5
0.1,1,-3.804153667870688e-6,-5.2111590644041e-4,3.3654424354194e-4,0.019809422774458373,1000,0.5
0.1,2,7.4705425602876e-4,-0.00136716865116113,0.00215925259317567,0.0794698105339573,1000,0.5
0.1,3,-0.00140145250199974,-0.00459432993539439,0.00164342627637136,0.12537933646919008,1000,0.5
0.1,4,-4.3125686827216e-4,-0.00179299308543655,0.00107976405534127,0.06857607739040482,1000,0.5
0.1,5,-9.97785443346e-4,-0.00278553601643046,0.00137986648199206,0.09471389034549516,1000,0.5
0.05,0,8.3911378943475e-4,-5.0398152056214e-4,0.00194377018803766,0.06558563658503827,1000,0.5
0.05,1,-2.1915117627223e-4,-5.89594352814e-4,1.375452860238e-4,0.01970339501780112,1000,0.5
0.05,2,3.6242874479188e-4,-7.4650756502423e-4,0.00165474724515671,0.06454068435749531,1000,0.5
0.05,3,-9.256309022155e-4,-0.00233795538749692,7.1598659405154e-4,0.07901818815892458,1000,0.5
0.05,4,-8.8852149419618e-4,-0.00237065382292725,3.8649880557361e-4,0.06854943981371861,1000,0.5
0.05,5,-9.3462882969416e-4,-0.00248698693623669,5.7519324642275e-4,0.08207901352635295,1000,0.5
0.02,0,0.00133753820141266,-2.6536073513131e-4,0.00270084800805176,0.06535064768448726,1000,0.5
0.02,1,-3.1707148898173e-4,-7.9453214846591e-4,9.241700886907024e-5,0.01964090747768901,1000,0.5
0.02,2,1.6551364762799e-4,-9.2179510136997e-4,0.00113234428046692,0.05534571661487129,1000,0.5
0.02,3,2.8715506937578e-4,-4.4042508053552e-4,0.00104092229170085,0.041655323958848044,1000,0.5
0.02,4,-7.945473365757034e-5,-0.0011494694272178,0.00134999904409403,0.06850715679408087,1000,0.5
0.02,5,-0.0011430994227487,-0.00250651476214605,7.143040981544e-4,0.07469587699975133,1000,0.5
0.01,0,-0.00117326814570039,-0.00275129909530508,6.99039083758074e-5,0.06520389274028353,1000,0.5
0.01,1,2.5891622370389e-4,-1.9330312914639e-4,6.1110053318484e-4,0.01963133542553002,1000,0.5
0.01,2,-7.3742870454159e-4,-0.00176349860331948,4.9605583448949e-4,0.05250545799811025,1000,0.5
0.01,3,3.7281541387609e-4,-2.1013681123403e-4,8.1646900957959e-4,0.025411888996697194,1000,0.5
0.01,4,-2.2699307729992e-4,-0.0019708560453733,0.00132446729000658,0.0684880767698325,1000,0.5
0.01,5,0.00150228096422866,7.989884208753275e-5,0.0032756788990821,0.0725194612305912,1000,0.5
1,0,5.582298201128e-4,-0.00103779401257532,0.00219166410704598,0.07027246171636475,1000,1
1,1,-7.322384885860063e-5,-6.4738297070855e-4,4.3674801002866e-4,0.021400009040551827,1000,1
1,2,0.00110801435814981,-0.00374811180676174,0.00581291955256656,0.2192045072079942,1000,1
1,3,0.00366714271184406,-0.00424183233802264,0.01131022337333104,0.4342464986211267,1000,1
1,4,-0.00254611042607705,-0.00483103827482161,-4.9161508506449e-4,0.09699939455210667,1000,1
1,5,-0.0013651336630653,-0.00692847677423766,0.00358806567506203,0.22766473985996694,1000,1
0.5,0,-9.4522756467511e-4,-0.00218882077878124,4.7162335058521e-4,0.06692580359882622,1000,1
0.5,1,1.954549063607642e-5,-3.3163223482723e-4,3.6473184878946e-4,0.02057180347369039,1000,1
0.5,2,-0.00449720109647156,-0.00860201394851763,-8.9898561556158e-4,0.1572707275787246,1000,1
0.5,3,-0.00122547594236672,-0.00774010481810439,0.00495694684984044,0.30629500799419634,1000,1
0.5,4,-1.9157373461422e-4,-0.00237099681173043,0.00162892622745403,0.09695732704905313,1000,1
0.5,5,0.0050419787284693,0.00173553269411983,0.00936580078090592,0.1670815591187473,1000,1
0.2,0,0.0011471514730128,-2.9422346359814e-4,0.00243699301878044,0.06617257032133994,1000,1
0.2,1,2.2037071081035e-4,-2.0488762168751e-4,6.6183805880652e-4,0.0200305861855416,1000,1
0.2,2,1.8807293756827e-4,-0.00192908050835547,0.00305110109094283,0.10654247601696636,1000,1
0.2,3,0.00287412731660142,-0.00183051323450575,0.00595300770945703,0.18522468581240012,1000,1
0.2,4,-0.00100637369932512,-0.00323715713317972,0.0010517454345232,0.09691006587365206,1000,1
0.2,5,-7.2175751466764e-4,-0.00346813675051182,0.00157033064011776,0.11910226798515244,1000,1
0.1,0,7.827280903998725e-5,-0.00112152902207848,0.00133764675441392,0.06586877812407962,1000,1
0.1,1,2.854820740427778e-5,-3.1624782612726e-4,4.3782702508964e-4,0.01983606041087998,1000,1
0.1,2,2.5853801743651e-4,-0.00149335280693678,0.00193567740582189,0.08365318240144358,1000,1
0.1,3,0.00117509595141188,-0.00101341822344877,0.00399661620986499,0.11890246416792842,1000,1
0.1,4,-0.00111110401818691,-0.00292904089370603,8.9350396004763e-4,0.09686574061142927,1000,1
0.1,5,-2.3480096967309e-4,-0.00237221341430119,0.00184176115097604,0.0984224786758496,1000,1
0.05,0,-3.8802728797494e-4,-0.00172492849080043,8.4660754633421e-4,0.0656633916155094,1000,1
0.05,1,-5.653038408916454e-5,-4.8754872699176e-4,3.4738820256885e-4,0.019745070161345336,1000,1
0.05,2,3.9236228357458e-4,-8.4724882435529e-4,0.00155813232943966,0.07023341041424708,1000,1
0.05,3,-8.1998304995853e-4,-0.00245347812251056,4.3487662464126e-4,0.07404773848771103,1000,1
0.05,4,-8.8230364658475e-4,-0.00251271446126339,6.4897194266529e-4,0.09680310376526932,1000,1
0.05,5,-2.6812677836206e-4,-0.00176413721101445,0.00124982078879919,0.08685865149314702,1000,1
0.02,0,4.5724043904518e-4,-7.1498749815594e-4,0.00189395124891854,0.06551919575576069,1000,1
0.02,1,-2.1086990488245e-4,-6.470066527422e-4,1.7373455555529e-4,0.01969760100610478,1000,1
0.02,2,-1.5137120002091e-4,-0.00147494449071549,0.00123842708069807,0.0628364576291148,1000,1
0.02,3,-1.6637311769095e-4,-9.1368246887029e-4,5.7726855550072e-4,0.03863405170688935,1000,1
0.02,4,3.2998023852405e-4,-0.00164227928367816,0.00240429704313997,0.09672846792660965,1000,1
0.02,5,-2.9283986629196e-4,-0.00215716611742259,0.00130628352775915,0.0807213607358748,1000,1
0.01,0,-8.3190733364258e-4,-0.00217259473884231,8.0928350074557e-4,0.06541185466742806,1000,1
0.01,1,4.68468992759224e-5,-3.1449613721582e-4,4.0273158151378e-4,0.0196823631203057,1000,1
0.01,2,-8.4241151918818e-4,-0.0020212489019759,3.8787710171038e-4,0.06013580617657271,1000,1
0.01,3,-2.1160150948497e-4,-6.3208485804927e-4,2.3727588465802e-4,0.023867199714766286,1000,1
0.01,4,-6.1445838067717e-4,-0.00265167179613508,0.00144810113274047,0.09670513108610024,1000,1
0.01,5,0.0014576172207461,5.103352296379067e-5,0.00280854254632882,0.07854832636312807,1000,1
1,0,5.5282619353938e-4,-0.00126463091354954,0.00225742644929511,0.07078782498449447,1000,10
1,1,-3.0266945039524e-4,-7.2324772861626e-4,1.3880340229913e-4,0.021667395067836603,1000,10
1,2,0.00245615832876776,-0.00236511807083393,0.00759690973552888,0.22750108301425437,1000,10
1,3,-0.00809740044891446,-0.01636837567354676,6.5774260269332e-4,0.43089403933262865,1000,10
1,4,-0.00353467628133095,-0.01003318169012658,0.0035652051140728,0.30397673309632645,1000,10
1,5,-0.0028268703559888,-0.00809975006877275,0.00203807852448085,0.2360391593368081,1000,10
0.5,0,0.0013776281633676,1.5199125378999e-4,0.00281928605015498,0.06758444558254761,1000,10
0.5,1,-2.9586183353357e-4,-7.6353646541781e-4,2.1908331887767e-4,0.020848995762899947,1000,10
0.5,2,0.00130811173442183,-0.00226042592802583,0.00493832837677259,0.17243938693020378,1000,10
0.5,3,0.0020079365385235,-0.00418286103050894,0.00846957032623714,0.28810972697280407,1000,10
0.5,4,-0.00252480588736373,-0.01011016130294076,0.00441378274337467,0.3032316080941448,1000,10
0.5,5,-0.00223609311724582,-0.00639835850521305,0.00149954175827961,0.18208531546008502,1000,10
0.2,0,5.0295477462038e-4,-7.489559155644e-4,0.00212415132352348,0.06690771685857515,1000,10
0.2,1,-1.706037297097197e-5,-4.2234808839657e-4,3.5130407437254e-4,0.020334414165989637,1000,10
0.2,2,-0.00196527788478912,-0.00501703178274756,6.2910436687183e-4,0.12940535245549076,1000,10
0.2,3,0.00252734532597178,-7.1288465041122e-4,0.00560366442139395,0.1556292347545006,1000,10
0.2,4,-0.0030878820903317,-0.0095052239728118,0.00267281296555569,0.3024204822187384,1000,10
0.2,5,0.00171208299784788,-0.00124778024293938,0.00460397723275662,0.14086700068307273,1000,10
0.1,0,-6.5946500656008e-4,-0.00177451477413395,5.2359083064211e-4,0.06670617742249334,1000,10
0.1,1,-4.790652599429577e-5,-4.3681934110899e-4,3.4529309710405e-4,0.020198186803634874,1000,10
0.1,2,3.280157053319e-4,-0.00185499880028926,0.00290171902954709,0.11430576357945897,1000,10
0.1,3,-9.0226224861809e-4,-0.00265516318802282,0.00106540563713309,0.09561178240253787,1000,10
0.1,4,0.00131530932652272,-0.00487048208431777,0.0063998811877385,0.3017590430763951,1000,10
0.1,5,-6.827473749899692e-5,-0.00260197682162583,0.0023202951689603,0.1267204287909698,1000,10
0.05,0,6.7983743412345e-4,-0.0010259675943614,0.00242101074080949,0.06664986625759965,1000,10
0.05,1,9.280916799201271e-5,-2.1560951016045e-4,4.7361456234974e-4,0.020146643583760546,1000,10
0.05,2,0.0017363534228409,-4.1064531637525e-4,0.00391995979506631,0.10713270228028303,1000,10
0.05,3,-1.6740936062207e-4,-0.00142557857899371,9.0496377547875e-4,0.058149051290647895,1000,10
0.05,4,-9.6356444261783e-4,-0.00666592370905975,0.00465115528456145,0.30131777164780493,1000,10
0.05,5,-0.00210527746234593,-0.00421151251407276,1.4915388369223e-4,0.12005242098874574,1000,10
0.02,0,5.4722715980523e-4,-9.2799373304487e-4,0.00183664270404236,0.06662587509980879,1000,10
0.02,1,2.3270168040807e-4,-1.8550583851256e-4,6.8847710898042e-4,0.020126617264084642,1000,10
0.02,2,4.0680964700614e-4,-0.00165083308541097,0.00261908193800411,0.10183257468892688,1000,10
0.02,3,-3.4278645360229e-4,-0.00102073798569831,1.9637726201654e-4,0.03162205345352069,1000,10
0.02,4,0.00219149007229242,-0.0045700389610201,0.00729891166006421,0.30112169380777215,1000,10
0.02,5,-6.9033071436334e-4,-0.0031547119131873,0.00130521535633549,0.11515815148879822,1000,10
0.01,0,-4.3145510961709e-4,-0.00158318132216643,8.3091982579799e-4,0.06660514933256234,1000,10
0.01,1,-2.373520295566514e-5,-4.5494068688843e-4,4.9299785112152e-4,0.020117682666459625,1000,10
0.01,2,0.00103720088952596,-7.1123123197616e-4,0.00292647976211958,0.09973880839813784,1000,10
0.01,3,2.1734941033431e-4,-1.5600499879429e-4,6.4928732905442e-4,0.02095035437125229,1000,10
0.01,4,0.00331481681409496,-0.00295220449269438,0.00949632675833391,0.3011055816896039,1000,10
0.01,5,-8.4580556614369e-4,-0.00269164456687286,0.00100557117714972,0.11329006578034015,1000,10
1,0,-2.754510281287474e-5,-0.00131033971675613,0.00156023744157118,0.07528765468367579,1000,100
1,1,1.1038944943625e-4,-4.0337710399458e-4,6.1240703363264e-4,0.023703339703131498,1000,100
1,2,0.00429400109542823,-0.00224724917757292,0.00969337961588158,0.2757903955434835,1000,100
1,3,-0.00140439756056263,-0.00858794221384691,0.00826274557258627,0.38414374907193255,1000,100
1,4,0.00353624245898377,-0.01422643455837327,0.02052162297745523,0.9198911083823796,1000,100
1,5,-0.00418495341442917,-0.00952040355422249,0.00278628811470981,0.2848837137605282,1000,100
0.5,0,-5.5343120451401e-4,-0.00226573311372514,0.00129738432858287,0.07282821939886942,1000,100
0.5,1,2.1074456715941e-4,-3.7286979542179e-4,6.8477621609125e-4,0.022811511082147976,1000,100
0.5,2,-0.00167402783883719,-0.00688311241872017,0.00274314466316848,0.2292683668320355,1000,100
0.5,3,0.00327957695057543,-0.00163145812340871,0.00858136514934593,0.23701268804915362,1000,100
0.5,4,-0.00654595860643043,-0.02518906599791873,0.01909974579094139,0.9129229423578118,1000,100
0.5,5,0.00210638467833478,-0.00216685707420289,0.00716274444661379,0.23900809507819676,1000,100
0.2,0,7.0460160004878e-4,-5.3632443451651e-4,0.00218189908491569,0.07221705374336543,1000,100
0.2,1,-6.059683902932293e-5,-5.5746452008815e-4,4.1529485440303e-4,0.022357530664361393,1000,100
0.2,2,3.8359788359278e-4,-0.00422747823962579,0.00460646093415389,0.20182948284438135,1000,100
0.2,3,-4.8473989474237e-4,-0.00252547763769481,0.00201909640085867,0.12289655218382459,1000,100
0.2,4,-0.01139154228171805,-0.03011091364073745,0.0071371535035052,0.9055282692144917,1000,100
0.2,5,-7.9014110729266e-4,-0.00524559003522887,0.00428530211643059,0.21211999193392211,1000,100
0.1,0,-0.00173484928261358,-0.00295808446367506,-3.6030555316885e-4,0.07196599902669532,1000,100
0.1,1,-1.5950589841625e-4,-5.7757437332778e-4,3.0415203967396e-4,0.022268685709785165,1000,100
0.1,2,-5.8882263058456e-4,-0.00441830652266836,0.00360894675175867,0.1911236488881395,1000,100
0.1,3,-1.9070469667724e-4,-0.00179243363155723,0.00124523694559893,0.07576233117330419,1000,100
0.1,4,-0.00611006665636227,-0.02497777229095748,0.01774978842921582,0.9030427241942657,1000,100
0.1,5,0.00139654472643976,-0.00309015937341393,0.00534906549358745,0.20173625397655837,1000,100
0.05,0,-9.9253095525099e-4,-0.00247706534564423,7.4117263735897e-4,0.07186771428555218,1000,100
0.05,1,1.7566334485787e-4,-2.9126874256556e-4,5.7392996862517e-4,0.02225730742232155,1000,100
0.05,2,-0.00139359591764018,-0.00519903958361648,0.00331808958415378,0.1847745324559088,1000,100
0.05,3,3.4612023089092e-4,-8.8458376134949e-4,0.00158685579080413,0.04880996858770265,1000,100
0.05,4,-0.02177222140958538,-0.04477691537526891,-0.00132721515418331,0.9023339229820722,1000,100
0.05,5,0.00201443242254805,-0.00253617080664529,0.00594565503475866,0.19557722564259725,1000,100
0.02,0,-5.9054577677107e-4,-0.00231387813228602,8.1712213406554e-4,0.0718299300979453,1000,100
0.02,1,1.651005511006e-4,-2.3158138785831e-4,5.3857171090434e-4,0.022247654921483524,1000,100
0.02,2,-0.00194332721481205,-0.00522043686223426,0.00211101255453671,0.18080752575109954,1000,100
0.02,3,3.0675433072546e-4,-2.9815805803328e-4,8.0904529874001e-4,0.028888328728086884,1000,100
0.02,4,-0.00874601726736561,-0.02809968285072492,0.01246124858405088,0.9019891279717395,1000,100
0.02,5,0.00239012553511517,-0.00218478513848267,0.00603873715988989,0.1916599325867688,1000,100
0.01,0,3.3279718496971e-4,-9.9430397496525e-4,0.00186565053279158,0.07186631234135345,1000,100
0.01,1,9.19845137529512e-6,-4.6721488689756e-4,4.4757503118915e-4,0.02225270289400728,1000,100
0.01,2,-0.00137888801126476,-0.00558173888182844,0.00189808402481707,0.17950119462008535,1000,100
0.01,3,-2.8078725336549e-4,-6.4150228878946e-4,1.2902683035779e-4,0.01993308535299315,1000,100
0.01,4,0.00730999844620727,-0.00901904882814472,0.02483367865265054,0.9019379384669738,1000,100
0.01,5,0.00117626414304917,-0.00236423600879307,0.00552639656364123,0.1903693434231926,1000,100
1,0,-4.1315836274715e-4,-0.00272356003363123,0.002275662272652,0.1067140079027246,1000,1000
1,1,9.959321273852602e-5,-6.237019222826e-4,7.7085038086062e-4,0.03479386296887513,1000,1000
1,2,-0.00812771041646326,-0.01780585895313799,7.1349610264259e-4,0.5358676652074731,1000,1000
1,3,0.00615326825850581,-2.4456157229226e-4,0.01262105592616259,0.31080763643073456,1000,1000
1,4,0.00139311853693471,-0.05845668513140608,0.05869799827470365,2.723553742935858,1000,1000
1,5,0.008230652118611,-0.00107144999275795,0.01812749004058527,0.5469680843902135,1000,1000
0.5,0,-6.6165318200499e-4,-0.00261336431504867,0.001219414387547,0.10457353725158956,1000,1000
0.5,1,-3.0499877938692e-4,-9.5795209192622e-4,3.7384609180408e-4,0.03348559984417511,1000,1000
0.5,2,4.5216487345474e-4,-0.01032862862816825,0.0100143582580037,0.4756406377021015,1000,1000
0.5,3,-0.0012282252298608,-0.00525412997067868,0.00227904299140137,0.1890595353380788,1000,1000
0.5,4,-0.0065216862471213204,-0.05701533558545388,0.0555466905421374,2.682686835815446,1000,1000
0.5,5,-2.1830784545606e-4,-0.01006299363251692,0.01073972969918478,0.48734806813517567,1000,1000
0.2,0,-5.5483579750734e-4,-0.0023823227139087,0.00113934008768697,0.10229198224422928,1000,1000
0.2,1,2.3071875000801e-4,-3.0759025807286e-4,8.4232384165109e-4,0.032969332083137806,1000,1000
0.2,2,0.01013352887568335,0.00207253911545104,0.01787765661012825,0.42850634707651264,1000,1000
0.2,3,-0.00130844929428259,-0.00339234896389797,5.859074906711e-4,0.10173962925420836,1000,1000
0.2,4,-0.0185486235418458,-0.06689497005341587,0.0336116288414505,2.655218664831049,1000,1000
0.2,5,-0.00977987165493862,-0.01779639171268543,-0.00175596657724113,0.4405218437244454,1000,1000
0.1,0,2.0250784866696e-4,-0.00163983019986437,0.00198747497400121,0.10170240332202322,1000,1000
0.1,1,-5.7357759952923e-4,-0.00116106801117161,4.824652238443932e-5,0.03286876683360132,1000,1000
0.1,2,-0.00387841525293465,-0.01315435326008499,0.00492279741802284,0.41343353492777796,1000,1000
0.1,3,4.2154864578579e-4,-7.9245506783823e-4,0.00153374880159449,0.06699751968680401,1000,1000
0.1,4,0.01790760431014711,-0.02375690921058657,0.06885034358663358,2.6507393327262023,1000,1000
0.1,5,0.00353652102550514,-0.00519056355166629,0.01313981074691465,0.4254568028621477,1000,1000
0.05,0,4.878159909469772e-5,-0.0022452359810451,0.00178378678124645,0.10156424625118281,1000,1000
0.05,1,4.558588399818417e-5,-5.4615937124379e-4,7.083700884387e-4,0.03285670176486617,1000,1000
0.05,2,-0.00475414094873184,-0.0132691534588889,0.00279717501183629,0.4051058494306734,1000,1000
0.05,3,3.5160357450435e-4,-6.1950067344703e-4,0.00111276075383587,0.04546099703884617,1000,1000
0.05,4,-0.02411146628848039,-0.08974059285501987,0.02700560800997457,2.6491141864858374,1000,1000
0.05,5,0.00469634798943729,-0.0027571945743317,0.01334358591538253,0.41715445174842136,1000,1000
0.02,0,-2.2456623953316e-4,-0.002990456607278,0.0021892326195186,0.10149424233743848,1000,1000
0.02,1,-2.4913298283829e-4,-8.5916046844373e-4,4.7291813931395e-4,0.03283892955685569,1000,1000
0.02,2,0.00247638086489162,-0.00547200507334176,0.01350942856890419,0.3995299743752716,1000,1000
0.02,3,-2.819480335932383e-5,-5.9697444852894e-4,6.1281976038945e-4,0.027989748587663663,1000,1000
0.02,4,-0.01263364733329349,-0.0882207399716411,0.04399882576774436,2.6487336675155015,1000,1000
0.02,5,-0.00249597751347034,-0.01387342155161112,0.00559266068886493,0.41165415455264387,1000,1000
0.01,0,5.3284442155925e-4,-0.00160486443848093,0.00258994140890231,0.10152958188153406,1000,1000
0.01,1,-2.4494338323418e-4,-8.6013702490973e-4,4.3715662699092e-4,0.03285825061590787,1000,1000
0.01,2,0.002500562038781,-0.00478956628330955,0.01300323320451835,0.3976206040490075,1000,1000
0.01,3,5.3830088137121e-4,8.218983753400911e-5,9.1340455281905e-4,0.019607931016266605,1000,1000
0.01,4,0.0232875775802181,-0.03935577019430744,0.07291309294105253,2.648686600559251,1000,1000
0.01,5,-0.00296326629875714,-0.0139177319676497,0.00521636678889521,0.40985530171047696,1000,1000
1,0,-0.00179305178902452,-0.00646079959393163,0.00339895550832656,0.25527067674815185,1000,10000
1,1,2.4116936678926e-4,-0.00120208352541629,0.00165766338517245,0.08218708928033094,1000,10000
1,2,0.01354160710478716,-0.03791944450780668,0.06579644334469353,2.542624089633811,1000,10000
1,3,-4.6055892301566e-4,-0.00598995371548203,0.00463857421411268,0.27099930159471464,1000,10000
1,4,-0.00843541482082572,-0.1844263906718362,0.1926087534215203,8.398091931314566,1000,10000
1,5,-0.01239399398425968,-0.06477665441506579,0.03884573392136745,2.556707943808063,1000,10000
0.5,0,-0.00232529534637252,-0.00736308159052081,0.00274297938867014,0.24732886893458178,1000,10000
0.5,1,3.9713788123146e-4,-0.0013557665396561,0.00200240939771136,0.07939353358265734,1000,10000
0.5,2,-0.0426556228725487,-0.08493826391918864,-0.00731827482535229,2.167571660297467,1000,10000
0.5,3,8.219813012011001e-5,-0.00319523324412148,0.00333640208412021,0.1688001367436615,1000,10000
0.5,4,-0.06135964235916149,-0.2070459667394562,0.1237692317811125,8.254830790542485,1000,10000
0.5,5,0.0439774680833642,0.00716474900916656,0.08602433057212436,2.1827635253790563,1000,10000
0.2,0,-8.1085694674874e-4,-0.00561496815258978,0.00483126567380454,0.23956142727161706,1000,10000
0.2,1,-4.8170698213401e-4,-0.00187183873152666,0.00108410275584576,0.07813106898047946,1000,10000
0.2,2,0.01914972386883214,-0.02778534780073987,0.05493323776253748,1.9127515975514793,1000,10000
0.2,3,3.2856046085711e-4,-0.00134881807907144,0.00211916666942637,0.09554552894268868,1000,10000
0.2,4,0.09534793997001124,-0.06047116207599293,0.2556800552013179,8.172228628184762,1000,10000
0.2,5,-0.01897067814051012,-0.05316511548854627,0.03027936540100144,1.928450148516178,1000,10000
0.1,0,-9.9251190753564e-4,-0.00548572948668063,0.00369050633613974,0.23798267756090644,1000,10000
0.1,1,-6.631925608365e-4,-0.00218598250763555,8.992543789153e-4,0.07790750460199364,1000,10000
0.1,2,-0.01701791993527723,-0.05592093054123085,0.02052011329749632,1.8440741172332145,1000,10000
0.1,3,-6.1676398715552e-4,-0.00226376748941682,6.338631540493e-4,0.06464993787362769,1000,10000
0.1,4,-8.9626069831559e-4,-0.1546467397899653,0.1195680891819074,8.158600378964497,1000,10000
0.1,5,0.01717947639233309,-0.02006931992009062,0.05652617447317582,1.8595904511653238,1000,10000
0.05,0,-0.00157995454219588,-0.00609541544346716,0.00302429788211023,0.23760531410929375,1000,10000
0.05,1,6.7882733571528e-4,-6.4624330842927e-4,0.00222879924286124,0.07788180115113177,1000,10000
0.05,2,-0.02027427455410149,-0.05532680164521972,0.02032838292380254,1.8047091697499473,1000,10000
0.05,3,1.8440123073088e-4,-7.3781252065423e-4,0.00135246125810765,0.04459630798632719,1000,10000
0.05,4,0.00157762494536645,-0.1872553124122369,0.2297660405785791,8.153945900854426,1000,10000
0.05,5,0.02128712983273652,-0.01880483084787159,0.05517383125704729,1.820807096912853,1000,10000
0.02,0,-0.00272755331156011,-0.00840158921871439,5.2310064561291e-4,0.23749580193746542,1000,10000
0.02,1,7.3476473685527e-4,-8.1407584655343e-4,0.00232276968598046,0.07786157646717885,1000,10000
0.02,2,0.0020367160739147,-0.04148008156431089,0.03932279756293323,1.776213290223349,1000,10000
0.02,3,7.607594079678602e-5,-5.3770205475478e-4,7.1165491308938e-4,0.027764841312332582,1000,10000
0.02,4,-0.1047691844156074,-0.2591348971660311,0.02293789482097018,8.15335432380643,1000,10000
0.02,5,-6.7530869246793e-4,-0.03846585471473816,0.04338851851950935,1.7919691896790395,1000,10000
0.01,0,0.00362310165056643,-0.00145323269257206,0.0085863218671536,0.2373973804712556,1000,10000
0.01,1,2.7449498743865e-4,-0.00107513533482469,0.00175383460967245,0.07785841604060263,1000,10000
0.01,2,4.2618607186361e-4,-0.03657538380665304,0.03686809478215679,1.7675472367169909,1000,10000
0.01,3,2.4112831353761e-4,-1.6368302181442e-4,6.2120077638311e-4,0.01952782629679376,1000,10000
0.01,4,0.01060373668418452,-0.1889273490279539,0.1732779164464829,8.152950889758404,1000,10000
0.01,5,-0.00216150359243165,-0.0382284041925757,0.03625940074409328,1.7835673499219935,1000,10000
1,0,0.01781029270254412,0.00372931033942381,0.03419147628756899,0.7751945987352113,1000,100000
1,1,-0.00441472475905769,-0.00866541852634347,-4.5464912028167e-4,0.24799707662283096,1000,100000
1,2,0.06067360504166341,-0.4814116138890974,0.4761902146557329,22.21769409436698,1000,100000
1,3,-0.00449137241199119,-0.00926690911110787,9.8900835825113e-4,0.2643096608930548,1000,100000
1,4,0.6053477880417627,0.1979039691513234,1.090790029058242,26.468108414436607,1000,100000
1,5,-0.0711788969923647,-0.483787995554715,0.4675055161179068,22.232461870393305,1000,100000
0.5,0,-0.00563256865066781,-0.02379110417221238,0.00823220212913721,0.7482376263188318,1000,100000
0.5,1,0.00132893182882232,-0.00382523661552795,0.00634921037376126,0.23958656794689764,1000,100000
0.5,2,-0.07299097413167026,-0.4339894474845093,0.3300189663003319,18.511280403284957,1000,100000
0.5,3,0.00100047154804288,-0.00232113739925749,0.00485492495597739,0.16530877351952683,1000,100000
0.5,4,-0.1692851103552186,-0.6906862416274799,0.25967749799428,26.008689697369945,1000,100000
0.5,5,0.07666122971287086,-0.3317999927294131,0.4379343201665933,18.527717871456154,1000,100000
0.2,0,0.00125730378362302,-0.01322948877892781,0.01452229325265731,0.7232908714973473,1000,100000
0.2,1,-0.0035379789191912,-0.00848611656517698,3.3927075371872e-4,0.2356408945214889,1000,100000
0.2,2,-0.03701915232483369,-0.407648218639765,0.3534415704710884,16.32323513490648,1000,100000
0.2,3,-6.6899939170412e-4,-0.0030841264342258,0.00107008655205754,0.0946571758154709,1000,100000
0.2,4,0.03825388177659824,-0.4172008732889222,0.5312976467387618,25.74874888043602,1000,100000
0.2,5,0.03461062317113046,-0.3544488069337692,0.4012329061235917,16.338502568401914,1000,100000
0.1,0,-0.00318534570117062,-0.0194252883715685,0.01285820557089143,0.7184634260785543,1000,100000
0.1,1,0.00246071427191005,-0.00226697014131863,0.00729052628887883,0.23503090734735482,1000,100000
0.1,2,-0.1703225607704504,-0.4495154547891198,0.1722840986244839,15.63279948533781,1000,100000
0.1,3,-0.00111865202659358,-0.00206873408108942,-3.299781006412923e-5,0.06429202011558666,1000,100000
0.1,4,-0.461952440441105,-0.9704945274415144,0.1128171425002026,25.704170373789854,1000,100000
0.1,5,0.1718351202842377,-0.1752682572116749,0.4541889766866258,15.649241186528767,1000,100000
0.05,0,0.00690828641846267,-0.00691936576768722,0.01728217433298364,0.7171375550643244,1000,100000
0.05,1,-0.00634863663259183,-0.01090760966724957,-0.00190949338699038,0.23484036331990724,1000,100000
0.05,2,0.05011020266258113,-0.2619576980589607,0.3351181369402608,15.172199664341502,1000,100000
0.05,3,9.6902250717984e-4,-1.1606662147567e-4,0.00183948221016038,0.04445245931099246,1000,100000
0.05,4,0.5904877072284349,0.00996417582075212,1.154560948921819,25.693644954741224,1000,100000
0.05,5,-0.05545014661176366,-0.3416225164947874,0.2547282509781737,15.187805753680335,1000,100000
0.02,0,0.00324814925717271,-0.01047483654205348,0.01816772586708323,0.7167712296900178,1000,100000
0.02,1,-0.00185746168399469,-0.0064905597482086,0.00234333125566971,0.2348058266100369,1000,100000
0.02,2,0.07740268103891185,-0.1805975328975644,0.3777223881391176,14.997678424155824,1000,100000
0.02,3,-1.9884581745026e-4,-8.4502502357043e-4,4.1181485560949e-4,0.02773052683600566,1000,100000
0.02,4,0.04262435182849195,-0.4645184945154904,0.6924267243027676,25.690285190935192,1000,100000
0.02,5,-0.0798958970202668,-0.3826370688645587,0.179177308567473,15.014630742508128,1000,100000
0.01,0,-0.01099768261264352,-0.03005868994461507,0.00521693057157483,0.7167988325288146,1000,100000
0.01,1,-6.7133760610319e-4,-0.00724870479037449,0.00479287214771134,0.2348075705109605,1000,100000
0.01,2,0.0027593028752374,-0.3206911684356246,0.2694237200315546,14.932850787247453,1000,100000
0.01,3,-4.787614835760345e-5,-3.9381039437158e-4,3.1406502225829e-4,0.019515820830335578,1000,100000
0.01,4,-0.1692175965860527,-0.7210973560013014,0.2319195257844298,25.689972021144982,1000,100000
0.01,5,0.00215962314912091,-0.2610784320869208,0.3246137298492817,14.948802861132476,1000,100000
1,0,0.02964996174320691,-0.0169332945960689,0.07703304516901116,2.44096251130461,1000,1000000
1,1,-0.01164332523313965,-0.02571492565220205,0.00266037746869643,0.7803067409832646,1000,1000000
1,2,-4.47376896360477,-8.965447520685592,0.8406663955046128,218.4441620361036,1000,1000000
1,3,0.00460768479492237,-0.00144413933462917,0.00918222992053088,0.26333621771920407,1000,1000000
1,4,0.6004953862527186,-1.103269736526446,2.300773779951691,83.67146729585923,1000,1000000
1,5,4.455921458870836,-0.8862589206543598,8.958987355410951,218.45753930549898,1000,1000000
0.5,0,0.02268875969756944,-0.02599516708456467,0.06815281688811034,2.355068751701623,1000,1000000
0.5,1,-0.01063636423754747,-0.02621682606933802,0.00447623195455747,0.7538265202368697,1000,1000000
0.5,2,0.4391392692349972,-3.342557398628117,3.932741785127355,182.04602726652428,1000,1000000
0.5,3,-5.3921105248688e-4,-0.00404001718412157,0.00302978974906066,0.1649856299124669,1000,1000000
0.5,4,2.004075655375523,0.2894372491892077,4.01118317762225,82.21615425880053,1000,1000000
0.5,5,-0.4525654216067824,-3.942409791682074,3.308601590929409,182.06177830146336,1000,1000000
0.2,0,0.00748411754508553,-0.03908481584960197,0.04666037444487399,2.276116103422928,1000,1000000
0.2,1,-3.5470993363414e-4,-0.01401572457471006,0.01625723007493413,0.7414332886281519,1000,1000000
0.2,2,0.6328672994428731,-2.844907310741491,4.0356823767837,160.14357069530897,1000,1000000
0.2,3,-0.00104594445420184,-0.00333801467617879,0.00158453054328036,0.09454341828520456,1000,1000000
0.2,4,-0.97005517834523,-2.630247661312476,0.54152649529327,81.39248460573523,1000,1000000
0.2,5,-0.6407392021625405,-4.058601494432004,2.828864413881736,160.15575875399043,1000,1000000
0.1,0,-0.00804993559152255,-0.06175256518882244,0.05079401222843494,2.2607473370858027,1000,1000000
0.1,1,0.00967142424632603,-0.01019739508241365,0.02335688135986622,0.7394314696302989,1000,1000000
0.1,2,-1.547396143464513,-5.247035946187736,1.524911352878455,153.1965474021156,1000,1000000
0.1,3,1.6927525487865e-4,-7.984919062104e-4,0.00168387959222679,0.0642455594167702,1000,1000000
0.1,4,-0.333044921435464,-1.775537431354426,1.06105028276317,81.25307439394152,1000,1000000
0.1,5,1.55545719470784,-1.505216046243134,5.265480892552171,153.21111542609898,1000,1000000
0.05,0,-0.02110551183347989,-0.06253433428364774,0.02553439623182956,2.2567454699592036,1000,1000000
0.05,1,0.00935976763349971,-0.00398379850751826,0.02544186806281631,0.738926139195017,1000,1000000
0.05,2,-1.447659227552085,-4.742311838129725,0.9881762361267564,149.7737262007904,1000,1000000
0.05,3,-3.327719606223484e-5,-8.2373994436818e-4,8.0577301317519e-4,0.04445070056989417,1000,1000000
0.05,4,-1.83752089376547,-3.102056791561422,-0.07432748464406158,81.21926457838211,1000,1000000
0.05,5,1.45985195555663,-0.9744806895561968,4.762292629119846,149.79113421860066,1000,1000000
0.02,0,0.02037291168716183,-0.02681361349800092,0.063075816933891,2.2556115498215616,1000,1000000
0.02,1,0.00164672195803455,-0.01298612255246814,0.01943284441948143,0.7388044921881673,1000,1000000
0.02,2,-0.05731275595184168,-2.753110736566842,2.928777683475039,147.134397372706,1000,1000000
0.02,3,1.5281288533848e-4,-3.8333262884411e-4,7.0870180991913e-4,0.027726932360599504,1000,1000000
0.02,4,0.7258244331341226,-0.7344145382397622,2.346637570348508,81.2082131043919,1000,1000000
0.02,5,0.04840177660765815,-2.953429128526948,2.763147537130271,147.15473828659643,1000,1000000
0.01,0,3.8020324035298e-4,-0.04576630684397034,0.05103375454745104,2.2554274965868175,1000,1000000
0.01,1,0.00165765254266502,-0.0144590918100765,0.01593969828777037,0.7387533249283521,1000,1000000
0.01,2,0.06519443125160385,-3.38665340356195,2.416069104748093,146.46654276178234,1000,1000000
0.01,3,-2.7421123923804e-4,-7.3025656231415e-4,6.578709115704343e-5,0.019514503626301645,1000,1000000
0.01,4,-0.550818384575865,-2.222081518446482,1.201443851848603,81.20753393514352,1000,1000000
0.01,5,-0.06637583915340926,-2.416406811083687,3.36843764587874,146.48240040660448,1000,1000000
1,0,7.3923691831509e-4,-3.8403733412288e-4,0.00190367385779699,0.04982781969529382,2000,0.05
1,1,-1.0276094707698e-4,-3.8461335029485e-4,2.1218767815201e-4,0.015130723604416281,2000,0.05
1,2,-0.00110777120340989,-0.00556285314645791,0.00380816917145559,0.21769826825646152,2000,0.05
1,3,0.00214362948686038,-0.00734161111139674,0.00927110584969888,0.4342944515193442,2000,0.05
1,4,1.6876038035768e-4,-2.2865831994571e-4,5.0364671580154e-4,0.02171410079840701,2000,0.05
1,5,7.2734255926734e-4,-0.00428540792506883,0.00520227015025351,0.22200652325266618,2000,0.05
0.5,0,5.2528659221187e-4,-2.8096085272198e-4,0.0013795061075671,0.047467348032712235,2000,0.05
0.5,1,-5.033742127677896e-5,-3.3783034737383e-4,2.343875278187e-4,0.014535222373072936,2000,0.05
0.5,2,-0.00171216576448568,-0.00494994525735105,0.00134495508449513,0.15407450991408816,2000,0.05
0.5,3,0.00276257946373116,-0.00377591119937834,0.00907559501719636,0.3070919607696534,2000,0.05
0.5,4,-4.764178164870468e-5,-5.5132508889221e-4,3.4699258709185e-4,0.02171386143007687,2000,0.05
0.5,5,0.00135469247340355,-0.00197073516389714,0.00470308717327712,0.15913275889613843,2000,0.05
0.2,0,-6.368298636773138e-5,-0.00108278389804638,9.1231922854303e-4,0.046931905322968405,2000,0.05
0.2,1,3.5345777268079e-4,8.617295231867474e-5,6.4602812540021e-4,0.01413950764392523,2000,0.05
0.2,2,-8.9815722916993e-4,-0.00283854852929169,0.00151638500515426,0.09814039322624987,2000,0.05
0.2,3,0.00352883163158034,-9.4457802693771e-4,0.00730989431772729,0.19419803598599225,2000,0.05
0.2,4,1.8425463923045e-4,-2.6523864374923e-4,5.3363619532901e-4,0.021713558787801922,2000,0.05
0.2,5,0.00118700361206461,-0.00107109994362545,0.00342361020928616,0.10498645684621627,2000,0.05
0.1,0,4.735635783195964e-5,-9.4349914292158e-4,0.00103004168112105,0.04677259154638665,2000,0.05
0.1,1,1.542647182685714e-5,-2.6908185642098e-4,2.6999511843166e-4,0.013995417189134806,2000,0.05
0.1,2,3.7409871973264e-4,-9.8470844385388e-4,0.00181642218933628,0.07065706829869535,2000,0.05
0.1,3,-2.1582153880639e-4,-0.00290662402347549,0.00226208476525167,0.13706502843917281,2000,0.05
0.1,4,4.538139055949801e-5,-4.5911265397503e-4,4.4976627383531e-4,0.021713220286427345,2000,0.05
0.1,5,-3.8806065261239e-4,-0.00202447790301884,0.0011078083749601,0.07940508064317188,2000,0.05
0.05,0,-1.2220561616564e-4,-9.4268285276933e-4,8.9873154585426e-4,0.04663133322957065,2000,0.05
0.05,1,-2.503933878613217e-6,-3.0967726955755e-4,3.2253353563592e-4,0.013919659698892067,2000,0.05
0.05,2,-1.1636373184808e-4,-9.4155733764797e-4,0.00103361731074571,0.052253661269503406,2000,0.05
0.05,3,-0.00168399489392325,-0.00357345699212616,3.5081032927475e-4,0.09539003790573217,2000,0.05
0.05,4,5.069220264811531e-5,-3.313030604879e-4,4.5415588484076e-4,0.021712655459478005,2000,0.05
0.05,5,1.9551660657932e-4,-0.00123595701701367,0.00138988786592328,0.06323961842586648,2000,0.05
0.02,0,3.7715642721994e-4,-5.0926416245659e-4,0.00149683737161301,0.046396603806151376,2000,0.05
0.02,1,6.11282035041454e-5,-2.719675891732e-4,3.8198894085644e-4,0.013859241539231503,2000,0.05
0.02,2,-1.426681213262704e-5,-7.0100878207964e-4,9.3259040141592e-4,0.037531730577870244,2000,0.05
0.02,3,0.00118227774172509,7.994240136448885e-5,0.00247087289136077,0.055063949992574815,2000,0.05
0.02,4,-3.2205612436977e-4,-7.9367345485355e-4,9.243848066388864e-5,0.02171122787298913,2000,0.05
0.02,5,-8.675561402881928e-5,-0.00139326375708583,8.8024242015054e-4,0.05140463983045071,2000,0.05
0.01,0,2.4436459477133e-4,-9.6462646920268e-4,0.00123237971600626,0.04611281975776411,2000,0.05
0.01,1,-1.0491215538113e-4,-3.7452024922936e-4,9.769750933779404e-5,0.013822279440943162,2000,0.05
0.01,2,-1.703608970876445e-5,-5.2930128610886e-4,6.431051888139e-4,0.03128224722320601,2000,0.05
0.01,3,4.6681726930972e-4,-2.5231413455855e-4,0.00108939195470872,0.03459119265202618,2000,0.05
0.01,4,7.83967711640946e-5,-4.4442252867271e-4,6.90083213309e-4,0.021709336146286923,2000,0.05
0.01,5,-7.528417983037256e-5,-0.00101711719061811,8.2581778006189e-4,0.04679632220470686,2000,0.05
1,0,-8.590540218496082e-5,-0.00120903451324477,9.2029794861004e-4,0.0498316415203223,2000,0.1
1,1,-1.2098811824393e-4,-4.4320351751539e-4,2.0905333278692e-4,0.015132354564859363,2000,0.1
1,2,-0.00316594378358107,-0.00785035360063794,0.00127941808560475,0.21772361811111945,2000,0.1
1,3,0.0012795384257822,-0.00738363491998952,0.01044770775710511,0.4342943607256553,2000,0.1
1,4,8.051914700156902e-5,-4.9178027296786e-4,6.1760740977754e-4,0.030707495725779885,2000,0.1
1,5,0.00318185846314853,-0.00152380818718217,0.00766389172326588,0.22203263889948574,2000,0.1
0.5,0,-3.619011430183034e-5,-9.3973642160646e-4,8.7465109685929e-4,0.047458685490348554,2000,0.1
0.5,1,7.84294878316111e-6,-2.6146437641569e-4,2.6990140232226e-4,0.014536834926507902,2000,0.1
0.5,2,8.249578681991e-4,-0.00205526236605861,0.00387048741397932,0.15414952892184725,2000,0.1
0.5,3,-0.00112899952989957,-0.00882459223710977,0.00583364631793829,0.3070901354136352,2000,0.1
0.5,4,-1.0836126852589e-4,-6.8910784444293e-4,4.6847844150624e-4,0.030706818662118354,2000,0.1
0.5,5,-7.7862478861979e-4,-0.00391267170373815,0.00214742366467933,0.1592053176802039,2000,0.1
0.2,0,1.6020240935078e-4,-7.372979273514e-4,0.00102442185937527,0.04693902698767551,2000,0.1
0.2,1,2.226486043530282e-5,-2.9957665437533e-4,3.2201993960333e-4,0.014138162731396184,2000,0.1
0.2,2,7.8114007996981e-4,-0.00124920929074095,0.00270336959018652,0.09845384955686974,2000,0.1
0.2,3,6.9543093942554e-4,-0.00271454647437156,0.0050235561215935904,0.1941311851900141,2000,0.1
0.2,4,3.365564006396e-4,-2.7873803826015e-4,0.00102766435038228,0.030705982048075096,2000,0.1
0.2,5,-8.938286117563e-4,-0.00310436895541594,0.00123246555319962,0.10528728060993725,2000,0.1
0.1,0,-3.0166295032818e-4,-0.00135146777382121,0.00102178213801116,0.046764969939246726,2000,0.1
0.1,1,-4.240266483556447e-5,-3.4638584441177e-4,2.9150268067127e-4,0.013996634293139546,2000,0.1
0.1,2,7.601511888449206e-5,-0.0015171981365058,0.00133638270742974,0.07142401399039891,2000,0.1
0.1,3,0.0011156951062966,-0.00166841230175613,0.0040364186500713,0.1364823197948953,2000,0.1
0.1,4,4.2300151752446e-4,-2.3396144119495e-4,0.0010914176822673,0.03070505375381535,2000,0.1
0.1,5,7.831815321689928e-5,-0.00146767892552749,0.00172574730063498,0.08010145182245294,2000,0.1
0.05,0,-4.8491088946077e-4,-0.00139678391863081,4.6642673868981e-4,0.04663831833467369,2000,0.1
0.05,1,1.3916196661978e-4,-1.2063274908913e-4,4.4609467291769e-4,0.013922510696719898,2000,0.1
0.05,2,9.6826979116522e-4,-2.704825925221984e-5,0.0021693525663905,0.053605390871472994,2000,0.1
0.05,3,-5.7380405759402e-4,-0.00241944753671188,0.00140145649669422,0.09325194211396967,2000,0.1
0.05,4,-7.4402855198127e-4,-0.00148398229799369,-1.194037696854e-4,0.030703542959645065,2000,0.1
0.05,5,-6.6061155192359e-4,-0.00214340578645782,4.0564612291668e-4,0.06439011219145048,2000,0.1
0.02,0,9.823360996278476e-6,-8.2462219308181e-4,0.00112267931672059,0.046422620584823514,2000,0.1
0.02,1,-1.553750149534318e-5,-2.4237975786648e-4,2.4419864787588e-4,0.01386665092140961,2000,0.1
0.02,2,-1.593636102423955e-5,-8.5986319657593e-4,8.8470816005725e-4,0.03950511500529457,2000,0.1
0.02,3,-1.347754992461e-4,-0.0010362719109924,8.1536678587742e-4,0.05207904688157868,2000,0.1
0.02,4,-1.0559530994856e-4,-6.5027248159966e-4,4.4021037187831e-4,0.030699822553330012,2000,0.1
0.02,5,-8.056697000752388e-5,-0.00126163319193749,9.6601003965141e-4,0.05291095409711688,2000,0.1
0.01,0,-1.9339439663059e-4,-0.0014028928509932,5.1878754557706e-4,0.046204653197176586,2000,0.1
0.01,1,6.760318526211963e-5,-2.4242393929144e-4,3.8739090842819e-4,0.013836110557969317,2000,0.1
0.01,2,-5.2014247887353e-4,-0.00121033233099302,2.7971246326785e-4,0.033967154440535934,2000,0.1
0.01,3,5.3903352219828e-4,-1.6511453931351e-4,0.00122212383129482,0.032369664056464964,2000,0.1
0.01,4,2.131768730412e-4,-3.6741386626906e-4,7.6269929588139e-4,0.030695425136099026,2000,0.1
0.01,5,6.3085414672137e-4,-5.0802018138979e-4,0.00168830688743536,0.04872751142363388,2000,0.1
1,0,1.060365619390705e-5,-8.9712798063679e-4,0.00102841931014384,0.04983301448508599,2000,0.2
1,1,-1.1040870608135e-4,-4.6385634697995e-4,2.0831493822477e-4,0.015131834328139467,2000,0.2
1,2,0.00119945843089062,-0.00330257816487382,0.00585077347957452,0.21777414293427583,2000,0.2
1,3,0.00344240514306306,-0.0045404305862827,0.01309868404178354,0.43429399606452124,2000,0.2
1,4,-1.944646270649219e-5,-0.00111675213523129,8.764641822032e-4,0.04342446695769736,2000,0.2
1,5,-0.00122993342947323,-0.00583858488540469,0.00319898586532575,0.22208312180827844,2000,0.2
0.5,0,-1.138427470475e-4,-0.00106668239044911,8.591802206226e-4,0.04746374939762134,2000,0.2
0.5,1,1.5129669616694e-4,-1.5705056593363e-4,4.1817486784463e-4,0.01453979776386625,2000,0.2
0.5,2,-0.00118398095053751,-0.0040820580254795,0.00185095889369434,0.1542989215788059,2000,0.2
0.5,3,-3.2985318624171e-4,-0.0052605309320136,0.00432941460130255,0.30708295275995906,2000,0.2
0.5,4,5.4564773337899e-4,-4.1452725503597e-4,0.00156874955828498,0.04342256282691499,2000,0.2
0.5,5,0.00132108178141915,-0.00163419548111701,0.00465046018955645,0.15935402276577876,2000,0.2
0.2,0,-1.040143678626027e-5,-9.7731624612747e-4,7.6917529914177e-4,0.046944514047360206,2000,0.2
0.2,1,9.07520871930828e-5,-2.6414149376526e-4,3.9543885890633e-4,0.014139140077812017,2000,0.2
0.2,2,-1.805250298099e-4,-0.00203052136571517,0.00188299823010535,0.09904821810001455,2000,0.2
0.2,3,0.00455461865388748,6.8013366465701e-4,0.00862596916265151,0.19389711001865795,2000,0.2
0.2,4,1.5224173813198e-4,-7.5245412426052e-4,9.7884170928774e-4,0.04342023481498263,2000,0.2
0.2,5,1.9955093376218e-4,-0.00192487879390281,0.00238218661447616,0.10585641289093878,2000,0.2
0.1,0,-2.1889561479853e-4,-9.9846138238142e-4,7.7989009646141e-4,0.04677963418091446,2000,0.2
0.1,1,-5.606020343245213e-5,-3.5128531794842e-4,1.9939894425128e-4,0.013996780671553726,2000,0.2
0.1,2,3.8424911080369e-4,-0.00114409995523533,0.00191599272230473,0.07269794684699638,2000,0.2
0.1,3,-0.00141034945603796,-0.00441548961939461,0.00110955815399279,0.13502691414295245,2000,0.2
0.1,4,1.2781797331659e-4,-6.5708507889148e-4,0.00104696342833706,0.04341774831881232,2000,0.2
0.1,5,-3.264357924594e-4,-0.00171985263763001,0.00155113739339822,0.08126814572834426,2000,0.2
0.05,0,-1.9502457435424e-4,-0.00108779623574485,8.001288889681e-4,0.04664110362939475,2000,0.2
0.05,1,-1.3231756672999e-4,-4.6982595475701e-4,1.4041505000804e-4,0.01392381539640626,2000,0.2
0.05,2,0.00109970149526476,-8.176729542938723e-5,0.00203077193941878,0.05552159875691621,2000,0.2
0.05,3,0.0011012502912235,-8.8706917833793e-4,0.00327900087150765,0.08987164349190539,2000,0.2
0.05,4,3.6814574585684e-4,-3.64658070791e-4,0.0010791897248781,0.04341374444605971,2000,0.2
0.05,5,-0.00107628897096271,-0.00238185748364431,3.4993831875423e-4,0.0660298994268208,2000,0.2
0.02,0,7.7356375763603e-4,-1.0929847393348e-4,0.00177798525957061,0.04645552601537668,2000,0.2
0.02,1,-2.0605866313661e-4,-4.4648978403245e-4,8.333425378549198e-5,0.013869578004573174,2000,0.2
0.02,2,5.5069779078671e-4,-3.3412497999419e-4,0.00140609360073243,0.04227754361764138,2000,0.2
0.02,3,-8.435444487090707e-5,-9.932678720873e-4,6.8683619035891e-4,0.04893357937040484,2000,0.2
0.02,4,3.6607478631562e-4,-5.4488974736668e-4,0.00126420805271093,0.04340433134362653,2000,0.2
0.02,5,-0.00105342123933171,-0.00224397181177758,-1.469816499615201e-5,0.055068214199025196,2000,0.2
0.01,0,9.9085284062074e-4,6.095656427875851e-5,0.00210332768018154,0.04631567292443132,2000,0.2
0.01,1,-7.909001460207202e-5,-3.4534992221208e-4,2.2559546424971e-4,0.01385121666490565,2000,0.2
0.01,2,4.1104702850542e-4,-3.892574760096e-4,0.00123148925629522,0.03771451055895383,2000,0.2
0.01,3,-1.7163167884555e-4,-6.0959233936742e-4,3.4559614547993e-4,0.030161291174261588,2000,0.2
0.01,4,-3.5307940126678e-4,-0.00124528346055858,5.955146970596e-4,0.04339535453187772,2000,0.2
0.01,5,-9.3503847889776e-4,-0.00215401368145572,4.869129862921718e-5,0.051515776338587484,2000,0.2
1,0,-5.5426966677414e-4,-0.00162443640653017,4.4790361103834e-4,0.049843158994712304,2000,0.5
1,1,2.3202153187394e-4,-9.101582099841045e-5,5.9124237483252e-4,0.015139987283603643,2000,0.5
1,2,0.00181868416359439,-0.00181277338776076,0.00653321100825903,0.21792580621003085,2000,0.5
1,3,0.00425439290566706,-0.0049040970089652,0.01398259582896796,0.4342914506505723,2000,0.5
1,4,0.00133743177905102,-1.4411615039314e-4,0.00263983915516869,0.06864830012471962,2000,0.5
1,5,-0.00137194943054078,-0.00627136699835212,0.00239281478693635,0.22223645755354746,2000,0.5
0.5,0,-4.4109842677497e-4,-0.00132303310449463,3.5650547443251e-4,0.04746428275434287,2000,0.5
0.5,1,3.674882598840465e-5,-2.6043398242022e-4,3.2856154658786e-4,0.014541966678106507,2000,0.5
0.5,2,-0.00138112895077088,-0.0040565312127913,0.00177692785853897,0.15473864602741105,2000,0.5
0.5,3,-0.00231667320831605,-0.00880602047406284,0.00490306482756711,0.30703486468938235,2000,0.5
0.5,4,-8.4535597321443e-4,-0.00226414138483776,6.0163497808404e-4,0.06864096020767324,2000,0.5
0.5,5,0.00166037240457976,-0.00152677643377228,0.00413415131077536,0.15978781470090228,2000,0.5
0.2,0,-3.8662447641348e-4,-0.00127177016914726,7.0390478307326e-4,0.04695743891118382,2000,0.5
0.2,1,-4.621064375607269e-5,-3.4927082485385e-4,2.3228508994214e-4,0.014142715653530267,2000,0.5
0.2,2,-0.00158923619718708,-0.00390140779033782,5.3985590207555e-4,0.10060225143705442,2000,0.5
0.2,3,-3.082174409008e-4,-0.00432734162092854,0.00430197395308781,0.19273739192227485,2000,0.5
0.2,4,-0.0022445064012068,-0.00378742995113346,-7.136185035131e-4,0.06863226798867622,2000,0.5
0.2,5,0.00166029987413788,-4.413581877335e-4,0.00431941030815718,0.10734556176957294,2000,0.5
0.1,0,-8.909055917829754e-5,-9.6690811381035e-4,8.6337212045131e-4,0.046789239621232256,2000,0.5
0.1,1,-1.3745865684971e-4,-4.0583653155914e-4,1.345714427261e-4,0.014003601142269085,2000,0.5
0.1,2,0.00107987028128064,-4.4198512688938e-4,0.00307049450498659,0.07542181688499622,2000,0.5
0.1,3,0.00316328006618819,4.912128415971e-4,0.00570230873174568,0.13074605073782283,2000,0.5
0.1,4,1.300231634644e-4,-8.655452202965e-4,0.00145561096409931,0.06862336404548425,2000,0.5
0.1,5,-0.00111307927417228,-0.00315663260410657,5.7591882400209e-4,0.08376803122567558,2000,0.5
0.05,0,4.044433438733199e-5,-0.00101562807423015,0.00111106099861247,0.046676412044929824,2000,0.5
0.05,1,1.7234139581441e-4,-1.5059134810001e-4,3.9596082503206e-4,0.013937912442238975,2000,0.5
0.05,2,8.3008285142354e-4,-3.3235256006725e-4,0.00171636258569576,0.0592214901150877,2000,0.5
0.05,3,-3.040946150541e-4,-0.00189109306811648,0.00163485833605004,0.08399226777382363,2000,0.5
0.05,4,3.5351110608474e-4,-0.00124379126451402,0.00198376384599096,0.06860882203929128,2000,0.5
0.05,5,-8.0839072075621e-4,-0.00197703139760619,4.5409119693884e-4,0.0692553263756655,2000,0.5
0.02,0,9.0184838841784e-4,-3.069882262714737e-5,0.00181534035790454,0.04652502557243574,2000,0.5
0.02,1,-3.1787704560614e-4,-5.9799643523479e-4,-4.982646010733456e-5,0.013887485562269002,2000,0.5
0.02,2,-6.947283761662232e-5,-0.00102087670343688,7.5110923418114e-4,0.047831705277992964,2000,0.5
0.02,3,-4.2883274654171e-4,-0.00122709994933718,4.6669574438779e-4,0.04479727115386204,2000,0.5
0.02,4,-1.3932667401563e-4,-0.00134613980936377,0.00114311498955753,0.06858034671106067,2000,0.5
0.02,5,-5.5998541876174e-4,-0.00140468674599319,6.3485428702553e-4,0.05955769452396214,2000,0.5
0.01,0,7.7470951049194e-4,-2.133522335644e-4,0.0016233152244014,0.04646486683269005,2000,0.5
0.01,1,-1.7316040842176e-4,-4.6462972345658e-4,1.0227761090184e-4,0.013874193076750446,2000,0.5
0.01,2,4.7245227861382e-4,-6.2641218554472e-4,0.00119244841473453,0.044426171700921294,2000,0.5
0.01,3,-3.2961010080589e-4,-8.4639782985738e-4,3.9987455306182e-4,0.0273141698077075,2000,0.5
0.01,4,-4.6905711135062e-4,-0.00195250298051534,9.7811435164732e-4,0.06856199522145072,2000,0.5
0.01,5,-0.00100146642889699,-0.0020095090663937,1.9281196101136e-4,0.05678329136297649,2000,0.5
1,0,7.3235362071694e-4,-4.4754109381329e-4,0.00223984322620676,0.049854874971170575,2000,1
1,1,8.368980808981551e-5,-2.2408591275373e-4,3.6806090048045e-4,0.015144787676093712,2000,1
1,2,-0.00351523647173404,-0.00871071895647627,4.4118236059797e-4,0.21817707661137428,2000,1
1,3,0.00403590429902616,-0.0051337369043253,0.01621465576515672,0.4342825725568787,2000,1
1,4,-2.0500240478167e-4,-0.00177326284963536,0.00136765771967332,0.09705581148891096,2000,1
1,5,0.00318005271896478,-0.00146471460079066,0.00842178419047436,0.2224890284465825,2000,1
0.5,0,5.6604781418404e-4,-4.5452253690562e-4,0.00145839590962064,0.047492994333228136,2000,1
0.5,1,-3.0054678184995e-4,-6.3182361222843e-4,5.625935219279123e-5,0.014543657772542299,2000,1
0.5,2,-4.791722117668247e-5,-0.00357349848245692,0.00290879240271991,0.15544752310207927,2000,1
0.5,3,-4.7420968052729e-4,-0.00767086449160172,0.00620393434731924,0.306874981824544,2000,1
0.5,4,-4.9475743828327e-4,-0.00235930576237817,0.00148724515440089,0.09703557138852643,2000,1
0.5,5,-4.5402625921467e-4,-0.00379555825215016,0.00300148971457059,0.1604925118841804,2000,1
0.2,0,-6.4568724367728e-4,-0.0015157022629652,3.9700183266416e-4,0.0469507090661828,2000,1
0.2,1,-6.55033606164393e-5,-3.6635960566358e-4,1.6942448937131e-4,0.014149553236117033,2000,1
0.2,2,3.0163790557807e-4,-0.00146248834645133,0.00263664568772868,0.10269021134011888,2000,1
0.2,3,-3.5645632920697e-4,-0.00337804582702051,0.00283535654409227,0.19027215721263122,2000,1
0.2,4,0.0010106796602348,-7.6272304870905e-4,0.0031426591842209,0.09701266386515732,2000,1
0.2,5,7.130266334877579e-5,-0.00247331579973822,0.0020576719513452,0.1093434980895577,2000,1
0.1,0,-3.9646355854661e-4,-0.00117375503114523,6.2694796189802e-4,0.046806183365833406,2000,1
0.1,1,5.105637688713027e-6,-2.904995032648e-4,3.2875549752643e-4,0.014015933402687813,2000,1
0.1,2,-0.00107917980331176,-0.00287229826911969,7.9643139679917e-4,0.0785028944636921,2000,1
0.1,3,-7.245003128410423e-5,-0.00228548090475256,0.00323040793798703,0.1255169044832903,2000,1
0.1,4,9.3270669983752e-4,-7.9874197363802e-4,0.0028278826217633,0.09698936101582406,2000,1
0.1,5,0.00129815168969142,-6.5548854150486e-4,0.00304969109768628,0.08661897696910821,2000,1
0.05,0,-4.6388202510364e-4,-0.00158136626351271,4.1290517714394e-4,0.04669193860148334,2000,1
0.05,1,-6.991090734483926e-5,-3.9000716086679e-4,2.1388820526335e-4,0.013948614856358319,2000,1
0.05,2,-8.2484273223333e-4,-0.00234197131591394,4.2309554177435e-4,0.06329746127781462,2000,1
0.05,3,1.0418737067349e-4,-0.00132250013871059,0.00170139398405375,0.0790724303600533,2000,1
0.05,4,4.5262430789052e-4,-0.00154588969782357,0.00246226007114056,0.09695280025131775,2000,1
0.05,5,0.00100549865359277,-4.397373480553e-4,0.00264338019388434,0.07285211512356171,2000,1
0.02,0,-0.00109593377899619,-0.00215705669839631,6.545821973852382e-6,0.04658407789069491,2000,1
0.02,1,1.396642563713e-4,-9.430116997993672e-5,4.0391172155818e-4,0.013912206062890242,2000,1
0.02,2,-3.2224762875426e-4,-0.00129540984562069,7.6848035230584e-4,0.053866949722004495,2000,1
0.02,3,-8.34535157678618e-5,-9.1081519676847e-4,6.6820768443569e-4,0.041660560572078356,2000,1
0.02,4,0.00161036213888391,-6.6178890924546e-4,0.00405697857984173,0.09689421836095315,2000,1
0.02,5,9.7267010948397e-4,-2.5170758902606e-4,0.00218488756045468,0.06466105334433395,2000,1
0.01,0,-7.2791142244631e-4,-0.0014932734234735,2.6061144826821e-4,0.04654890417157089,2000,1
0.01,1,-9.613391731241358e-5,-3.4543935696398e-4,1.5360049242422e-4,0.013901515083080693,2000,1
0.01,2,5.6199904079356e-4,-5.7609881920624e-4,0.00151237694648584,0.050881233665899354,2000,1
0.01,3,-7.038686636058645e-5,-5.7254683630192e-4,4.0025760210031e-4,0.025412242429025424,2000,1
0.01,4,1.0854572952787e-4,-0.00189703290875633,0.00200892549458536,0.09686809114870087,2000,1
0.01,5,-2.5919138470781e-4,-0.00147627700678543,0.00106439971499378,0.06212795198818958,2000,1
1,0,2.9596370503749e-4,-8.0091739970411e-4,0.00135275959789732,0.0500365081694916,2000,10
1,1,-2.5558807030944e-4,-5.6857500191792e-4,7.648773259868785e-5,0.015242223784467279,2000,10
1,2,-4.8416129250076e-4,-0.00502619707941981,0.00352067565540125,0.22250222552034354,2000,10
1,3,-0.00945416952780517,-0.01752824847489885,-6.9089595660408e-4,0.4332974454804504,2000,10
1,4,1.707979385496865e-5,-0.00561995398341678,0.00596140303111833,0.30545608331055973,2000,10
1,5,2.0707542795892e-4,-0.0036519754181901,0.00469904052778906,0.22683275204620004,2000,10
0.5,0,-6.8652968089319e-4,-0.00169353950869244,3.0441128889399e-4,0.04771056370011467,2000,10
0.5,1,1.750457701238077e-5,-3.0653965638915e-4,2.9457805666927e-4,0.014653005957858272,2000,10
0.5,2,0.00184311495699672,-0.00105256301287734,0.00597184079021823,0.16494078906321993,2000,10
0.5,3,-0.00186167329450064,-0.00682823353241325,0.00378128639072817,0.2981519243173105,2000,10
0.5,4,-0.00376439661019582,-0.00863699394088987,0.00130900277161057,0.3049926178979269,2000,10
0.5,5,-0.00145156039255314,-0.00584969547817441,0.00164223154397795,0.169915951474097,2000,10
0.2,0,-4.8671614005706e-4,-0.00128250510920115,6.677450984826e-4,0.04724090765339157,2000,10
0.2,1,3.8896721167971947e-05,-3.1673067133604e-4,3.4793945671672e-4,0.014273415570012316,2000,10
0.2,2,-0.00118935960282877,-0.0030863985641296,0.00139220508708935,0.11896332058094604,2000,10
0.2,3,5.1222616687392e-4,-0.00263372827817946,0.00373508101332538,0.1657521109893455,2000,10
0.2,4,-0.00155361382718853,-0.00722130966116292,0.00352500178645759,0.3045243299582441,2000,10
0.2,5,0.00142573729080139,-0.00112686247960556,0.00351134400309738,0.12511494560574943,2000,10
0.1,0,-3.354420721642e-4,-0.00112422072363346,5.5043511697351e-4,0.047106096070646954,2000,10
0.1,1,-2.25971076102433e-5,-3.1432223523063e-4,2.7921814193024e-4,0.014157293975597526,2000,10
0.1,2,-3.9504440641149e-4,-0.0028494151067825,0.00152447683630036,0.10045226170072762,2000,10
0.1,3,0.0010514217761561,-8.6055195853819e-4,0.00278238450464835,0.10266943818082751,2000,10
0.1,4,-0.00230942159995317,-0.00772730671136443,0.00324653592120194,0.3040658720114445,2000,10
0.1,5,5.9628419138832e-4,-0.0016819384919414,0.00319831216564501,0.10737679336657005,2000,10
0.05,0,-4.3427945808458e-4,-0.00135584270466057,5.2612518998648e-4,0.04706240194803789,2000,10
0.05,1,5.448769790778564e-5,-2.0061159544304e-4,3.3342842141593e-4,0.014113487767782634,2000,10
0.05,2,0.0011196541924804,-8.449226345513e-4,0.00329968489576042,0.09198686934569666,2000,10
0.05,3,2.944798764164e-4,-7.836512942344e-4,0.00159552672922586,0.06262765530294193,2000,10
0.05,4,-8.3023187738143e-4,-0.00589011623551955,0.00386691786627655,0.30367112716168737,2000,10
0.05,5,-9.0270784925485e-4,-0.00319513790753717,0.00118517680006366,0.09936995334581757,2000,10
0.02,0,-5.5333952199609e-4,-0.00134240968475855,5.0594073654004e-4,0.0470227755465971,2000,10
0.02,1,3.5304934037194e-4,1.0430345774945e-4,5.8734923534019e-4,0.014100988584618456,2000,10
0.02,2,8.8405015808292e-4,-5.3771729717724e-4,0.00254976191355721,0.08632525092985499,2000,10
0.02,3,-2.8388393085698e-4,-9.3182928314249e-4,2.0875214567926e-4,0.03315754703297184,2000,10
0.02,4,0.00186909268964686,-0.00443290412187274,0.00913734358061079,0.3034376122487484,2000,10
0.02,5,-3.4509139280739e-4,-0.0021987316067191,0.00116682689584542,0.09408371314960236,2000,10
0.01,0,-3.2919193112237e-4,-0.00129216541195865,5.6801461631389e-4,0.04703581861536546,2000,10
0.01,1,2.6140250320406e-4,-1.363435658146766e-5,5.0951534117791e-4,0.014098819753648885,2000,10
0.01,2,-4.2189717707436e-4,-0.00210242384323913,0.00161548960932736,0.08402521168336376,2000,10
0.01,3,-2.539810255649318e-5,-3.6976768055313e-4,4.560084939088e-4,0.02154578134968189,2000,10
0.01,4,0.00189291415131603,-0.0056851973384525,0.00791342284906293,0.3034068729759302,2000,10
0.01,5,6.8389152070356e-4,-0.00139316792912459,0.00277759534114596,0.0919195561013363,2000,10
1,0,-2.9957574022746e-4,-9.0620269092959e-4,2.508305115667e-4,0.03158519287606805,5000,0.05
1,1,-9.01561008157813e-5,-3.2157330988715e-4,9.072202351382431e-5,0.009577961066020522,5000,0.05
1,2,0.00235701120916981,-0.00252223086825655,0.00670338978369898,0.21736865292695684,5000,0.05
1,3,0.00321662052296174,-0.0055109014002673,0.01259395909529338,0.4342944770787076,5000,0.05
1,4,2.7118094793697e-4,-1.6064178684086e-4,8.2941765109902e-4,0.021714477508216725,5000,0.05
1,5,-0.00222880933209576,-0.00677144532614342,0.00267922831299145,0.21911304599432804,5000,0.05
0.5,0,-2.267157829992214e-5,-7.1126589933072e-4,6.0902358212119e-4,0.030089877862866942,5000,0.05
0.5,1,-5.644744024114806e-5,-2.7413660832314e-4,1.7480494478943e-4,0.009197029826022699,5000,0.05
0.5,2,0.00321088647961958,3.1216330613456e-4,0.00594479254219583,0.15375825359786519,5000,0.05
0.5,3,-0.00467163625188147,-0.01037663335182433,8.5466115706762e-4,0.30709247714383286,5000,0.05
0.5,4,1.06383256988496e-6,-5.3782663381454e-4,4.3561334762015e-4,0.02171438633829678,5000,0.05
0.5,5,-0.00326517316286836,-0.00612659471603135,-4.2521924448651e-4,0.15581422133428838,5000,0.05
0.2,0,6.1478456073379e-4,3.997057552443782e-5,0.001242207566803,0.02977867202448776,5000,0.05
0.2,1,-8.515231611803256e-6,-1.6010011650428e-4,1.628060627457e-4,0.008942844862830398,5000,0.05
0.2,2,-8.7390315407427e-4,-0.00271220852267403,8.0718097769559e-4,0.09752418671381126,5000,0.05
0.2,3,0.0023732150292024,-0.00143610414820646,0.00609875709298355,0.19421857424476413,5000,0.05
0.2,4,-1.6739598538929e-4,-6.1954174523493e-4,2.9148334574451e-4,0.02171427838504402,5000,0.05
0.2,5,5.1764288005371e-4,-0.00124038657170088,0.00249756674561308,0.10034859996518691,5000,0.05
0.1,0,2.3593508837265e-4,-4.5017349047651e-4,7.7322576772737e-4,0.02968925807411866,5000,0.05
0.1,1,-1.1033110142288e-4,-2.6137478764418e-4,9.72447091089554e-5,0.008854100240251113,5000,0.05
0.1,2,6.4361664298681e-4,-7.4321052021168e-4,0.00180150557536639,0.06948454302701933,5000,0.05
0.1,3,4.808781037561782e-5,-0.00274281079167083,0.00357404664222012,0.1372880642641089,5000,0.05
0.1,4,3.7942838425934e-4,-5.419255606222043e-5,8.8101579151283e-4,0.021714158938677085,5000,0.05
0.1,5,-8.4309640961034e-4,-0.00212074677163488,5.4821420548172e-4,0.07318192803011464,5000,0.05
0.05,0,2.352518076637831e-5,-6.5574201862916e-4,9.5118528100248e-4,0.029632389799543676,5000,0.05
0.05,1,-4.005556207650458e-5,-2.5218603227943e-4,1.4476264593005e-4,0.00880773514316842,5000,0.05
0.05,2,1.0969684481455e-4,-7.8938402845633e-4,0.0010208895712344,0.050201074592673416,5000,0.05
0.05,3,5.9187278468404e-4,-0.00153777643996109,0.00254285901711109,0.0966754265471674,5000,0.05
0.05,4,-4.771705789111e-4,-8.5775447183914e-4,-1.1752082414151e-4,0.021713946246203843,5000,0.05
0.05,5,-1.4276568164991e-4,-0.00130897058704523,0.00100517465619717,0.0550504172917186,5000,0.05
0.02,0,1.5735269554071e-4,-4.5500434485797e-4,6.4504649994283e-4,0.029555117224865816,5000,0.05
0.02,1,-9.379314201670582e-5,-3.0719520196276e-4,1.0383766596061e-4,0.008776642396513594,5000,0.05
0.02,2,1.5721705026025e-4,-6.3113719364214e-4,9.5441932160464e-4,0.03430205902969937,5000,0.05
0.02,3,-4.7821271304968e-4,-0.00163156633404129,9.749093450732e-4,0.0583664388068162,5000,0.05
0.02,4,1.2099031204334e-4,-2.8575989107017e-4,5.3891686272644e-4,0.021713367494876283,5000,0.05
0.02,5,-2.8976600796971e-4,-0.00125303431649326,5.6316132579902e-4,0.040929943838854704,5000,0.05
0.01,0,1.3010369034874e-4,-4.198768151667e-4,7.8543213432157e-4,0.029470069685199423,5000,0.05
0.01,1,-6.890944257761166e-5,-2.3380789730486e-4,6.438755003337062e-5,0.008761066490271101,5000,0.05
0.01,2,1.6541242275873e-4,-3.2204769680841e-4,8.0546817964531e-4,0.027151900260491163,5000,0.05
0.01,3,-3.0740471513326e-4,-0.00104469962367371,2.7696939166831e-4,0.03753104391687713,5000,0.05
0.01,4,-2.7382786418825e-4,-7.0991443309507e-4,1.5134947568292e-4,0.021712504474742197,5000,0.05
0.01,5,-3.1368491874365e-4,-0.00107572259232104,4.3834938649099e-4,0.03506958959907886,5000,0.05
1,0,2.168335475666837e-5,-0.00101429761678549,6.6848493397692e-4,0.031585431876278186,5000,0.1
1,1,-8.92591424796213e-5,-2.6053500853664e-4,1.2012515008551e-4,0.009577899195240583,5000,0.1
1,2,7.6878365909736e-4,-0.00443894148921169,0.00573592445596651,0.2173786950970123,5000,0.1
1,3,0.00194545915908872,-0.00568894207127097,0.01313289801752883,0.4342944626267748,5000,0.1
1,4,2.5814172146751e-4,-2.8227282396829e-4,8.560858612743e-4,0.030708559750272563,5000,0.1
1,5,-7.8631026752871e-4,-0.00575198271194943,0.00429314435033294,0.21912308382679616,5000,0.1
0.5,0,-2.8233066376418e-4,-8.1801104227351e-4,3.605622873636e-4,0.030092790830388263,5000,0.1
0.5,1,-2.672661100650328e-5,-2.5722905987355e-4,1.7501205460613e-4,0.009197318495343696,5000,0.1
0.5,2,-7.0247847038417e-4,-0.00426524589568926,0.00235492249594253,0.1537881189887901,5000,0.1
0.5,3,-5.2400560168512e-4,-0.00611510622996632,0.00537022881472932,0.30709219192130305,5000,0.1
0.5,4,-3.7950030087028e-4,-9.961951785088e-4,4.1974314860055e-4,0.030708302156293988,5000,0.1
0.5,5,7.7434475670338e-4,-0.00225652595120026,0.00429855100977576,0.15584439496390326,5000,0.1
0.2,0,-1.6654361450913e-4,-7.6538276902845e-4,4.5431097914567e-4,0.029769935618014023,5000,0.1
0.2,1,1.489823398818137e-5,-1.8182432888747e-4,1.7988312519693e-4,0.008942357623153796,5000,0.1
0.2,2,3.785527678817e-4,-0.00222497768606868,0.00230517819596244,0.097653678003785,5000,0.1
0.2,3,0.00110718322428804,-0.00245989519068923,0.00553470004181066,0.1942075149749587,5000,0.1
0.2,4,4.848879748167339e-5,-6.3198416499166e-4,6.2671122704281e-4,0.030707997739583902,5000,0.1
0.2,5,-2.5737663603903e-4,-0.00226216701482447,0.00252066016703319,0.10047428222300277,5000,0.1
0.1,0,2.7334261426028e-4,-3.5374428361563e-4,8.6943507622018e-4,0.02968966027433625,5000,0.1
0.1,1,-1.067866909896385e-5,-1.8493243502188e-4,2.022956364961e-4,0.00885392446747974,5000,0.1
0.1,2,-3.8015640746838e-4,-0.00154549219944654,0.00103927709078689,0.06983842224438765,5000,0.1
0.1,3,9.5031243358123e-4,-0.0022873955695039,0.00359379190470741,0.13716317991101293,5000,0.1
0.1,4,-9.319712514110876e-5,-6.7600034145279e-4,4.5899088415788e-4,0.03070766342690404,5000,0.1
0.1,5,2.6057282737194e-4,-0.00113303891684775,0.00157149002235837,0.07352064784919778,5000,0.1
0.05,0,8.984660958458311e-6,-6.9915737956083e-4,6.7862869094238e-4,0.029628970294368482,5000,0.1
0.05,1,1.813036581969395e-5,-1.7071524443828e-4,1.5213953399062e-4,0.008809085483767952,5000,0.1
0.05,2,4.0017911607574e-4,-7.4091267272387e-4,0.00106131484191565,0.05098027943944825,5000,0.1
0.05,3,-0.00120535895425084,-0.00346501168508879,5.6902497779018e-4,0.09587162075534532,5000,0.1
0.05,4,-5.738596611946749e-5,-6.1966671283124e-4,5.7810068630447e-4,0.03070707457148564,5000,0.1
0.05,5,-3.3839149431269e-4,-0.00128858297800786,7.0945123735533e-4,0.05576748064685368,5000,0.1
0.02,0,-5.4848258598737e-4,-0.00119968498654525,-6.218448234752145e-5,0.029547494877373952,5000,0.1
0.02,1,6.344205194058102e-5,-9.156184156722938e-5,2.3610691634705e-4,0.008778723303609534,5000,0.1
0.02,2,1.1212356567117e-4,-5.6602374845615e-4,7.6496262697495e-4,0.03564904512983342,5000,0.1
0.02,3,2.8316782595235e-4,-7.6711656404774e-4,0.00128597836623455,0.05599801067106438,5000,0.1
0.02,4,-6.430856819475934e-5,-7.9818328452297e-4,4.3114964612947e-4,0.03070550002554575,5000,0.1
0.02,5,2.6454127423951e-4,-5.734281717694e-4,0.00121090215415475,0.0420750588635568,5000,0.1
0.01,0,2.2370668067477e-4,-3.6371254261378e-4,8.0122007605616e-4,0.029479168537868226,5000,0.1
0.01,1,-8.038441239187784e-5,-2.7344267833286e-4,8.880951703663067e-5,0.008762804550150684,5000,0.1
0.01,2,2.481035587198244e-5,-6.3433759390341e-4,6.1449711119373e-4,0.02892159962976737,5000,0.1
0.01,3,1.8335992935078e-4,-5.2443501272239e-4,9.0239229126789e-4,0.035318658106615684,5000,0.1
0.01,4,-9.53173205967619e-5,-7.1432885379834e-4,4.3576395868576e-4,0.030703284999381908,5000,0.1
0.01,5,-1.6069196139633e-4,-9.0598081093096e-4,6.9793470886137e-4,0.0364733248841151,5000,0.1
1,0,0.00104683611455301,3.3381661728716e-4,0.00173711099979211,0.03158594694795741,5000,0.2
1,1,-1.1984403655281e-4,-3.1002007170156e-4,5.800527721304839e-5,0.009580572186335125,5000,0.2
1,2,-0.00121919011878174,-0.00582455394373923,0.00294397716924437,0.21739877121583695,5000,0.2
1,3,0.00945650137182567,1.468482816035e-4,0.0191727782971612,0.43429440510710854,5000,0.2
1,4,5.0198228730381e-4,-2.9134908892161e-4,0.00140626371816703,0.04342747736293486,5000,0.2
1,5,5.7487539308106e-4,-0.00383030199771359,0.00510112161188518,0.21914324464436177,5000,0.2
0.5,0,1.402063881111e-4,-5.3713254253326e-4,6.8582413410707e-4,0.030091893702229842,5000,0.2
0.5,1,-6.049780886926341e-6,-1.978447556404e-4,1.4113066858749e-4,0.009196402258281179,5000,0.2
0.5,2,-0.00332515596995765,-0.00642566559521797,-7.568087138840262e-5,0.1538476170680729,5000,0.2
0.5,3,-0.00148960776888495,-0.00684111252926107,0.00437710044387237,0.30709106255992535,5000,0.2
0.5,4,-4.3420167908438e-4,-0.0015394879682669,4.7808371904535e-4,0.04342674891803461,5000,0.2
0.5,5,0.00324753198501131,-7.754254170266573e-5,0.00620993770136857,0.1559031804884196,5000,0.2
0.2,0,1.5528858570155e-4,-4.5117412601074e-4,7.074280663197e-4,0.0297712012516205,5000,0.2
0.2,1,1.1476988084286e-4,-8.558801871349066e-5,3.0608558140539e-4,0.008943879126878482,5000,0.2
0.2,2,3.7237771612959e-4,-0.00149807022789538,0.00275984066491688,0.09790703789129007,5000,0.2
0.2,3,0.00366008628246713,1.97081250985006e-6,0.0071517963500548,0.19416567261202652,5000,0.2
0.2,4,0.0010950721826369,2.0219340885416e-4,0.00191117246524534,0.04342589130183283,5000,0.2
0.2,5,-3.3456635340153e-4,-0.00268487723319559,0.00163929676002591,0.10072278097610918,5000,0.2
0.1,0,-8.247718458956683e-5,-7.4060023221953e-4,4.7652832153487e-4,0.029690808954032224,5000,0.2
0.1,1,9.908657430258289e-5,-8.16035140539116e-5,3.0617536410803e-4,0.008856605014254296,5000,0.2
0.1,2,-9.4736306533209e-4,-0.00240678935401274,8.3978999513776e-4,0.07048502550159325,5000,0.2
0.1,3,0.00213026594965177,-4.2524543318253e-4,0.00483528115683208,0.13676421066689531,5000,0.2
0.1,4,-2.2644551585438e-4,-9.2896610082673e-4,5.1768597315268e-4,0.04342495390915965,5000,0.2
0.1,5,0.001014633807215,-7.9172970413837e-4,0.00243624937049996,0.07414191381196482,5000,0.2
0.05,0,-3.891572229577999e-5,-5.2793053155556e-4,6.309690702593e-4,0.029633447536678886,5000,0.2
0.05,1,-6.727470662800752e-5,-2.2950030014297e-4,1.0718796942526e-4,0.008809758197537475,5000,0.2
0.05,2,-3.0590766368159e-4,-0.00144783295566109,7.147601657379e-4,0.05219218431542878,5000,0.2
0.05,3,5.75809523766952e-5,-0.00174317161832261,0.00205424999058369,0.09413979988358946,5000,0.2
0.05,4,-3.5765432824209e-4,-0.0011253017445727,6.69970352148e-4,0.04342335498603568,5000,0.2
0.05,5,2.8268185673647e-4,-8.2023903392471e-4,0.00150232060815026,0.05688864579876551,5000,0.2
0.02,0,-1.6343932826935e-4,-7.9626032320206e-4,4.5957553567588e-4,0.029563568869281836,5000,0.2
0.02,1,1.2934849668947e-4,-7.254945710061836e-5,3.2962784379552e-4,0.008781703750869702,5000,0.2
0.02,2,-4.3001863315775e-4,-0.00117708036669085,3.2696695110805e-4,0.03749493745371953,5000,0.2
0.02,3,8.5569346923413e-4,-1.9392912359799e-4,0.00182916533287039,0.05308649709908038,5000,0.2
0.02,4,2.0825952408374e-4,-5.774352637051e-4,0.00125684407805552,0.04341912602639521,5000,0.2
0.02,5,5.6343805552653e-4,-3.0077399323706e-4,0.0015274003471187,0.04367077281876438,5000,0.2
0.01,0,2.9062556245137e-4,-3.3996875414265e-4,9.8284506673951e-4,0.029499969779435538,5000,0.2
0.01,1,-8.726188034155401e-5,-2.6872108488144e-4,8.661039294297125e-5,0.008767062794262658,5000,0.2
0.01,2,-1.4388696493627e-4,-7.1069510892925e-4,3.9171599205812e-4,0.03144469860416411,5000,0.2
0.01,3,3.0372730974672e-4,-3.4646452719973e-4,9.3498535279388e-4,0.033094651813013985,5000,0.2
0.01,4,5.8352146365738e-4,-1.8369912451729e-4,0.00144844151587794,0.04341383527886853,5000,0.2
0.01,5,-4.107905183021692e-5,-0.0010213346399309,7.609312344717e-4,0.03853208032743807,5000,0.2
1,0,1.0922739826326e-4,-4.7290851746141e-4,7.8223791088749e-4,0.03158777486003343,5000,0.5
1,1,2.54902370071287e-5,-1.4819789571403e-4,2.1536975816367e-4,0.009580736137360914,5000,0.5
1,2,0.00570293243628845,0.0012641065061379,0.01133791498560013,0.21745901362770634,5000,0.5
1,3,-0.00875023957369555,-0.01674407472144353,7.4364867864865e-4,0.4342940020445492,5000,0.5
1,4,-5.674832245937012e-5,-0.0012974365304179,0.00121911498344804,0.06866019676443769,5000,0.5
1,5,-0.00572249662586965,-0.01133818163337025,-0.00146183874418263,0.21920363416193892,5000,0.5
0.5,0,-1.7540562652342e-4,-8.7893191589181e-4,3.5881556332385e-4,0.03009368619553045,5000,0.5
0.5,1,1.1311053402667e-4,-9.904087921752208e-5,3.4471865084454e-4,0.009199694713442409,5000,0.5
0.5,2,5.3668775358377e-4,-0.00229118124529952,0.00420704646681451,0.154025443241802,5000,0.5
0.5,3,1.0339292735504e-4,-0.00570131187700496,0.00743143731111212,0.3070831826240905,5000,0.5
0.5,4,-2.4933916044381e-4,-0.00176895296018019,8.8317780911143e-4,0.06865732374582169,5000,0.5
0.5,5,-4.2267377475791e-4,-0.00411971014074048,0.00228421785404887,0.15608052444499226,5000,0.5
0.2,0,2.0875895779943e-4,-3.2960672967027e-4,8.593372204301e-4,0.029778377382849622,5000,0.5
0.2,1,5.147481389878915e-5,-1.2466856588731e-4,2.088122399487e-4,0.00894542304665871,5000,0.5
0.2,2,0.00114317725183174,-7.8208354682693e-4,0.00302753746447641,0.09862106941254535,5000,0.5
0.2,3,4.0877715617391e-4,-0.00300989745199529,0.00410797046041562,0.1939116912036956,5000,0.5
0.2,4,5.6724902525513e-4,-8.9040747871434e-4,0.00195813486854013,0.06865402861203208,5000,0.5
0.2,5,-0.00124315170955918,-0.00311641388924538,7.7214067171431e-4,0.10142416112865626,5000,0.5
0.1,0,-3.7077325013201e-4,-8.9967292503941e-4,2.0945706511767e-4,0.0296897327571787,5000,0.5
0.1,1,1.4833950449685e-4,-2.902871695453616e-5,2.963802250136e-4,0.008859624501577285,5000,0.5
0.1,2,-2.332738086111654e-5,-0.00135918912078896,0.00167117938183875,0.07205941097161855,5000,0.5
0.1,3,1.6227588600616e-4,-0.00261386084754016,0.0023528561838257,0.1350836249881682,5000,0.5
0.1,4,-6.2551118893378e-4,-0.00190919792260558,6.6903472669348e-4,0.06865049057242709,5000,0.5
0.1,5,2.7378570983829e-4,-0.00147360370273166,0.00174468835850687,0.07565314744813986,5000,0.5
0.05,0,8.811917652160837e-5,-6.4733466630108e-4,7.3483446157977e-4,0.02964017479747159,5000,0.5
0.05,1,-1.098812188299767e-5,-1.8017420707271e-4,1.8762367194485e-4,0.008811388722907617,5000,0.5
0.05,2,-6.6689799215225e-4,-0.00186028111819898,6.1030652842001e-4,0.054649072619099674,5000,0.5
0.05,3,6.1061493271942e-4,-0.00125304903925981,0.00226737202482423,0.08995354295917748,5000,0.5
0.05,4,-9.8279740963352e-4,-0.00216351350832812,2.1912411120443e-4,0.06864445162754285,5000,0.5
0.05,5,6.2815937193383e-4,-7.9374546843723e-4,0.00173517739871975,0.05917275380780677,5000,0.5
0.02,0,1.2375867602427e-4,-4.3136884976188e-4,8.6150587050879e-4,0.029578017715164415,5000,0.5
0.02,1,5.953464656141631e-5,-1.3502353607372e-4,2.4370589525119e-4,0.008785005684629957,5000,0.5
0.02,2,-2.0071399102373e-4,-0.0010515951453253,7.1263720043175e-4,0.04109096786821661,5000,0.5
0.02,3,5.3063509061502e-4,-4.0636846094471e-4,0.00143481314639462,0.04894426261613398,5000,0.5
0.02,4,0.00141192484782423,1.1206178346599e-4,0.00270048641596332,0.06862978460346514,5000,0.5
0.02,5,1.8168468267122e-4,-8.8174915114165e-4,0.00109868923027885,0.04682558223295339,5000,0.5
0.01,0,-2.49541620830904e-5,-6.7195717503921e-4,5.5352417096019e-4,0.029536098576418486,5000,0.5
0.01,1,-5.50023654550086e-5,-2.4058779424321e-4,1.3070076392515e-4,0.008775644156064156,5000,0.5
0.01,2,6.3853812009831e-4,-2.3623658294058e-4,0.00142688889848699,0.036363497753245905,5000,0.5
0.01,3,-8.801061236011709e-5,-7.1991440532652e-4,5.5399635713051e-4,0.030165810348958304,5000,0.5
0.01,4,-4.483827943261005e-5,-0.00136704067360868,0.00121398231639308,0.06861568877848455,5000,0.5
0.01,5,-6.6099255224666e-4,-0.00162486349721591,2.7514730735952e-4,0.04269180113369416,5000,0.5
1,0,-2.9817986347311e-4,-9.1122304614665e-4,3.7474017644097e-4,0.031591054557007905,5000,1
1,1,-4.775506764017655e-5,-2.5051687967294e-4,1.4479170589105e-4,0.009582244486090997,5000,1
1,2,-0.0015544729606316,-0.00503002152926789,0.00346561494533946,0.21755922440030837,5000,1
1,3,-0.00123282787145286,-0.01023173470364116,0.00609115754261333,0.43429257514276604,5000,1
1,4,-8.1338831617916e-4,-0.00287513725580185,9.2992180050426e-4,0.09708920777369522,5000,1
1,5,0.00170657548093569,-0.00339076241689146,0.00523040856371865,0.21930412281240372,5000,1
0.5,0,4.713081079376052e-5,-6.1052094222588e-4,6.2779937982248e-4,0.03009621909558076,5000,1
0.5,1,-5.514372449209265e-5,-2.3072467651283e-4,1.0091519035829e-4,0.009199200610327371,5000,1
0.5,2,1.7414469359717e-4,-0.00295379781708366,0.00350206247971321,0.15431686053559054,5000,1
0.5,3,-0.00141856615042622,-0.00905866374180205,0.00555084636126791,0.3070563334346031,5000,1
0.5,4,0.00192587997253325,2.864880054472e-4,0.00422862623068815,0.09708121566553697,5000,1
0.5,5,-2.3002818126051e-4,-0.00372983269013002,0.00323624213348687,0.15637037551442712,5000,1
0.2,0,4.2144157841951e-4,-1.888836938949e-4,0.00108691187800027,0.029782030677852206,5000,1
0.2,1,-9.6018481327541e-5,-2.7636048601147e-4,1.0870846227014e-4,0.008945940295198868,5000,1
0.2,2,4.2054073216157e-4,-0.00154584045841586,0.00264862932989558,0.09968521762958885,5000,1
0.2,3,0.00221028566872796,-9.1964478085248e-4,0.00592224703343447,0.19320817722519745,5000,1
0.2,4,2.363690360978e-4,-0.00198386882455869,0.00196274112130099,0.09707216643421424,5000,1
0.2,5,-6.8331213203989e-4,-0.00293221865058964,0.00135368979352771,0.10246783324037978,5000,1
0.1,0,-1.0754257093212e-4,-6.7366024359335e-4,5.4633532271409e-4,0.029697556118892847,5000,1
0.1,1,1.461940576495e-4,-2.909287966348413e-5,3.0799692613036e-4,0.008862871676045846,5000,1
0.1,2,8.632066157564618e-5,-0.0012074186777446,0.00137559154082923,0.07401842252483905,5000,1
0.1,3,-1.5163994392026e-4,-0.00309075115035633,0.00273167694706622,0.13215003820551813,5000,1
0.1,4,5.2477139628487e-4,-0.00132826647578204,0.00256519225088056,0.09706249283466296,5000,1
0.1,5,1.600200840904837e-5,-0.00147352482876688,0.00141476834730322,0.07753956196768086,5000,1
0.05,0,-4.9079550298178e-4,-0.00117293413135653,-1.71588359506943e-5,0.029642150899993915,5000,1
0.05,1,1.2847992504285e-4,-3.790329690177805e-5,3.2576640767811e-4,0.008818216160439641,5000,1
0.05,2,-1.660582946932e-4,-0.001381218104176,0.00103274897959352,0.057328877545364254,5000,1
0.05,3,0.0015111802480455,-1.8151120003154e-4,0.00291256810312693,0.0855613852063244,5000,1
0.05,4,-0.00259873986332123,-0.00459003862981639,-4.8470064548924e-4,0.09704632833552797,5000,1
0.05,5,4.6713046701065e-4,-6.9388275991506e-4,0.00171281593013331,0.061681583329915586,5000,1
0.02,0,-5.833036436683365e-5,-5.6195218134321e-4,5.9260716237501e-4,0.02959167208615931,5000,1
0.02,1,1.4489736103607e-4,-1.695553864783242e-5,3.3850667931494e-4,0.008793123845015554,5000,1
0.02,2,-3.2338092714479e-4,-0.00137542258317782,7.5782797124375e-4,0.045168917768182805,5000,1
0.02,3,1.937967444410929e-5,-7.669529347194e-4,0.00119944678878819,0.04580602683380845,5000,1
0.02,4,-2.3832316922894e-4,-0.0023986769932615,0.00209009432398743,0.09701164624698011,5000,1
0.02,5,4.5293619950246e-4,-6.6395866282051e-4,0.00162079850702036,0.05048155172294518,5000,1
0.01,0,8.831686374597978e-5,-4.2384510170466e-4,5.916932933233e-4,0.029569733392593008,5000,1
0.01,1,4.132837898542375e-5,-1.3324979570385e-4,2.1425329299267e-4,0.00878597973569916,5000,1
0.01,2,5.656502084837085e-5,-8.2448370347739e-4,9.7743192961326e-4,0.04143033394461514,5000,1
0.01,3,1.2528333384688e-4,-3.7896375551366e-4,5.9741170800132e-4,0.027986800360736308,5000,1
0.01,4,-5.5265937637649e-4,-0.0026089260952716,0.00140196734337967,0.09698675452361528,5000,1
0.01,5,-1.0278748955564e-4,-9.7614192126781e-4,7.9420385003301e-4,0.04713313592061958,5000,1
1,0,-5.5488622864483e-4,-0.00119896667005025,6.277967003037591e-5,0.03163850194919933,5000,10
1,1,1.4239976670513e-4,-4.127815987941792e-5,3.5562967044775e-4,0.009610173590241536,5000,10
1,2,3.5442371643872e-4,-0.00413279653944754,0.00466261567176059,0.21933440516594738,5000,10
1,3,-0.00443965868382033,-0.01346085147778909,0.00368263845374215,0.4341165675050701,5000,10
1,4,0.00636328245664095,-4.5314179827635e-4,0.01241808042274268,0.3064145266094941,5000,10
1,5,1.805817116830301e-5,-0.00448124362927894,0.00465391004235894,0.22108284301780204,5000,10
0.5,0,-5.761482687928105e-5,-6.2093801317073e-4,4.8498090831195e-4,0.030156485555589863,5000,10
0.5,1,-1.778203529714731e-6,-2.1718976134971e-4,1.7840354245982e-4,0.009228179367350016,5000,10
0.5,2,-0.00122591271988167,-0.00433497644717884,0.0022359564190137,0.1588906669587689,5000,10
0.5,3,-0.00278064949402137,-0.00825966547152609,0.00598904995281321,0.30467975179104656,5000,10
0.5,4,-0.0046893666736371,-0.01156091755248077,0.00181961211888609,0.30619933526508214,5000,10
0.5,5,0.00122543855165461,-0.00222918445866637,0.00425684739020131,0.1609277993746231,5000,10
0.2,0,5.5195369906313e-4,-8.81542076263447e-5,0.00111530403820459,0.02985512440162124,5000,10
0.2,1,3.398685531461411e-5,-1.1506262355164e-4,2.4129694242063e-4,0.0089817743729233325,5000,10
0.2,2,2.3297030547154e-4,-0.00193062125925008,0.00236690765403693,0.10988909080031566,5000,10
0.2,3,-0.0011030516763941,-0.00447944089678743,0.00231508887671092,0.17820226175214712,5000,10
0.2,4,0.00439397085074088,-0.00141721492171537,0.01104414251399537,0.30597853351565535,5000,10
0.2,5,-5.1864285532805e-4,-0.00269949092136931,0.00158560939713706,0.11251142655248479,5000,10
0.1,0,-1.2082096548741e-4,-7.7563327578321e-4,5.7962630683154e-4,0.029774406559581,5000,10
0.1,1,-3.716001049771442e-5,-2.1044217585519e-4,1.5732360331669e-4,0.008900505464795908,5000,10
0.1,2,-6.9116589691624e-4,-0.00247996034601911,9.9645069167649e-4,0.08810702714971848,5000,10
0.1,3,-3.3840820800268e-4,-0.00247797989519345,0.0023183862725232,0.11207045581214824,5000,10
0.1,4,-0.00259750611884284,-0.00840546969704012,0.00315330839875358,0.30574868741313976,5000,10
0.1,5,7.3880631146932e-4,-0.00100923646363495,0.00262273097870069,0.09120433681588266,5000,10
0.05,0,5.19736784539e-4,-1.0151960087585e-4,0.00124726486913461,0.029742322584014012,5000,10
0.05,1,3.262149963231833e-5,-1.3579714457495e-4,1.8674879153734e-4,0.008866491843895121,5000,10
0.05,2,-4.1007311382222e-4,-0.00200237337279197,0.00144965808235352,0.07658982659881709,5000,10
0.05,3,-6.3215952898467e-4,-0.00213159096810911,8.2387712467429e-4,0.06914986699973283,5000,10
0.05,4,0.00147485321483083,-0.00635817800217109,0.00788571424605913,0.305461920084758,5000,10
0.05,5,1.8476595446668e-4,-0.00175010581741826,0.00187028220624293,0.08004806444530536,5000,10
0.02,0,6.8544675283221e-4,1.0457438315803e-4,0.00131734806328295,0.02972693828100499,5000,10
0.02,1,-2.447699899949473e-5,-1.8089295824263e-4,1.7649790135658e-4,0.008853272117990372,5000,10
0.02,2,-3.3823548187227e-4,-0.00177728633202817,0.00126071981776483,0.07018572750637155,5000,10
0.02,3,-2.2812248413142e-4,-9.9210876167039e-4,5.2191000002264e-4,0.0359544941049925,5000,10
0.02,4,1.6646732562982e-4,-0.0058172858476204,0.00613536263651925,0.30521402511401186,5000,10
0.02,5,-4.81993856864524e-5,-0.00173990076242359,0.00146561989294636,0.07389334199778726,5000,10
0.01,0,1.6386531180068e-4,-3.631729974707e-4,7.5127734724881e-4,0.029717528422425206,5000,10
0.01,1,-3.400587047987684e-5,-2.2677841860894e-4,1.3230275340619e-4,0.008850973088234723,5000,10
0.01,2,6.874091161977761e-5,-0.00132442719372343,0.00148536276643429,0.067489241885148335,5000,10
0.01,3,2.0982568260765e-4,-3.2169265159377e-4,6.3793137848435e-4,0.022672027102070075,5000,10
0.01,4,-0.00567023087266972,-0.01205758615549478,4.926879030365492e-5,0.30515613029089417,5000,10
0.01,5,-1.914977386534e-4,-0.00160901504604337,0.00105922459330452,0.07132538332982116,5000,10
1,0,-2.824921183864697e-5,-4.8003780460116e-4,3.9415745099056e-4,0.022351475851328476,10000,0.05
1,1,-5.988306470725202e-7,-1.3853821863866e-4,1.3337168177384e-4,0.0067763567600553016,10000,0.05
1,2,-0.00231933514130469,-0.00686383835827337,0.00203487725576887,0.21725811680091037,10000,0.05
1,3,-0.00576087969456411,-0.01374781414585813,0.0034233860061116,0.43429448070701143,10000,0.05
1,4,-4.455728983734794e-5,-6.430120545597e-4,3.152215471635e-4,0.021714601188380134,10000,0.05
1,5,0.0023201634555417602,-0.0020521635818191,0.00688185819207353,0.21813397263299703,10000,0.05
0.5,0,-2.0884527154541e-4,-7.2110738696559e-4,3.0609550536013e-4,0.021293113410680225,10000,0.05
0.5,1,6.54272095986537e-5,-5.818997320927461e-5,2.0197375365819e-4,0.0065044705939326505,10000,0.05
0.5,2,0.00118585147123194,-0.00211752028274199,0.00454023531775112,0.15365239434421726,10000,0.05
0.5,3,-0.00358072208566931,-0.01102682810509447,0.00262311199393029,0.3070925494962177,10000,0.05
0.5,4,9.970082264044788e-5,-2.431344711969e-4,4.4503435346674e-4,0.021714556341744125,10000,0.05
0.5,5,-0.00103003106467518,-0.00440102752394628,0.0023076879973088,0.15468598046130416,10000,0.05
0.2,0,4.0713214836309e-4,7.152777784449622e-5,7.49081469981e-4,0.021076177838462315,10000,0.05
0.2,1,-1.309327478108855e-5,-1.3188582151744e-4,1.3189542290731e-4,0.006323706346099479,10000,0.05
0.2,2,-5.5026042220481e-4,-0.00266974730753605,0.00128359971703878,0.09731793608123715,10000,0.05
0.2,3,0.00170163330125461,-0.00270614420796298,0.00626929361489522,0.19422144014377965,10000,0.05
0.2,4,-2.4813330932121e-4,-7.9644241481212e-4,1.0754122600741e-4,0.021714504371814245,10000,0.05
0.2,5,3.1144589677111e-4,-0.00159697733511887,0.00244026817577771,0.09874507982281765,10000,0.05
0.1,0,-3.1245714767938e-4,-6.9154649458757e-4,9.744543448436412e-5,0.021020551840791907,10000,0.05
0.1,1,1.797487477718e-4,5.677316467095372e-5,3.4912119759475e-4,0.006262758068051646,10000,0.05
0.1,2,3.9300807916564e-4,-9.0636793862311e-4,0.00204309438293317,0.0690805831817183,10000,0.05
0.1,3,9.3946212350379e-4,-0.00182999785158664,0.00379080994458271,0.13732344122265558,10000,0.05
0.1,4,4.039037879714611e-5,-4.4208454701742e-4,4.6525302617366e-4,0.02171444660773583,10000,0.05
0.1,5,-2.0125539913242e-4,-0.00179532621115562,0.00131487040334161,0.0709673644433226,10000,0.05
0.05,0,3.1389310136357e-4,-1.1341075589606e-4,6.443312152868e-4,0.02098715164331668,10000,0.05
0.05,1,-1.004401238448576e-5,-1.6195752078541e-4,1.1454149322539e-4,0.006229942063340161,10000,0.05
0.05,2,3.2391772352586e-4,-8.0977194588581e-4,0.00142854430926734,0.049416282013827084,10000,0.05
0.05,3,8.5501886247234e-4,-0.00121856829046391,0.00306728488684521,0.09697998197779101,10000,0.05
0.05,4,-1.6563259101608e-4,-6.2949075789466e-4,2.6595592929577e-4,0.021714344427395914,10000,0.05
0.05,5,-4.8528530098724e-4,-0.00171371301475699,6.201752332371e-4,0.05193880902756358,10000,0.05
0.02,0,6.577677199510851e-5,-3.9189289595654e-4,5.1598969455287e-4,0.0209508483934792,10000,0.05
0.02,1,-4.385553922051689e-5,-1.3997721943178e-4,8.964014966826486e-5,0.006209471532970997,10000,0.05
0.02,2,4.7420618842245e-4,-2.8344703985677e-4,0.0010862427917402,0.03283205175280704,10000,0.05
0.02,3,-5.3652375757925e-4,-0.00203437088131345,7.6864686083636e-4,0.05998368680953314,10000,0.05
0.02,4,2.826499687308e-4,-1.3351161734952e-4,8.1680267698836e-4,0.0217140549541441,10000,0.05
0.02,5,-5.4765976633028e-4,-0.00120935719900726,2.79048666371e-4,0.036442942822588295,10000,0.05
0.01,0,1.9023578797993e-4,-1.9145719841084e-4,5.7666988015786e-4,0.020915095547604606,10000,0.05
0.01,1,-1.128370688182e-4,-2.5996420711763e-4,1.223248193916899e-5,0.0061991546988221895,10000,0.05
0.01,2,3.7373971957157e-4,-2.005932948131e-4,9.1792543411931e-4,0.025220134386133828,10000,0.05
0.01,3,-6.103104014963345e-5,-9.7995556840016e-4,7.1350771469416e-4,0.03959035204958501,10000,0.05
0.01,4,-6.298313873804997e-5,-5.0497291275219e-4,3.8221299942006e-4,0.02171360276081701,10000,0.05
0.01,5,-5.2651427150632e-4,-0.00112195896672681,1.1397272968766e-4,0.029727938795217707,10000,0.05
1,0,2.3830919106601e-4,-1.3836770022188e-4,6.3173458090432e-4,0.022350957695366436,10000,0.1
1,1,1.3278185779514e-4,2.666934201318696e-6,2.916133334711e-4,0.006778138256523611,10000,0.1
1,2,-1.561767638536e-4,-0.00478665719626182,0.00474744445450894,0.21726312506524745,10000,0.1
1,3,-0.00243590636894074,-0.01069760630266455,0.00602024690808061,0.43429447711263947,10000,0.1
1,4,-2.2083803262021e-4,-8.1032732867308e-4,4.2729002432472e-4,0.030708909402681006,10000,0.1
1,5,8.310902813696529e-5,-0.00471759973867444,0.00478052564053818,0.21813896217212464,10000,0.1
0.5,0,2.5779015331134e-4,-2.0234565838433e-4,6.9456443528101e-4,0.021292814910690412,10000,0.1
0.5,1,-3.973747908369455e-5,-1.6377470641863e-4,5.966861318953638e-5,0.006504293880352004,10000,0.1
0.5,2,-4.4721068550791e-4,-0.00410641714217144,0.00292708233322789,0.1536672751744624,10000,0.1
0.5,3,-4.9285873782361e-4,-0.00730696078461508,0.00556657955536592,0.30709247852919536,10000,0.1
0.5,4,3.8776025846067e-4,-2.357124752074e-4,9.8344212418824e-4,0.03070878312261754,10000,0.1
0.5,5,3.1368514855887e-4,-0.00307360504891508,0.00395207753194724,0.15470073733028017,10000,0.1
0.2,0,4.11799416652836e-5,-3.5294384958444e-4,5.9520756884836e-4,0.021071945035251255,10000,0.1
0.2,1,-2.860245532737695e-6,-1.0590812737272e-4,1.258659523542e-4,0.006324906492587867,10000,0.1
0.2,2,-1.5075861830442e-4,-0.00215190918875592,0.00161964650061427,0.09738331165481805,10000,0.1
0.2,3,-0.001373280267792,-0.00518089245047351,0.00235201520270976,0.1942186343670421,10000,0.1
0.2,4,2.6880242797311e-4,-3.1757873881701e-4,8.2216873551235e-4,0.030708636298840918,10000,0.1
0.2,5,1.2893077077505e-4,-0.00162857391349827,0.00217803778198318,0.09880951422700786,10000,0.1
0.1,0,1.0027428515534e-4,-2.3019847169691e-4,5.1685836093316e-4,0.0210186061011255,10000,0.1
0.1,1,-5.175032523536493e-6,-1.551850677883e-4,8.644663530797001e-5,0.006261643936781544,10000,0.1
0.1,2,-6.6251584587676e-4,-0.00188461510527013,7.0022220896037e-4,0.06926725244948713,10000,0.1
0.1,3,5.1347120299383e-4,-0.00199382894478886,0.0028686470260108,0.13728844044618796,10000,0.1
0.1,4,2.0096815243745e-4,-3.4457976506992e-4,9.3601836212812e-4,0.030708473386863437,10000,0.1
0.1,5,6.0259262074337e-4,-7.8309557715461e-4,0.00195524224239825,0.07114923331453228,10000,0.1
0.05,0,-2.8071254203203e-4,-6.6870275603223e-4,1.0256516893222e-4,0.020982451275635552,10000,0.1
0.05,1,-5.234945718897176e-5,-1.7076256370847e-4,7.10971133724082e-5,0.006229564339244152,10000,0.1
0.05,2,2.9179552906792e-4,-6.3915922557075e-4,0.00113490004002536,0.0498778891109305,10000,0.1
0.05,3,0.00105214018967746,-0.00120417762145084,0.00288990096937959,0.09668208925528698,10000,0.1
0.05,4,-4.9289246467044e-4,-0.00108751103924599,4.57332764152981e-5,0.03070818703089829,10000,0.1
0.05,5,-1.5833126959594e-4,-0.00110940793381422,7.3928260192445e-4,0.05237949763681463,10000,0.1
0.02,0,7.004362375119995e-5,-3.4838851760694e-4,5.0298212401831e-4,0.02095260060119364,10000,0.1
0.02,1,-5.025495846123709e-5,-1.8113954272633e-4,8.363409769771387e-5,0.006209631905305985,10000,0.1
0.02,2,2.58433728555e-4,-4.500390882655e-4,9.8351152067905e-4,0.0338104995460425,10000,0.1
0.02,3,4.6908073596161e-4,-9.1058874799379e-4,0.00167212528369756,0.058380850055001515,10000,0.1
0.02,4,4.9013695127204e-4,-2.63960743911061e-5,0.00103845547509238,0.0307073862345876,10000,0.1
0.02,5,-3.500875841853e-4,-0.00117917116570331,4.4368823607109e-4,0.037331275474827806,10000,0.1
0.01,0,-2.0093781999955e-4,-6.3469525378127e-4,2.5208235487728e-4,0.020915339236081017,10000,0.1
0.01,1,-1.875797672692529e-5,-1.1485901552161e-4,8.124025790099567e-5,0.006201388086379499,10000,0.1
0.01,2,-2.4862834084934e-4,-7.4949847869059e-4,3.1855858842895e-4,0.026524229065792094,10000,0.1
0.01,3,-3.347574759552e-4,-0.00122550960364396,3.6570155100376e-4,0.03753347427667268,10000,0.1
0.01,4,-2.8741307708062e-4,-8.7766603826533e-4,4.3530480079808e-4,0.030706173549221335,10000,0.1
0.01,5,3.2737685344474e-4,-3.9852199538966e-4,8.5750855836399e-4,0.03084876561117203,10000,0.1
1,0,-1.058969713787e-4,-5.9329602909511e-4,3.340438155249e-4,0.02235255288383544,10000,0.2
1,1,-6.430890035009986e-5,-1.9396017625276e-4,5.291614758682592e-5,0.006776084517809534,10000,0.2
1,2,-0.00132136978154045,-0.00603309154013101,0.00252793861450675,0.21727315479730305,10000,0.2
1,3,2.0005872041632e-4,-0.00652828957023306,0.00784314217964457,0.43429446273537253,10000,0.2
1,4,-4.7347564716061e-4,-0.00152199515102089,6.0154567950405e-4,0.04342846606557927,10000,0.2
1,5,0.00132701600848476,-0.0025586801315252,0.00606479772326451,0.2181490942028155,10000,0.2
0.5,0,4.739076762101e-4,4.461621159234722e-5,9.6051971845159e-4,0.021293731517002368,10000,0.2
0.5,1,-5.446614299378312e-5,-1.8258798341732e-4,7.252695199777562e-5,0.006504176865539817,10000,0.2
0.5,2,8.4103503974375e-4,-0.00244673068226531,0.00447419591200461,0.1536969855380418,10000,0.2
0.5,3,-0.00614143648008619,-0.01349448539410738,8.6070001143075e-4,0.3070921968899039,10000,0.2
0.5,4,-2.0718423156134e-4,-9.9059345837953e-4,5.5894190524986e-4,0.04342810851650334,10000,0.2
0.5,5,-0.00111047276556621,-0.00477905900352758,0.00216628799277502,0.15473040883450623,10000,0.2
0.2,0,1.074013989870411e-5,-3.250470013126e-4,5.0918851445923e-4,0.02107292709061131,10000,0.2
0.2,1,-2.590948353692913e-5,-1.3970024927488e-4,8.708508396199991e-5,0.0063238712256245885,10000,0.2
0.2,2,-0.0017509021797047,-0.00384061474750128,1.9396244919448e-4,0.09751226394012524,10000,0.2
0.2,3,0.00148587351658575,-0.00199083772655937,0.00452763726816536,0.19420778495643637,10000,0.2
0.2,4,-3.8660390327769e-4,-0.00123615947756939,2.9574099484556e-4,0.04342769450908775,10000,0.2
0.2,5,0.00174460211110315,-2.2798573438332e-4,0.00389909970184705,0.09893710873600815,10000,0.2
0.1,0,-3.8906227247347e-4,-7.4181704727638e-4,7.141987803036431e-6,0.021015165259881494,10000,0.2
0.1,1,-1.470344897210202e-5,-1.243222618019e-4,1.0189115696357e-4,0.0062621161572381364,10000,0.2
0.1,2,-6.6494362007151e-4,-0.00221456079328954,7.2090761811387e-4,0.06962132088750399,10000,0.2
0.1,3,-5.7283132138037e-4,-0.00364111180493371,0.00235932959888601,0.13716487325724067,10000,0.2
0.1,4,-6.693884149531e-4,-0.00150209038948468,5.2129647833768e-4,0.04342723768599483,10000,0.2
0.1,5,8.5388591317797e-4,-6.4077332387424e-4,0.00242927195106915,0.07149524049399072,10000,0.2
0.05,0,2.9324055950222e-4,-4.233215224143087e-5,7.4895198431227e-4,0.020989674508340047,10000,0.2
0.05,1,5.261578237012959e-5,-6.700666654732532e-5,1.7907300863512e-4,0.006231096491310035,10000,0.2
0.05,2,-1.862101188888468e-5,-9.0452576642134e-4,9.0422641205649e-4,0.05066129883352015,10000,0.2
0.05,3,0.00282363938063596,9.1747356353736e-4,0.00505120221660946,0.09588585246163955,10000,0.2
0.05,4,-3.7370002555964e-4,-0.00120667140672528,6.9072828343358e-4,0.04342643837664597,10000,0.2
0.05,5,-1.2959199028927e-4,-9.9865554385601e-4,8.412780635104e-4,0.05313065505375122,10000,0.2
0.02,0,3.4259390779269e-4,-6.838681621581811e-5,8.4408134203971e-4,0.020954496065981876,10000,0.2
0.02,1,-8.434341458969443e-5,-2.1221679225159e-4,4.378328498660162e-5,0.006210186122796501,10000,0.2
0.02,2,-3.2369943638362e-4,-0.00110143494836856,4.4926417140155e-4,0.0351747826837729,10000,0.2
0.02,3,5.4573644687557e-4,-5.2755549752491e-4,0.00163498100598946,0.05601277294880517,10000,0.2
0.02,4,1.0026432887587e-4,-8.9993774319815e-4,0.00105922912895813,0.043424244693076236,10000,0.2
0.02,5,9.65314335539206e-5,-7.9434957833053e-4,8.2454762173054e-4,0.03857642530268986,10000,0.2
0.01,0,-3.4895951101858e-4,-7.6847951335738e-4,1.2995831971785e-4,0.020919022388497747,10000,0.2
0.01,1,-1.0487909886008e-4,-2.3828894182726e-4,1.705404416112413e-5,0.006201712184421125,10000,0.2
0.01,2,-5.115387401997385e-5,-6.7666530174303e-4,4.9042464460435e-4,0.028337718645504086,10000,0.2
0.01,3,2.872274369049635e-5,-5.4294453528667e-4,9.4893798876032e-4,0.03532829714124246,10000,0.2
0.01,4,2.517539945543113e-5,-6.8979568912443e-4,7.721936831627e-4,0.0434211250075997,10000,0.2
0.01,5,1.7731555625863e-4,-4.8069932961134e-4,9.6577655178782e-4,0.03242932405740444,10000,0.2
1,0,1.8464232031719e-4,-2.57101461748e-4,6.3879762244077e-4,0.02235114755627885,10000,0.5
1,1,-6.904584597432934e-6,-1.1436771681921e-4,1.0796594698186e-4,0.006776844362451066,10000,0.5
1,2,-0.00134208085649793,-0.00532387560039129,0.00238911860656614,0.21730320449564056,10000,0.5
1,3,0.00295687595793288,-0.00608256928169291,0.01173617991337106,0.4342943625862141,10000,0.5
1,4,6.3184534161675e-4,-8.9954084615997e-4,0.00213848619463809,0.068664103407067,10000,0.5
1,5,0.0012463693609991,-0.00245365380505289,0.00527865146549431,0.21817899885997943,10000,0.5
0.5,0,6.849365876574541e-5,-3.6472265034314e-4,5.3870509949766e-4,0.021294756577243844,10000,0.5
0.5,1,-1.630156162845251e-5,-1.5056742954324e-4,1.329303361846e-4,0.006504935351280701,10000,0.5
0.5,2,-2.489530198968158e-5,-0.00325622666449609,0.00287756992838462,0.1537859646601446,10000,0.5
0.5,3,-0.00479180662144795,-0.0102197376377739,2.2109399537887e-4,0.3070902265770724,10000,0.5
0.5,4,-6.5602340456076e-4,-0.00217497006053242,5.065636565317e-4,0.06866269276912412,10000,0.5
0.5,5,-3.793223182530604e-5,-0.00307341138366509,0.00327194444790303,0.1548192984240763,10000,0.5
0.2,0,2.8300443764228e-4,-1.6291704276084e-4,6.8944020927435e-4,0.021076650797211355,10000,0.5
0.2,1,5.009253144787944e-6,-1.1918430988814e-4,1.3300182855164e-4,0.006324665170638422,10000,0.5
0.2,2,-7.8958308247839e-4,-0.00271932555742393,0.00175429391605972,0.097888151087569375,10000,0.5
0.2,3,-0.00195889734994797,-0.00589012926594609,0.00149051782915176,0.19413693944664623,10000,0.5
0.2,4,8.6839175160717e-4,-7.3765321331221e-4,0.00223970679077865,0.06866106834893185,10000,0.5
0.2,5,6.2995296644692e-4,-0.0020250730312087,0.00265980905946054,0.09930965597588524,10000,0.5
0.1,0,-8.05809807896741e-5,-5.9569378620234e-4,3.3860340099441e-4,0.02101992823098785,10000,0.5
0.1,1,3.683850131446201e-6,-1.6349052374923e-4,1.1773810291365e-4,0.006263060821743482,10000,0.5
0.1,2,-4.4169362213745e-4,-0.00186881732890494,9.2368584004754e-4,0.07056159079887238,10000,0.5
0.1,3,0.00171843073957821,-0.00147209676461903,0.00470101613047632,0.13652925254900197,10000,0.5
0.1,4,8.8236335524139e-4,-5.5824641621072e-4,0.00244860285636412,0.0686593119026892,10000,0.5
0.1,5,4.5120749062834e-4,-9.3454734254404e-4,0.00184035428653961,0.0724157653809822,10000,0.5
0.05,0,-8.784668472431539e-5,-4.895636897117e-4,4.4021659672452e-4,0.020985581003089,10000,0.5
0.05,1,3.209663067146365e-5,-1.0211017380947e-4,1.6392589054624e-4,0.006231502524020089,10000,0.5
0.05,2,-6.8658689614983e-4,-0.00171701768163034,2.2883675157065e-4,0.05238540466373081,10000,0.5
0.05,3,0.00152293463775497,-6.1416099221418e-4,0.00343703184368676,0.09333624461673418,10000,0.5
0.05,4,1.42760616799926e-5,-0.00136714037062509,0.00129827700967362,0.06865624524900106,10000,0.5
0.05,5,7.8208143551301e-4,-2.8935261629616e-4,0.00198632770906838,0.054783669086749934,10000,0.5
0.02,0,-1.422087247555853e-5,-4.5187396358263e-4,4.6971625676644e-4,0.02095617518268279,10000,0.5
0.02,1,3.495713047155498e-6,-1.4547824779813e-4,1.4254477381544e-4,0.006212570255529847,10000,0.5
0.02,2,0.001104633554823,2.9065860231992e-4,0.00192956992366267,0.03778765076427073,10000,0.5
0.02,3,3.7655232050269e-4,-5.1454042900226e-4,0.00130516645209169,0.05210183510432814,10000,0.5
0.02,4,7.281781501541933e-5,-0.00143242910922845,0.00139818997577269,0.0686481513420591,10000,0.5
0.02,5,-0.00111647168314577,-0.00206157685922138,-2.4792621579462e-4,0.04098606542217391,10000,0.5
0.01,0,-1.8378470260542e-4,-6.5703328658682e-4,2.244332996749e-4,0.02093147592195615,10000,0.5
0.01,1,1.702121735307505e-5,-9.312051322492874e-5,1.2815348620882e-4,0.006205640372946971,10000,0.5
0.01,2,-3.6329251276859e-4,-9.2725024406571e-4,2.7790876138167e-4,0.03194808102685402,10000,0.5
0.01,3,1.1532114201112e-4,-0.00060191443775025005,7.7769277873103e-4,0.032388550072721685,10000,0.5
0.01,4,5.0967486616167e-4,-0.00104111156166692,0.00186893350034607,0.06863848909052107,10000,0.5
0.01,5,4.7871302718831e-4,-1.6040343917702e-4,0.00112006996411294,0.03564697872338356,10000,0.5
1,0,-7.316861243960596e-5,-5.2034002605153e-4,4.7718730240712e-4,0.022353176194065353,10000,1
1,1,1.131509522959249e-5,-1.2719104467442e-4,1.261043903206e-4,0.006777159500767868,10000,1
1,2,-0.001479208627048,-0.00507362405408925,0.00242585093403513,0.21735328883628963,10000,1
1,3,0.00721626154431596,-0.00390971810985315,0.01507139188977754,0.43429400351696,10000,1
1,4,-0.00227665184971452,-0.00419722022168785,-6.5723904590228e-4,0.09710022143071306,10000,1
1,5,0.00150736123956026,-0.0022426722949259,0.00518982225188279,0.2182292222468787,10000,1
0.5,0,-2.2435401133605e-4,-6.5123859202832e-4,2.6233841567717e-4,0.021293946530330867,10000,1
0.5,1,7.155382224063926e-5,-4.493683950748419e-5,1.7057795835922e-4,0.006506373756747143,10000,1
0.5,2,5.4189480966975e-4,-0.00264628014745958,0.00333266269521781,0.15393339065456954,10000,1
0.5,3,5.4775888654284e-4,-0.00450698713430394,0.00653516602059245,0.3070833341681586,10000,1
0.5,4,-4.7006557338126e-4,-0.00251269057648422,0.00127739132332142,0.09709624368225868,10000,1
0.5,5,-3.7512995041324e-4,-0.00328693057539189,0.00285931863589693,0.15496631665632757,10000,1
0.2,0,-3.250265199649204e-5,-4.8952810050948e-4,4.6634533420106e-4,0.021075989763447173,10000,1
0.2,1,-8.491065153865686e-6,-1.3196587040951e-4,1.2274012699953e-4,0.006324422187594861,10000,1
0.2,2,0.00107639823468665,-0.00111269968220957,0.00285620934513926,0.09847743818994364,10000,1
0.2,3,-0.00141389723758125,-0.0049938818605298,0.00254352437712314,0.19391648670177344,10000,1
0.2,4,1.8944655435738e-4,-0.00185377192195066,0.00225185972653752,0.09709173670232987,10000,1
0.2,5,-0.0010416226561395,-0.00297958236997781,0.00134513716156634,0.09989278090650751,10000,1
0.1,0,-2.6249121409992e-4,-7.468925895129e-4,2.2699111648734e-4,0.021018031935104438,10000,1
0.1,1,5.585460513742307e-5,-7.091713312619611e-5,1.7052568218598e-4,0.006264502421554367,10000,1
0.1,2,-6.3385097176664e-4,-0.0018532250580018,0.00118210147395521,0.07184496706059347,10000,1
0.1,3,0.0017187935315175,-0.00155422069509011,0.00429941089745362,0.13509645389735972,10000,1
0.1,4,0.00167207448960144,-1.1384812922319e-4,0.00379845710956152,0.0970868684421073,10000,1
0.1,5,8.1348420005104e-4,-0.00122800129788687,0.00203711803658397,0.07367238763986307,10000,1
0.05,0,3.6037508248057e-4,-6.813586742539121e-5,9.4324830639847e-4,0.0209942879300354,10000,1
0.05,1,1.1857804756109e-4,-2.416388310758408e-5,2.4773455710883e-4,0.006233863642382101,10000,1
0.05,2,8.179212089901064e-5,-0.00105286349399458,0.00115851667435263,0.0543582334111484,10000,1
0.05,3,-0.00227302124678518,-0.00364770938765598,-7.3720949861241e-4,0.08997852358606659,10000,1
0.05,4,-9.4508644817214e-4,-0.00273039125768669,8.552574733608e-4,0.09707845169559746,10000,1
0.05,5,-2.3076747444363e-4,-0.00156074797310905,9.1148170435072e-4,0.056683943824563404,10000,1
0.02,0,-3.2222765258649e-4,-7.3621093245212e-4,1.0705280363463e-4,0.02095855565508821,10000,1
0.02,1,-1.426527960343993e-5,-1.5383901090382e-4,1.3485425134398e-4,0.006214153864828657,10000,1
0.02,2,-2.2703225063563e-4,-0.00118874601308632,5.4333887024931e-4,0.04068811037615018,10000,1
0.02,3,1.3003593412367e-4,-7.7869331416198e-4,0.00105666205333939,0.048957976022671115,10000,1
0.02,4,-4.7960879418272e-4,-0.00267910196145175,0.00134452808169761,0.0970578739125745,10000,1
0.02,5,3.9668991085629e-4,-4.2894221014161e-4,0.00133370582211332,0.04368750347338344,10000,1
0.01,0,-3.7492827311156e-4,-8.047209052835e-4,-7.452824862817857e-5,0.020943551657365566,10000,1
0.01,1,2.073375337804083e-6,-8.595596449764722e-5,1.3033983869831e-4,0.006209083929664612,10000,1
0.01,2,4.9002031049064e-4,-3.9177156377699e-4,0.00128665995511655,0.03590469988448337,10000,1
0.01,3,-6.3144389427403e-4,-0.0012503447203094,-1.622478325075038e-5,0.030169539273806285,10000,1
0.01,4,-9.2324197287544e-4,-0.00303594998669464,0.00127476364959705,0.09703803132365789,10000,1
0.01,5,-3.028985084972e-4,-0.00124045028415079,6.121431421817e-4,0.03925230427268519,10000,1
1,0,7.041392825494835e-5,-3.4414352930216e-4,5.12958007422e-4,0.022370047050376315,10000,10
1,1,9.757935510810555e-5,-3.574451756759114e-5,2.3567509739209e-4,0.0067881897929007355,10000,10
1,2,-0.00413067271501273,-0.00834388300357362,6.7488504442837e-4,0.21824746735240155,10000,10
1,3,-0.00132246510740218,-0.00957566847602533,0.00760181955777073,0.43424858494982455,10000,10
1,4,7.98937003937376e-5,-0.00539577008416571,0.00598004852518004,0.3067499606699365,10000,10
1,5,0.00411457141239982,-6.2617835111696e-4,0.00830890734978957,0.21912435470561833,10000,10
0.5,0,1.4088114813907e-4,-3.6158627923833e-4,5.558312167733e-4,0.021316180115985135,10000,10
0.5,1,7.825577256915551e-6,-1.2014124058595e-4,1.2228109984533e-4,0.006515930991850913,10000,10
0.5,2,0.00169559339827627,-0.0019881090549297,0.00500143224674437,0.15639755663653476,10000,10
0.5,3,-0.00472335341716932,-0.00984521103433053,0.00211949073976283,0.30634507459886395,10000,10
0.5,4,6.022008734803e-4,-0.00626733310420077,0.0069235771762161,0.3066347573720877,10000,10
0.5,5,-0.00175040991557694,-0.00497923403220637,0.0019157681115904,0.1574256205187908,10000,10
0.2,0,-3.75127356821e-4,-8.4538983975558e-4,9.214907573211172e-5,0.021099654765221635,10000,10
0.2,1,8.601859363162637e-5,-4.872023218239098e-5,2.1546357778964e-4,0.006338996616606607,10000,10
0.2,2,-8.847975102357e-4,-0.00281150969450405,0.00163039217317773,0.10528453937946317,10000,10
0.2,3,4.4835409370603e-4,-0.00341689210817652,0.00432377962733302,0.1856073524801297,10000,10
0.2,4,0.00298330089658377,-0.00321906556713487,0.00958435696029235,0.3065139878852761,10000,10
0.2,5,0.00111748395339535,-0.00150542636877625,0.00306455941103853,0.10664106516757833,10000,10
0.1,0,1.2900157510254e-4,-2.7558596918818e-4,5.1093521897239e-4,0.021048746959360314,10000,10
0.1,1,4.602364693913118e-5,-9.025350968778908e-5,1.5677830695481e-4,0.0062803149681524475,10000,10
0.1,2,4.1400937316414e-4,-0.00180349425246386,0.00226918697629863,0.0819891979878649,10000,10
0.1,3,3.1760249517906e-4,-0.00229060381560127,0.00234187127541823,0.11911235474638393,10000,10
0.1,4,-0.00226587813998772,-0.00807931688504807,0.00371909331740112,0.30638506572337293,10000,10
0.1,5,-4.4658161014672e-4,-0.00229401842948733,0.00188407546393951,0.08364087060190604,10000,10
0.05,0,4.620231569245068e-5,-5.0499423965252e-4,5.4156992260509e-4,0.021023467952715126,10000,10
0.05,1,6.646692319823131e-6,-1.2789460496e-4,1.9281466892372e-4,0.00625358915827267,10000,10
0.05,2,4.317434934382872e-5,-0.0010561959255637,0.00138354601253897,0.06815838515148198,10000,10
0.05,3,7.6435201933721e-4,-6.1423721044424e-4,0.00201346072765145,0.0741213663139846,10000,10
0.05,4,-0.00393374142541902,-0.01043112406194572,0.00245195262906893,0.30619665117830513,10000,10
0.05,5,-8.089967048275509e-5,-0.00150687529322743,0.0011365742720424,0.0700846969963699,10000,10
0.02,0,1.8487178052735e-4,-2.4098951576398e-4,6.795108690252e-4,0.021007515449847466,10000,10
0.02,1,-1.1322682906483e-4,-2.2123462972197e-4,2.909584799636107e-6,0.0062405563883679935,10000,10
0.02,2,6.0425377852178e-4,-5.5116788734282e-4,0.00179612814604999,0.060421435562513,10000,10
0.02,3,2.0094752174954e-4,-5.5707183415221e-4,9.0118586501472e-4,0.03863659126202802,10000,10
0.02,4,-0.00355770419357663,-0.01086002463301278,0.00355559589138385,0.30596983060529565,10000,10
0.02,5,-7.3352005413909e-4,-0.00193118848883238,5.683711496675e-4,0.06255198942175916,10000,10
0.01,0,9.269537759851029e-5,-2.6822879621544e-4,6.1247828945953e-4,0.021005125661570798,10000,10
0.01,1,-4.772038661902314e-5,-1.8019928904022e-4,9.258193366905324e-5,0.006238059662656641,10000,10
0.01,2,-1.4287870535671e-4,-0.0014677392625401,9.5436699844886e-4,0.05759237368421916,10000,10
0.01,3,-8.632399579183435e-5,-6.4984723163712e-4,4.2878930120399e-4,0.0238682693314463,10000,10
0.01,4,-6.5510178404547e-4,-0.00741133797120506,0.0054509194386821,0.30589618574085475,10000,10
0.01,5,1.043964782923e-4,-0.00106843668572295,0.00147835426049692,0.05981864578480024,10000,10
1,0,3.9999775483737e-4,-1.499736489417868e-5,8.4160101575632e-4,0.02252936021862161,10000,100
1,1,6.653756004186591e-6,-1.5667950963578e-4,1.2215430367902e-4,0.006875045192590615,10000,100
1,2,-4.0078279446566e-4,-0.00560200161483213,0.0058184533291485,0.22641627241727286,10000,100
1,3,1.0992106386018e-4,-0.00829512826424924,0.0086849322441406,0.43098419767013213,10000,100
1,4,-0.00436832299073296,-0.02291890342747105,0.0140546288862847,0.9615161260789554,10000,100
1,5,1.4911535040903e-4,-0.00612230291978645,0.00532940541333835,0.22730044540642397,10000,100
0.5,0,-1.9675436015146e-4,-6.3682281472828e-4,3.8049316152621e-4,0.02151548547672792,10000,100
0.5,1,8.418644370167941e-5,-4.792712089507136e-5,2.2363923230818e-4,0.006605870553179408,10000,100
0.5,2,-0.00171956433697372,-0.00551542173636981,0.00282831751047279,0.17145195693208937,10000,100
0.5,3,0.00293270573899819,-0.00362170718113476,0.00871286648554092,0.288432543157185,10000,100
0.5,4,-0.00199536835358302,-0.02214866470900157,0.0199686538425663,0.9593458755010451,10000,100
0.5,5,0.00187506745466383,-0.00280123642579083,0.00564986355512681,0.17246165882439235,10000,100
0.2,0,-2.894846648458297e-5,-4.5952611794479e-4,4.6773563740227e-4,0.021326297988897652,10000,100
0.2,1,5.513592231003866e-5,-6.961858567057649e-5,1.7326965592774e-4,0.006438601435087779,10000,100
0.2,2,-0.00183795435699056,-0.0045388535067329,0.00101143980219669,0.12823026583306812,10000,100
0.2,3,1.9996792795665e-4,-0.00290838212939631,0.00292860827149626,0.15575702341087028,10000,100
0.2,4,0.00105638725107447,-0.01531205874981991,0.01844462488675332,0.9569432605395348,10000,100
0.2,5,0.0018986366365727,-9.9677154528307e-4,0.00462611326253657,0.12945324724442353,10000,100
0.1,0,2.0664209368996e-4,-1.3551328880833e-4,6.4180170671557e-4,0.021285702154604624,10000,100
0.1,1,-2.140423341275493e-5,-1.7236048533122e-4,9.802525926758716e-5,0.006391941332703314,10000,100
0.1,2,-3.6607490539611e-4,-0.00254489684365986,0.00206810112552483,0.11293395304743782,10000,100
0.1,3,0.00136576110728711,-5.516753809452169e-5,0.00316672175263033,0.09564330030820874,10000,100
0.1,4,1.756536707238e-4,-0.02265667810177938,0.02056385316389487,0.9549336239489534,10000,100
0.1,5,2.1551528708052e-4,-0.00225266545232911,0.00234330109382328,0.11426355908685634,10000,100
0.05,0,1.0819555075968e-4,-3.4528778640158e-4,4.9644142527626e-4,0.02126473301180925,10000,100
0.05,1,1.759109647350788e-5,-1.4978363988557e-4,1.4649277153589e-4,0.006376111698925035,10000,100
0.05,2,-6.9712706144587e-4,-0.00278804149942556,0.00163433790298762,0.10577186143822558,10000,100
0.05,3,-5.3142583835107e-4,-0.00175708475772218,4.9624016485748e-4,0.058186658085723056,10000,100
0.05,4,0.00336102288214674,-0.01814230958159303,0.02494005623880374,0.953606303434354,10000,100
0.05,5,6.4956707181099e-4,-0.00172950155713931,0.00263906392969261,0.10716504069756587,10000,100
0.02,0,1.7310648048096e-4,-2.0809873903356e-4,6.2923078077611e-4,0.021256525833819127,10000,100
0.02,1,-3.161689187194738e-5,-1.48717463808e-4,1.0535589336532e-4,0.006370559589085639,10000,100
0.02,2,0.00181892716106798,-6.1964584501648e-4,0.00399601009012271,0.10020434215977823,10000,100
0.02,3,4.1234725402087e-4,-2.2817437795251e-4,0.00100565518279377,0.03161553403253502,10000,100
0.02,4,0.00879826777152307,-0.00745549532949342,0.03161282241626202,0.9530492084710204,10000,100
0.02,5,-0.00189868034134326,-0.00412703241692325,6.5486315283848e-4,0.10165367691496303,10000,100
0.01,0,-6.086456140446047e-5,-4.9128130192546e-4,4.1547863676012e-4,0.021256678143138686,10000,100
0.01,1,3.824197091659227e-5,-9.763341955529924e-5,1.7079053595213e-4,0.006370349055169021,10000,100
0.01,2,-5.2955017287611e-4,-0.00264493367778706,0.00125078279347341,0.09829849533430067,10000,100
0.01,3,-6.855685128443697e-5,-4.9083248115653e-4,3.3065267237639e-4,0.020953347118673665,10000,100
0.01,4,0.00785756703700107,-0.0106029482729818,0.02819808330770075,0.9529573881594354,10000,100
0.01,5,6.0118862841996e-4,-0.00126211532721678,0.00267113603897396,0.09978776708067849,10000,100
1,0,5.2717561856279e-4,1.719462369556144e-5,0.00106141194919256,0.023932562550350308,10000,1000
1,1,-7.686606724966022e-5,-2.26036875613e-4,5.524463013670914e-5,0.007518265040222018,10000,1000
1,2,1.3146408112883e-4,-0.00432085182206993,0.00610683114853253,0.27427684299869265,10000,1000
1,3,0.00457999489517134,-0.00303853636611749,0.01369276451050141,0.3844144316030825,10000,1000
1,4,0.01422144578596943,-0.04062804481886052,0.08606468041087317,2.9117492869898074,10000,1000
1,5,-4.6240675126086e-4,-0.00650774649215902,0.00405720898293302,0.2752120523233054,10000,1000
0.5,0,-1.5985532739075e-4,-5.9419776776508e-4,3.5090898752737e-4,0.02316466420445179,10000,1000
0.5,1,6.321975991839373e-5,-7.266436904890397e-5,2.213669059178e-4,0.007230724964743126,10000,1000
0.5,2,0.00187799117468013,-0.00228839552317569,0.00653007737703669,0.22789673204940186,10000,1000
0.5,3,2.517376269208652e-5,-0.00486779466287715,0.00437186019177831,0.23715515110395524,10000,1000
0.5,4,-0.03266004503935738,-0.08339910070793513,0.01948773245546436,2.890159494313283,10000,1000
0.5,5,-0.0017665076488375,-0.00655467635950759,0.00246630703380027,0.22891759547539298,10000,1000
0.2,0,-3.0214820447382e-4,-7.6320374232228e-4,1.1286158985036e-4,0.02297324903542444,10000,1000
0.2,1,-3.249224306176267e-5,-1.7993062894161e-4,9.634951554357033e-5,0.007083729409691192,10000,1000
0.2,2,9.5616073381189e-4,-0.00329603952547962,0.00458857930882384,0.2003769767860449,10000,1000
0.2,3,-3.1261315930665e-4,-0.00262676565904963,0.00240822540516101,0.1228677204037593,10000,1000
0.2,4,-0.02045592014373151,-0.08480383048438411,0.04995110310345261,2.866615909067106,10000,1000
0.2,5,-7.9952672828706e-4,-0.00450080622145494,0.00347265533644573,0.2014382627221785,10000,1000
0.1,0,2.386383849189e-4,-9.11274742883561e-5,7.2054467098955e-4,0.02290288826407316,10000,1000
0.1,1,-1.0763007916741e-4,-2.40582420222e-4,2.559091745657073e-5,0.007056131684458534,10000,1000
0.1,2,0.0022998363566772,-0.0012805472716359,0.00652958331712454,0.1895645996808648,10000,1000
0.1,3,-1.8246830731396e-4,-0.00157492722674886,0.00157527989493072,0.0757252698883067,10000,1000
0.1,4,0.03764120046390673,-0.02116250295074163,0.1023683726518247,2.8589649158426362,10000,1000
0.1,5,-0.00248930813928609,-0.00686839603905098,0.00121302317244688,0.19064758986767136,10000,1000
0.05,0,-9.154328022679798e-5,-5.838041993562e-4,3.4952006830727e-4,0.022877930428777424,10000,1000
0.05,1,-7.568398266544627e-5,-2.2766054775405e-4,8.273919564034872e-5,0.007048008475595379,10000,1000
0.05,2,0.00222862462795337,-0.00161051894584301,0.00554235756702044,0.18311236284689092,10000,1000
0.05,3,-4.1644339079592e-4,-0.00142789384594938,6.0539793217964e-4,0.04879215497485041,10000,1000
0.05,4,0.01257940225781816,-0.05054205792368847,0.07900261374173706,2.856667978196386,10000,1000
0.05,5,-0.00222519130999472,-0.00546722924649792,0.00155703499747362,0.18422721789300442,10000,1000
0.02,0,-4.622827818366598e-6,-4.9992521033432e-4,4.5414785678414e-4,0.02286976541773636,10000,1000
0.02,1,-8.333111881112773e-5,-2.3647665200843e-4,5.973766124017705e-5,0.007045651744776337,10000,1000
0.02,2,-6.0656439308482e-4,-0.00466089291288121,0.00307278590188364,0.1793498943451105,10000,1000
0.02,3,4.52147414013271e-5,-4.583862520612e-4,7.6423659122251e-4,0.028886096013682083,10000,1000
0.02,4,-0.01933273935109075,-0.07739038619261729,0.03638099118423474,2.8559703621989394,10000,1000
0.02,5,5.7528784747875e-4,-0.00304915720042798,0.00460280125918718,0.1804775673713747,10000,1000
0.01,0,-1.7424683257719e-4,-6.5513804005557e-4,3.0676345647941e-4,0.022869941840458843,10000,1000
0.01,1,6.370078032643798e-7,-1.3263456186651e-4,1.4097530330082e-4,0.007046730908714625,10000,1000
0.01,2,8.8916202935003e-4,-0.00266735181899639,0.00508643377444157,0.1778638986129024,10000,1000
0.01,3,1.1844664587605e-4,-2.4856434693834e-4,5.2235891711091e-4,0.019931107568465684,10000,1000
0.01,4,-0.03953453475237273,-0.09562022870380438,0.02945154716048069,2.8557523803617273,10000,1000
0.01,5,-8.1655695039829e-4,-0.00485108648605068,0.002725398974679,0.17902059661609535,10000,1000
1,0,-6.3983409261756e-4,-0.00135222403375325,9.073942172774856e-5,0.03386277330626126,10000,10000
1,1,2.932746990976835e-5,-1.7220640357961e-4,2.304406248685e-4,0.011030626400753949,10000,10000
1,2,0.00410431864507036,-0.00664725483934219,0.01561350040706962,0.5329594218841205,10000,10000
1,3,-3.2101225668894e-4,-0.0073097797700699,0.00436264228590928,0.3107197828749075,10000,10000
1,4,0.0173073544603004,-0.1517000629409891,0.1465799726061998,8.622478691983366,10000,10000
1,5,-0.00375884968104168,-0.01518618010196886,0.00696770165671793,0.5341063165845212,10000,10000
0.5,0,-2.6596952213617e-4,-8.5689048328218e-4,2.7643084594959e-4,0.03320076506931625,10000,10000
0.5,1,-8.93563499475819e-5,-2.8184882261737e-4,9.872962756796965e-5,0.010618729410700698,10000,10000
0.5,2,-0.0012013854039391,-0.01235662486210474,0.00993058266553627,0.4723066033350534,10000,10000
0.5,3,-1.0504976831945e-4,-0.00489901601317927,0.00336858880503301,0.1889181166411776,10000,10000
0.5,4,0.0267290802646351,-0.1543514745295079,0.1891897011545441,8.492419612851368,10000,10000
0.5,5,0.00128944266500732,-0.00987649310016885,0.01247312436495496,0.4735071258603974,10000,10000
0.2,0,2.7661812531749e-4,-4.8353331422396e-4,0.00124215131021841,0.03246607468928204,10000,10000
0.2,1,4.387219510406966e-5,-1.533673374828e-4,2.8675861199121e-4,0.01044819974900461,10000,10000
0.2,2,0.01141477447080726,0.00237002676656227,0.02155242023227817,0.42578497253106246,10000,10000
0.2,3,-5.0473671141367e-4,-0.0022499018928076,0.00163292813916039,0.10172150282975169,10000,10000
0.2,4,0.00419853076722646,-0.1784358373312188,0.1789302223364801,8.405736928343272,10000,10000
0.2,5,-0.01148725252010467,-0.02148948827899685,-0.00249360973559052,0.4270219481571363,10000,10000
0.1,0,-2.6719997486546e-4,-9.1560894487841e-4,2.5094836818948e-4,0.03229340639306374,10000,10000
0.1,1,5.200244199187807e-6,-2.2652743667155e-4,2.5906358611843e-4,0.010420877171927035,10000,10000
0.1,2,0.00630118718121626,-0.0014054369050053,0.01412632391016374,0.40952880782359524,10000,10000
0.1,3,-2.5083963035814e-4,-0.00171359344189586,0.00117808691126994,0.06695332314531527,10000,10000
0.1,4,0.0083577324170928,-0.2076447781559166,0.1895308093938204,8.389849767394344,10000,10000
0.1,5,-0.0061770521182655,-0.01380801262458531,0.0016094764685933,0.41077715621639926,10000,10000
0.05,0,-6.7182973112882e-4,-0.00128696403577727,-6.521792225033874e-5,0.0322429098155976,10000,10000
0.05,1,-2.867702487064907e-5,-2.6173923978504e-4,1.6430667887952e-4,0.010412439161086608,10000,10000
0.05,2,0.00411502665669549,-0.00442027779905799,0.01142067861923226,0.40161641976006096,10000,10000
0.05,3,-1.816218966458908e-5,-8.8838741446926e-4,8.9628850552247e-4,0.045447968845888705,10000,10000
0.05,4,-0.01906001603632913,-0.1655585712595947,0.1546751869564865,8.385840116750929,10000,10000
0.05,5,-0.00374964606926712,-0.01100814032135297,0.00491726182101845,0.40290105888589617,10000,10000
0.02,0,5.1052783161759e-4,-1.035721681806e-4,0.00115630603794388,0.03222788927398706,10000,10000
0.02,1,3.323066444095152e-5,-2.1867641500328e-4,2.3879545038503e-4,0.010412296593106633,10000,10000
0.02,2,-0.00387194159195259,-0.01166524720224163,0.00386048514474513,0.39815388247980754,10000,10000
0.02,3,1.110950358639186e-5,-5.1085346594151e-4,5.3112130581958e-4,0.027991738111899554,10000,10000
0.02,4,0.05188939506779185,-0.1037994776371171,0.2288277775499815,8.384398829572158,10000,10000
0.02,5,0.00363646203562652,-0.00413818278292342,0.0116884966390073,0.39935543957271347,10000,10000
0.01,0,3.178578877336664e-5,-5.2077349818275e-4,6.0303593948575e-4,0.03222672903569892,10000,10000
0.01,1,1.672470658020957e-5,-1.7656172899784e-4,2.1292503579526e-4,0.01041228406476408,10000,10000
0.01,2,0.00391653528843903,-0.00470885961349091,0.01346545403957974,0.3950157706917301,10000,10000
0.01,3,3.6198906322892e-4,-3.22386885622856e-5,7.9335079196467e-4,0.01960753599211155,10000,10000
0.01,4,-0.06451209174329599,-0.2668610394199493,0.1065868980267839,8.384540595989954,10000,10000
0.01,5,-0.00395187458201128,-0.01332252695753326,0.00479465557276776,0.3962861473349968,10000,10000
1,0,-7.5706070111489e-4,-0.00272847637168579,9.5465261427303e-4,0.08081757584813763,10000,100000
1,1,1.6697382508651e-4,-3.9723369374207e-4,7.2669367730071e-4,0.026013910897686836,10000,100000
1,2,-0.01913076134598192,-0.06692649017737426,0.03778399106855759,2.545448447893396,10000,100000
1,3,2.5302919230795e-4,-0.00497777033479817,0.00492222291605812,0.271347859865639,10000,100000
1,4,0.1427468175708242,-0.3886751202036504,0.6643550661366102,26.56785362560326,10000,100000
1,5,0.01970580369916413,-0.03696590287488462,0.06716299781801396,2.5469140422605197,10000,100000
0.5,0,-0.00137028099982361,-0.00286548413683751,6.388261474677151e-5,0.0783000281099431,10000,100000
0.5,1,4.9800057599402e-4,8.74763669980009e-5,9.5174616300135e-4,0.025130645086700223,10000,100000
0.5,2,0.01031564995547467,-0.03134716087688953,0.0549744380265477,2.1538525801803754,10000,100000
0.5,3,5.0401258834321e-4,-0.00289451304151329,0.00386997509968121,0.1685365457036947,10000,100000
0.5,4,-0.1497620496645816,-0.7158780951167161,0.4041889411875862,26.11325180913742,10000,100000
0.5,5,-0.00929410279779997,-0.05339912503478117,0.03230004537160559,2.1556974184726077,10000,100000
0.2,0,2.2512468618916e-4,-0.00131628758073704,0.00195793767226305,0.07583857233071355,10000,100000
0.2,1,2.2415131487044e-4,-2.5934295401279e-4,7.9003414784947e-4,0.024728662979157608,10000,100000
0.2,2,0.00643743122848809,-0.03555620413098397,0.05863708826321289,1.911922987173416,10000,100000
0.2,3,-4.5417713907729e-4,-0.00241834530179738,0.0016079594609808,0.09557174027755647,10000,100000
0.2,4,-0.3164916853469453,-0.8882729071449417,0.2638914955849428,25.852548255886926,10000,100000
0.2,5,-0.006571165417792,-0.05913536187611072,0.03546041379369734,1.9133997466769528,10000,100000
0.1,0,-8.7661745518946e-4,-0.00257184747828605,0.00111797362670677,0.0753371033879769,10000,100000
0.1,1,-1.0597981536741e-4,-6.3589211324081e-4,3.5565872932858e-4,0.024660616908856316,10000,100000
0.1,2,0.04659326915414453,0.00431509179554141,0.08605922037449784,1.824064379504618,10000,100000
0.1,3,-7.8703571193472e-4,-0.00204441902722813,4.2687495371937e-4,0.06459302443324132,10000,100000
0.1,4,0.1487011263759428,-0.4260448658198512,0.7059282658501742,25.807979346189875,10000,100000
0.1,5,-0.04610698716165343,-0.08590038801240095,-0.00382107604155156,1.8257320436521407,10000,100000
0.05,0,-1.9153989195262e-4,-0.00191892774524935,0.00142296428018137,0.07520861448339977,10000,100000
0.05,1,-8.721737881594196e-5,-4.9233193875471e-4,3.8523237803303e-4,0.02464420452204676,10000,100000
0.05,2,0.04014916765409988,0.00740278146084367,0.08251551288554686,1.7855769897667506,10000,100000
0.05,3,-7.2632329743786e-4,-0.00168964037151477,1.5986424681749e-4,0.044576686248354085,10000,100000
0.05,4,-0.1742784477731909,-0.78697207612922,0.3279268935967936,25.796717633770317,10000,100000
0.05,5,-0.04015748439975757,-0.08320696586957652,-0.00674676505383033,1.7871315383449473,10000,100000
0.02,0,-4.1233260760618e-4,-0.00187564325950184,9.0514034129853e-4,0.07517267089953508,10000,100000
0.02,1,1.4179070108025e-4,-3.1460682461511e-4,6.4114069735374e-4,0.024641793331906466,10000,100000
0.02,2,-0.00625567508540331,-0.04645135308881823,0.03376151206807014,1.7735042098042346,10000,100000
0.02,3,4.1832431523224e-4,-6.76182399422495e-5,8.7302702988661e-4,0.027765002913540997,10000,100000
0.02,4,-0.3243831708844681,-0.8138202346211989,0.1442046088598184,25.79347117672074,10000,100000
0.02,5,0.00645516178716634,-0.03367430422168661,0.04705267066741504,1.7752751642215252,10000,100000
0.01,0,-5.4798537598666e-4,-0.00177546842848589,9.3465276105977e-4,0.0751630659550465,10000,100000
0.01,1,2.1836332194516e-4,-3.3914110651733e-4,7.6153102536598e-4,0.02463917565854,10000,100000
0.01,2,0.0048286558700446,-0.03333337676585012,0.03866589737394038,1.7627340431367209,10000,100000
0.01,3,2.5678835634554e-4,-1.1025644015923e-4,6.5761174362341e-4,0.01952766484384244,10000,100000
0.01,4,-0.01561651923739961,-0.5179801290739925,0.6243506080919725,25.792148168410243,10000,100000
0.01,5,-0.004374981461255,-0.0382132405448534,0.0341166252349115,1.7644166375054555,10000,100000
1,0,-0.00105931876302749,-0.00548623147314004,0.00365544154320045,0.24517248675384834,10000,1000000
1,1,2.7521325756912e-4,-0.00159926911350234,0.00238474614170291,0.07843262516490666,10000,1000000
1,2,0.5265513984059799,-0.02346498251257607,1.07961861996222,22.05040418138204,10000,1000000
1,3,-6.8566820613059e-4,-0.0066636503789531,0.00608097035140673,0.2634186013710371,10000,1000000
1,4,-0.9499051903435546,-3.052102936907999,0.990379892969844,83.70314069350763,10000,1000000
1,5,-0.5260351427947172,-1.079118934186182,0.02564010387114286,22.051526998095152,10000,1000000
0.5,0,-3.8450018514947e-4,-0.004994264053888,0.00419203282931476,0.23664965306293576,10000,1000000
0.5,1,0.00178164752396434,2.38046493227667e-5,0.00349667475382255,0.07577443792856704,10000,1000000
0.5,2,-0.125991421912002,-0.60477431932715775,0.277434214594759,18.532056743005782,10000,1000000
0.5,3,7.4977060548885e-4,-0.00360862301301814,0.00408509555237846,0.16537866347429336,10000,1000000
0.5,4,-1.523248467836046,-3.486373678017781,0.07669577068017798,82.25020654002023,10000,1000000
0.5,5,0.126813276891852,-0.2757331727478658,0.6045086460002773,18.53374794465631,10000,1000000
0.2,0,0.00237021836117356,-0.00123107000135554,0.00665717433021807,0.22876398605727674,10000,1000000
0.2,1,4.4320182996404e-4,-0.00115440872365307,0.00190825011697916,0.07453419702157332,10000,1000000
0.2,2,0.2296465750861075,-0.03530677280425972,0.4905942224110363,16.269334356241085,10000,1000000
0.2,3,-0.00271047553799431,-0.00489226551060602,-0.00110297729138771,0.09461069156701292,10000,1000000
0.2,4,-0.5942594879076399,-2.382174820551914,0.7206678949236672,81.42698101523432,10000,1000000
0.2,5,-0.2309870547820271,-0.4925879070907873,0.0340152059297967,16.270797199959425,10000,1000000
0.1,0,-7.349969682370007e-5,-0.00499569197273757,0.00510836651916728,0.22722392660765947,10000,1000000
0.1,1,7.8814509149319e-4,-6.4016106399492e-4,0.00274367385901895,0.0743316828829187,10000,1000000
0.1,2,-0.1612245668141112,-0.5132048253170434,0.1241162952216067,15.615702228260428,10000,1000000
0.1,3,6.6593727781218e-4,-5.6786800111179e-4,0.0020033522305321,0.06428721115161669,10000,1000000
0.1,4,-0.5870052851791061,-2.671541050072784,1.194945413422775,81.28785657145966,10000,1000000
0.1,5,0.1613956056053704,-0.123645734877069,0.5153018260102378,15.61718121777344,10000,1000000
0.05,0,0.0031951417237715,-0.00243487053289333,0.00776282831120318,0.22682097653598784,10000,1000000
0.05,1,-3.432385463468963e-5,-0.00164329993746043,0.00174063515136857,0.07428424226836854,10000,1000000
0.05,2,-0.05515391441242732,-0.3268996044826006,0.3155365027610852,15.245278886769789,10000,1000000
0.05,3,-6.8287609788046e-4,-0.00164432221403639,5.5510346274896e-4,0.04446252078756253,10000,1000000
0.05,4,2.48824283681324,0.7290733086380561,4.489228465681352,81.25142310111454,10000,1000000
0.05,5,0.05391063267605838,-0.3174196207171306,0.3251799968756833,15.247499976173838,10000,1000000
0.02,0,0.00120757754308203,-0.00291274068526501,0.00549934309316006,0.22670137696779255,10000,1000000
0.02,1,-7.5455083223811e-4,-0.00232920952164232,6.394804135969e-4,0.07426308388298206,10000,1000000
0.02,2,-0.1560418582097292,-0.453034678985354,0.1655364817816349,15.06474843336788,10000,1000000
0.02,3,5.4145106919307e-4,7.503901363721525e-6,0.00108354261858334,0.02773299619355705,10000,1000000
0.02,4,0.2965184430487484,-1.231737497731752,1.865220202469848,81.24306381645935,10000,1000000
0.02,5,0.155132542038031,-0.1660605710697878,0.45121662392872,15.066636490473154,10000,1000000
0.01,0,7.9381620521242e-4,-0.0030970327920885,0.00562445518006119,0.22669454150602494,10000,1000000
0.01,1,-0.00175711079122268,-0.00316983429534752,-6.0488420275293e-4,0.0742622240626485,10000,1000000
0.01,2,-0.1708718785791789,-0.487595592406025,0.1128906218282213,14.958672610144648,10000,1000000
0.01,3,3.0623858073027e-4,-1.1475973449941e-4,7.1085144339446e-4,0.01951618455459058,10000,1000000
0.01,4,1.264866637549938,-0.770233665500154,3.602586319191749,81.2417515264146,10000,1000000
0.01,5,0.169513699492793,-0.1143244461274342,0.4867511368385359,14.959677673874989,10000,1000000
1,0,0.00636262853278369,-0.01021220823039077,0.02084752802200192,0.7719266006998664,10000,10000000
1,1,-0.00535594891419743,-0.01008934898721714,7.0736248790952e-4,0.24676354408915618,10000,10000000
1,2,1.578294242995991,-2.81622750670945,5.923011511511156,217.99794512021862,10000,10000000
1,3,-4.1634751759475e-4,-0.00579859836594767,0.00536680210068397,0.26309329198202247,10000,10000000
1,4,5.702794626017885,0.03117961555339795,12.77736546612555,264.59178868927734,10000,10000000
1,5,-1.582976149992935,-5.932856957926344,2.809027352599148,217.99801599252586,10000,10000000
0.5,0,0.00427249144945343,-0.0119044426158083,0.01905471530809582,0.744748983550192,10000,10000000
0.5,1,0.00123654829873679,-0.00318936061239834,0.00610692014358322,0.23838387433906524,10000,10000000
0.5,2,-0.07457523583985852,-4.702053015353941,3.302168857442469,181.78942048272654,10000,10000000
0.5,3,-3.719330241616e-4,-0.00337571365837017,0.00333910428530476,0.16491529403764588,10000,10000000
0.5,4,-2.278553451890366,-7.31978271511446,2.8741909742821,259.9908938695095,10000,10000000
0.5,5,0.07201295771704377,-3.306147352605877,4.698295095080449,181.7911392057743,10000,10000000
0.2,0,-0.00138848169717978,-0.01268581822896667,0.01353747442629071,0.719782232158442,10000,10000000
0.2,1,-0.00109774878149955,-0.00553659141449067,0.00276053327331382,0.2344669146376282,10000,10000000
0.2,2,1.139848958921571,-2.504306373097593,4.651572770452225,160.072938683963,10000,10000000
0.2,3,-0.00228254198556805,-0.00408371975173583,-4.1168660874451e-4,0.09453705008344866,10000,10000000
0.2,4,1.48990308535155,-3.515959123600231,6.154577669341718,257.38671725032196,10000,10000000
0.2,5,-1.13952293452701,-4.653171550440019,2.502024703418053,160.07352044370148,10000,10000000
0.1,0,-0.00588553684482914,-0.01810496636981689,0.00703154719957451,0.7149269107847096,10000,10000000
0.1,1,0.00319039266188684,-0.001254820546209,0.00748752670664637,0.2338354550113191,10000,10000000
0.1,2,-1.670162880449493,-5.250519202839277,1.536256653993621,153.2116947515006,10000,10000000
0.1,3,-1.447744818286e-4,-0.00146067310866433,0.00121386954199412,0.06424616558534042,10000,10000000
0.1,4,-4.256850899539161,-8.046181180740938,0.8736574807303281,256.94917414529135,10000,10000000
0.1,5,1.673754942053581,-1.538814747587314,5.254627681007584,153.214751740289,10000,10000000
0.05,0,-0.00662062146947406,-0.02138925140878988,0.00789379678317784,0.7136530134835263,10000,10000000
0.05,1,0.00206351567760462,-0.00247274843823732,0.00637609952046036,0.2336724125073462,10000,10000000
0.05,2,0.32863042245276203,-2.655029408134737,3.135945272769207,149.2444911180595,10000,10000000
0.05,3,5.7681641644607e-4,-1.5080866776085e-4,0.00147677786267753,0.04444361504834795,10000,10000000
0.05,4,-1.628814881124037,-7.637470847646487,3.785373711339205,256.83723605000444,10000,10000000
0.05,5,-0.3245464006488348,-3.128048660945264,2.657828246530999,149.2476366273489,10000,10000000
0.02,0,-0.00648457912811416,-0.02676169899785453,0.00968718840026864,0.7132900370709278,10000,10000000
0.02,1,0.00199434154938343,-0.00301497884235444,0.0072757538608655,0.23362362194280925,10000,10000000
0.02,2,-0.5438726495997952,-3.835431697557385,2.698606297037956,147.45151801796968,10000,10000000
0.02,3,7.306798970153275e-5,-4.5566925742729e-4,6.8436593725498e-4,0.027728069740485722,10000,10000000
0.02,4,-1.521407203405278,-7.452695894670129,3.776093306375246,256.80531243683987,10000,10000000
0.02,5,0.5478060353764826,-2.692382417357639,3.831912816519505,147.4532566994486,10000,10000000
0.01,0,-0.00617260149397622,-0.02190677704707845,0.00719416303048837,0.7132508726356358,10000,10000000
0.01,1,0.0010473572537109,-0.00397648520557006,0.00558637380416962,0.23362464852378811,10000,10000000
0.01,2,-2.014597194758342,-5.337444739208857,0.7526611398424417,146.95087850241399,10000,10000000
0.01,3,-8.724323855133215e-7,-4.1271982493467e-4,3.8229100977406e-4,0.019515115071926683,10000,10000000
0.01,4,1.92549037447726,-2.87367871529006,7.021279000424278,256.8010616033021,10000,10000000
0.01,5,2.01793240491104,-0.7484177968054451,5.337853019017919,146.95420646153707,10000,10000000
