nch,z,interval,rank,share,c,mag,sigma,dompar
5,0.1,0.01,1,0.052119818133325245,0.06874322893076777,0.3011122899443667,0.33913710276262904,6
5,0.1,0.01,2,0.14231663339377237,-0.11359424058527587,0.3011122899443667,0.18555384481691822,1
5,0.1,0.01,3,0.0867536010319289,0.08868950624683196,0.3011122899443667,0.12737484525383216,2
5,0.1,0.01,4,0.1218659190368334,-0.10511619107570065,0.3011122899443667,0.0341956787474316,3
5,0.1,0.01,5,0.5842496477050307,-0.2301588671451284,0.3011122899443667,0.023313064491581444,5
5,0.1,0.01,6,0.012694380699109279,0.0339261236728857,0.3011122899443667,0.020185509440845885,4
5,0.1,0.02,1,0.02568814982355091,0.03819639430476432,0.2383175114074153,0.33806406373078224,6
5,0.1,0.02,2,0.10653279106366957,-0.07778531375608375,0.2383175114074153,0.19920494568497019,1
5,0.1,0.02,3,0.08537541608979018,0.069634164935039,0.2383175114074153,0.12821615293259842,2
5,0.1,0.02,4,0.10963780058349178,-0.07891073935370757,0.2383175114074153,0.03645498090605489,3
5,0.1,0.02,5,0.03958943444078103,-0.04741825894956168,0.2383175114074153,0.0292486499537449,4
5,0.1,0.02,6,0.6331764079987166,-0.18963492208991842,0.2383175114074153,0.023405778143605206,5
5,0.1,0.05,1,1.841492149356132e-4,0.003150159781688613,0.23213875273527892,0.3407129641910032,6
5,0.1,0.05,2,0.012179599597686157,-0.025619116716067748,0.23213875273527892,0.23495711543747924,1
5,0.1,0.05,3,0.21669308369897886,-0.10806129596024443,0.23213875273527892,0.13188763230430728,2
5,0.1,0.05,4,0.34604265312700033,-0.1365565270839412,0.23213875273527892,0.053429180859581975,4
5,0.1,0.05,5,0.008730563518451676,-0.021690461121438645,0.23213875273527892,0.0382115964308811,3
5,0.1,0.05,6,0.4161699508429474,-0.1497555775122715,0.23213875273527892,0.023502141476519498,5
5,0.1,0.1,1,0.043166268186473865,0.04394867691433375,0.21153077120129762,0.35652038405539377,6
5,0.1,0.1,2,0.00343479179938865,-0.01239720439130735,0.21153077120129762,0.27231904399959145,1
5,0.1,0.1,3,0.1902871853545466,0.09227378255370296,0.21153077120129762,0.13798489174458595,2
5,0.1,0.1,4,0.5333782968225802,-0.1544867450344767,0.21153077120129762,0.0835584581527002,4
5,0.1,0.1,5,5.676177921122483e-4,-0.005039663655014976,0.21153077120129762,0.04176698646293516,3
5,0.1,0.1,6,0.22916584004489834,0.10126246460512521,0.21153077120129762,0.02371609828045124,5
5,0.1,0.2,1,0.040507908296222236,0.04821004970723079,0.23953427760943402,0.4551694343252911,6
5,0.1,0.2,2,0.054812424413124776,0.05607989297124887,0.23953427760943402,0.296368416689737,1
5,0.1,0.2,3,0.48012128057247233,0.16597517991356892,0.23953427760943402,0.15403324877658398,2
5,0.1,0.2,4,0.3760025759396156,-0.1468801408468485,0.23953427760943402,0.1293699922876208,4
5,0.1,0.2,5,4.6495452297615264e-6,5.165030716219841e-4,0.23953427760943402,0.04648866476096728,3
5,0.1,0.2,6,0.0485511612333353,0.05277976850535061,0.23953427760943402,0.02397207758094098,5
5,0.1,0.5,1,0.17610717952786475,-0.11574012880820904,0.2758007421919635,0.6999954163205675,6
5,0.1,0.5,2,0.06275155110288237,0.069088802173139785,0.2758007421919635,0.2954283985920778,1
5,0.1,0.5,3,0.7341874270999821,0.23631914246200025,0.2758007421919635,0.24460379520028178,4
5,0.1,0.5,4,0.00713087976720599,-0.023289865877509558,0.2758007421919635,0.1884457000102149,2
5,0.1,0.5,5,0.0038055686537864426,0.017013952309495865,0.2758007421919635,0.053396752005325863,3
5,0.1,0.5,6,0.01601739384827831,-0.034905298618125156,0.2758007421919635,0.02500565242923088,5
5,0.1,1,1,0.2136331731245887,-0.11911072413872388,0.2577012465823682,0.8287640213766521,6
5,0.1,1,2,0.1392903249340933,0.09617827756514534,0.2577012465823682,0.39770657260792386,4
5,0.1,1,3,0.2741246939601905,0.13492443225660566,0.2577012465823682,0.27198514979617355,1
5,0.1,1,4,0.33962575092618735,0.15018163399999962,0.2577012465823682,0.2393109860760055,2
5,0.1,1,5,0.030097877594881414,0.044707918976078106,0.2577012465823682,0.05687550638618511,3
5,0.1,1,6,0.00322817946005863,0.014641829803970616,0.2577012465823682,0.026858645378956787,5
5,1,0.01,1,0.018791337831437264,0.016751513145361475,0.12220112167605482,0.6465772813145777,6
5,1,0.01,2,0.08517341644700543,-0.03566376802024708,0.12220112167605482,0.3320817787806562,1
5,1,0.01,3,0.0048064095931399115,0.008471992861930108,0.12220112167605482,0.20921054456744526,2
5,1,0.01,4,0.6743507366304166,-0.10035016950530692,0.12220112167605482,0.07547647616795031,5
5,1,0.01,5,0.1890043847476486,0.05312649103965508,0.12220112167605482,0.05280564954401462,3
5,1,0.01,6,0.027873714750352233,0.020401994114344776,0.12220112167605482,0.01967753400959945,4
5,1,0.02,1,0.06377624733218248,0.025274609162273694,0.10008176779140411,0.6646766815453418,6
5,1,0.02,2,0.038238572442050436,-0.01957067491951988,0.10008176779140411,0.33157149240771355,1
5,1,0.02,3,0.017308875947337796,0.013167077766597006,0.10008176779140411,0.20987556846199637,2
5,1,0.02,4,0.7619517031284899,-0.08736121992770428,0.10008176779140411,0.07557726422627822,5
5,1,0.02,5,0.10827266368758058,0.0329317172965457,0.10008176779140411,0.052928035138109425,3
5,1,0.02,6,0.010451937462358764,0.010231831257081209,0.10008176779140411,0.028168786860662022,4
5,1,0.05,1,0.09403092591270969,0.03273023220642801,0.10673668983705033,0.7081138832648844,6
5,1,0.05,2,0.013085348747159746,-0.012209739018761663,0.10673668983705033,0.32943208950070546,1
5,1,0.05,3,0.07564951370551534,0.02935734661388398,0.10673668983705033,0.21259293312064353,2
5,1,0.05,4,0.7196594701005372,-0.09054766439386866,0.10673668983705033,0.07611059629289058,5
5,1,0.05,5,0.06530427771775554,0.027276242654754132,0.10673668983705033,0.05364924034519372,3
5,1,0.05,6,0.03227046381632234,0.019174159418975524,0.10673668983705033,0.04575235881155689,4
5,1,0.1,1,0.022840681663999184,0.013341120563202509,0.08827501060299249,0.7493342750211381,6
5,1,0.1,2,0.05328661001864984,-0.020377308690293937,0.08827501060299249,0.3266257202219663,1
5,1,0.1,3,0.05901085373354286,0.02144389772860658,0.08827501060299249,0.21755102290781053,2
5,1,0.1,4,0.8519735429690215,-0.081479964786382,0.08827501060299249,0.07826149658893343,5
5,1,0.1,5,2.7218978374968988e-5,4.6054671476099376e-4,0.08827501060299249,0.06797854587870053,4
5,1,0.1,6,0.012861092636411612,0.01001098271677338,0.08827501060299249,0.05302539025210195,3
5,1,0.2,1,0.17044816421265302,0.043310319928317104,0.10490476803193571,0.8264189204504442,6
5,1,0.2,2,0.002045098706324262,-0.0047440839412685055,0.10490476803193571,0.32508566062548105,1
5,1,0.2,3,0.19558490117709487,0.0463941145286635,0.10490476803193571,0.2277601158266157,2
5,1,0.2,4,0.3820113806553983,-0.06483856260096452,0.10490476803193571,0.10888471516993732,4
5,1,0.2,5,0.2401885478833759,-0.051412814130422195,0.10490476803193571,0.07601999887497811,5
5,1,0.2,6,0.0097219073651537,0.010343582127675966,0.10490476803193571,0.05377300207942646,3
5,1,0.5,1,0.0026795263025762685,0.005445586345842143,0.1051999749515148,0.9426089403828298,6
5,1,0.5,2,0.03692425567276614,-0.02021489599039513,0.1051999749515148,0.32346656092799675,1
5,1,0.5,3,0.31639588959103987,-0.05917401708917349,0.1051999749515148,0.25447803382316353,2
5,1,0.5,4,0.4301702064697783,0.06899788848019908,0.1051999749515148,0.19923937107481568,4
5,1,0.5,5,0.08368100973628569,0.030431901698318994,0.1051999749515148,0.0789775451855424,5
5,1,0.5,6,0.13014911222755376,0.0379521375560704,0.1051999749515148,0.0549562165721747,3
5,1,1,1,0.03481225848072735,0.017388520315121135,0.09319584004654549,1.0581626809771902,6
5,1,1,2,0.2635779311575864,-0.04784659644042278,0.09319584004654549,0.37182900255043966,4
5,1,1,3,0.30598801426223776,0.05155238177334984,0.09319584004654549,0.2948499715172076,4
5,1,1,4,0.1685765952806453,-0.03826442278452102,0.09319584004654549,0.27456348841967837,2
5,1,1,5,0.20539726554545912,-0.0422370770678895,0.09319584004654549,0.08273557161321021,5
5,1,1,6,0.021647935273344052,0.013712125127879046,0.09319584004654549,0.056107451604369134,3
10,0.05,0.01,1,0.01774284405965783,0.02953001748619905,0.22169305407977952,0.309899537235402,6
10,0.05,0.01,2,0.011775720989590606,-0.024057242162914078,0.22169305407977952,0.23866028557519248,1
10,0.05,0.01,3,0.07243146071920677,0.05966445915206068,0.22169305407977952,0.08539602746307387,2
10,0.05,0.01,4,0.027991995905346737,0.03709104073273089,0.22169305407977952,0.030187176838796702,3
10,0.05,0.01,5,0.05325593254021845,-0.051160653494265386,0.22169305407977952,0.020821404448265083,4
10,0.05,0.01,6,0.8168020457859797,0.20035975628727049,0.22169305407977952,0.017858197928483935,5
10,0.05,0.02,1,0.023407874895713613,-0.03318405875435252,0.21689448525522617,0.3253293914348945,6
10,0.05,0.02,2,0.021641952584581865,-0.03190779039087777,0.21689448525522617,0.2410818777718051,1
10,0.05,0.02,3,0.09921427501258406,0.06831807038954481,0.21689448525522617,0.08694444366862211,2
10,0.05,0.02,4,0.06454290047410656,-0.05510268342100634,0.21689448525522617,0.03416325191403499,4
10,0.05,0.02,5,0.038530394555740234,-0.04257456682654102,0.21689448525522617,0.028365734336646298,3
10,0.05,0.02,6,0.7526626024772736,0.18816926074328655,0.21689448525522617,0.01784186364630842,5
10,0.05,0.05,1,0.06653099368066365,-0.046671394075483,0.18094174256665213,0.40085377634541625,6
10,0.05,0.05,2,0.011851523090397057,0.01969816867516227,0.18094174256665213,0.2464510097259758,1
10,0.05,0.05,3,0.2281540878820473,0.0864276880538573,0.18094174256665213,0.0917107187338025,2
10,0.05,0.05,4,0.24578159249498643,-0.08970433797189788,0.18094174256665213,0.059039569053372376,4
10,0.05,0.05,5,0.00880349683421404,-0.016977212110327426,0.18094174256665213,0.03126931723514565,3
10,0.05,0.05,6,0.43887830601769157,-0.11987008836487127,0.18094174256665213,0.017912676424054908,5
10,0.05,0.1,1,0.050055708278046396,-0.04703849090715531,0.21024543494908005,0.4656797625302986,6
10,0.05,0.1,2,0.02541439781305423,0.03351710397212287,0.21024543494908005,0.24626692917495294,1
10,0.05,0.1,3,0.6383453679993879,0.1679787829817678,0.21024543494908005,0.10487975082640226,4
10,0.05,0.1,4,0.17142275229931644,-0.0870484027372117,0.21024543494908005,0.08773700012735991,4
10,0.05,0.1,5,0.0016554372288810216,0.00855426960168025,0.21024543494908005,0.03349930469883709,3
10,0.05,0.1,6,0.11310633638131405,-0.07070824246064486,0.21024543494908005,0.018005780475193876,5
10,0.05,0.2,1,0.054190767481571776,-0.05521990652063057,0.23721001239505715,0.5402418191346199,6
10,0.05,0.2,2,0.06626165032479017,0.061061032038071894,0.23721001239505715,0.245055014389368,1
10,0.05,0.2,3,0.8374143000750986,-0.2170716975902254,0.23721001239505715,0.15246880727350254,4
10,0.05,0.2,4,3.309466708489844e-5,-0.001364620919061437,0.23721001239505715,0.10929589182963163,2
10,0.05,0.2,5,4.444454146690063e-4,0.005000831611512954,0.23721001239505715,0.03663573035648365,3
10,0.05,0.2,6,0.04165574203678552,0.048413942919368055,0.23721001239505715,0.01818141418780123,5
10,0.05,0.5,1,0.272052735880455,-0.12827145199192586,0.24592544277379083,0.6065010447437208,6
10,0.05,0.5,2,0.33306489088157176,-0.14192793681996876,0.24592544277379083,0.27397286343643834,4
10,0.05,0.5,3,0.3799364791363072,-0.151585953156835,0.24592544277379083,0.23379761618586128,1
10,0.05,0.5,4,0.0011851666916959114,0.008466290783697162,0.24592544277379083,0.15349604027333266,2
10,0.05,0.5,5,0.012123827668824739,0.027078421196055205,0.24592544277379083,0.040116067150609475,3
10,0.05,0.5,6,0.0016368997411454506,-0.009949803456542079,0.24592544277379083,0.01911450238424825,5
10,0.05,1,1,0.3237891430652694,-0.12959702436740353,0.2277528859329193,0.6909655698106524,6
10,0.05,1,2,0.08819779390068612,0.06763831031648328,0.2277528859329193,0.4215030900777569,4
10,0.05,1,3,0.14280189524643064,0.0860658524148378,0.2277528859329193,0.24657743218244005,1
10,0.05,1,4,0.4204726801928663,-0.14768377342766337,0.2277528859329193,0.1845180619517686,2
10,0.05,1,5,0.02404752456580417,0.03531824194223947,0.2277528859329193,0.04163381125032847,3
10,0.05,1,6,6.909630289433264e-4,0.005986752358538284,0.2277528859329193,0.02053883734381719,5
10,0.1,0.01,1,0.0243824025937168,-0.03223677847983003,0.2064492863567508,0.38489653569965776,6
10,0.1,0.01,2,0.00536693726809007,-0.015124347438692051,0.2064492863567508,0.24935687685259675,1
10,0.1,0.01,3,0.0138354836461587,0.024283459546770473,0.2064492863567508,0.09513784937110158,2
10,0.1,0.01,4,0.01835073008776209,-0.027966625039644855,0.2064492863567508,0.03324386694694732,3
10,0.1,0.01,5,0.8990195859106296,-0.19574828357556429,0.2064492863567508,0.025030779146348017,5
10,0.1,0.01,6,0.039044860493642725,-0.0407939090865356,0.2064492863567508,0.020470041912143966,4
10,0.1,0.02,1,0.030826707966107068,-0.032007239113732745,0.18229914853937573,0.39935247768848364,6
10,0.1,0.02,2,0.008755148690379858,-0.017057540193598616,0.18229914853937573,0.2483328570863806,1
10,0.1,0.02,3,0.055706010621802936,0.04302646525409927,0.18229914853937573,0.0963789077117082,2
10,0.1,0.02,4,0.09250412962164312,-0.055445359127373556,0.18229914853937573,0.03478589406245186,3
10,0.1,0.02,5,0.00757032226127038,-0.01586141119061113,0.18229914853937573,0.029399313417810394,4
10,0.1,0.02,6,0.8046376808387967,-0.16352525064667597,0.18229914853937573,0.025060990157976,5
10,0.1,0.05,1,0.01263018561837462,-0.019093753698546278,0.16989728917365535,0.4533996719917908,6
10,0.1,0.05,2,0.008867720763377798,0.015998985839622625,0.16989728917365535,0.24842474704729245,1
10,0.1,0.05,3,0.19363971232303953,0.07476247390694267,0.16989728917365535,0.10080879031240471,2
10,0.1,0.05,4,0.29101855509289115,-0.09165302207322602,0.16989728917365535,0.05567101483426066,4
10,0.1,0.05,5,3.8201593838962795e-6,3.3206812570347186e-4,0.16989728917365535,0.03359103185268075,3
10,0.1,0.05,6,0.49384000604293293,-0.11939319771778382,0.16989728917365535,0.025154472442595856,5
10,0.1,0.1,1,0.003890107658720976,-0.010425136344165148,0.16714790333298082,0.4871898774241391,6
10,0.1,0.1,2,0.019018803193163035,0.023051146212746548,0.16714790333298082,0.24772358851321538,1
10,0.1,0.1,3,0.46312080482712514,0.11374912875146467,0.16714790333298082,0.10997610303085362,2
10,0.1,0.1,4,0.24995170642349254,-0.08356587910656112,0.16714790333298082,0.08603153451398163,4
10,0.1,0.1,5,9.059537274666952e-4,0.00503099564477436,0.16714790333298082,0.03501792927702924,3
10,0.1,0.1,6,0.26311262417003156,-0.08573768960817776,0.16714790333298082,0.02527793026396834,5
10,0.1,0.2,1,0.0386123813420288,-0.04320170022668451,0.21985560687126646,0.5555003274154362,6
10,0.1,0.2,2,0.015810939337643534,0.027644986481286653,0.21985560687126646,0.24610353163459725,1
10,0.1,0.2,3,0.8723398309900412,-0.20534323378565938,0.21985560687126646,0.14758626569444183,4
10,0.1,0.2,4,1.2803323739345818e-8,2.4877051727597506e-5,0.21985560687126646,0.11431072678976945,2
10,0.1,0.2,5,5.561294541721474e-4,-0.005184722231447077,0.21985560687126646,0.037303739912410025,3
10,0.1,0.2,6,0.07268070607279051,0.05927166327739673,0.21985560687126646,0.025546923768612936,5
10,0.1,0.5,1,0.12422894762475711,-0.07800320388040284,0.22130999992473604,0.6213111965177962,6
10,0.1,0.5,2,0.3796018426769724,0.13635315584819035,0.22130999992473604,0.2681555118052977,4
10,0.1,0.5,3,0.43119219052093954,0.14532371160407184,0.22130999992473604,0.23474539023236757,1
10,0.1,0.5,4,0.04210865049057039,0.04541368044035518,0.22130999992473604,0.15663466361088113,2
10,0.1,0.5,5,5.192610051783029e-4,0.005043057185926738,0.22130999992473604,0.04039036412875226,3
10,0.1,0.5,6,0.022349107681582197,-0.033084999471292294,0.22130999992473604,0.026640395958528854,5
10,0.1,1,1,0.24860978674460193,-0.08875281590263358,0.1780012411382801,0.7054313935887261,6
10,0.1,1,2,0.20473384928221,0.08054115557680543,0.1780012411382801,0.4143993542616999,4
10,0.1,1,3,0.1733537631631188,0.07411219351672337,0.1780012411382801,0.24926932723620657,1
10,0.1,1,4,0.32752221749763366,-0.1018693214556194,0.1780012411382801,0.1857590098503052,2
10,0.1,1,5,0.02753546011516309,0.029537191551379564,0.1780012411382801,0.041915039670332735,3
10,0.1,1,6,0.01824492319727253,0.024043298609856604,0.1780012411382801,0.028401699931086353,5
10,0.2,0.01,1,0.007935725219089975,-0.013819007613297976,0.15512562536147909,0.45711667504813014,6
10,0.2,0.01,2,0.006337203391752322,-0.012349016425352133,0.15512562536147909,0.2526476082966645,1
10,0.2,0.01,3,0.024573663984721134,0.02431747639925624,0.15512562536147909,0.10752400812638188,2
10,0.2,0.01,4,0.4329340156128714,-0.10206912696859943,0.15512562536147909,0.03726762985948075,5
10,0.2,0.01,5,0.5153168316067992,-0.11135781714613359,0.15512562536147909,0.03380517467508069,5
10,0.2,0.01,6,0.012902560184766028,-0.017620632440062442,0.15512562536147909,0.020196047434387892,4
10,0.2,0.02,1,0.012342415397497537,-0.017545421768299315,0.1579296718701335,0.47717062727143256,6
10,0.2,0.02,2,0.005377825923721361,-0.011581561113585912,0.1579296718701335,0.25158345889735445,1
10,0.2,0.02,3,0.0633937362428121,0.03976371087351735,0.1579296718701335,0.10868498534028594,2
10,0.2,0.02,4,0.5038208306297774,-0.11209901404692195,0.1579296718701335,0.037712185168816394,5
10,0.2,0.02,5,0.40249260564364886,0.10019422402278032,0.1579296718701335,0.03397973888956618,5
10,0.2,0.02,6,0.012572586162542629,-0.017708266259039148,0.1579296718701335,0.0292907220149721,4
10,0.2,0.05,1,0.006781756359322616,-0.010802101700616242,0.13117080086671631,0.5062712175017623,6
10,0.2,0.05,2,0.005089067271831,-0.009357423085194836,0.13117080086671631,0.25030350005284674,1
10,0.2,0.05,3,0.045276024546551275,0.027910737581569738,0.13117080086671631,0.11268791311326602,2
10,0.2,0.05,4,0.22426155432964381,-0.062117588024615665,0.13117080086671631,0.05280122321837805,4
10,0.2,0.05,5,0.1838683911032219,-0.056245878981579595,0.13117080086671631,0.03706752230308175,5
10,0.2,0.05,6,0.5347232063894295,-0.09591834712564813,0.13117080086671631,0.03405690604280514,5
10,0.2,0.1,1,0.018630342972126287,-0.019407913337950108,0.14218979211034663,0.5440117441080577,6
10,0.2,0.1,2,0.0037780911721706873,0.008739863226909821,0.14218979211034663,0.24939360290281287,1
10,0.2,0.1,3,0.2202169801238348,0.06672580479959818,0.14218979211034663,0.11991227917086424,2
10,0.2,0.1,4,0.21965184018530823,-0.06664013102096852,0.14218979211034663,0.08204367886850203,4
10,0.2,0.1,5,0.167520015641918,-0.05819715731203005,0.14218979211034663,0.037869073230087556,3
10,0.2,0.1,6,0.370202729904642,-0.08651436564627878,0.14218979211034663,0.034387048288067705,5
10,0.2,0.2,1,2.8379542428548545e-6,2.650881321277131e-4,0.15735755195226964,0.5826791641185839,6
10,0.2,0.2,2,0.0021506249567720868,0.007297429889377033,0.15735755195226964,0.24748457284751676,1
10,0.2,0.2,3,0.6627610023431643,-0.128104994923392,0.15735755195226964,0.1448872389862055,4
10,0.2,0.2,4,0.055019802075227775,0.03691025982963894,0.15735755195226964,0.11910581540407324,2
10,0.2,0.2,5,0.044402437037616385,-0.03315820361548311,0.15735755195226964,0.03917616195084125,3
10,0.2,0.2,6,0.2356632956329767,0.07638948180007167,0.15735755195226964,0.03498074902888472,5
10,0.2,0.5,1,0.024997368415881183,-0.02492125183532741,0.15762413212615742,0.6429105160146111,6
10,0.2,0.5,2,0.26003221498785284,0.08037783164911423,0.15762413212615742,0.26354254602060856,4
10,0.2,0.5,3,0.602139509449067,0.12231262042257808,0.15762413212615742,0.23413074760353475,1
10,0.2,0.5,4,0.028829777584489576,0.02676352752230855,0.15762413212615742,0.1607695072293155,2
10,0.2,0.5,5,4.248117043647549e-4,-0.003248784805578127,0.15762413212615742,0.04170724534002749,3
10,0.2,0.5,6,0.08357631785834467,-0.04556845720543089,0.15762413212615742,0.036313022318323875,5
10,0.2,1,1,0.18055817773384708,-0.06630744308559476,0.1560463805124072,0.7259014934356919,6
10,0.2,1,2,0.33417251703072354,0.09020675590108591,0.1560463805124072,0.4054078203807606,4
10,0.2,1,3,0.11751779140724773,0.05349405379595683,0.1560463805124072,0.2531812595742085,1
10,0.2,1,4,0.3577212615425216,-0.09333103382358564,0.1560463805124072,0.18846910768700306,2
10,0.2,1,5,3.304571148082577e-4,0.002836685920079099,0.1560463805124072,0.043618546978210174,3
10,0.2,1,6,0.009699795170851826,0.015368623853888385,0.1560463805124072,0.03796389764798005,5
10,0.5,0.01,1,0.0028353639134096093,-0.006759261384186567,0.12693893120444058,0.5628560376125269,6
10,0.5,0.01,2,0.013102171130528495,-0.014530028666170031,0.12693893120444058,0.2559825668844346,1
10,0.5,0.01,3,0.004419591678019596,-0.008438901366615839,0.12693893120444058,0.12948216948205601,2
10,0.5,0.01,4,0.9590397572404564,-0.12431202556809832,0.12693893120444058,0.055785413357696295,5
10,0.5,0.01,5,0.008385481924750993,0.011624086977119913,0.12693893120444058,0.03801083962393213,3
10,0.5,0.01,6,0.012217634112834878,0.014030992575565275,0.12693893120444058,0.01992568964009655,4
10,0.5,0.02,1,0.0011704827562744437,0.0034423055459503237,0.10061596725231631,0.5773158985909824,6
10,0.5,0.02,2,0.005060835998577805,-0.007157774933251357,0.10061596725231631,0.2557639177769948,1
10,0.5,0.02,3,0.0028002798630058405,0.0053243626133712835,0.10061596725231631,0.13055341082330824,2
10,0.5,0.02,4,0.8939785886634388,-0.09513284071804393,0.10061596725231631,0.05596612408241658,5
10,0.5,0.02,5,0.07130466458990738,0.026867414607105688,0.10061596725231631,0.03830560722156341,3
10,0.5,0.02,6,0.025685148128795663,0.016125305226845407,0.10061596725231631,0.028777708722375683,4
10,0.5,0.05,1,0.012368137339933286,0.011752853475956898,0.10567960277933858,0.5880948194122402,6
10,0.5,0.05,2,0.004052875305605153,-0.006727795673372766,0.10567960277933858,0.2545986426136567,1
10,0.5,0.05,3,0.031134155970646525,0.018647032192041096,0.10567960277933858,0.13354912692433207,2
10,0.5,0.05,4,0.9459716819493533,-0.10278511831292336,0.10567960277933858,0.056516496489652054,5
10,0.5,0.05,5,0.003610607857025246,-0.006350111246042683,0.10567960277933858,0.0490674557240721,4
10,0.5,0.05,6,0.0028625415774364378,-0.005654146720684819,0.10567960277933858,0.03783271826766757,3
10,0.5,0.1,1,0.006367523691892802,0.00811629191213896,0.10171204208781656,0.6049532781083083,6
10,0.5,0.1,2,0.005415213179495296,-0.0074847991848464406,0.10171204208781656,0.2535904263572618,1
10,0.5,0.1,3,0.0750899137182571,0.027871681880846728,0.10171204208781656,0.13935182451650477,2
10,0.5,0.1,4,0.20159797897504997,-0.04566836471951426,0.10171204208781656,0.07646320095380553,4
10,0.5,0.1,5,0.7115138065049564,-0.08579540716884586,0.10171204208781656,0.05604512339545296,5
10,0.5,0.1,6,1.5563930348386305e-5,4.012656769482231e-4,0.10171204208781656,0.03834593429994082,3
10,0.5,0.2,1,0.015291935973389927,0.014944726088941202,0.12085280200313332,0.6370941082085027,6
10,0.5,0.2,2,0.012274566024184985,-0.013389359341120243,0.12085280200313332,0.25264762147945263,1
10,0.5,0.2,3,0.3355002606129207,-0.0700008244462503,0.12085280200313332,0.15272277498106224,2
10,0.5,0.2,4,0.3284048579675457,-0.0692566547785669,0.12085280200313332,0.11878714001124141,4
10,0.5,0.2,5,0.30616042173832814,0.06686998839338773,0.12085280200313332,0.05680588778454416,5
10,0.5,0.2,6,0.0023679576836305796,0.005880898618856203,0.12085280200313332,0.039001933822320506,3
10,0.5,0.5,1,0.007399177761502486,0.01138950565805268,0.13240767025243863,0.6869271677161123,6
10,0.5,0.5,2,0.28324102823989666,-0.07046788310894642,0.13240767025243863,0.26232238475785513,1
10,0.5,0.5,3,0.45335054178215695,0.08915182001783013,0.13240767025243863,0.22765606093069876,4
10,0.5,0.5,4,0.09974411747382436,0.04181737719133202,0.13240767025243863,0.17024735814784409,2
10,0.5,0.5,5,0.15522816854306395,-0.052167306142854156,0.13240767025243863,0.058719628252772375,5
10,0.5,0.5,6,0.0010369661995555592,-0.0042637864430091,0.13240767025243863,0.04037583977853493,3
10,0.5,1,1,0.009311116902677479,-0.010901466168186335,0.1129754348582254,0.7734450859319434,6
10,0.5,1,2,0.6705819056138314,0.09251452790290493,0.1129754348582254,0.38870327947572114,4
10,0.5,1,3,0.025452945575762314,0.018024077500316878,0.1129754348582254,0.26167575560970285,1
10,0.5,1,4,0.25797315391928444,-0.0573814182712805,0.1129754348582254,0.1936549429848096,2
10,0.5,1,5,0.03322563007791229,0.020593048124352795,0.1129754348582254,0.0615814936350446,5
10,0.5,1,6,0.003455247910532096,0.006640849349191584,0.1129754348582254,0.04142392085557612,3
10,1,0.01,1,0.07352922386550761,0.02106485051581459,0.07768342958402419,0.6567390154041731,6
10,1,0.01,2,1.2481027381209245e-6,8.678677666994798e-5,0.07768342958402419,0.2626357689969278,1
10,1,0.01,3,0.08842713244831404,-0.023100488373674413,0.07768342958402419,0.15187094280678148,2
10,1,0.01,4,0.8307553775422014,-0.07080517022694531,0.07768342958402419,0.07759581248596599,5
10,1,0.01,5,0.005608710906960611,-0.005817815151907203,0.07768342958402419,0.04003302355119096,3
10,1,0.01,6,0.0016783071342781188,0.0031824684801416486,0.07768342958402419,0.019781457599800826,4
10,1,0.02,1,0.01093044487746983,-0.008693432204953437,0.08315193355566568,0.6565095947511765,6
10,1,0.02,2,2.1926967689908953e-4,-0.0012312936529244687,0.08315193355566568,0.2623971618687361,1
10,1,0.02,3,0.009508642334350705,0.008108333597129123,0.08315193355566568,0.15260112403772857,2
10,1,0.02,4,0.9657226319879578,-0.08171439264952188,0.08315193355566568,0.07755168398943012,5
10,1,0.02,5,0.006889391916732148,0.006901806799400916,0.08315193355566568,0.04014057098073231,3
10,1,0.02,6,0.00672961920659034,0.006821307029093467,0.08315193355566568,0.028429302056149606,4
10,1,0.05,1,0.10185476720783526,0.018641636995843737,0.05841082853039245,0.6717025114165117,6
10,1,0.05,2,0.007002062489137455,-0.004887720437895571,0.05841082853039245,0.2618055161379858,1
10,1,0.05,3,0.09478375336745325,0.017982924369229818,0.05841082853039245,0.15516642859167917,2
10,1,0.05,4,0.7944285721985258,-0.05206199358113181,0.05841082853039245,0.07793439024036306,5
10,1,0.05,5,9.441531613723952e-5,-5.67563675332679e-4,0.05841082853039245,0.047802643713810586,4
10,1,0.05,6,0.0018364294209109752,-0.002503113182872574,0.05841082853039245,0.039734148376176066,3
10,1,0.1,1,0.0022000100598510678,0.003501188570152744,0.07464542046141079,0.6797914457908494,6
10,1,0.1,2,9.189824766645039e-4,-0.002262855301260599,0.07464542046141079,0.26125923988636185,1
10,1,0.1,3,0.0034215567955174745,0.004366314813568187,0.07464542046141079,0.1595987545151217,2
10,1,0.1,4,0.9908335143625986,-0.07430251475499378,0.07464542046141079,0.07945669826914693,5
10,1,0.1,5,3.6671372468112566e-6,-1.4294426989303847e-4,0.07464542046141079,0.07113848419191576,4
10,1,0.1,6,0.0026222691681216164,-0.00382244990955362,0.07464542046141079,0.04010192014850531,3
10,1,0.2,1,0.180267160593555,0.026026620977538554,0.06129985940814849,0.7019942949350567,6
10,1,0.2,2,0.002830796243151395,-0.0032614729711882345,0.06129985940814849,0.2613847116654114,1
10,1,0.2,3,0.10547924100081349,-0.01990870339874148,0.06129985940814849,0.1687024967602625,2
10,1,0.2,4,0.20111917382642971,-0.02749072646724537,0.06129985940814849,0.11370504356264509,4
10,1,0.2,5,0.5061649907448019,0.04361195248481892,0.06129985940814849,0.07843533388222193,5
10,1,0.2,6,0.004138637591248458,0.00394355749982943,0.06129985940814849,0.0404868102378295,3
10,1,0.5,1,0.017553560690210978,0.010999383789514343,0.08302057617145836,0.7466514418578807,6
10,1,0.5,2,0.15073074697019287,-0.032231956539047105,0.08302057617145836,0.27161658542282274,1
10,1,0.5,3,0.5375619016207807,0.06086953497596469,0.08302057617145836,0.21804319633338853,4
10,1,0.5,4,0.03806554463408964,-0.016197640922897234,0.08302057617145836,0.18054091571772735,2
10,1,0.5,5,0.2524793172391691,-0.0417156146177514,0.08302057617145836,0.08090413604113013,5
10,1,0.5,6,0.0036089288455566602,-0.004987408060587113,0.08302057617145836,0.04134576127115506,3
10,1,1,1,3.2692582328203986e-7,-4.433375535058328e-5,0.07753716312834194,0.8343293428297373,6
10,1,1,2,0.5604490032737998,0.0580467565491404,0.07753716312834194,0.37382939554674727,4
10,1,1,3,0.1176522601098973,0.026595615433956835,0.07753716312834194,0.2715989302524471,1
10,1,1,4,0.2648267415959591,-0.03990164733367933,0.07753716312834194,0.20104206835519686,2
10,1,1,5,0.0570716597574426,0.018523376697006953,0.07753716312834194,0.08381201314180008,5
10,1,1,6,8.337078012460788e-9,-7.079732358726016e-6,0.07753716312834194,0.04219233287703293,3
10,10,0.01,1,0.37296468336103716,-0.010618280348892202,0.017386826994820543,1.2158869504465233,6
10,10,0.01,2,0.0018142612307680685,7.405770387788547e-4,0.017386826994820543,0.39785027653966154,1
10,10,0.01,3,0.058362014226719924,-0.004200349890938024,0.017386826994820543,0.295713772215999,2
10,10,0.01,4,0.30206415519770347,0.009555863311023668,0.017386826994820543,0.20409103922959426,5
10,10,0.01,5,0.260939252981143,0.008881576075736463,0.017386826994820543,0.05010329748145241,3
10,10,0.01,6,0.0038556330026284624,-0.0010796131786052134,0.017386826994820543,0.019529091657801523,4
10,10,0.02,1,0.24547108697902678,-0.019153827611364905,0.03865942599884974,1.223278756131502,6
10,10,0.02,2,0.1624004470321087,-0.01557933843289292,0.03865942599884974,0.3969936822113987,1
10,10,0.02,3,0.1854627280058661,-0.016648830173280317,0.03865942599884974,0.29587012597036,2
10,10,0.02,4,0.27912477384316325,-0.020424648610875406,0.03865942599884974,0.20416039513819298,5
10,10,0.02,5,0.11640428251709295,0.013189850730072216,0.03865942599884974,0.05014314811682636,3
10,10,0.02,6,0.011136681622742168,0.0040797476747943704,0.03865942599884974,0.02776377246760967,4
10,10,0.05,1,0.17742283595904207,0.012160825451964223,0.028870765322424198,1.2221577896230191,6
10,10,0.05,2,0.00887749054581192,-0.0027202160941541416,0.028870765322424198,0.40037844511052056,1
10,10,0.05,3,0.042281959009278704,0.005936573470743813,0.028870765322424198,0.29545777386487077,2
10,10,0.05,4,0.4612627165338847,-0.019607962729493666,0.028870765322424198,0.2044686135372012,5
10,10,0.05,5,0.3101451794407304,-0.016078325414031758,0.028870765322424198,0.05020507812036133,3
10,10,0.05,6,9.818511252155977e-6,9.046511042409849e-5,0.028870765322424198,0.04445222434896284,4
10,10,0.1,1,0.39091557703470353,-0.012891390860353659,0.020618557964529553,1.2444470428824053,6
10,10,0.1,2,0.2105759647193363,0.009461558687401934,0.020618557964529553,0.40513991524017745,1
10,10,0.1,3,0.0014377702694201911,7.818132697712936e-4,0.020618557964529553,0.29608286333890316,2
10,10,0.1,4,0.24955318227241927,-0.010300062124952079,0.020618557964529553,0.20530247787078512,5
10,10,0.1,5,0.005914278948362327,-0.0015856567847190492,0.020618557964529553,0.06488409957726586,4
10,10,0.1,6,0.14160322675575843,0.007758805463569498,0.020618557964529553,0.04996235722454915,3
10,10,0.2,1,0.024534243740474554,0.004575791597883294,0.02921325157611464,1.2708231535637058,6
10,10,0.2,2,0.16434942196538171,-0.011843061627607038,0.02921325157611464,0.4127235100720578,1
10,10,0.2,3,0.04715755230921052,-0.006343888282165051,0.02921325157611464,0.29618741987704944,2
10,10,0.2,4,0.22573272289752133,-0.013879606667681205,0.02921325157611464,0.2068277699242175,5
10,10,0.2,5,0.516136369453168,0.02098756866616053,0.02921325157611464,0.09573472363365695,4
10,10,0.2,6,0.02208968963424387,0.0043418489015478266,0.02921325157611464,0.050059754012016136,3
10,10,0.5,1,0.5865339854291309,-0.019438528671322175,0.025381471611826162,1.3540645123865922,6
10,10,0.5,2,0.062513275353417,-0.0063460417631872905,0.025381471611826162,0.44173588237704203,1
10,10,0.5,3,0.11266648561509915,-0.008519501282134233,0.025381471611826162,0.2981669240112394,2
10,10,0.5,4,0.1856111563701065,-0.01093500124947821,0.025381471611826162,0.21210234117698293,5
10,10,0.5,5,0.030212069732376834,0.004411710825500445,0.025381471611826162,0.16579453522326687,4
10,10,0.5,6,0.022463027499869618,0.0038040914008197996,0.025381471611826162,0.050256680375733095,3
10,10,1,1,0.09155303462462223,0.008211424824576033,0.027138269393431072,1.4465073807447997,6
10,10,1,2,0.1811648232657601,-0.011550986774252255,0.027138269393431072,0.4936076115621952,1
10,10,1,3,0.06723444595759337,-0.0070368462884349845,0.027138269393431072,0.30956030923440925,2
10,10,1,4,0.35905416725094985,0.016261557347915987,0.027138269393431072,0.2587506326543055,4
10,10,1,5,0.2985361459286596,-0.014827932835056807,0.027138269393431072,0.2118942011075569,5
10,10,1,6,0.0024573829724147725,0.001345298232454831,0.027138269393431072,0.05056347646721715,3
10,100,0.01,1,0.15223305573837423,0.008696453053407655,0.0222888506590259,3.9383238215967924,6
10,100,0.01,2,0.003453110638644316,0.001309763613346426,0.0222888506590259,1.5185147478372525,1
10,100,0.01,3,0.024308358628349062,-0.0034750854802195683,0.0222888506590259,0.8169536550147223,5
10,100,0.01,4,0.03447106066059836,0.004138233553144077,0.0222888506590259,0.512347078977955,2
10,100,0.01,5,0.5987784175700163,-0.017247285142496422,0.0222888506590259,0.09706342760924075,3
10,100,0.01,6,0.1867559967640179,-0.009632188040399309,0.0222888506590259,0.019443311572528866,4
10,100,0.02,1,0.02351509873287991,0.0013588852888255384,0.00886154390896418,3.958627776104111,6
10,100,0.02,2,0.03691988184099546,0.0017027055239133364,0.00886154390896418,1.5237873403477176,1
10,100,0.02,3,0.1799916206383457,-0.0037595471635941476,0.00886154390896418,0.8171931244214744,5
10,100,0.02,4,0.02982181935240374,0.0015302995879396192,0.00886154390896418,0.5129140937537207,2
10,100,0.02,5,0.7297482085608457,0.007570000575461065,0.00886154390896418,0.09716575294427897,3
10,100,0.02,6,3.370874529596768e-6,1.6269742802799426e-5,0.00886154390896418,0.02752631956622728,4
10,100,0.05,1,0.5307377016957712,0.013869039350223319,0.019037346326881935,3.9785336913071636,6
10,100,0.05,2,0.05389740965840805,0.004419675229087092,0.019037346326881935,1.537650258174898,1
10,100,0.05,3,0.08365412179741247,-0.005506175920187016,0.019037346326881935,0.817330625885702,5
10,100,0.05,4,0.07774153343553367,0.005308025028901582,0.019037346326881935,0.5129349373543544,2
10,100,0.05,5,0.0033634637021769903,0.0011040780689045202,0.019037346326881935,0.09716266788275889,3
10,100,0.05,6,0.25060576971069776,-0.009530198433782337,0.019037346326881935,0.04365764122674815,4
10,100,0.1,1,0.09170259498174935,-0.01144733070934452,0.03780188154691354,4.032228996285197,6
10,100,0.1,2,0.530127637655696,-0.027523498753651867,0.03780188154691354,1.5446666993113674,1
10,100,0.1,3,0.16346989800997855,-0.015283834022202037,0.03780188154691354,0.8169278523802609,5
10,100,0.1,4,1.0469639063928941e-5,-1.2231487387239247e-4,0.03780188154691354,0.5136199188641458,2
10,100,0.1,5,0.003550879070808301,0.0022525858826487966,0.03780188154691354,0.09720285048761779,3
10,100,0.1,6,0.21113852064270375,0.017369893435775732,0.03780188154691354,0.0620339158259381,4
10,100,0.2,1,0.05815938145619194,-0.00834901233142032,0.034619852483388724,4.141173163582012,6
10,100,0.2,2,0.002642824242316998,-0.0017797514438627107,0.034619852483388724,1.587690049644624,1
10,100,0.2,3,0.4622022342236988,0.02353646486942238,0.034619852483388724,0.8186464836306474,5
10,100,0.2,4,0.24865338802725387,0.01726324378581048,0.034619852483388724,0.5138716411695096,2
10,100,0.2,5,0.0408769599552263,-0.006999459545202807,0.034619852483388724,0.097625443777221,3
10,100,0.2,6,0.18746521209531197,-0.014989445132380564,0.034619852483388724,0.08822616154667466,4
10,100,0.5,1,0.39718064887244575,0.014847170454793225,0.023558609529115815,4.453692555738405,6
10,100,0.5,2,0.1748962204525405,-0.009852350786880824,0.023558609529115815,1.7030589111448566,1
10,100,0.5,3,0.008075201175236078,-0.0021170266705135728,0.023558609529115815,0.8244313742704715,5
10,100,0.5,4,0.0019544052012752133,-0.0010414944474447139,0.023558609529115815,0.51957164627232,2
10,100,0.5,5,0.2386273624103185,0.01150826289887641,0.023558609529115815,0.1435606640238816,4
10,100,0.5,6,0.17926616188818403,-0.009974676378035086,0.023558609529115815,0.09728903207695468,3
10,100,1,1,0.18338190007180727,-0.009387243126066721,0.02192097324211985,4.923950007358382,6
10,100,1,2,0.004661416935421471,0.0014966450263794052,0.02192097324211985,1.8836737141716375,1
10,100,1,3,0.015564368737362506,-0.0027348001026642537,0.02192097324211985,0.8390884323363573,5
10,100,1,4,0.4727551241977177,-0.015072245325997147,0.02192097324211985,0.5296372888446742,2
10,100,1,5,0.22020367183752665,0.010286606105622107,0.02192097324211985,0.20811871515164768,4
10,100,1,6,0.1034335182201644,-0.00705002213457972,0.02192097324211985,0.098071971239331035,3
10,1000,0.01,1,0.0011174849041008976,-7.20675004360148e-4,0.021558504304455852,22.849648631828618,6
10,1000,0.01,2,0.027736834497044074,-0.003590435046570581,0.021558504304455852,7.29311324693952,1
10,1000,0.01,3,0.1373655033750843,-0.007990196646663362,0.021558504304455852,2.5963679041467924,5
10,1000,0.01,4,0.36928064744383543,-0.01310077238398502,0.021558504304455852,1.544147394267689,2
10,1000,0.01,5,0.4635530952889475,-0.014678050229384839,0.021558504304455852,0.27941451143732876,3
10,1000,0.01,6,9.464344909877397e-4,6.632296088160849e-4,0.021558504304455852,0.019424705642819135,4
10,1000,0.02,1,0.3223333437427672,0.017201195099067222,0.030297444949507285,22.919215294359912,6
10,1000,0.02,2,0.029954696238730007,0.0052437075813043296,0.030297444949507285,7.311911072900283,1
10,1000,0.02,3,0.32972510460614957,-0.017397306403704137,0.030297444949507285,2.5975723227253,5
10,1000,0.02,4,0.21441519521591237,0.014029228374060315,0.030297444949507285,1.5441359232646308,2
10,1000,0.02,5,0.08880680635356739,0.009028781253797117,0.030297444949507285,0.27952808573245047,3
10,1000,0.02,6,0.01476485384287356,-0.003681464196376153,0.030297444949507285,0.02747412727352166,4
10,1000,0.05,1,0.022378411202302783,-0.003585812155843392,0.02397026913567055,23.255748097283853,6
10,1000,0.05,2,0.2812346967108703,0.012711809039874499,0.02397026913567055,7.327587015929081,1
10,1000,0.05,3,0.3704350477606284,0.014589114913097485,0.02397026913567055,2.59699445886129,5
10,1000,0.05,4,0.08103668464660187,-0.006823602863168692,0.02397026913567055,1.5445585096733585,2
10,1000,0.05,5,0.09516153681673604,-0.0073944118126116785,0.02397026913567055,0.2795223669884306,3
10,1000,0.05,6,0.14975362286286054,0.009276017923492407,0.02397026913567055,0.043456375384775627,4
10,1000,0.1,1,0.8262232563245253,0.02314100687917983,0.025458542918131773,23.6160172988933,6
10,1000,0.1,2,0.015752215289415693,-0.00319524646628236,0.025458542918131773,7.352475791675027,1
10,1000,0.1,3,0.10677487208703372,-0.008318941566219056,0.025458542918131773,2.5976707964562533,5
10,1000,0.1,4,6.245480134318775e-4,6.36233392941599e-4,0.025458542918131773,1.5450242488442059,2
10,1000,0.1,5,0.03683758422947749,-0.00488628860604706,0.025458542918131773,0.27951418359220154,3
10,1000,0.1,6,0.013787524056116001,0.00298934944390462,0.025458542918131773,0.06149249551799385,4
10,1000,0.2,1,0.040251548485362,-0.005324884148892214,0.026541096880099667,24.745197903911436,6
10,1000,0.2,2,0.1682203417070388,-0.010885744147022073,0.026541096880099667,7.421340176969571,1
10,1000,0.2,3,0.04772843152295747,-0.00579839034546365,0.026541096880099667,2.5993814922663745,5
10,1000,0.2,4,0.04742897741896497,0.005780171813771169,0.026541096880099667,1.5472038371918393,2
10,1000,0.2,5,0.5117737416898338,-0.01898706629737954,0.026541096880099667,0.2796043990377754,3
10,1000,0.2,6,0.184596959175843,0.011403315456003165,0.026541096880099667,0.08705668617849559,4
10,1000,0.5,1,0.5399118577038339,0.021153761709398092,0.02878897317298718,27.75956879745872,6
10,1000,0.5,2,0.14814462785386548,-0.01108074928809147,0.02878897317298718,7.742179895122142,1
10,1000,0.5,3,0.007895053380116463,-0.0025580186727286987,0.02878897317298718,2.612256874580318,5
10,1000,0.5,4,0.1895196482386932,-0.012532949675845402,0.02878897317298718,1.5622870189862936,2
10,1000,0.5,5,0.10855504637675288,-0.009485302454086424,0.02878897317298718,0.28046796681828035,3
10,1000,0.5,6,0.005973766446738052,-0.0022251038983919103,0.02878897317298718,0.13800396634511794,4
10,1000,1,1,0.0054009050352644096,9.636939263941634e-4,0.013113114438826064,32.907201764177366,6
10,1000,1,2,0.061821494118325764,-0.0032604354001182644,0.013113114438826064,8.150828276072174,1
10,1000,1,3,0.2668054745098298,-0.006773345353283222,0.013113114438826064,2.6473559930397332,5
10,1000,1,4,0.5855596049581844,-0.010034399922247136,0.013113114438826064,1.59074533300397,2
10,1000,1,5,0.07682297159368817,-0.003634556315437917,0.013113114438826064,0.2828025528660264,3
10,1000,1,6,0.0035895497847075798,-7.856440791534456e-4,0.013113114438826064,0.1957237687481666,4
10,10000,0.01,1,0.17918507660020255,0.010622146817848125,0.02509350816556084,208.65562246864906,6
10,10000,0.01,2,0.41743761270246144,0.01621276809155184,0.02509350816556084,24.991330717046605,1
10,10000,0.01,3,0.009577365797105459,0.002455751506336007,0.02509350816556084,8.223083881003856,5
10,10000,0.01,4,0.018700010213486662,-0.0034314865692146417,0.02509350816556084,4.856621056134121,2
10,10000,0.01,5,0.029982428659247815,-0.004345050076449067,0.02509350816556084,0.8745108874288093,3
10,10000,0.01,6,0.3451175060274961,-0.014741608600905258,0.02509350816556084,0.019422490831809438,4
10,10000,0.02,1,0.5166366520319469,0.008583547410079325,0.011941921268072607,209.41386781119436,6
10,10000,0.02,2,8.135947958499358e-4,-3.4062638428887667e-4,0.011941921268072607,24.996539314663355,1
10,10000,0.02,3,0.3170686683146926,-0.00672435863450842,0.011941921268072607,8.222665620698004,5
10,10000,0.02,4,0.056704893916232846,0.002843704562265025,0.011941921268072607,4.856754690136984,2
10,10000,0.02,5,0.07885863731531441,0.003353504069297555,0.011941921268072607,0.8745192125193324,3
10,10000,0.02,6,0.02991755362596332,0.0020655572788866256,0.011941921268072607,0.027467901103058346,4
10,10000,0.05,1,0.6758852994156483,-0.011092487314503406,0.013492500425385195,213.46438015669634,6
10,10000,0.05,2,0.07594551749526916,0.0037182921805494875,0.013492500425385195,25.021530128639725,1
10,10000,0.05,3,6.910010380066377e-5,-1.121583961490785e-4,0.013492500425385195,8.223062967476002,5
10,10000,0.05,4,0.011510452060558177,0.0014475668554806368,0.013492500425385195,4.857266642279145,2
10,10000,0.05,5,0.015558894208519414,-0.0016829910419292463,0.013492500425385195,0.8745628681778314,3
10,10000,0.05,6,0.22103073671620427,0.006343351481081457,0.013492500425385195,0.04343219315033477,4
10,10000,0.1,1,0.17418353495902353,0.013969577948525795,0.03347185143916168,216.7287802724354,6
10,10000,0.1,2,0.4655577770874404,-0.022838444865237787,0.03347185143916168,25.04038090705192,1
10,10000,0.1,3,0.06700139518447577,0.008664064133702267,0.03347185143916168,8.224445021728329,5
10,10000,0.1,4,0.0020914657538066493,-0.0015307529820473172,0.03347185143916168,4.859545253569073,2
10,10000,0.1,5,0.016709124600019425,-0.004326698012157798,0.03347185143916168,0.8746458261138206,3
10,10000,0.1,6,0.2744567024152342,0.017535439519712717,0.03347185143916168,0.061426063736166124,4
10,10000,0.2,1,0.38134325242221606,0.0230561347272351,0.03733605847930659,227.07494706514618,6
10,10000,0.2,2,0.10297910809360476,0.011981274854508273,0.03733605847930659,25.23279398943398,1
10,10000,0.2,3,0.2731096939021585,0.0195117860786888,0.03733605847930659,8.231969481246374,5
10,10000,0.2,4,0.0229818406997225,-0.005660057890108791,0.03733605847930659,4.867553204537046,2
10,10000,0.2,5,0.12617070392417049,0.013261960533074301,0.03733605847930659,0.8750888958825693,3
10,10000,0.2,6,0.09341540095812768,0.011411367954360051,0.03733605847930659,0.08687912008191598,4
10,10000,0.5,1,0.0628778384563248,0.004218721203919985,0.016824107085956063,259.03333547188976,6
10,10000,0.5,2,0.07545616268839463,-0.0046214619500928944,0.016824107085956063,26.12785303946368,1
10,10000,0.5,3,0.13990732350065888,-0.006292920542700342,0.016824107085956063,8.269029304994199,5
10,10000,0.5,4,0.11196337344744245,-0.005629502438753476,0.016824107085956063,4.912229313322084,2
10,10000,0.5,5,0.5661793550083037,-0.012659280958595939,0.016824107085956063,0.8774617689527119,3
10,10000,0.5,6,0.043615946898875574,0.003513619079213834,0.016824107085956063,0.1374048201891506,4
10,10000,1,1,0.2521767441067474,0.016015059514335978,0.03189158031937695,308.30649370001197,6
10,10000,1,2,0.008372385390346878,-0.002918103193729362,0.03189158031937695,27.166156357230918,1
10,10000,1,3,0.15319564766422109,-0.01248243329291986,0.03189158031937695,8.375131043273868,5
10,10000,1,4,0.10998546384739967,-0.010576541691526043,0.03189158031937695,5.001351686525258,2
10,10000,1,5,0.020026390422341476,0.004513125179806516,0.03189158031937695,0.8845816673958589,3
10,10000,1,6,0.45624336856894354,0.021541419726120843,0.03189158031937695,0.19438006371527078,4
20,0.05,0.01,1,0.00591135129162353,-0.01403893397571687,0.1825957845954509,0.3812119792371664,6
20,0.05,0.01,2,2.1763207812004648e-4,-0.0026937184551836003,0.1825957845954509,0.19987979610500337,1
20,0.05,0.01,3,0.044114697191996295,0.03835150386444177,0.1825957845954509,0.06514064613234909,2
20,0.05,0.01,4,0.049505082961885126,-0.040627083201710046,0.1825957845954509,0.024657208222658676,3
20,0.05,0.01,5,0.009814206851718259,-0.018089157945752086,0.1825957845954509,0.02082412214729724,4
20,0.05,0.01,6,0.8904370296246569,-0.1723028072679277,0.1825957845954509,0.018953267154168688,5
20,0.05,0.02,1,0.01118616104675372,-0.017796060934160765,0.16826095531735524,0.3889122160635574,6
20,0.05,0.02,2,3.8598213095423004e-4,-0.003305726734411522,0.16826095531735524,0.19950912349294933,1
20,0.05,0.02,3,0.16381004541187033,0.06810101983957464,0.16826095531735524,0.06703138641795664,2
20,0.05,0.02,4,0.0949396602641801,-0.0518450367879994,0.16826095531735524,0.03419891982412561,4
20,0.05,0.02,5,0.0029021728464586464,0.009064523673543585,0.16826095531735524,0.02345409630218657,3
20,0.05,0.02,6,0.7267759782997829,-0.14344441131716032,0.16826095531735524,0.01897001116314966,5
20,0.05,0.05,1,0.004708888250469484,-0.010848401017440524,0.15809077873452307,0.4042634790702532,6
20,0.05,0.05,2,0.001267367147771087,0.005628047593666775,0.15809077873452307,0.1985658681888366,1
20,0.05,0.05,3,0.43537564894403,0.10431304093360694,0.15809077873452307,0.07498377900867037,2
20,0.05,0.05,4,0.14770710262573036,-0.0607585258622105,0.15809077873452307,0.059754644611964974,4
20,0.05,0.05,5,1.3575720613067437e-4,-0.0018419930387169538,0.15809077873452307,0.02469094203690025,3
20,0.05,0.05,6,0.41080523582586836,-0.1013268458228924,0.15809077873452307,0.019011823351161878,5
20,0.05,0.1,1,0.017231093426456644,-0.02008381084877052,0.1529993916194296,0.4300814162719844,6
20,0.05,0.1,2,0.02333637576067206,0.023372566735096623,0.1529993916194296,0.19822845898718053,1
20,0.05,0.1,3,0.726042234068697,-0.13036789288136238,0.1529993916194296,0.10524914606084268,4
20,0.05,0.1,4,0.004010269267921202,-0.009688944561956216,0.1529993916194296,0.07461812242335283,2
20,0.05,0.1,5,0.014851274056361654,0.018645393790733756,0.1529993916194296,0.026249958453327886,3
20,0.05,0.1,6,0.21452875341989147,0.07086510884248523,0.1529993916194296,0.019118507170318367,5
20,0.05,0.2,1,0.015458840957277342,-0.02399446360474188,0.1929845676081507,0.4641385750190803,6
20,0.05,0.2,2,6.866926140177656e-4,0.0050571259408504704,0.1929845676081507,0.19873521877963532,1
20,0.05,0.2,3,0.9161329293189721,0.1847148569746349,0.1929845676081507,0.16163561827067438,4
20,0.05,0.2,4,0.024008899282106092,-0.029902583105592132,0.1929845676081507,0.09101859408638696,2
20,0.05,0.2,5,0.0025434231187167265,0.009732667539239485,0.1929845676081507,0.02797674644989842,3
20,0.05,0.2,6,0.04116921470891005,-0.039156951457792785,0.1929845676081507,0.019371291697021297,5
20,0.05,0.5,1,0.2681907883717853,-0.08877298853093209,0.17141898219061544,0.5084514018665118,6
20,0.05,0.5,2,0.43346426379379893,0.11285883462303672,0.17141898219061544,0.28713392462850407,4
20,0.05,0.5,3,0.27684751469162777,0.09019432790108013,0.17141898219061544,0.20136613731717384,1
20,0.05,0.5,4,0.017571249153114872,-0.0227227154822676,0.17141898219061544,0.12335720247574404,2
20,0.05,0.5,5,0.0032105919953538628,-0.009712957119210134,0.17141898219061544,0.02950298862138364,3
20,0.05,0.5,6,7.155919943192988e-4,-0.004585552275170867,0.17141898219061544,0.02024217891940608,5
20,0.05,1,1,0.4061537964125209,-0.08230461054911496,0.1291453892892727,0.5787908568326433,6
20,0.05,1,2,0.06819007967469716,0.0337240329280801,0.1291453892892727,0.4306632194920585,4
20,0.05,1,3,0.18616669802554078,0.05572241156996427,0.1291453892892727,0.23254017559381254,1
20,0.05,1,4,0.3315339414138486,-0.074360603211299,0.1291453892892727,0.1383879223579358,2
20,0.05,1,5,0.006153965835794513,0.010131096362279218,0.1291453892892727,0.03012785197571562,3
20,0.05,1,6,0.0018015186375979883,0.005481485700022264,0.1291453892892727,0.0212262474864161,5
20,0.1,0.01,1,0.01788461592691261,-0.02057267976447818,0.15383354805832708,0.4101853892399834,6
20,0.1,0.01,2,0.023288162834554475,-0.02347570651026318,0.15383354805832708,0.20040218382415223,1
20,0.1,0.01,3,0.010697993114245076,0.015911173588617787,0.15383354805832708,0.0724849400635307,2
20,0.1,0.01,4,0.8517973474613233,-0.1419773933737475,0.15383354805832708,0.027119012347951894,5
20,0.1,0.01,5,0.09444639200981016,0.047276328619902566,0.15383354805832708,0.025336020679940265,3
20,0.1,0.01,6,0.001885488653154415,-0.006679793216698665,0.15383354805832708,0.020721600757793383,4
20,0.1,0.02,1,4.7188809442653925e-5,0.0010278609077076337,0.1496286779765929,0.4149940991847033,6
20,0.1,0.02,2,0.008918931003434313,-0.014130946134913745,0.1496286779765929,0.2001981782116244,1
20,0.1,0.02,3,0.05275271784402446,0.03436665464165292,0.1496286779765929,0.07413760529426885,2
20,0.1,0.02,4,0.05819420247936736,-0.03609563606449492,0.1496286779765929,0.03260821971767358,4
20,0.1,0.02,5,0.7736768299034296,-0.1316117410174353,0.1496286779765929,0.026877446330735744,5
20,0.1,0.02,6,0.10641012996030169,0.048809721045196944,0.1496286779765929,0.02479618827902162,3
20,0.1,0.05,1,4.4733035146613464e-4,0.0026003350645163303,0.12294620539466325,0.4258567052285403,6
20,0.1,0.05,2,2.911562211730804e-4,-0.0020978680379677003,0.12294620539466325,0.19967647054374132,1
20,0.1,0.05,3,0.24714624502905075,0.061121237332959245,0.12294620539466325,0.07995122430907006,2
20,0.1,0.05,4,0.14390468483123073,-0.04663936142897856,0.12294620539466325,0.057589600907661506,4
20,0.1,0.05,5,0.48449573358309356,-0.08557760100794176,0.12294620539466325,0.027156813453926325,5
20,0.1,0.05,6,0.12371484998398577,0.043244018618821066,0.12294620539466325,0.025515485951720342,3
20,0.1,0.1,1,0.002440994331119878,-0.005921966113100456,0.11986227944659174,0.4429745922930294,6
20,0.1,0.1,2,2.2213162939261662e-4,-0.0017864371174464296,0.11986227944659174,0.19921603957848943,1
20,0.1,0.1,3,0.6498534453321667,-0.09662516430129083,0.11986227944659174,0.10175850134334778,4
20,0.1,0.1,4,0.00701028240346024,0.010035760518276253,0.11986227944659174,0.07836806786446651,2
20,0.1,0.1,5,0.23232514247532626,0.05777376074670998,0.11986227944659174,0.027600142875311536,5
20,0.1,0.1,6,0.10814800382853426,0.03941774597391156,0.11986227944659174,0.02621299844177472,5
20,0.1,0.2,1,0.0011741310614139012,-0.005701225930146193,0.16638338784870876,0.4706253865671997,6
20,0.1,0.2,2,0.00608250257996447,-0.012976307065336215,0.16638338784870876,0.20001328723658432,1
20,0.1,0.2,3,0.8915663564765073,0.1571038394881202,0.16638338784870876,0.15535044021876057,4
20,0.1,0.2,4,0.005993446231606843,0.01288096113308524,0.16638338784870876,0.09415381700568154,2
20,0.1,0.2,5,0.0537682311709719,-0.03858094293881507,0.16638338784870876,0.028602109732773426,3
20,0.1,0.2,6,0.04141533247953558,-0.033860279534938656,0.16638338784870876,0.02687552125485359,5
20,0.1,0.5,1,0.1891367797402036,-0.06552530737559208,0.15066801674712296,0.5170292541872906,6
20,0.1,0.5,2,0.6482242159963569,0.12130639520353866,0.15066801674712296,0.280908775756811,4
20,0.1,0.5,3,0.12157547783190992,0.05253443480616817,0.15066801674712296,0.20311088890472193,1
20,0.1,0.5,4,0.021191667072378535,-0.021933282526431317,0.15066801674712296,0.12459314733995318,2
20,0.1,0.5,5,1.6293436537802566e-4,0.0019232131434923458,0.15066801674712296,0.030029439757041594,3
20,0.1,0.5,6,0.01970892499377304,0.021152053682451384,0.15066801674712296,0.02787178130026473,5
20,0.1,1,1,0.3119780546550911,-0.06323083811809099,0.11320534055434045,0.5864385109225038,6
20,0.1,1,2,0.25803631712843067,0.057505228421928685,0.11320534055434045,0.4270156304031881,4
20,0.1,1,3,0.10175282479194708,0.03611105301645831,0.11320534055434045,0.2340256282494991,1
20,0.1,1,4,0.31156386661093743,-0.06318885094149215,0.11320534055434045,0.1388087155262471,2
20,0.1,1,5,0.01306085176422376,0.01293756860384502,0.11320534055434045,0.030996782110876423,5
20,0.1,1,6,0.003608085049369985,-0.006799943412044095,0.11320534055434045,0.02888216805542348,5
20,0.2,0.01,1,1.5659715624854053e-5,5.262063784568087e-4,0.1329732160335143,0.43836236706750265,6
20,0.2,0.01,2,0.04686719637049039,-0.02878714927245051,0.1329732160335143,0.20159322590667345,1
20,0.2,0.01,3,0.012080432084167347,0.014615221665814002,0.1329732160335143,0.08151206550129356,2
20,0.2,0.01,4,0.9404916513159114,-0.12895602711409318,0.1329732160335143,0.037863587563203294,5
20,0.2,0.01,5,4.5604897645005294e-4,-0.0028396833511242954,0.1329732160335143,0.026715866581888268,3
20,0.2,0.01,6,8.901153735597854e-5,0.0012545481187759193,0.1329732160335143,0.02044555178637039,4
20,0.2,0.02,1,0.005273983965590359,-0.008954161282289081,0.12329785182061861,0.4417770423217396,6
20,0.2,0.02,2,0.023934238148640277,-0.019075033708225286,0.12329785182061861,0.20156898760928374,1
20,0.2,0.02,3,0.03274424520024886,0.022311203734741835,0.12329785182061861,0.08297188908819889,2
20,0.2,0.02,4,0.9136742948408437,-0.1178558687284694,0.12329785182061861,0.03786237910082419,5
20,0.2,0.02,5,0.001406731165300827,-0.004624460397593193,0.12329785182061861,0.031175926444694767,4
20,0.2,0.02,6,0.022966506679375952,0.01868542502957243,0.12329785182061861,0.026149964587334755,3
20,0.2,0.05,1,0.04979801311179763,0.02363881193202726,0.10593016234151513,0.4493524761435412,6
20,0.2,0.05,2,7.047296474240412e-4,0.0028121009622564985,0.10593016234151513,0.20162843891722645,1
20,0.2,0.05,3,0.040978928833948575,0.02144371066975294,0.10593016234151513,0.08747419399661935,2
20,0.2,0.05,4,0.3334008153569965,-0.06116499811005351,0.10593016234151513,0.05472861656269328,4
20,0.2,0.05,5,0.553366525992165,-0.07879997506738416,0.10593016234151513,0.037981021743953514,5
20,0.2,0.05,6,0.021750987057668324,-0.015622808985863592,0.10593016234151513,0.026769144602608253,3
20,0.2,0.1,1,7.467634685628534e-5,-9.871979522011042e-4,0.11423855831365495,0.4618235903193868,6
20,0.2,0.1,2,0.019713928648800325,-0.016039813114862484,0.11423855831365495,0.20117767728446417,1
20,0.2,0.1,3,0.36834884893605174,-0.06933337994520257,0.11423855831365495,0.10070551757266825,4
20,0.2,0.1,4,0.09018643129724832,0.03430704520198511,0.11423855831365495,0.08102529867165764,4
20,0.2,0.1,5,0.5214430974793071,0.08249282475350278,0.11423855831365495,0.03818700622167802,5
20,0.2,0.1,6,2.3301729173627999e-4,-0.0017438406168022902,0.11423855831365495,0.027337089109986026,3
20,0.2,0.2,1,0.015867597286786293,0.013643109103532012,0.10830730945456815,0.48311394578542444,6
20,0.2,0.2,2,0.044967067133367185,-0.022967041157838094,0.10830730945456815,0.20219331035688004,1
20,0.2,0.2,3,0.6633647701197437,0.08821327967849929,0.10830730945456815,0.14833264822776607,4
20,0.2,0.2,4,0.003657656325123937,-0.006550270207708907,0.10830730945456815,0.09857345407289335,2
20,0.2,0.2,5,0.2675245290551068,-0.056019544269566984,0.10830730945456815,0.038636846516369984,5
20,0.2,0.2,6,0.0046183800798720595,0.007360420105521833,0.10830730945456815,0.02823078332487061,3
20,0.2,0.5,1,0.060612706820978746,-0.029332859442995393,0.11914410567243991,0.529650673321287,6
20,0.2,0.5,2,0.6372154601643777,0.09510770756533332,0.11914410567243991,0.27329251289818235,4
20,0.2,0.5,3,0.1270830311390686,0.04247333314927978,0.11914410567243991,0.20554292715085987,1
20,0.2,0.5,4,0.11380201439277723,-0.040192732848637384,0.11914410567243991,0.12647198374852117,2
20,0.2,0.5,5,0.045712320095454645,0.025473533646809363,0.11914410567243991,0.03988394391881616,5
20,0.2,0.5,6,0.015574467387343032,0.014868911054386938,0.11914410567243991,0.02940477194692422,3
20,0.2,1,1,0.34890935300599746,-0.05283345365214031,0.08944430526037477,0.5970815347375864,6
20,0.2,1,2,0.36879295032782466,0.0543180287310686,0.08944430526037477,0.4212239693299254,4
20,0.2,1,3,0.06458231815193932,0.02273052727125401,0.08944430526037477,0.2363222524489032,1
20,0.2,1,4,0.21081407312275705,-0.04106789989891563,0.08944430526037477,0.13956154003983282,2
20,0.2,1,5,0.006865256083093428,0.0074110725699194895,0.08944430526037477,0.04172388195008151,5
20,0.2,1,6,3.6049308388096005e-5,5.370332353421927e-4,0.08944430526037477,0.029968446277436576,3
20,0.5,0.01,1,7.009580347377547e-4,-0.0015558097283142206,0.05876388141342883,0.4821999948062257,6
20,0.5,0.01,2,0.003645528554077229,0.0035480581238704185,0.05876388141342883,0.20621477861226098,1
20,0.5,0.01,3,1.8663337831300592e-8,-8.027958751568902e-6,0.05876388141342883,0.09684788742318277,2
20,0.5,0.01,4,0.9659228848871318,-0.0577539511855841,0.05876388141342883,0.05903987942397618,5
20,0.5,0.01,5,0.01656568165832423,0.007563366215668866,0.05876388141342883,0.028100234995068904,3
20,0.5,0.01,6,0.013164928202391055,0.006742480841883946,0.05876388141342883,0.020112011449247385,4
20,0.5,0.02,1,0.001443375910509573,0.003106248404280261,0.08176104932528372,0.4821023032830101,6
20,0.5,0.02,2,0.0025319301651113043,0.0041140760741398275,0.08176104932528372,0.20595704090665015,1
20,0.5,0.02,3,0.0460700243843406,-0.017549133495437574,0.08176104932528372,0.0978019383779732,2
20,0.5,0.02,4,0.930012522880135,-0.07884803141177982,0.08176104932528372,0.0592251366510298,5
20,0.5,0.02,5,0.007766072259653706,-0.007205218744132602,0.08176104932528372,0.03012955754211088,4
20,0.5,0.02,6,0.012176074400249775,-0.009021943503152007,0.08176104932528372,0.02746402299278479,3
20,0.5,0.05,1,0.04601384823398786,0.01839195063344303,0.08574000701116913,0.48933167014747275,6
20,0.5,0.05,2,0.021164958358789055,-0.012473611797754938,0.08574000701116913,0.2059845716139993,1
20,0.5,0.05,3,0.007153615225201537,0.007251808099896459,0.08574000701116913,0.10112479529299821,2
20,0.5,0.05,4,0.8978166394028846,-0.08124138893899623,0.08574000701116913,0.059597168159165985,5
20,0.5,0.05,5,0.004993918386565503,-0.006059045795316211,0.08574000701116913,0.050874804420739106,4
20,0.5,0.05,6,0.022857020392571488,0.012962635900406723,0.08574000701116913,0.028086584464725974,3
20,0.5,0.1,1,0.04350481896943724,0.015518427946627502,0.07440104597799659,0.49764028368114305,6
20,0.5,0.1,2,0.05165744171274922,-0.016910073230434343,0.07440104597799659,0.20640582673514596,1
20,0.5,0.1,3,0.31394572155165495,-0.04168754553320208,0.07440104597799659,0.10766409466923271,2
20,0.5,0.1,4,0.1490746588619799,-0.02872638344882147,0.07440104597799659,0.0793703036844573,4
20,0.5,0.1,5,0.4256369588769029,0.04853988096339221,0.07440104597799659,0.05935929704586977,5
20,0.5,0.1,6,0.016180400027275735,-0.009463976830848292,0.07440104597799659,0.02833099090120587,3
20,0.5,0.2,1,0.159837872120644,0.03561497868610123,0.08908259181608419,0.5127631383373559,6
20,0.5,0.2,2,0.011895495368243084,-0.009715924027933398,0.08908259181608419,0.2085747356864147,1
20,0.5,0.2,3,0.5295242709544683,0.06482399309210186,0.08908259181608419,0.13879195954161747,4
20,0.5,0.2,4,0.008629607341985725,0.008275387933003597,0.08908259181608419,0.10656198696964962,2
20,0.5,0.2,5,0.28871043107992056,-0.04786566332086739,0.08908259181608419,0.06012008044057912,5
20,0.5,0.2,6,0.0014023231347383063,-0.003335929727954398,0.08908259181608419,0.028783987659862013,3
20,0.5,0.5,1,0.0037278211457017593,0.005008862217451408,0.08203733648500429,0.5542322783110465,6
20,0.5,0.5,2,0.6447489349737572,0.06587291289762834,0.08203733648500429,0.26093767001503465,4
20,0.5,0.5,3,0.0784723627732076,0.022981052572906308,0.08203733648500429,0.20958520330982044,1
20,0.5,0.5,4,0.09002192365089103,-0.024614198359514675,0.08203733648500429,0.1299914208592406,2
20,0.5,0.5,5,0.17309806128176827,0.034131679076180026,0.08203733648500429,0.061766449535254384,5
20,0.5,0.5,6,0.009930896174674212,-0.008175339040205617,0.08203733648500429,0.029638124206095542,3
20,0.5,1,1,0.06022141387643857,-0.0169732525639371,0.06916551257817709,0.6231633033018609,6
20,0.5,1,2,0.6663397863840312,0.05645955780882593,0.06916551257817709,0.407864362785519,4
20,0.5,1,3,0.01989601389231351,0.009756019002518102,0.06916551257817709,0.2416539712839755,1
20,0.5,1,4,0.14950826094309608,-0.026743743281889273,0.06916551257817709,0.14168522378142887,2
20,0.5,1,5,0.07511480392222357,0.018956247429011246,0.06916551257817709,0.064099111414529,5
20,0.5,1,6,0.028919720981897008,-0.011762148253598507,0.06916551257817709,0.030153566118623586,3
20,1,0.01,1,0.008512867830940365,0.0065095469155717536,0.07055256638445305,0.5205902022735867,6
20,1,0.01,2,0.012042394837951192,0.007742286662626078,0.07055256638445305,0.21225097166510323,1
20,1,0.01,3,0.0016068948850437733,-0.0028281767665507174,0.07055256638445305,0.11152232716373293,2
20,1,0.01,4,0.9139400218299009,-0.06744840186840578,0.07055256638445305,0.08146228251656681,5
20,1,0.01,5,0.03912432580966928,-0.013955205928199122,0.07055256638445305,0.028959529443312402,3
20,1,0.01,6,0.02477349480649464,-0.01110469039177054,0.07055256638445305,0.019921678445270215,4
20,1,0.02,1,0.011740182165906077,-0.006591589607570803,0.06083489215816178,0.5213177216903675,6
20,1,0.02,2,0.04765675982127664,-0.013280517492391359,0.06083489215816178,0.21182096437316794,1
20,1,0.02,3,0.032682507653234424,0.010997916759518032,0.06083489215816178,0.11233999643422632,2
20,1,0.02,4,0.9029886156757834,-0.057808790108017434,0.06083489215816178,0.08168812598249092,5
20,1,0.02,5,0.004929449058836943,0.0042712199267669025,0.06083489215816178,0.02981155324612098,4
20,1,0.02,6,2.485624962527469e-6,-9.591146913723585e-5,0.06083489215816178,0.02810404851476809,4
20,1,0.05,1,0.28109282175742173,0.025739109528124127,0.0485476978520797,0.5278140097375235,6
20,1,0.05,2,0.020395721689078824,-0.006933271050550954,0.0485476978520797,0.21272878415660848,1
20,1,0.05,3,0.01587554064607273,0.006116921434374022,0.0485476978520797,0.11464851093087125,2
20,1,0.05,4,0.5491088022759053,-0.03597475485022977,0.0485476978520797,0.08213808867576643,5
20,1,0.05,5,0.0018848065240272222,-0.0021076671589338064,0.0485476978520797,0.04898161905689736,4
20,1,0.05,6,0.13164230710749417,0.017614340315616775,0.0485476978520797,0.02896649239651328,3
20,1,0.1,1,0.03673405468804734,0.008482800153034693,0.04425932655203438,0.5354000231903374,6
20,1,0.1,2,0.16578292904255382,-0.018020826510583333,0.04425932655203438,0.21363750347421012,1
20,1,0.1,3,2.4055449063739335e-5,2.170758627507703e-4,0.04425932655203438,0.11868473735707676,2
20,1,0.1,4,0.7305363788956737,-0.03782907528037196,0.04425932655203438,0.0835955271775187,5
20,1,0.1,5,0.004233396278824666,-0.0028797133736052916,0.04425932655203438,0.0743991645846219,4
20,1,0.1,6,0.06268918564583685,0.01108156544295021,0.04425932655203438,0.029097057560513194,3
20,1,0.2,1,0.029445008029045795,0.00934801993589764,0.05447707626891124,0.5477221633346013,6
20,1,0.2,2,0.07279198245685196,-0.014697909367895091,0.05447707626891124,0.2165489149305699,1
20,1,0.2,3,0.01689563183573994,0.007081104606511136,0.05447707626891124,0.13416325866823733,4
20,1,0.2,4,0.11447291720349788,-0.018431690387061224,0.05447707626891124,0.11277416669842276,2
20,1,0.2,5,0.7514248456524083,-0.04722332545905183,0.05447707626891124,0.0827769375915946,5
20,1,0.2,6,0.014969614822456142,-0.006665290835035127,0.05447707626891124,0.029331189919318944,3
20,1,0.5,1,0.020094346909947915,0.009324505321298042,0.06577924028324554,0.5861147163529113,6
20,1,0.5,2,0.6246625117477872,0.05198901328049575,0.06577924028324554,0.2536745717686018,4
20,1,0.5,3,0.027804537933585304,0.010968486230810724,0.06577924028324554,0.2118500207735077,1
20,1,0.5,4,0.005922359440280903,-0.005062164272261464,0.06577924028324554,0.13520846463155275,2
20,1,0.5,5,0.28928872484667995,-0.03537973754392628,0.06577924028324554,0.08516931296304658,5
20,1,0.5,6,0.03222751912171872,0.011808705470224994,0.06577924028324554,0.029913609361575597,3
20,1,1,1,0.02095197278865892,-0.00831959499414943,0.05747642193031548,0.6579089133127476,6
20,1,1,2,0.7441629391719629,0.04958196597441624,0.05747642193031548,0.39177462340920316,4
20,1,1,3,0.003771790326216348,-0.003529908884991911,0.05747642193031548,0.24850555219524453,1
20,1,1,4,0.09803459013211001,0.017996141238845544,0.05747642193031548,0.14562067576526547,2
20,1,1,5,0.05573280014075791,-0.013568916065273367,0.05747642193031548,0.08773723377722344,5
20,1,1,6,0.07734590744029386,0.015984843688492803,0.05747642193031548,0.030364684408910766,3
20,10,0.01,1,0.2790995896032609,-0.014701572631338134,0.02782814098145264,0.8101851298833744,6
20,10,0.01,2,0.06293802904009844,-0.006981371747198898,0.02782814098145264,0.3044912238571221,1
20,10,0.01,3,0.021882325845523055,-0.00411652668719453,0.02782814098145264,0.25331105514060176,5
20,10,0.01,4,0.263629471040157,0.014288320195495955,0.02782814098145264,0.15478811047073268,2
20,10,0.01,5,0.36381088963924935,-0.016785026917038464,0.02782814098145264,0.0331144049095423,3
20,10,0.01,6,0.00863969483171126,-0.0025866245563278653,0.02782814098145264,0.019579747757543342,4
20,10,0.02,1,0.38557137561953386,0.012766010012258801,0.020559037952550548,0.813197143574018,6
20,10,0.02,2,0.00987738349719968,-0.0020432605322245894,0.020559037952550548,0.305444851281782,1
20,10,0.02,3,0.1669041972282342,-0.008399170887148009,0.020559037952550548,0.253177937851108,5
20,10,0.02,4,0.2803163537809275,-0.010884964224138507,0.020559037952550548,0.15528170195164873,2
20,10,0.02,5,0.014047120942889785,0.0024366685004025336,0.020559037952550548,0.033179038359274174,3
20,10,0.02,6,0.1432835689312149,0.007782174835200722,0.020559037952550548,0.027891789392364637,4
20,10,0.05,1,0.27815458233384893,0.013668140373418701,0.025915901518649025,0.8189917624826061,6
20,10,0.05,2,3.6998747036393666e-4,4.984938783325389e-4,0.025915901518649025,0.307410201233413,1
20,10,0.05,3,0.06730674685363383,-0.006723503279805316,0.025915901518649025,0.25310975151525744,5
20,10,0.05,4,0.3676879007186343,-0.015714696232741385,0.025915901518649025,0.15578505765535705,2
20,10,0.05,5,0.12313191275734725,0.009093930565160717,0.025915901518649025,0.04521932065357685,4
20,10,0.05,6,0.16334886986617175,0.010474285032652492,0.025915901518649025,0.03312682321685008,3
20,10,0.1,1,0.2082731068777644,-0.006564741351130113,0.014384707054902657,0.8297871238909477,6
20,10,0.1,2,0.003135152795340532,-8.054347770921164e-4,0.014384707054902657,0.3101404754672664,1
20,10,0.1,3,0.08729597645473176,-0.004250090085135035,0.014384707054902657,0.253465573264752,5
20,10,0.1,4,0.34655803057599277,-0.008468159029841837,0.014384707054902657,0.1564244527851532,2
20,10,0.1,5,0.08348318573899013,0.004156239147432121,0.014384707054902657,0.06621597966169086,4
20,10,0.1,6,0.27125454755718037,-0.007491857975888022,0.014384707054902657,0.033119700609705205,3
20,10,0.2,1,9.551592400662567e-5,-2.344319015848598e-4,0.02398715931909269,0.8500453307487137,6
20,10,0.2,2,0.40341196779976807,0.015235377117733146,0.02398715931909269,0.3175721166777391,1
20,10,0.2,3,0.5068907733775008,0.01707796081371301,0.02398715931909269,0.2542571492235667,5
20,10,0.2,4,0.07647597498975026,-0.006633478576981976,0.02398715931909269,0.1579486715870251,2
20,10,0.2,5,0.012200665384850139,0.0026495405942362884,0.02398715931909269,0.09941272548549007,4
20,10,0.2,6,9.251025241241759e-4,7.29581398478594e-4,0.02398715931909269,0.03316359801911093,3
20,10,0.5,1,0.4322468024431502,0.01995438952686475,0.03035096830172263,0.8988791426039843,6
20,10,0.5,2,0.10703537455148092,0.00992970205986482,0.03035096830172263,0.33910443700538145,1
20,10,0.5,3,0.029701776159555313,-0.005230747564874122,0.03035096830172263,0.2572581339580941,5
20,10,0.5,4,0.32503105404275,-0.017303540718006466,0.03035096830172263,0.18125881335155725,4
20,10,0.5,5,0.02022735220193231,0.004316602614176408,0.03035096830172263,0.15832299668105498,2
20,10,0.5,6,0.0857576406011312,-0.008888100633362546,0.03035096830172263,0.033275743797260365,3
20,10,1,1,0.09389203074799321,0.00632325713701547,0.020636045497609338,0.96839401634591,6
20,10,1,2,0.35835304172789423,0.012353272576635014,0.020636045497609338,0.3856854613372698,1
20,10,1,3,0.045024482657869014,0.004378756977858798,0.020636045497609338,0.2882434477248465,4
20,10,1,4,0.06071541771933405,-0.005084824526793436,0.020636045497609338,0.2511583899103615,5
20,10,1,5,0.10658508949334719,0.0067371265284017785,0.020636045497609338,0.16469281150989382,2
20,10,1,6,0.3354299376535623,0.011951636817056507,0.020636045497609338,0.03347672261172366,3
50,0.05,0.01,1,0.04681415185729611,-0.022336250668222233,0.10323374798573577,0.29308940838809117,1
50,0.05,0.01,2,0.038635465383751594,-0.02029152880985064,0.10323374798573577,0.14086460628428796,1
50,0.05,0.01,3,0.2589063679485516,0.052528265583169996,0.10323374798573577,0.04681790460074147,2
50,0.05,0.01,4,0.007621239744100376,-0.009012276484873924,0.10323374798573577,0.02318514119021272,4
50,0.05,0.01,5,0.6414494804890424,-0.08268046756066201,0.10323374798573577,0.020348592275021886,5
50,0.05,0.01,6,0.0065732945772578886,-0.008369764582245502,0.10323374798573577,0.016133078711853144,3
50,0.05,0.02,1,0.012571952596459806,0.010705737463034127,0.09548061805311821,0.29734011838757823,1
50,0.05,0.02,2,0.01628938554901905,-0.012186179555203869,0.09548061805311821,0.1411830029808862,1
50,0.05,0.02,3,0.3247916673713886,0.05441487814228545,0.09548061805311821,0.04973754729841822,2
50,0.05,0.02,4,0.0014989865601729255,-0.003696699008906463,0.09548061805311821,0.03566987798893948,4
50,0.05,0.02,5,0.6401149095061238,-0.07639135140388875,0.09548061805311821,0.020375608278894182,5
50,0.05,0.02,6,0.004733098416835724,-0.00656882949327502,0.09548061805311821,0.01647619090419737,3
50,0.05,0.05,1,0.013232243759592123,0.009713027536574255,0.084437987473057,0.31095746091502946,1
50,0.05,0.05,2,3.5819049650100533e-4,0.0015980667044123303,0.084437987473057,0.14261271092709912,1
50,0.05,0.05,3,0.362888976275659,0.05086566906482703,0.084437987473057,0.07310679557332786,4
50,0.05,0.05,4,0.08879650833725956,0.025161458867194807,0.084437987473057,0.04999164158449001,2
50,0.05,0.05,5,0.4871656674394341,-0.058935396640193316,0.084437987473057,0.02048129918734495,5
50,0.05,0.05,6,0.047558413691554106,0.018414144794347182,0.084437987473057,0.01723235484495203,3
50,0.05,0.1,1,0.01218069141652592,0.009277776532400266,0.08406359083360669,0.32677801517341437,1
50,0.05,0.1,2,0.05360111027632033,-0.019462329908348664,0.08406359083360669,0.14596810544668617,1
50,0.05,0.1,3,0.8828708810321992,0.07898716633681901,0.08406359083360669,0.1135468679811155,4
50,0.05,0.1,4,0.030302892801817777,0.014633559643238944,0.08406359083360669,0.0583524475056797,2
50,0.05,0.1,5,0.021032995373916518,-0.012191538105201584,0.08406359083360669,0.020578521437645683,5
50,0.05,0.1,6,1.1429099220173837e-5,-2.8419336789153014e-4,0.08406359083360669,0.018008891539277157,3
50,0.05,0.2,1,0.029837093847103167,-0.016093232515878717,0.09316762524973343,0.34638930581322636,6
50,0.05,0.2,2,0.7482129516144073,0.08058934698322018,0.09316762524973343,0.1776349720745553,4
50,0.05,0.2,3,0.0757580408154299,0.025643623580417153,0.09316762524973343,0.15093380035046278,1
50,0.05,0.2,4,0.12979552289426355,-0.03356563611533292,0.09316762524973343,0.06993216151682938,2
50,0.05,0.2,5,0.015184312813812313,0.011480547425327576,0.09316762524973343,0.020755130410860693,5
50,0.05,0.2,6,0.0012120780149838003,-0.0032436225638176647,0.09316762524973343,0.018607556496707586,3
50,0.05,0.5,1,0.39668202659388885,-0.05434388781487684,0.08628383574106277,0.3841282571431425,6
50,0.05,0.5,2,0.5369947530508091,0.06322873083937988,0.08628383574106277,0.3011784729727149,4
50,0.05,0.5,3,0.034309365653327546,0.015982171535648855,0.08628383574106277,0.17520965689876478,1
50,0.05,0.5,4,0.015509471446933992,-0.01074553250361157,0.08628383574106277,0.08495235583626182,2
50,0.05,0.5,5,4.20886419142066e-4,-0.001770157459783118,0.08628383574106277,0.02133106846266962,5
50,0.05,0.5,6,0.016083496835898412,0.010942578790327775,0.08628383574106277,0.019054367716727902,3
50,0.05,1,1,0.09685442392682309,-0.016579044302821602,0.05327209310313802,0.45010296273460065,6
50,0.05,1,2,0.15172360430850734,0.020750393481016666,0.05327209310313802,0.4337901906973963,4
50,0.05,1,3,0.21652688978021864,0.024788810057403576,0.05327209310313802,0.21143945563902522,1
50,0.05,1,4,0.3057362626322752,0.02945596377693524,0.05327209310313802,0.09063743703589175,2
50,0.05,1,5,0.22904057412902465,-0.02549505614600617,0.05327209310313802,0.02167726110274575,5
50,0.05,1,6,1.18245223151094e-4,-5.792840402634685e-4,0.05327209310313802,0.019245283289936178,3
50,0.1,0.01,1,0.019562082528800134,0.011650668028247494,0.0832996706591548,0.3076078836378935,1
50,0.1,0.01,2,0.04356530792703191,-0.017386560590788542,0.0832996706591548,0.1430480220009116,1
50,0.1,0.01,3,0.14223259119033516,0.03141541819960436,0.0832996706591548,0.05178125362553687,2
50,0.1,0.01,4,0.7918245802857082,-0.0741238167933032,0.0832996706591548,0.028828939839379134,5
50,0.1,0.01,5,5.022921736781642e-4,0.001866901867053634,0.0832996706591548,0.022161634297312653,4
50,0.1,0.01,6,0.002313145894446372,0.004006312269113512,0.0832996706591548,0.016900528312086747,3
50,0.1,0.02,1,0.004849002081650138,0.005569436710884656,0.07998067919973678,0.31063296103948274,1
50,0.1,0.02,2,0.00794215536950161,-0.007127779845222163,0.07998067919973678,0.14346584511491448,1
50,0.1,0.02,3,0.10441782532109424,-0.02584475442487253,0.07998067919973678,0.05386287517634632,2
50,0.1,0.02,4,0.0151586278197072,-0.009847251566476891,0.07998067919973678,0.03395715378063047,4
50,0.1,0.02,5,0.8649593740078533,0.07438458471595885,0.07998067919973678,0.02878193904039475,5
50,0.1,0.02,6,0.0026730154001934348,-0.004135098111483349,0.07998067919973678,0.017125769663971974,3
50,0.1,0.05,1,0.009145566708890817,-0.007419400097366369,0.07758244826068687,0.31839176697669935,1
50,0.1,0.05,2,0.11657539337930227,-0.026489083069943773,0.07758244826068687,0.14472389949706985,1
50,0.1,0.05,3,0.2377700388360756,0.037830496819429335,0.07758244826068687,0.06994031414885042,4
50,0.1,0.05,4,0.0076134068585704765,-0.006769444000938315,0.07758244826068687,0.052666157267305884,2
50,0.1,0.05,5,0.6275621018555025,-0.06145989796479377,0.07758244826068687,0.0289162377867805,5
50,0.1,0.05,6,0.001333492361658314,0.0028330794025971428,0.07758244826068687,0.017564181055686405,3
50,0.1,0.1,1,9.373649502168223e-4,0.0022611588769265363,0.07385445935136664,0.3313677751380005,1
50,0.1,0.1,2,0.032680784580441866,-0.013351281735729532,0.07385445935136664,0.1481590566811659,1
50,0.1,0.1,3,0.4561300780007259,0.04987938371450451,0.07385445935136664,0.10773732734324237,4
50,0.1,0.1,4,0.0016528813473719098,0.003002600569341421,0.07385445935136664,0.060738763010041066,2
50,0.1,0.1,5,0.5022983015138585,-0.05234287559317556,0.07385445935136664,0.02901686002243779,5
50,0.1,0.1,6,0.006300589607385092,0.005862290281852151,0.07385445935136664,0.018120219152771306,3
50,0.1,0.2,1,0.02973035061184906,-0.015773311396893558,0.09147930612478762,0.34973203430089855,6
50,0.1,0.2,2,0.7408108240641447,0.07873657538817745,0.09147930612478762,0.17281869445838932,4
50,0.1,0.2,3,0.08419134500436083,0.026543402069012463,0.09147930612478762,0.15143502570355535,1
50,0.1,0.2,4,0.048791715345683585,-0.020206723794022326,0.09147930612478762,0.07128690864228912,2
50,0.1,0.2,5,0.09628873275429328,0.028386418242036516,0.09147930612478762,0.02924596438791705,5
50,0.1,0.2,6,1.8703221966849008e-4,0.0012510684609943125,0.09147930612478762,0.018652301711104283,3
50,0.1,0.5,1,0.08028800993482023,-0.016200526252340215,0.05717468434017819,0.3878350220428403,6
50,0.1,0.5,2,0.7846102185801054,0.05064432131777464,0.05717468434017819,0.29765167195120407,4
50,0.1,0.5,3,0.09652849391193882,0.017763622719044636,0.05717468434017819,0.17653382260158065,1
50,0.1,0.5,4,4.5066994620027195e-4,0.0012137607075515043,0.05717468434017819,0.08508391813801093,2
50,0.1,0.5,5,0.03393272668254275,-0.01053205588935466,0.05717468434017819,0.029955538931835574,5
50,0.1,0.5,6,0.004189880944392512,0.003700876705863773,0.05717468434017819,0.019086613438817967,3
50,0.1,1,1,0.20546899843383648,-0.023100285450079715,0.050961733747208776,0.452379934000112,6
50,0.1,1,2,0.036206636518723245,0.009697019871466282,0.050961733747208776,0.43275172560482594,4
50,0.1,1,3,0.06491307153355895,0.012984052839961346,0.050961733747208776,0.21183881642268942,1
50,0.1,1,4,0.5003022959961552,0.036046279221028925,0.050961733747208776,0.09081578116290721,2
50,0.1,1,5,0.03114957550083274,-0.008994359887288986,0.050961733747208776,0.030511914339136307,5
50,0.1,1,6,0.16195942201689348,-0.02050913310321181,0.050961733747208776,0.01927707191468823,3
50,0.2,0.01,1,0.0028103041140338275,0.004642643489075842,0.08757672001872825,0.3213475800986927,1
50,0.2,0.01,2,0.09364249908990976,-0.026799406324262743,0.08757672001872825,0.14593739718362497,1
50,0.2,0.01,3,0.0035105913870783797,0.005188942009889152,0.08757672001872825,0.057581245458721675,2
50,0.2,0.01,4,0.896260681985494,-0.08290979628886375,0.08757672001872825,0.04058059506032131,5
50,0.2,0.01,5,0.003436347502772921,0.005133779524594737,0.08757672001872825,0.021415262947422537,4
50,0.2,0.01,6,3.3957592071108853e-4,0.0016138275276805134,0.08757672001872825,0.017529277013388442,3
50,0.2,0.02,1,0.06848264413257421,0.01710403192684406,0.06535942734642275,0.32380245951083736,1
50,0.2,0.02,2,0.01809807742927339,-0.008792744617374575,0.06535942734642275,0.1467983450779709,1
50,0.2,0.02,3,0.01493942682841012,0.007988683330526174,0.06535942734642275,0.059124653731212985,2
50,0.2,0.02,4,0.881817827070599,-0.061375872027040264,0.06535942734642275,0.040697181301421234,5
50,0.2,0.02,5,0.0010431495328213298,-0.0021109673800169446,0.06535942734642275,0.032280928614327825,4
50,0.2,0.02,6,0.015618875006322015,-0.008168326957027244,0.06535942734642275,0.017683754497987352,3
50,0.2,0.05,1,0.03187800233005575,0.010976204355487249,0.061476146254949696,0.32964306690392087,6
50,0.2,0.05,2,0.048943648785117685,-0.013600497868833696,0.061476146254949696,0.1483100540379833,1
50,0.2,0.05,3,0.18140912566079495,0.026184012535275147,0.061476146254949696,0.06837769517773681,4
50,0.2,0.05,4,0.13045258494665252,0.02220409003696715,0.061476146254949696,0.05461070501118908,4
50,0.2,0.05,5,0.5875810666863551,-0.04712382470371599,0.061476146254949696,0.04074852232437118,5
50,0.2,0.05,6,0.019735571591023984,0.00863637496306497,0.061476146254949696,0.01792609750347208,3
50,0.2,0.1,1,0.016017047922068307,0.0071310055546707435,0.05634553894326725,0.3387039295386218,6
50,0.2,0.1,2,0.017989261999270513,-0.007557292136846661,0.05634553894326725,0.1515416985904937,1
50,0.2,0.1,3,0.23297658717429454,0.02719666656596777,0.05634553894326725,0.1017016496609886,4
50,0.2,0.1,4,0.040286646342200895,0.011309413814309699,0.05634553894326725,0.06382173931063227,2
50,0.2,0.1,5,0.6738577052132927,-0.04625339724966881,0.05634553894326725,0.04087712099428985,5
50,0.2,0.1,6,0.018872751348872955,-0.007740644926972039,0.05634553894326725,0.018269483045321555,3
50,0.2,0.2,1,7.008552997308612e-4,0.0015716542671036229,0.059366689958233625,0.35528579342475064,6
50,0.2,0.2,2,0.5272107168760015,0.043105724612182116,0.059366689958233625,0.1689573475634679,4
50,0.2,0.2,3,0.14695199932029954,0.022757816153536104,0.059366689958233625,0.1506100601389737,4
50,0.2,0.2,4,0.012724325363772498,-0.006696690349654955,0.059366689958233625,0.07296229897563415,2
50,0.2,0.2,5,0.30880102312231406,0.03298999125476415,0.059366689958233625,0.041234889294637644,5
50,0.2,0.2,6,0.003611080017881476,0.0035674787194492938,0.059366689958233625,0.018695657537404826,3
50,0.2,0.5,1,3.7474637074004696e-5,-3.0413029937237883e-4,0.04968107352576881,0.39357399209551397,6
50,0.2,0.5,2,0.8401012482737232,0.04553620008204878,0.04968107352576881,0.2923235584508097,4
50,0.2,0.5,3,0.08619822131880778,0.014586131474457304,0.04968107352576881,0.17839009001939285,1
50,0.2,0.5,4,0.040676900597710675,-0.010019934873012878,0.04968107352576881,0.08548896910080704,2
50,0.2,0.5,5,0.032898376393683634,-0.009011108194539997,0.04968107352576881,0.04209716486249035,5
50,0.2,0.5,6,8.7778779000646e-5,4.654636163986037e-4,0.04968107352576881,0.01910289099973504,3
50,0.2,1,1,0.14621261013520265,-0.0119871313234654,0.03134893910110273,0.45793692053837354,6
50,0.2,1,2,0.004327296551146532,0.0020622018753837074,0.03134893910110273,0.43034189898081876,4
50,0.2,1,3,0.17053179765590654,0.012945699841953406,0.03134893910110273,0.21279810666897425,1
50,0.2,1,4,0.365563177516547,0.018954139383861285,0.03134893910110273,0.09101220035641243,2
50,0.2,1,5,0.3049367470921647,-0.017311222157017542,0.03134893910110273,0.042893074688687596,5
50,0.2,1,6,0.008428371049032527,-0.0028780257249366387,0.03134893910110273,0.0192904872068346,3
50,0.5,0.01,1,2.9573843097924717e-4,8.653976201778323e-4,0.0503224543254805,0.3427049364723841,6
50,0.5,0.01,2,4.4195030284864843e-4,0.0010579095369531557,0.0503224543254805,0.15298733327288921,1
50,0.5,0.01,3,0.02313863236688122,0.007654743758429063,0.0503224543254805,0.06821941675642264,2
50,0.5,0.01,4,0.9441298268049064,-0.048896488721070226,0.0503224543254805,0.061605350887898876,5
50,0.5,0.01,5,0.008191410435411,0.004554504734630884,0.0503224543254805,0.020715256468529283,4
50,0.5,0.01,6,0.023802441658973522,0.007763768355376987,0.0503224543254805,0.01817945120873234,3
50,0.5,0.02,1,8.731142270337811e-4,0.0014851731378253486,0.050262206848755625,0.34389216484919694,6
50,0.5,0.02,2,0.10149527636115113,-0.016012696356570957,0.050262206848755625,0.15331580298848538,1
50,0.5,0.02,3,0.03507458532258656,0.009413211695185494,0.050262206848755625,0.06889574438642088,2
50,0.5,0.02,4,0.7755981428433771,-0.044264945451906124,0.050262206848755625,0.06210410212958783,5
50,0.5,0.02,5,0.08522244850745213,0.014672987817272401,0.050262206848755625,0.030661508549623035,4
50,0.5,0.02,6,0.0017364327383992725,0.0020944525980819712,0.050262206848755625,0.01828064644530369,3
50,0.5,0.05,1,0.33119593998271807,0.022253181105416943,0.038667812164718755,0.3485572742354767,6
50,0.5,0.05,2,1.1563926040217536e-4,4.158170116586271e-4,0.038667812164718755,0.15547739978525107,1
50,0.5,0.05,3,0.00653621798054004,-0.003126171963918521,0.038667812164718755,0.0719965518585325,2
50,0.5,0.05,4,0.601894571851169,-0.029999209686632475,0.038667812164718755,0.06354963632361442,5
50,0.5,0.05,5,6.951305593290967e-4,0.0010194895792039933,0.038667812164718755,0.05322922909302351,4
50,0.5,0.05,6,0.05956250036584158,0.009437045752546816,0.038667812164718755,0.018384406681679764,3
50,0.5,0.1,1,0.010065191746402235,0.006066141489889849,0.06046464528073444,0.35463744802110136,6
50,0.5,0.1,2,0.046272240204961096,-0.013006539741951,0.06046464528073444,0.15860473291656335,1
50,0.5,0.1,3,0.10556862296630373,0.01964576468188882,0.06046464528073444,0.09377777731169021,4
50,0.5,0.1,4,0.36918801971749493,0.036738828961274936,0.06046464528073444,0.07028365537871287,2
50,0.5,0.1,5,0.4655476403095637,-0.041255663324151676,0.06046464528073444,0.06277041435534886,5
50,0.5,0.1,6,0.0033582850552743323,0.003503969262566457,0.06046464528073444,0.01853842236407659,3
50,0.5,0.2,1,0.0046059486141485605,0.004530264302857302,0.06675195596919231,0.3683128080876936,6
50,0.5,0.2,2,0.3220172115024406,-0.03787943899926174,0.06675195596919231,0.16963203681938807,1
50,0.5,0.2,3,0.4214944806331604,0.04333710955881647,0.06675195596919231,0.1440469997523682,4
50,0.5,0.2,4,0.057903324870613365,0.01606259639553374,0.06675195596919231,0.07679429811785342,2
50,0.5,0.2,5,0.17201013297711518,-0.027684775859332194,0.06675195596919231,0.0639574043412147,5
50,0.5,0.2,6,0.021968901402521907,0.009893914791442077,0.06675195596919231,0.018797830217207535,3
50,0.5,0.5,1,0.02246347581463076,0.00717790476148477,0.04789158533401874,0.40653285310083753,6
50,0.5,0.5,2,0.6566329701238731,0.03880793696168562,0.04789158533401874,0.27952741353408106,4
50,0.5,0.5,3,0.02956650277807444,0.008234916358741217,0.04789158533401874,0.18225818253913137,1
50,0.5,0.5,4,0.015324039638444293,-0.005928513960548396,0.04789158533401874,0.08681913288606728,2
50,0.5,0.5,5,0.26487232893317414,-0.02464776295682524,0.04789158533401874,0.06540621119311045,5
50,0.5,0.5,6,0.011140682711803209,0.005054929655965556,0.04789158533401874,0.0191411651172266,3
50,0.5,1,1,0.2740115206840336,-0.026438915921522897,0.05050789073637164,0.47114263045657845,6
50,0.5,1,2,0.3772186866718898,0.03102100270826743,0.05050789073637164,0.42281582380658556,4
50,0.5,1,3,0.015611900444451772,0.006310839263439971,0.05050789073637164,0.21508566239382296,1
50,0.5,1,4,0.28548791567740034,0.026986906055153855,0.05050789073637164,0.09207189942667823,2
50,0.5,1,5,0.045497907237749075,0.010773453530650116,0.05050789073637164,0.06668139222355572,5
50,0.5,1,6,0.0021720692844754384,0.0023539436887511094,0.05050789073637164,0.019321567824944434,3
50,1,0.01,1,0.26373031918026063,0.0115727988759634,0.0225350421842456,0.36145009904723563,6
50,1,0.01,2,0.012342503285186638,0.0025035715121597946,0.0225350421842456,0.16065142181774814,1
50,1,0.01,3,0.5286398897954224,-0.016384694220325197,0.0225350421842456,0.09136283516054262,5
50,1,0.01,4,0.10011029087012713,-0.007130134741398057,0.0225350421842456,0.07103411923887167,2
50,1,0.01,5,0.051605701512812484,-0.005119260366776428,0.0225350421842456,0.020352955010791266,4
50,1,0.01,6,0.04357129535619074,0.004703905747231078,0.0225350421842456,0.018561492301228957,3
50,1,0.02,1,1.7310767360862365e-5,1.9764628977628e-4,0.047504035652197255,0.36257283432777104,6
50,1,0.02,2,0.005011732550035651,0.0033629812786487284,0.047504035652197255,0.16134218333865144,1
50,1,0.02,3,0.6975807876726109,-0.03967598904783762,0.047504035652197255,0.09143549488294249,5
50,1,0.02,4,0.254148610362296,-0.023948282684399594,0.047504035652197255,0.07164145393116658,2
50,1,0.02,5,0.0022822854247098964,0.002269423170133784,0.047504035652197255,0.02976685749205498,4
50,1,0.02,6,0.04095927322298673,-0.009614055550476067,0.047504035652197255,0.018632979474481004,3
50,1,0.05,1,0.08792055499012749,0.005559859137861173,0.018750747180620895,0.3665350340695078,6
50,1,0.05,2,0.0013256419318590246,-6.827028167019901e-4,0.018750747180620895,0.16325142465143086,1
50,1,0.05,3,0.43013233966982695,-0.012297579147981956,0.018750747180620895,0.09183146044654564,5
50,1,0.05,4,0.2835998308321625,0.00998554014294786,0.018750747180620895,0.07401750383896405,2
50,1,0.05,5,0.14524161513858724,0.007146018119746941,0.018750747180620895,0.05132677334796022,4
50,1,0.05,6,0.05178001743743685,0.00426677433756647,0.018750747180620895,0.018692596524335293,3
50,1,0.1,1,0.16990518185666362,0.008632097162380663,0.020941751791751197,0.37253411655072094,6
50,1,0.1,2,0.1896644596514312,-0.00912023411883948,0.020941751791751197,0.166653727462264,1
50,1,0.1,3,0.39554181826649515,-0.013170710708940823,0.020941751791751197,0.09249521141630396,5
50,1,0.1,4,0.14891771812987242,0.008081392389959573,0.020941751791751197,0.08770424821146551,4
50,1,0.1,5,0.05123451139898365,-0.004740174256459135,0.020941751791751197,0.07078786869446395,2
50,1,0.1,6,0.04473631069655409,-0.004429381535089022,0.020941751791751197,0.01877129789148665,3
50,1,0.2,1,0.00927103962566402,0.00473890218719036,0.04921681733828478,0.38434415810535033,6
50,1,0.2,2,0.0842346501378866,-0.01428429840873381,0.04921681733828478,0.1755084508773257,1
50,1,0.2,3,0.628646546426518,0.03902265309589,0.04921681733828478,0.13611718304786619,4
50,1,0.2,4,0.14987362757678482,-0.019053560166904716,0.04921681733828478,0.09285957406956467,5
50,1,0.2,5,0.11835461112342548,0.016931916478686904,0.04921681733828478,0.07694112802902907,2
50,1,0.2,6,0.009619525109721274,0.004827144976413659,0.04921681733828478,0.018926373503113058,3
50,1,0.5,1,0.04959190243636965,0.00846050547222538,0.037991892370019265,0.4221276819505117,6
50,1,0.5,2,0.27050255573060367,-0.01975953010636088,0.037991892370019265,0.2664543646392233,4
50,1,0.5,3,0.07406703285764754,0.010339591950354266,0.037991892370019265,0.18654764206140928,1
50,1,0.5,4,0.04644237541396754,-0.008187440155100685,0.037991892370019265,0.09534820773214234,5
50,1,0.5,5,0.3939742618331607,-0.023846511295609954,0.037991892370019265,0.08417698364626408,2
50,1,0.5,6,0.16542187172825093,0.015452095780849643,0.037991892370019265,0.019200125654279462,3
50,1,1,1,0.22894777327262641,-0.013425014354103983,0.028057343343299044,0.4874089888353718,6
50,1,1,2,0.28316188527071823,0.014930142206853172,0.028057343343299044,0.4121434687460057,4
50,1,1,3,0.22732819166541202,0.013377445655194727,0.028057343343299044,0.21816034419162764,1
50,1,1,4,0.0020139674490061814,-0.0012591363744922468,0.028057343343299044,0.0982050645402208,5
50,1,1,5,0.09194632572668834,-0.008507730734893271,0.028057343343299044,0.08765256709923763,2
50,1,1,6,0.16660185661554888,0.011452135164863597,0.028057343343299044,0.019370385732169367,3
50,10,0.01,1,0.14835042540926632,0.014562761111996288,0.03780936010980031,0.4979646880545863,6
50,10,0.01,2,0.3247089431247764,-0.021544997718300395,0.03780936010980031,0.27308985442176603,5
50,10,0.01,3,0.3903468550006415,0.02362243538288189,0.03780936010980031,0.21283419097028247,1
50,10,0.01,4,0.08865134606474191,0.011257501007098342,0.03780936010980031,0.09264568883994898,2
50,10,0.01,5,3.6068416023258995e-5,-2.2707162217758554e-4,0.03780936010980031,0.020051516636875277,3
50,10,0.01,6,0.047906361984550644,0.00827553201679923,0.03780936010980031,0.01961467788892356,4
50,10,0.02,1,0.25168441585238155,0.014007013244917483,0.027920126185177547,0.4981083191054215,6
50,10,0.02,2,0.014560800566637461,0.003369069759605316,0.027920126185177547,0.2731014129388792,5
50,10,0.02,3,0.30432288649796146,0.015402268289707921,0.027920126185177547,0.2127817029424928,1
50,10,0.02,4,0.04586722803896297,0.005979551683920917,0.027920126185177547,0.09275175245641608,2
50,10,0.02,5,0.03281517824122213,-0.00505771974133835,0.027920126185177547,0.02820409810592119,4
50,10,0.02,6,0.3507494908028344,-0.016535445543350468,0.027920126185177547,0.019961771519915947,3
50,10,0.05,1,0.8759873886151891,0.02582335344994024,0.02759076312536569,0.503014149293501,6
50,10,0.05,2,0.037711170506000986,-0.005357950770677792,0.02759076312536569,0.2734956451554777,5
50,10,0.05,3,0.017835512091134292,-0.0036847370763706516,0.02759076312536569,0.21386873463847816,1
50,10,0.05,4,0.060327789186409034,-0.006776764875465248,0.02759076312536569,0.09301285188117953,2
50,10,0.05,5,0.006651124506985734,-0.0022501488676563417,0.02759076312536569,0.04622278723492115,4
50,10,0.05,6,0.001487015094280943,-0.001063950446476091,0.02759076312536569,0.019980657781599485,3
50,10,0.1,1,0.013432913165113167,0.0031610481516754258,0.027273822374350352,0.5112424788722127,6
50,10,0.1,2,0.034536047164618854,-0.005068533510018469,0.027273822374350352,0.2743649714616479,5
50,10,0.1,3,0.12590740636312744,0.009677688666164898,0.027273822374350352,0.21606035446236868,1
50,10,0.1,4,0.0022723639390894884,-0.001300124529147095,0.027273822374350352,0.09371631377239976,2
50,10,0.1,5,2.664549104394966e-4,-4.4520278438916794e-4,0.027273822374350352,0.06880192507976439,4
50,10,0.1,6,0.8235848144576116,-0.024751423036231446,0.027273822374350352,0.01997383631133647,3
50,10,0.2,1,0.09734153401696374,-0.004746273734419817,0.015212608504633369,0.5263211417054883,6
50,10,0.2,2,2.0485120355829027e-4,2.177323444130855e-4,0.015212608504633369,0.276274440534284,5
50,10,0.2,3,0.8059906693630585,0.013657420965505327,0.015212608504633369,0.22081446616750675,1
50,10,0.2,4,0.029091602869966062,-0.002594702164185309,0.015212608504633369,0.10862164671354796,4
50,10,0.2,5,0.045330710247432036,0.0032389179824568576,0.015212608504633369,0.09272471316636602,2
50,10,0.2,6,0.02204063229902134,-0.002258477215395734,0.015212608504633369,0.020007590426128145,3
50,10,0.5,1,0.21675326624937122,-0.009857115840565303,0.021172251055827717,0.561931996838929,6
50,10,0.5,2,0.08919566426749174,-0.00632322895393206,0.021172251055827717,0.2838253880416231,5
50,10,0.5,3,0.4649429748458199,0.014436665041918555,0.021172251055827717,0.240613891111634,1
50,10,0.5,4,3.6664571145574525e-4,-4.0540615676733807e-4,0.021172251055827717,0.19277034766222265,4
50,10,0.5,5,0.22138853635367356,0.009961955551390499,0.021172251055827717,0.09607119782381676,2
50,10,0.5,6,0.0073529125721878506,0.00181550201885087,0.021172251055827717,0.020078464091090695,3
50,10,1,1,0.02555452828697919,0.003056680939741014,0.019121245369953587,0.6243789524955278,6
50,10,1,2,0.09127311338434285,-0.005776803657544224,0.019121245369953587,0.34764365146811305,4
50,10,1,3,0.022748076982013078,-0.0028839552631064382,0.019121245369953587,0.2881842896458512,5
50,10,1,4,0.3302370541593686,-0.010988263753022795,0.019121245369953587,0.23561844565832787,1
50,10,1,5,0.26114033249895563,-0.009771318081320531,0.019121245369953587,0.09957870040910523,2
50,10,1,6,0.2690468946883406,0.009918138450376845,0.019121245369953587,0.02017854420778489,3
100,0.05,0.01,1,0.05130221593985108,0.013856624804878157,0.061177171764530136,0.22788807643466163,1
100,0.05,0.01,2,0.033855828646815814,-0.011256571118487551,0.061177171764530136,0.10651563322293282,1
100,0.05,0.01,3,0.03180001260023816,-0.010909454657893412,0.061177171764530136,0.03728753683189219,2
100,0.05,0.01,4,0.014255265737370943,-0.007304273968745825,0.061177171764530136,0.023986899894250308,4
100,0.05,0.01,5,0.8368255061621871,-0.05596375543269123,0.061177171764530136,0.021164193869503255,5
100,0.05,0.01,6,0.03196117091353686,-0.010937063568658785,0.061177171764530136,0.012103519501621727,3
100,0.05,0.02,1,0.005169881312394142,0.003980853745697899,0.05536508049890585,0.23150765600913037,1
100,0.05,0.02,2,0.04231854909757012,-0.011389412446121596,0.05536508049890585,0.10753157617439507,1
100,0.05,0.02,3,0.37728571627741475,-0.034007218941427955,0.05536508049890585,0.0439448192599766,4
100,0.05,0.02,4,0.12409648728296767,-0.019503640350011606,0.05536508049890585,0.03430266339253349,2
100,0.05,0.02,5,0.3944775626403156,0.03477339459465096,0.05536508049890585,0.021202434105349114,5
100,0.05,0.02,6,0.0566518033893377,-0.013177796764622707,0.05536508049890585,0.01231533080364474,3
100,0.05,0.05,1,0.01149995786506314,0.006467348158509113,0.060308443026120026,0.24143341270472224,1
100,0.05,0.05,2,0.08306655924733113,-0.017381659072436408,0.060308443026120026,0.11133594846346542,1
100,0.05,0.05,3,0.10315904524040892,0.019370096016493695,0.060308443026120026,0.07711688300368418,4
100,0.05,0.05,4,0.07380815849612497,0.016384390922194795,0.060308443026120026,0.04125515252582277,2
100,0.05,0.05,5,0.6891666279889017,-0.050065693472708825,0.060308443026120026,0.02123406626530862,5
100,0.05,0.05,6,0.0392996511621701,-0.011955629947362025,0.060308443026120026,0.012810458677726734,3
100,0.05,0.1,1,0.0038874278092038126,0.002827298444929218,0.04534615683542868,0.25280567789015534,1
100,0.05,0.1,2,0.5252140073701517,0.0328631081327282,0.04534615683542868,0.12531000138703074,4
100,0.05,0.1,3,0.0015549991119238975,0.0017881566346864245,0.04534615683542868,0.11409552610525953,4
100,0.05,0.1,4,0.02889163898087598,-0.007707731463462309,0.04534615683542868,0.04764192674381787,2
100,0.05,0.1,5,0.43783609502872883,0.030005182087208607,0.04534615683542868,0.021274873564962885,5
100,0.05,0.1,6,0.002615831699115819,0.002319238356367513,0.04534615683542868,0.013187298553860666,3
100,0.05,0.2,1,0.013541441325138402,-0.004410462278840579,0.03790108702103521,0.2681718791159615,6
100,0.05,0.2,2,0.7160813193352251,0.03207250179091251,0.03790108702103521,0.18603669985791724,4
100,0.05,0.2,3,0.11644309222183219,-0.012933275559718972,0.03790108702103521,0.12966327990797621,1
100,0.05,0.2,4,0.021125394157492608,0.005508762846484795,0.03790108702103521,0.054576990597304864,2
100,0.05,0.2,5,0.12507030939791408,0.013403825893661037,0.03790108702103521,0.021379102921035672,5
100,0.05,0.2,6,0.007738443562397497,0.0033340988804934834,0.03790108702103521,0.01343339452826691,3
100,0.05,0.5,1,0.43475014833695447,0.01213415295672379,0.01840304108551591,0.31056746167663235,6
100,0.05,0.5,2,0.28509299172851116,0.009826138164506863,0.01840304108551591,0.30434521368241624,4
100,0.05,0.5,3,0.002602483447937823,-9.388227038114149e-4,0.01840304108551591,0.15772143036998174,1
100,0.05,0.5,4,0.12238267237068338,-0.006437979090738057,0.01840304108551591,0.061592657367672374,2
100,0.05,0.5,5,0.005956211804840112,-0.0014202822589156883,0.01840304108551591,0.021612905262119637,5
100,0.05,0.5,6,0.1492154923110731,-0.007108804221040041,0.01840304108551591,0.013613725490420215,3
100,0.05,1,1,0.027595172992970218,0.006685529451569598,0.04024567778641665,0.43429114941285824,4
100,0.05,1,2,0.2603594430625489,-0.020535529846978966,0.04024567778641665,0.3815087835560192,6
100,0.05,1,3,0.001500800439864381,-0.0015591242268822737,0.04024567778641665,0.18567305460451106,1
100,0.05,1,4,0.7043662969330341,0.03377680211545825,0.04024567778641665,0.06489400298774198,2
100,0.05,1,5,1.608329662267642e-4,5.10395435344631e-4,0.04024567778641665,0.02169209706394615,5
100,0.05,1,6,0.006017453605355588,0.0031219476840595763,0.04024567778641665,0.013701432527755616,3
100,0.1,0.01,1,0.010488519404333665,0.004713904583548117,0.04602816852272923,0.23608583469390496,1
100,0.1,0.01,2,0.2216889159819732,-0.02167183494430309,0.04602816852272923,0.10942515586891269,1
100,0.1,0.01,3,0.054080663437731616,-0.010703965480416022,0.04602816852272923,0.0406148346817775,2
100,0.1,0.01,4,0.6639673922344327,-0.03750568227637938,0.04602816852272923,0.029902271333279957,5
100,0.1,0.01,5,0.02441060552968952,-0.007191392136012103,0.04602816852272923,0.02284255472255904,4
100,0.1,0.01,6,0.025363903411839247,0.007330468634698351,0.04602816852272923,0.01249722454012437,3
100,0.1,0.02,1,0.020064060085602305,0.008049761434956686,0.05682946922123042,0.23841688688905188,1
100,0.1,0.02,2,0.16493586729962956,-0.023079752861291915,0.05682946922123042,0.1105864904596356,1
100,0.1,0.02,3,0.15952376849950506,0.02269793249842538,0.05682946922123042,0.044209164651080976,2
100,0.1,0.02,4,0.003229673260629385,-0.003229630916020488,0.05682946922123042,0.03451196928335937,4
100,0.1,0.02,5,0.6180977649653809,-0.0446788705999872,0.05682946922123042,0.02987565002688873,5
100,0.1,0.02,6,0.03414886588925273,-0.01050175161682834,0.05682946922123042,0.012610706193407959,3
100,0.1,0.05,1,0.005874792432991455,0.003410864526041719,0.044500839801002556,0.24545637050454672,1
100,0.1,0.05,2,0.04272221326697156,-0.00919803544285797,0.044500839801002556,0.11415527492008758,1
100,0.1,0.05,3,0.5802824141090193,0.03389907996664021,0.044500839801002556,0.07253743624669044,4
100,0.1,0.05,4,4.157419864868138e-4,-9.073610871871902e-4,0.044500839801002556,0.043285985493448094,2
100,0.1,0.05,5,0.3100193567491848,-0.0247777925364155,0.044500839801002556,0.02997016963099909,5
100,0.1,0.05,6,0.0606854814553462,0.010962525277806914,0.044500839801002556,0.012909907383215909,3
100,0.1,0.1,1,0.1616150281965014,0.011348984140658398,0.028230340600038307,0.25539961790948157,6
100,0.1,0.1,2,0.5004440097175905,-0.019970726568841583,0.028230340600038307,0.12449413932265391,4
100,0.1,0.1,3,0.20553134205118234,0.012798384308593912,0.028230340600038307,0.11128351978167603,4
100,0.1,0.1,4,0.07043415762429653,-0.007492172713652694,0.028230340600038307,0.04880529400569005,2
100,0.1,0.1,5,0.04459907426083709,0.0059618224768758395,0.028230340600038307,0.030070453714810458,5
100,0.1,0.1,6,0.017376388149592067,-0.0037213101932482636,0.028230340600038307,0.01321093167970255,3
100,0.1,0.2,1,0.11276401217584553,0.017545853028545066,0.05225035281323447,0.2710142587520024,6
100,0.1,0.2,2,0.20282867750859485,0.023531732713574647,0.05225035281323447,0.18133559278119496,4
100,0.1,0.2,3,0.07414483088521921,0.014227535135163706,0.05225035281323447,0.13117145772457525,1
100,0.1,0.2,4,5.899374914838451e-4,0.001269089426838351,0.05225035281323447,0.05511690014616398,2
100,0.1,0.2,5,0.5859705618780197,-0.03999697315171158,0.05225035281323447,0.030181931050016354,5
100,0.1,0.2,6,0.02370198006083693,0.008044175583034533,0.05225035281323447,0.013439617109807487,3
100,0.1,0.5,1,0.0037526797512082684,-0.0023055778009401606,0.037636482710817,0.31362649048287283,6
100,0.1,0.5,2,0.3332035224424481,0.021725201936764,0.037636482710817,0.3022262473410352,4
100,0.1,0.5,3,0.1087235808486444,0.012409974919334245,0.037636482710817,0.15842110511911256,1
100,0.1,0.5,4,0.4818754023788517,0.026126209739137367,0.037636482710817,0.06180092060759011,2
100,0.1,0.5,5,0.0357459621441142,-0.007115780214440275,0.037636482710817,0.03048446427716817,5
100,0.1,0.5,6,0.036698852434733385,0.007210000122062679,0.037636482710817,0.013616424781703215,3
100,0.1,1,1,0.2413474559554559,-0.009724176386606578,0.01979390425729657,0.4342789019645999,4
100,0.1,1,2,0.282779217901617,-0.010525802326628404,0.01979390425729657,0.38229206906814495,6
100,0.1,1,3,0.13507923868542446,0.00727487888459239,0.01979390425729657,0.18580023763039372,1
100,0.1,1,4,0.06285437504205434,-0.004962485165796709,0.01979390425729657,0.06483162826822245,2
100,0.1,1,5,0.25691891983229276,0.01003296989216455,0.01979390425729657,0.030636521060544944,5
100,0.1,1,6,0.021020792583155597,-0.002869828926366419,0.01979390425729657,0.013703731527736478,3
100,0.2,0.01,1,0.046239445611489904,0.006570284782666772,0.030554690209204833,0.24428575605088995,1
100,0.2,0.01,2,0.020732666527284848,0.0043995217188758946,0.030554690209204833,0.11367866300115297,1
100,0.2,0.01,3,0.19949663827398872,0.013647266603187061,0.030554690209204833,0.04477060139775238,2
100,0.2,0.01,4,0.71084605446901306,-0.025761174736590606,0.030554690209204833,0.04177110587659562,5
100,0.2,0.01,5,0.009920714267473419,-0.003043332161073708,0.030554690209204833,0.021932544938095287,4
100,0.2,0.01,6,0.012764480850750015,-0.0034520689607871347,0.030554690209204833,0.012811036712116228,3
100,0.2,0.02,1,0.004108600477006454,0.002569883660220492,0.0400928110223089,0.24612039293519972,1
100,0.2,0.02,2,0.1709735380784033,-0.016577954999955024,0.0400928110223089,0.11482609906435709,1
100,0.2,0.02,3,0.1574404454798317,-0.01590833258508189,0.0400928110223089,0.04655972567492394,2
100,0.2,0.02,4,0.6344878430719773,0.03193582645790885,0.0400928110223089,0.04210301332994319,5
100,0.2,0.02,5,0.00656182723283008,-0.003247722415301903,0.0400928110223089,0.033392210582390884,4
100,0.2,0.02,6,0.026427745659951152,-0.006517733009940505,0.0400928110223089,0.012874287987843378,3
100,0.2,0.05,1,0.0012831740160837797,0.0014879957413096757,0.041539274764452704,0.25096017317198743,1
100,0.2,0.05,2,0.12053302904586187,-0.01442155017403569,0.041539274764452704,0.11819857245074336,1
100,0.2,0.05,3,0.005814734714311396,-0.003167552799070926,0.041539274764452704,0.06798290523336882,4
100,0.2,0.05,4,0.22088571195982987,0.019522827730330993,0.041539274764452704,0.045941481122365534,2
100,0.2,0.05,5,0.6032733029081127,0.032263833158619984,0.041539274764452704,0.04201522548428239,5
100,0.2,0.05,6,0.04821004735580049,0.009120689875111615,0.041539274764452704,0.013038226183409447,3
100,0.2,0.1,1,0.13994292073234593,0.012443598597092636,0.03326369779588358,0.2595317877083486,6
100,0.2,0.1,2,0.0831249574205881,-0.009590389467770558,0.03326369779588358,0.12645374986533803,1
100,0.2,0.1,3,4.6476636897074975e-8,7.171134591381361e-6,0.03326369779588358,0.10608706797542224,4
100,0.2,0.1,4,0.6580645367246417,0.026983903184977374,0.03326369779588358,0.05045020324747044,2
100,0.2,0.1,5,0.07205848632527788,-0.008929211170667908,0.03326369779588358,0.04231011339778547,5
100,0.2,0.1,6,0.046809052320509546,0.007196733996403947,0.03326369779588358,0.013249683433476678,3
100,0.2,0.2,1,0.027279219506159896,0.0033422022589359485,0.020235631317345765,0.27440513461854504,6
100,0.2,0.2,2,0.18303747051409605,0.00865738558952166,0.020235631317345765,0.17471992273508893,4
100,0.2,0.2,3,0.0018052181581444775,8.597686491730611e-4,0.020235631317345765,0.13289069827904032,1
100,0.2,0.2,4,0.4347772915385366,0.013342898568514444,0.020235631317345765,0.05579756625524639,2
100,0.2,0.2,5,0.05817836157436424,0.0048808729316318885,0.020235631317345765,0.042522421235769645,5
100,0.2,0.2,6,0.2949224387086988,-0.01098931611665386,0.020235631317345765,0.013449997382570428,3
100,0.2,0.5,1,0.02963561629030384,-0.007831325221260019,0.04549129271988373,0.31788015181520424,6
100,0.2,0.5,2,0.5373324331831765,0.03334646530700414,0.04549129271988373,0.29842998075112687,4
100,0.2,0.5,3,0.13303380806088858,-0.01659240308770119,0.04549129271988373,0.15934549183821836,1
100,0.2,0.5,4,0.1967904340682631,0.0201804232287474,0.04549129271988373,0.06199365285343247,2
100,0.2,0.5,5,0.005730118459842858,-0.003443579220084002,0.04549129271988373,0.04293539150615328,5
100,0.2,0.5,6,0.09747758993752514,0.014203019058378208,0.04549129271988373,0.01362059928117807,3
100,0.2,1,1,3.5205287912329944e-4,8.11898873022474e-4,0.04327110526005243,0.43425914138537175,4
100,0.2,1,2,0.38994010336396867,-0.02702072139841635,0.04327110526005243,0.38377378739747375,6
100,0.2,1,3,0.5661294386314348,0.03255786047873695,0.04327110526005243,0.18609244711266304,1
100,0.2,1,4,0.009201734706642248,0.004150809885887263,0.04327110526005243,0.06497977717093777,2
100,0.2,1,5,0.0330851981170205,0.007870727167352633,0.04327110526005243,0.04320447302198441,5
100,0.2,1,6,0.0012914723018103815,-0.0015550363182584397,0.04327110526005243,0.013707416758148502,3
100,0.5,0.01,1,0.0032689365932645604,0.002599759739016863,0.04547052466997,0.2567221324382683,6
100,0.5,0.01,2,0.0937386003186989,-0.01392160148535201,0.04547052466997,0.12141159758135187,1
100,0.5,0.01,3,0.7715176673224009,-0.03993952570973945,0.04547052466997,0.06676684763578693,5
100,0.5,0.01,4,1.1789439173933852e-4,4.937152459655866e-4,0.04547052466997,0.04907649736932994,2
100,0.5,0.01,5,0.05543104976102242,-0.010705489186103968,0.04547052466997,0.021056116826467738,4
100,0.5,0.01,6,0.07592585161287381,0.01252924210668608,0.04547052466997,0.01313414338638957,3
100,0.5,0.02,1,0.04799471870222096,-0.006310553788540068,0.02880519022123339,0.25842925067110734,6
100,0.5,0.02,2,0.06289504036250723,-0.007224020132100262,0.02880519022123339,0.12277621292317925,1
100,0.5,0.02,3,0.07531479534010074,-0.007905164245078708,0.02880519022123339,0.06679796023092742,5
100,0.5,0.02,4,0.12761841062080037,-0.010290285240339238,0.02880519022123339,0.05015830349319823,2
100,0.5,0.02,5,0.025068744531005216,0.004560758117827114,0.02880519022123339,0.03167078381252115,4
100,0.5,0.02,6,0.6611082904433655,0.023421087101495784,0.02880519022123339,0.013161093571345314,3
100,0.5,0.05,1,1.9856798811265772e-4,4.2668790192864904e-4,0.030279988891756864,0.2619358510046552,6
100,0.5,0.05,2,0.3688379296470419,-0.018389651510326524,0.030279988891756864,0.12609657022399925,1
100,0.5,0.05,3,0.3238103603642672,0.017230627013608644,0.030279988891756864,0.06700741034097889,5
100,0.5,0.05,4,0.25965323319199773,0.015429525797355535,0.030279988891756864,0.062309970819723406,4
100,0.5,0.05,5,0.005581905961731917,-0.002262283194498624,0.030279988891756864,0.048524999209930975,2
100,0.5,0.05,6,0.041918002846848657,-0.0061994905583073,0.030279988891756864,0.013224080607523798,3
100,0.5,0.1,1,0.16758866208515674,-0.012306808266937802,0.03006236321457542,0.26809299545486937,6
100,0.5,0.1,2,0.0227219097586671,0.00453153702756723,0.03006236321457542,0.13233218226193857,1
100,0.5,0.1,3,0.02046738210333633,0.004300849706587815,0.03006236321457542,0.09766843032834832,4
100,0.5,0.1,4,0.5600100277290856,-0.022496814095824637,0.03006236321457542,0.06716133250121416,5
100,0.5,0.1,5,0.2133185514594821,-0.013884729733833976,0.03006236321457542,0.05233020929929058,2
100,0.5,0.1,6,0.015893466864272184,0.003789940903406303,0.03006236321457542,0.013331551532613494,3
100,0.5,0.2,1,0.003427542300044836,0.0019272771237967433,0.03291946396472923,0.2823381409987699,6
100,0.5,0.2,2,0.10425566869976523,0.010629249319677767,0.03291946396472923,0.16480646452160214,4
100,0.5,0.2,3,0.00912308912867305,-0.0031442981035084082,0.03291946396472923,0.13546668919953284,1
100,0.5,0.2,4,0.3905116588417968,-0.020571679857265802,0.03291946396472923,0.06745680570010301,5
100,0.5,0.2,5,0.486544134940932,0.022962220113727946,0.03291946396472923,0.056390509192571346,2
100,0.5,0.2,6,0.006137906088788087,-0.002579068484641584,0.03291946396472923,0.013476806100665628,3
100,0.5,0.5,1,0.007039958185321334,-0.002614524973925642,0.031160739432148355,0.326564696928337,6
100,0.5,0.5,2,0.001679885108517388,-0.001277166577630306,0.031160739432148355,0.2891498603943417,4
100,0.5,0.5,3,0.2396108581304685,0.015253201308301222,0.031160739432148355,0.16152373791001223,1
100,0.5,0.5,4,0.08316851974432347,-0.008986430930715385,0.031160739432148355,0.0682461648220477,5
100,0.5,0.5,5,0.25785407025188967,-0.01582321577220199,0.031160739432148355,0.06137650352303207,2
100,0.5,0.5,6,0.4106467085794796,-0.01996833839492426,0.031160739432148355,0.013632708110486107,3
100,0.5,1,1,0.6571509394402694,-0.014847028061338552,0.018315001679181157,0.4342422201704357,4
100,0.5,1,2,0.023631855093169295,-0.0028155021952260685,0.018315001679181157,0.3872955503183184,6
100,0.5,1,3,0.2514215843448637,0.009183500251290614,0.018315001679181157,0.18691864226676577,1
100,0.5,1,4,0.02576700471728079,0.0029399431419371816,0.018315001679181157,0.06913733359376498,5
100,0.5,1,5,0.03833062605229845,0.0035857492737785797,0.018315001679181157,0.0639874421756364,2
100,0.5,1,6,0.0036979903521183817,-0.001113755469225435,0.018315001679181157,0.0137175816854677,3
100,1,0.01,1,0.37885841337012693,0.023100845622090357,0.03753093722309056,0.2682911695867797,6
100,1,0.01,2,0.2069905196957088,-0.01707515431340411,0.03753093722309056,0.12963247913817982,1
100,1,0.01,3,0.16662449957373907,-0.01532000259309755,0.03753093722309056,0.09366027178526476,5
100,1,0.01,4,0.011576570130152874,0.004038121326254889,0.03753093722309056,0.052796599295478405,2
100,1,0.01,5,0.22641602098401628,-0.017858418111233888,0.03753093722309056,0.02059094926073482,4
100,1,0.01,6,0.00953397624625604,0.0036645988631272795,0.03753093722309056,0.013315648077264989,3
100,1,0.02,1,0.058112457642744725,-0.008989501840269944,0.03729074023366451,0.2696488011323448,6
100,1,0.02,2,0.06801113569690606,-0.00972503152592722,0.03729074023366451,0.13074416905467354,1
100,1,0.02,3,0.8325305060281428,-0.03402523100413121,0.03729074023366451,0.09372863196503424,5
100,1,0.02,4,0.0011982180082554452,-0.0012908296293950665,0.03729074023366451,0.053359780912676694,2
100,1,0.02,5,0.0225145835074726,-0.005595423507368954,0.03729074023366451,0.030570410135829864,4
100,1,0.02,6,0.01763309911647833,-0.004951825462868881,0.03729074023366451,0.013323702839495126,3
100,1,0.05,1,0.3141568090383779,-0.009499858375129908,0.016948992686875077,0.27381437977338463,6
100,1,0.05,2,0.48586436847557674,0.01181412108291711,0.016948992686875077,0.13416348393881591,1
100,1,0.05,3,0.06534571860253241,-0.004332638568478664,0.016948992686875077,0.09381936142040194,5
100,1,0.05,4,0.015006031346947219,-0.002076236477764677,0.016948992686875077,0.059461183639453026,4
100,1,0.05,5,0.08764529416716281,0.005017740458846345,0.016948992686875077,0.050283473517605065,2
100,1,0.05,6,0.031981778369402865,0.00303106463167307,0.016948992686875077,0.013359714085855779,3
100,1,0.1,1,0.24165087132493698,0.011010669341015212,0.022398531088083123,0.2792271717848022,6
100,1,0.1,2,0.23075443868103854,-0.010759561437836022,0.022398531088083123,0.13923766322190143,1
100,1,0.1,3,0.020533915331354003,0.003209633331143447,0.022398531088083123,0.09401074608822296,5
100,1,0.1,4,0.06358449182866889,-0.005648005881402122,0.022398531088083123,0.09094997836778598,4
100,1,0.1,5,0.1480210267457641,-0.008617499047986825,0.022398531088083123,0.05456375252221831,2
100,1,0.1,6,0.29545525608823736,-0.012174899869538642,0.022398531088083123,0.013416328670202942,3
100,1,0.2,1,0.13886075485005775,0.005281072251469905,0.014172039310881762,0.291976691846591,6
100,1,0.2,2,1.691820820450293e-4,1.8433573331907743e-4,0.014172039310881762,0.1597650115685247,4
100,1,0.2,3,0.0941147458999614,-0.0043477161784878865,0.014172039310881762,0.13602043224116478,4
100,1,0.2,4,0.2690151757433489,-0.007350565272249045,0.014172039310881762,0.09437997430307674,5
100,1,0.2,5,0.09975304122520207,0.004476055067623824,0.014172039310881762,0.0576194697443483,2
100,1,0.2,6,0.3980871001993849,0.008941726884817855,0.014172039310881762,0.013515143119672548,3
100,1,0.5,1,0.40782919006588414,0.022263433528984487,0.03486205549209479,0.33651947033658125,6
100,1,0.5,2,0.4595699883588883,0.023633542261810216,0.03486205549209479,0.2780988611617856,4
100,1,0.5,3,0.06952831181466113,-0.009192504098032727,0.03486205549209479,0.16411502407168105,1
100,1,0.5,4,0.03443500069531394,0.006469236644212709,0.03486205549209479,0.09495557099386712,5
100,1,0.5,5,4.855236081239006e-5,2.4291714364464776e-4,0.03486205549209479,0.06212527669063977,2
100,1,0.5,6,0.028588956704440047,0.005894570188212802,0.03486205549209479,0.013651565381018829,3
100,1,1,1,2.6066150210991758e-5,7.112988593044923e-5,0.013932006403965648,0.4348527182225148,4
100,1,1,2,0.8458185702907596,0.012813042699226762,0.013932006403965648,0.3906520162025899,6
100,1,1,3,0.11448766678504756,0.004714037334650318,0.013932006403965648,0.18823133867379924,1
100,1,1,4,0.015089032364645075,-0.0017113717568146465,0.013932006403965648,0.09585769984618955,5
100,1,1,5,0.02414143826646223,-0.002164687630948035,0.013932006403965648,0.06500616072971024,2
100,1,1,6,4.372261428745082e-4,2.9131760190511877e-4,0.013932006403965648,0.013734253066182775,3
100,10,0.01,1,0.1645303097554699,-0.00955565561091063,0.023557951946287195,0.35860175322895227,6
100,10,0.01,2,1.2048734234417139e-7,-8.177268237575287e-6,0.023557951946287195,0.27841451403366707,5
100,10,0.01,3,0.1386683170148971,-0.008772556094174455,0.023557951946287195,0.1701594997368167,1
100,10,0.01,4,0.019498934090794662,0.0032895990474403115,0.023557951946287195,0.06337600732826851,2
100,10,0.01,5,0.4697980266435321,-0.01614704760527604,0.023557951946287195,0.01979564688250444,4
100,10,0.01,6,0.2075042920079639,0.010731268806442448,0.023557951946287195,0.013891651716155525,3
100,10,0.02,1,0.04234288795290021,-0.0038080943302286428,0.018506208894699578,0.35920867889372,6
100,10,0.02,2,5.98096626167764e-4,4.525881058586618e-4,0.018506208894699578,0.2785868917068422,5
100,10,0.02,3,0.090867931610211,0.005578568643038109,0.018506208894699578,0.1707902017828732,1
100,10,0.02,4,0.2091907111153248,0.008464253430646166,0.018506208894699578,0.06342810592046008,2
100,10,0.02,5,0.16846729993637935,0.0075958305496865415,0.018506208894699578,0.028501708027874984,4
100,10,0.02,6,0.4885330727590169,-0.012934940790352645,0.018506208894699578,0.013882879921126776,3
100,10,0.05,1,0.12478198458103222,-0.009817371380411078,0.027791966391852916,0.36411981205982774,6
100,10,0.05,2,0.0029592217441323644,0.0015118476551055362,0.027791966391852916,0.27910958872859354,5
100,10,0.05,3,0.14589847242014464,-0.010615602506357995,0.027791966391852916,0.1720278308044438,1
100,10,0.05,4,0.10828398002386024,0.009145372111346797,0.027791966391852916,0.0637441026491378,2
100,10,0.05,5,0.6103865320295208,0.02171309573279922,0.027791966391852916,0.047277842273635115,4
100,10,0.05,6,0.007689809201309721,0.002437120810099842,0.027791966391852916,0.013892181441818374,3
100,10,0.1,1,0.002262847685124943,-5.977583584331787e-4,0.01256602723109469,0.37086664161442157,6
100,10,0.1,2,0.5843278625561191,-0.009605639735476592,0.01256602723109469,0.2799387999477538,5
100,10,0.1,3,0.10822963675143757,0.004134005945901508,0.01256602723109469,0.17454163006962303,1
100,10,0.1,4,0.18105608803357623,0.005346930791645734,0.01256602723109469,0.07312646773686426,4
100,10,0.1,5,0.01263328070845906,-0.0014123946687480042,0.01256602723109469,0.06298761928085164,2
100,10,0.1,6,0.11149028426528304,-0.004195816706919363,0.01256602723109469,0.013895980959640697,3
100,10,0.2,1,0.29488602719228096,0.013358271166366254,0.024599323164397967,0.38416675331824046,6
100,10,0.2,2,0.014911560413628984,0.0030038946964123566,0.024599323164397967,0.2815036333838746,5
100,10,0.2,3,0.09812406514778417,-0.007705679187965036,0.024599323164397967,0.17936230430562516,1
100,10,0.2,4,0.06028156191707398,-0.0060397005424569754,0.024599323164397967,0.11428091612528689,4
100,10,0.2,5,0.4857677606382064,-0.0171450004967205,0.024599323164397967,0.06418345003691717,2
100,10,0.2,6,0.04602902469102554,-0.005277631270015122,0.024599323164397967,0.01391165555469572,3
100,10,0.5,1,7.992373122912446e-4,-6.464068582088929e-4,0.022864835446803396,0.4199428317539789,6
100,10,0.5,2,0.010311008374101515,-0.0023217670847402046,0.022864835446803396,0.28637985333527516,5
100,10,0.5,3,0.44198537155037265,-0.015200995416105102,0.022864835446803396,0.22899445495239054,4
100,10,0.5,4,0.2119254962553349,-0.010525910782071449,0.022864835446803396,0.17905656988371543,1
100,10,0.5,5,0.30498235014184305,0.012627152733085421,0.022864835446803396,0.06588003044042678,2
100,10,0.5,6,0.029996536366056512,0.003960077045971667,0.022864835446803396,0.013961100508907677,3
100,10,1,1,0.3236538042961941,0.010172151509377728,0.017880203695578564,0.4920498075750822,6
100,10,1,2,0.148887780177531,-0.0068992517042697,0.017880203695578564,0.35955329930441604,4
100,10,1,3,0.09557980472947859,-0.005527840857611584,0.017880203695578564,0.2906746915691835,5
100,10,1,4,0.021800033314093387,-0.0026399824556294074,0.017880203695578564,0.19862611852195886,1
100,10,1,5,0.07142611558001297,-0.00477860329452698,0.017880203695578564,0.06833519136634283,2
100,10,1,6,0.33865246190269,0.010405179596105115,0.017880203695578564,0.014021656331171459,3
100,100,0.01,1,0.17202882967890146,-0.00599059826722837,0.014443404663713827,0.849961325858664,5
100,100,0.01,2,0.08312551850987393,0.004164249696746989,0.014443404663713827,0.6588299602460034,6
100,100,0.01,3,0.008964927131121035,-0.0013675492039997095,0.014443404663713827,0.2688230245057002,1
100,100,0.01,4,0.1601484911739021,-0.005780042141401013,0.014443404663713827,0.08608887339503084,2
100,100,0.01,5,0.04983379039430785,-0.0032242710193135684,0.014443404663713827,0.019532050706218048,4
100,100,0.01,6,0.5258984431118936,0.010474191785331037,0.014443404663713827,0.016385803195947624,3
100,100,0.02,1,0.02950994824836117,-0.0032596344801635122,0.018975126469272286,0.8499806034369815,5
100,100,0.02,2,0.00984218153183149,0.0018824799732519064,0.018975126469272286,0.6606669540915932,6
100,100,0.02,3,0.0345939723478866,-0.0035292700944699867,0.018975126469272286,0.26945227289297763,1
100,100,0.02,4,0.3764819499288781,-0.011642781811388375,0.018975126469272286,0.08614074445989615,2
100,100,0.02,5,4.422214405355197e-4,3.9902910734183227e-4,0.018975126469272286,0.02777378432941095,4
100,100,0.02,6,0.549129726502507,-0.014061192580826498,0.018975126469272286,0.016395444707590225,3
100,100,0.05,1,0.04387943274290111,0.004147853208518686,0.019801262272527122,0.8508687649724199,5
100,100,0.05,2,0.458354281513212,-0.013405824277090648,0.019801262272527122,0.6681968547561193,6
100,100,0.05,3,0.19031588127251522,-0.00863834194307253,0.019801262272527122,0.26967290427463525,1
100,100,0.05,4,0.018284036510506006,-0.0026774965263124824,0.019801262272527122,0.08607552590022005,2
100,100,0.05,5,0.0316761303986839,0.0035241869381140486,0.019801262272527122,0.04461621220843602,4
100,100,0.05,6,0.2574902375621818,0.010047852708371033,0.019801262272527122,0.01638705694515276,3
100,100,0.1,1,0.5300313231984265,-0.019358869329228732,0.026590666337159802,0.8532288394326871,5
100,100,0.1,2,0.009600577283498255,-0.0026054209111296524,0.026590666337159802,0.6770989206630335,6
100,100,0.1,3,0.05033749251463097,-0.005965886812835327,0.026590666337159802,0.27092690792517315,1
100,100,0.1,4,0.18664074657519686,0.011487683242611447,0.026590666337159802,0.086119604326423,2
100,100,0.1,5,0.005061220508025956,-0.0018917199766791402,0.026590666337159802,0.06465557029331354,4
100,100,0.1,6,0.21832863992022145,0.012424661774372521,0.026590666337159802,0.016388259560534954,3
100,100,0.2,1,0.06408816691548166,-0.006978974798645662,0.027567837818376788,0.8575562296644398,5
100,100,0.2,2,0.21193183553728645,-0.012691144966635075,0.027567837818376788,0.7000031781182733,6
100,100,0.2,3,0.01158959710660979,0.002967815334710711,0.027567837818376788,0.2746892598342723,1
100,100,0.2,4,0.039746621708020104,0.005496077092361757,0.027567837818376788,0.09583876261767617,4
100,100,0.2,5,0.3210401437025938,-0.015620048417174558,0.027567837818376788,0.08626009360642871,2
100,100,0.2,6,0.35160363503000813,-0.016346673311565328,0.027567837818376788,0.016401396535487632,3
100,100,0.5,1,0.6001101217201268,0.011304032243120687,0.01459210384599009,0.8793162540001828,5
100,100,0.5,2,0.013640836024598134,-0.0017042700259497154,0.01459210384599009,0.7516709252627909,6
100,100,0.5,3,0.05729719443742226,-0.0034928874382875274,0.01459210384599009,0.28588618475162186,1
100,100,0.5,4,0.05985934694671211,0.0035701289186206783,0.01459210384599009,0.16642580470769924,4
100,100,0.5,5,0.04045019690358884,0.0029347981166106623,0.01459210384599009,0.08726491737669391,2
100,100,0.5,6,0.22864230396755186,-0.006977441525367024,0.01459210384599009,0.01642637035884251,3
100,100,1,1,0.0648797839941602,0.0026172670678017134,0.010275272376737893,0.923461642826345,5
100,100,1,2,0.11108662045092497,0.0034247132991372955,0.010275272376737893,0.8119751903816396,5
100,100,1,3,0.2793248698038019,-0.0054306041289269216,0.010275272376737893,0.31545314661482365,1
100,100,1,4,0.04275693284608662,-0.0021246950926321596,0.010275272376737893,0.24799014783413004,4
100,100,1,5,0.3445584303711141,0.006031492375222993,0.010275272376737893,0.08938195810861045,2
100,100,1,6,0.15739336253391226,-0.0040764915818040344,0.010275272376737893,0.016491559090249536,3
100,1000,0.01,1,0.004429886642764333,-0.002202682620234205,0.033094484340645325,2.754725868856353,5
100,1000,0.01,2,0.1683980756233305,0.013580763323454578,0.033094484340645325,2.48574098121756,5
100,1000,0.01,3,0.10352052466237976,-0.01064801981765605,0.033094484340645325,0.7069871829231678,1
100,1000,0.01,4,0.2710006760048709,0.01722823573681952,0.033094484340645325,0.1846503385086873,2
100,1000,0.01,5,0.26959009573024856,-0.017183340064154812,0.033094484340645325,0.031226514356349096,3
100,1000,0.01,6,0.18306074133640593,0.014159673096475024,0.033094484340645325,0.01944333322912269,4
100,1000,0.02,1,0.09443630436796656,0.007975973285896703,0.025954591571717058,2.761757908506746,5
100,1000,0.02,2,0.1551604348679244,-0.010223619864952026,0.025954591571717058,2.4840901850831596,5
100,1000,0.02,3,0.5942685360148977,-0.02000808701683188,0.025954591571717058,0.706114311736904,1
100,1000,0.02,4,0.14724035826988421,-0.00995927287607534,0.025954591571717058,0.18486869991910032,2
100,1000,0.02,5,0.0018943862170520758,-0.0011296618483311587,0.025954591571717058,0.031234463673479408,3
100,1000,0.02,6,0.006999980262274992,-0.0021715138658192335,0.025954591571717058,0.027525631680910864,4
100,1000,0.05,1,0.12486793072095365,-0.011434408160767268,0.032358488964204686,2.7914619746936893,6
100,1000,0.05,2,0.360612685333504,0.019431607664747556,0.032358488964204686,2.500399003246549,5
100,1000,0.05,3,0.0023466132879700276,-0.0015675052211143832,0.032358488964204686,0.7073064053166485,1
100,1000,0.05,4,0.25795038897632666,-0.01643449360861949,0.032358488964204686,0.18488105072803707,2
100,1000,0.05,5,0.10377375468553098,0.01042394229389048,0.032358488964204686,0.04366281978852871,4
100,1000,0.05,6,0.15044862699571476,-0.012551116121147354,0.032358488964204686,0.0312281251137285,3
100,1000,0.1,1,1.5606448754254236e-4,5.858717628170556e-4,0.04689758957251268,2.817015700626809,6
100,1000,0.1,2,0.18322723197469612,-0.020074536743340626,0.04689758957251268,2.5128353958298537,5
100,1000,0.1,3,0.13363620853659033,0.017144017223014032,0.04689758957251268,0.7106191018230319,1
100,1000,0.1,4,0.584684426303233,-0.03586008251944028,0.04689758957251268,0.18510990630882332,2
100,1000,0.1,5,0.09818449754480124,0.01469508094182572,0.04689758957251268,0.06205818380544041,4
100,1000,0.1,6,1.1157115313668983e-4,4.953663278561535e-4,0.04689758957251268,0.031236032594289902,3
100,1000,0.2,1,0.03160949783413492,0.0034778747918212697,0.019561634701714174,2.9149929934441228,6
100,1000,0.2,2,0.5169196287407919,0.014064252551052767,0.019561634701714174,2.5395002490516942,5
100,1000,0.2,3,0.2666283536555812,0.010100859030688561,0.019561634701714174,0.7162075834942442,1
100,1000,0.2,4,5.488376035636939e-4,4.5827595827930217e-4,0.019561634701714174,0.18529908551095234,2
100,1000,0.2,5,0.15243583018622509,-0.00763745518135066,0.019561634701714174,0.0885741451227701,4
100,1000,0.2,6,0.03185785197970315,-0.003491510798638395,0.019561634701714174,0.03125097702194337,3
100,1000,0.5,1,0.1429478821637748,0.006432810572273074,0.017014214360143217,3.231992472782021,6
100,1000,0.5,2,0.3595966190592742,-0.010202807671558177,0.017014214360143217,2.590383188688857,5
100,1000,0.5,3,1.1405512054165724e-4,1.8170601085318227e-4,0.017014214360143217,0.7369838505231981,1
100,1000,0.5,4,0.23865234290531478,0.008311793620561654,0.017014214360143217,0.1872384514942086,2
100,1000,0.5,5,0.0024438021987916118,-8.4109475690416e-4,0.017014214360143217,0.14318816537487936,4
100,1000,0.5,6,0.25624529855230294,0.008612710571943526,0.017014214360143217,0.031330538556995795,3
100,1000,1,1,0.16640737394852528,-0.01240877437314381,0.030418836906539282,3.753109842046361,6
100,1000,1,2,0.3075197242544938,-0.016868602042804076,0.030418836906539282,2.653567346928091,5
100,1000,1,3,0.001642017447071407,-0.0012326264651935433,0.030418836906539282,0.7654000802532562,1
100,1000,1,4,0.14598200111690962,0.011622304796768766,0.030418836906539282,0.2076606317689915,4
100,1000,1,5,0.3782931580686318,-0.01870927022254416,0.030418836906539282,0.19105437118864366,2
100,1000,1,6,1.5572516436805628e-4,-3.795963285972472e-4,0.030418836906539282,0.031558463437646796,3
100,10000,0.01,1,0.3256185753922278,-0.007101361678359897,0.012444774920508241,21.335797674887516,6
100,10000,0.01,2,0.006823645698467121,0.0010280051273224653,0.012444774920508241,8.18843092947459,5
100,10000,0.01,3,0.006924761832278217,-0.001035593859788193,0.012444774920508241,2.2456172696934282,1
100,10000,0.01,4,0.6433169187315243,-0.009981585537699218,0.012444774920508241,0.5442528095765177,2
100,10000,0.01,5,9.239420997602847e-4,3.7827655430547607e-4,0.012444774920508241,0.08947164878978703,3
100,10000,0.01,6,0.016392156245742265,-0.0015933276351889156,0.012444774920508241,0.01942470571559579,4
100,10000,0.02,1,0.12848703364704,-0.008340349351401504,0.023267760822626354,21.42131477664505,6
100,10000,0.02,2,0.30008844723339906,-0.012746155986878355,0.023267760822626354,8.18926142671137,5
100,10000,0.02,3,0.3976694219010083,-0.014672890950559191,0.023267760822626354,2.244948070713746,1
100,10000,0.02,4,0.00191702657830658,-0.0010187524306795833,0.023267760822626354,0.5441960602435028,2
100,10000,0.02,5,0.16773107183680247,0.00952930773322231,0.023267760822626354,0.08946828842990247,3
100,10000,0.02,6,0.004106998803443614,0.0014911347079387134,0.023267760822626354,0.027474128520019958,4
100,10000,0.05,1,0.04520687728074167,-0.0036207872924405955,0.017029455344368002,21.727002128885168,6
100,10000,0.05,2,0.30865835276248277,0.009461059530526108,0.017029455344368002,8.190108642176355,5
100,10000,0.05,3,0.007571611301036196,0.0014818181620841523,0.017029455344368002,2.2468584995357794,1
100,10000,0.05,4,0.005700456328990669,0.0012857471476291735,0.017029455344368002,0.5443313667838441,2
100,10000,0.05,5,0.09259668063362561,-0.005182012632513013,0.017029455344368002,0.08947842273144573,3
100,10000,0.05,6,0.540266021693123,0.012517124891600395,0.017029455344368002,0.043456363120460424,4
100,10000,0.1,1,0.1769891053146067,-0.008025231943805325,0.01907586877504664,22.173481703005407,6
100,10000,0.1,2,0.0376426799151989,0.0037010469432151656,0.01907586877504664,8.194274350870375,5
100,10000,0.1,3,0.2331161565263939,-0.009210230798100218,0.01907586877504664,2.2494055984051275,1
100,10000,0.1,4,0.36377147512550445,0.01150531852974586,0.01907586877504664,0.5445112631135923,2
100,10000,0.1,5,0.00632428994100175,0.001517016178139358,0.01907586877504664,0.08948658902418448,3
100,10000,0.1,6,0.18215629317729423,-0.008141537286355685,0.01907586877504664,0.061492331763929,4
100,10000,0.2,1,0.2458698980966512,-0.008679700246453242,0.017504594170338332,23.160959469907038,6
100,10000,0.2,2,0.04084117282944778,0.0035375382876650834,0.017504594170338332,8.210770749315323,5
100,10000,0.2,3,0.18813959655216544,-0.0075926284975915,0.017504594170338332,2.263332883589584,1
100,10000,0.2,4,0.21152391740426293,-0.008050665584988343,0.017504594170338332,0.5456208190243764,2
100,10000,0.2,5,0.06760956480692436,-0.004551516449944787,0.017504594170338332,0.08954467949541191,6
100,10000,0.2,6,0.2460158503105483,0.008682276067103234,0.017504594170338332,0.08704037267554787,4
100,10000,0.5,1,0.3150909360842163,-0.007807013637611941,0.013908073681350051,26.24652310517196,6
100,10000,0.5,2,0.4659680790731113,0.009493909031273033,0.013908073681350051,8.302484611942589,5
100,10000,0.5,3,0.01680101858668949,0.0018027470307991763,0.013908073681350051,2.3235642550624096,1
100,10000,0.5,4,0.08483617696627233,-0.004050956013197974,0.013908073681350051,0.551486866644956,2
100,10000,0.5,5,0.037644175811676096,0.0026984593447398064,0.013908073681350051,0.13801852419294594,4
100,10000,0.5,6,0.07965961347803455,-0.003925419542008447,0.013908073681350051,0.08978485747828825,3
100,10000,1,1,0.019665325226943475,0.0021111507022490215,0.015054580887472035,31.45077116335598,6
100,10000,1,2,0.9039363660267057,-0.01431322831233264,0.015054580887472035,8.458924930951007,5
100,10000,1,3,0.00407536690816122,-9.610633743055521e-4,0.015054580887472035,2.3944533583212966,1
100,10000,1,4,0.009667361711327255,-0.0014802076814687494,0.015054580887472035,0.562459874622136,2
100,10000,1,5,0.010275650255395145,0.001526066034838513,0.015054580887472035,0.19578323658686936,4
100,10000,1,6,0.052379929871467223,-0.0034454910472199313,0.015054580887472035,0.09053245766460347,3
100,100000,0.01,1,0.13843533685723136,-0.0075764790972735535,0.020363102553824577,207.08020926929052,6
100,100000,0.01,2,0.5700695894402933,0.015374743727203672,0.020363102553824577,25.920577555181683,5
100,100000,0.01,3,0.009963291397636357,0.0020325693139350435,0.020363102553824577,7.115153480943269,1
100,100000,0.01,4,0.019030137691644095,-0.0028090852140441333,0.020363102553824577,1.7074139608822587,2
100,100000,0.01,5,0.1469417202116843,-0.007805783621459755,0.020363102553824577,0.27981125371886645,3
100,100000,0.01,6,0.11555992440151062,0.006922254670857183,0.020363102553824577,0.019422490835899992,4
100,100000,0.02,1,0.12082004385102552,-0.013872731861531583,0.039910989717747286,208.59151152620564,6
100,100000,0.02,2,0.4029463831140632,0.025334721150129875,0.039910989717747286,25.920540111286485,5
100,100000,0.02,3,0.10681078190593861,-0.013043677267764623,0.039910989717747286,7.115118799111077,1
100,100000,0.02,4,0.01166872470166085,-0.0043112597989039825,0.039910989717747286,1.707483847411126,2
100,100000,0.02,5,0.28887791435046195,-0.021451104943941993,0.039910989717747286,0.27981904841915806,6
100,100000,0.02,6,0.06887615207684984,0.010474346478806221,0.039910989717747286,0.027467901081522257,4
100,100000,0.05,1,0.014109873792582073,-0.002599235355073811,0.021881850226177033,211.37256089297813,6
100,100000,0.05,2,0.7525801499139972,0.018982806494947123,0.021881850226177033,25.923607066469316,5
100,100000,0.05,3,0.1178180882686199,-0.007510866224811558,0.021881850226177033,7.117447756108458,1
100,100000,0.05,4,0.08005563774991643,-0.006191273677963358,0.021881850226177033,1.7076611896483183,2
100,100000,0.05,5,0.03432281973650265,-0.004053923236602571,0.021881850226177033,0.2798202153951546,3
100,100000,0.05,6,0.0011134305383816432,7.301559110548325e-4,0.021881850226177033,0.0434321929518221,4
100,100000,0.1,1,0.001125348998966536,-9.077420064090623e-4,0.027059440882788985,216.33049405088997,6
100,100000,0.1,2,0.0010477485551829955,-8.758855347602922e-4,0.027059440882788985,25.937199182189417,5
100,100000,0.1,3,0.8531569978449749,-0.02499385795940731,0.027059440882788985,7.127621123306926,1
100,100000,0.1,4,7.123183597620669e-4,-7.22197345590569e-4,0.027059440882788985,1.7084726975607962,2
100,100000,0.1,5,0.09623586060790103,-0.008394354115061738,0.027059440882788985,0.279853020591386,3
100,100000,0.1,6,0.04772172563321248,-0.005911216808652004,0.027059440882788985,0.0614260639304268,4
100,100000,0.2,1,0.1619232032207423,-0.010882520807424741,0.0270442513046385,225.68745335233118,6
100,100000,0.2,2,0.03111722090288185,0.004770625929878347,0.0270442513046385,25.985983704270968,5
100,100000,0.2,3,0.2959502609149025,0.014712427186855899,0.0270442513046385,7.16498706192543,1
100,100000,0.2,4,0.46500128049732087,-0.01844174604957779,0.0270442513046385,1.7117283420706304,2
100,100000,0.2,5,0.04265227758696746,0.005585294486758665,0.0270442513046385,0.279973331289969,3
100,100000,0.2,6,0.003355756877184978,0.0015666435944750566,0.0270442513046385,0.0868791203543406,4
100,100000,0.5,1,0.38999867877185657,-0.013228075275437743,0.021181908602194727,258.4300739734667,6
100,100000,0.5,2,0.008778176137981195,0.0019845737161252952,0.021181908602194727,26.277416242773015,5
100,100000,0.5,3,0.08648165740999306,-0.006229125658648703,0.021181908602194727,7.351408846816029,1
100,100000,0.5,4,0.08446398567466333,-0.006156032093175988,0.021181908602194727,1.730092754167177,2
100,100000,0.5,5,0.20243979368169024,0.0095304417826141009,0.021181908602194727,0.2807968275804203,3
100,100000,0.5,6,0.22783770832381559,-0.01011062241056916,0.021181908602194727,0.13740479663573996,4
100,100000,1,1,0.031765636176977766,0.006400359391299684,0.03591084152011471,308.84090098543675,6
100,100000,1,2,0.0030076970468062214,-0.001969439422625482,0.03591084152011471,26.769394528533894,5
100,100000,1,3,0.2477324472533685,-0.017873805544365306,0.03591084152011471,7.569823126854667,1
100,100000,1,4,0.6492070692732275,-0.02893458131313811,0.03591084152011471,1.7646664650036534,2
100,100000,1,5,0.0545376258424165,-0.008386363765861275,0.03591084152011471,0.2831761063915346,6
100,100000,1,6,0.013749524407203645,-0.0042108465998975985,0.03591084152011471,0.1943798255979725,4
200,0.05,0.01,1,0.10878687219553282,0.0056116596524449745,0.017013868743601102,0.1721221860762827,1
200,0.05,0.01,2,0.02219790379911566,-0.0025348896636279796,0.017013868743601102,0.08079560963033726,1
200,0.05,0.01,3,0.6205486047550541,0.013402659360533916,0.017013868743601102,0.03096448895106519,2
200,0.05,0.01,4,0.06858414584612811,-0.004455689769597604,0.017013868743601102,0.02425492123601911,4
200,0.05,0.01,5,0.1739011940097624,-0.007095032023449177,0.017013868743601102,0.021554159673245796,5
200,0.05,0.01,6,0.005981279394406898,-0.0013158310270191481,0.017013868743601102,0.008914809472824569,3
200,0.05,0.02,1,0.09702824854803607,0.009388028721117709,0.030138755379173342,0.17508571989538899,1
200,0.05,0.02,2,0.07463352882654722,-0.00823364810292672,0.030138755379173342,0.0827046689909644,1
200,0.05,0.02,3,6.59810729445306e-5,-2.4481329562546495e-4,0.030138755379173342,0.044532255385908236,4
200,0.05,0.02,4,0.6755374017522479,0.024771369252334367,0.030138755379173342,0.028945604225533272,2
200,0.05,0.02,5,0.13053379130438303,-0.010888969707492212,0.030138755379173342,0.02157652689379595,5
200,0.05,0.02,6,0.02220104849584133,-0.004490679456206561,0.030138755379173342,0.009061278821175781,3
200,0.05,0.05,1,0.0720567326414611,0.0068998978477397095,0.025704276151045688,0.18292253889622917,1
200,0.05,0.05,2,0.5046683615456863,0.018260321423948254,0.025704276151045688,0.09122958003742607,1
200,0.05,0.05,3,0.044711703654869546,0.005435205730797482,0.025704276151045688,0.08018318803768062,4
200,0.05,0.05,4,0.016632580278370116,-0.0033150126690962207,0.025704276151045688,0.03349762593230013,2
200,0.05,0.05,5,0.33673008941282256,0.014915792778862066,0.025704276151045688,0.021591652544497405,5
200,0.05,0.05,6,0.025200532466790333,0.0040804704483372286,0.025704276151045688,0.009338931864612952,3
200,0.05,0.1,1,0.0702983496462974,-0.007795829130517779,0.02940287156862757,0.19209912763713702,6
200,0.05,0.1,2,0.009441880359691589,0.002857057582618268,0.02940287156862757,0.12930939603821373,4
200,0.05,0.1,3,0.14447149254875127,-0.011175856756746,0.02940287156862757,0.09784835754974781,1
200,0.05,0.1,4,0.7006757431998214,0.024612078315994806,0.02940287156862757,0.037502148465673874,2
200,0.05,0.1,5,0.07495159392962102,-0.008049709050109766,0.02940287156862757,0.02161115970935229,5
200,0.05,0.1,6,1.6094031581723135e-4,3.7301145719025226e-4,0.02940287156862757,0.009498510108678582,3
200,0.05,0.2,1,0.07496796471907503,0.005935257240493041,0.021677125214534243,0.20901501093100647,6
200,0.05,0.2,2,0.019351273144683247,-0.0030154800375305677,0.021677125214534243,0.19097877485810733,4
200,0.05,0.2,3,0.4914092059616711,-0.01519579165193347,0.021677125214534243,0.11309585631249595,1
200,0.05,0.2,4,0.16307435053775837,-0.008753757572284129,0.021677125214534243,0.0409350966139886,2
200,0.05,0.2,5,0.24413828222155395,0.0107107437347772,0.021677125214534243,0.02164573357616552,5
200,0.05,0.2,6,0.007058923415258284,0.0018212556887115569,0.021677125214534243,0.009594338361644618,3
200,0.05,0.5,1,0.3874864881273813,-0.014901826983358018,0.023939288315322275,0.306997772106094,4
200,0.05,0.5,2,0.15820802776134132,-0.009521941161754515,0.023939288315322275,0.26110392937040117,6
200,0.05,0.5,3,0.08546888595290646,0.0069986658197689145,0.023939288315322275,0.13433425049832706,1
200,0.05,0.5,4,0.28080512672217556,0.012685679985841006,0.023939288315322275,0.04414857531042321,2
200,0.05,0.5,5,0.0877192553123183,0.0070902035488525205,0.023939288315322275,0.02169288745758404,5
200,0.05,0.5,6,3.1221612387711563e-4,4.229985699075755e-4,0.023939288315322275,0.009669266285046723,3
200,0.05,1,1,0.056075964863390906,0.008997487421982732,0.03799556183375269,0.4342926439046024,4
200,0.05,1,2,0.03166555428911591,0.006761241025554927,0.03799556183375269,0.34255443956992254,6
200,0.05,1,3,0.48515595294180147,0.02646510083474709,0.03799556183375269,0.15056219317401143,1
200,0.05,1,4,2.382148529738278e-4,5.864314984422951e-4,0.03799556183375269,0.04608887453952976,2
200,0.05,1,5,0.42011972351716903,0.024627447744023173,0.03799556183375269,0.021703676657187997,5
200,0.05,1,6,0.006744589535548849,0.0031204026131015686,0.03799556183375269,0.009713700931901527,3
200,0.1,0.01,1,0.02691342727407131,0.004858809187810866,0.02961729157731638,0.17672203276857212,1
200,0.1,0.01,2,0.08284816250829476,-0.008524850690709008,0.02961729157731638,0.08424091764125567,1
200,0.1,0.01,3,0.2957641982710985,0.016107129191038617,0.02961729157731638,0.03230915767536861,2
200,0.1,0.01,4,0.5525081929573377,-0.022014797860493308,0.02961729157731638,0.030404669186241542,5
200,0.1,0.01,5,0.022614806172977012,-0.004453913474905245,0.02961729157731638,0.023582971350603138,4
200,0.1,0.01,6,0.019351212816220768,0.004120021055311125,0.02961729157731638,0.009099439805652363,3
200,0.1,0.02,1,0.0020701877515235103,5.258902361417149e-4,0.01155820093580575,0.17869450818684626,1
200,0.1,0.02,2,0.4034324617623802,-0.007341345449656938,0.01155820093580575,0.0860832777512801,1
200,0.1,0.02,3,0.05823503023775105,0.0027892175741970485,0.01155820093580575,0.041819514447984985,4
200,0.1,0.02,4,0.3560587050395492,0.0068968541874365,0.01155820093580575,0.030946074882504407,5
200,0.1,0.02,5,2.990228027007436e-4,-1.9986759845324071e-4,0.01155820093580575,0.030061691007292855,5
200,0.1,0.02,6,0.17990459240609546,-0.004902429592040213,0.01155820093580575,0.00917682751168189,3
200,0.1,0.05,1,0.3003319828148568,0.009659009192580757,0.01762510803456216,0.18487840244101317,6
200,0.1,0.05,2,0.45704109787009994,0.011915421637972719,0.01762510803456216,0.09322093537388489,1
200,0.1,0.05,3,0.01766790779454971,0.002342741386324486,0.01762510803456216,0.07591253479633542,4
200,0.1,0.05,4,0.04559261990564083,-0.003763388575480619,0.01762510803456216,0.03451965000356173,2
200,0.1,0.05,5,0.04312641769024318,0.0036601887356563054,0.01762510803456216,0.030476263991273424,5
200,0.1,0.05,6,0.13623997392460963,-0.006505550667167127,0.01762510803456216,0.009363810102381574,3
200,0.1,0.1,1,0.22156128345737822,0.008097981732704831,0.01720401674662139,0.19390655650167551,6
200,0.1,0.1,2,0.5442214234238874,0.012691637919170433,0.01720401674662139,0.12470781505148454,4
200,0.1,0.1,3,0.011640790548800111,-0.0018561842965133008,0.01720401674662139,0.09907583227083362,1
200,0.1,0.1,4,0.0059523017111801175,-0.00132730987339482,0.01720401674662139,0.03794342325501761,2
200,0.1,0.1,5,0.028699163837232682,-0.002914502810208487,0.01720401674662139,0.030526523061388776,5
200,0.1,0.1,6,0.18792503702152152,-0.007457996562759744,0.01720401674662139,0.009503704374463642,3
200,0.1,0.2,1,0.007062289520245016,0.0021200611379012997,0.025227581995630185,0.2112961784153933,6
200,0.1,0.2,2,0.015759978972302705,0.0031670392319105606,0.025227581995630185,0.18760221308217054,4
200,0.1,0.2,3,0.39881627189602925,0.01593169784435446,0.025227581995630185,0.1140814896650853,1
200,0.1,0.2,4,0.46109675634289304,-0.017130563929957557,0.025227581995630185,0.04108718870448948,2
200,0.1,0.2,5,0.02850089478614077,-0.004258972872643225,0.025227581995630185,0.03057383619479187,5
200,0.1,0.2,6,0.08876380848238923,-0.007516118009269273,0.025227581995630185,0.009595851694609343,3
200,0.1,0.5,1,0.22498581842415374,0.01133167137184189,0.0238900137174306,0.30680828114802977,4
200,0.1,0.5,2,0.3278647126076889,-0.01367929569938643,0.0238900137174306,0.2620273989459157,6
200,0.1,0.5,3,0.07659631081067797,0.006611809398637416,0.0238900137174306,0.13449215763382927,1
200,0.1,0.5,4,0.30646394192655685,0.013225317009898816,0.0238900137174306,0.04422642191766157,2
200,0.1,0.5,5,5.782527476159233e-4,-5.744804469914153e-4,0.0238900137174306,0.030646275731018427,5
200,0.1,0.5,6,0.0635109634833067,0.006020613522569318,0.0238900137174306,0.009669998785587636,3
200,0.1,1,1,0.12779499803767028,-0.006219104635419776,0.017396862702244626,0.43428731637859824,4
200,0.1,1,2,0.0019387999509816467,7.660152857580279e-4,0.017396862702244626,0.3429013958800087,6
200,0.1,1,3,0.1110463977479003,-0.005797265273882393,0.017396862702244626,0.15054321691612121,1
200,0.1,1,4,0.1278244569148367,-0.006219821397755762,0.017396862702244626,0.04612923123495817,2
200,0.1,1,5,0.4330674174156585,-0.01144850270303052,0.017396862702244626,0.03067317520022209,5
200,0.1,1,6,0.1983279299329525,-0.0077475230221920105,0.017396862702244626,0.009714312076119393,3
200,0.2,0.01,1,0.19888765823923624,-0.015381163769284447,0.03448937140937888,0.18164360454846284,1
200,0.2,0.01,2,0.1090161844433596,-0.011387562353271315,0.03448937140937888,0.08871295879170397,1
200,0.2,0.01,3,0.23742699639493167,-0.016805457053901258,0.03448937140937888,0.04310346926664551,5
200,0.2,0.01,4,0.003800807282230184,0.002126293462469466,0.03448937140937888,0.034085303918327876,2
200,0.2,0.01,5,0.43082048191207956,-0.022637759943543806,0.03448937140937888,0.022668771032527256,4
200,0.2,0.01,6,0.02004787172816275,0.004883367590742499,0.03448937140937888,0.009250793344847947,3
200,0.2,0.02,1,0.05305226996788015,-0.002362323445246576,0.010256221101796933,0.18327430918753013,1
200,0.2,0.02,2,0.15659876638600487,-0.004058649455164199,0.010256221101796933,0.0906565968010602,1
200,0.2,0.02,3,0.05425591617316298,-0.002388971261882826,0.010256221101796933,0.043124819423471177,5
200,0.2,0.02,4,0.3616491195900446,0.006167811335576087,0.010256221101796933,0.03960828533173449,4
200,0.2,0.02,5,0.28051798537405903,0.0054320996750177935,0.010256221101796933,0.03182983528843447,2
200,0.2,0.02,6,0.09392594250884839,-0.0031432589120826628,0.010256221101796933,0.00929034546277325,3
200,0.2,0.05,1,0.03225909143333611,0.006274095171163777,0.03493212748519139,0.18790194157844864,6
200,0.2,0.05,2,0.18659914888050927,-0.015089674291917996,0.03493212748519139,0.09657420700312187,1
200,0.2,0.05,3,0.3078702699310808,0.01938246072775599,0.03493212748519139,0.07114369600510757,4
200,0.2,0.05,4,0.006529208831118512,-0.0028226388590234302,0.03493212748519139,0.043178646274510415,5
200,0.2,0.05,5,2.5741626793617903e-5,1.7723236436772006e-4,0.03493212748519139,0.03557270410667806,2
200,0.2,0.05,6,0.4667165392971617,-0.02386446112708645,0.03493212748519139,0.009400778181200478,3
200,0.2,0.1,1,0.35126234460321853,0.012039213549753036,0.02031338594811967,0.19685695952246532,6
200,0.2,0.1,2,0.0014409429513873387,7.710911408949952e-4,0.02031338594811967,0.11961322091101058,4
200,0.2,0.1,3,0.011358710804405281,0.0021649448684646984,0.02031338594811967,0.10021979617644274,1
200,0.2,0.1,4,0.002396892371033466,-9.94504119924217e-4,0.02031338594811967,0.04325621824894076,5
200,0.2,0.1,5,0.5635546589241297,-0.015249315235148614,0.02031338594811967,0.038383473902249984,2
200,0.2,0.1,6,0.0699864503458256,0.005373896571778089,0.02031338594811967,0.009512734677914556,3
200,0.2,0.2,1,0.026779951664398227,0.005316946253398064,0.03249057339386209,0.21469177697267897,6
200,0.2,0.2,2,0.04555184766514895,-0.006934423709858689,0.03249057339386209,0.18201156378486721,4
200,0.2,0.2,3,0.12416341118163676,-0.011448647759520338,0.03249057339386209,0.11543481802531982,1
200,0.2,0.2,4,0.024712893342038734,-0.005107626990320878,0.03249057339386209,0.04344121706359551,5
200,0.2,0.2,5,0.010073626179459769,0.0032609961883282804,0.03249057339386209,0.04107534163935988,2
200,0.2,0.2,6,0.7687182699673176,0.02848662360966019,0.03249057339386209,0.009598381781673325,3
200,0.2,0.5,1,0.09640816002227,-0.007900049786672218,0.025443270262652903,0.3063009655006704,4
200,0.2,0.5,2,0.529267855084837,-0.01851018205057575,0.025443270262652903,0.26351218172173374,6
200,0.2,0.5,3,0.014248104995386975,0.0030370468013257114,0.025443270262652903,0.1348045424490393,1
200,0.2,0.5,4,0.08376331356517108,0.007363763902275929,0.025443270262652903,0.04454383754356183,2
200,0.2,0.5,5,0.27628546927145287,-0.013373711595729842,0.025443270262652903,0.04293753116378587,5
200,0.2,0.5,6,2.7097060882127673e-5,1.3244452943625822e-4,0.025443270262652903,0.009671269652834253,3
200,0.2,1,1,0.50211270230409,0.018419879992440425,0.02599478275692534,0.4342664772284931,4
200,0.2,1,2,0.18680763588134602,-0.011235269763414886,0.02599478275692534,0.34366508753004377,6
200,0.2,1,3,0.024827624226455233,0.004095941772273315,0.02599478275692534,0.1506332878426475,1
200,0.2,1,4,0.1344255921428301,-0.009530752055116366,0.02599478275692534,0.04630847776730866,2
200,0.2,1,5,0.0980781039920075,0.008140896308649757,0.02599478275692534,0.0432040055729445,5
200,0.2,1,6,0.053748341453271155,-0.006026549472209241,0.02599478275692534,0.009715520595583702,3
200,0.5,0.01,1,0.001533104723187309,0.0011033575799491335,0.028179311126218447,0.18976990685822093,6
200,0.5,0.01,2,0.7707741603187792,0.024739672459927777,0.028179311126218447,0.09691298695582234,1
200,0.5,0.01,3,0.1251780704938368,-0.009969984855418185,0.028179311126218447,0.06783351237381262,5
200,0.5,0.01,4,0.009999600276267274,-0.0028178747923618803,0.028179311126218447,0.03681368278765459,2
200,0.5,0.01,5,0.08930659949343536,-0.008421164455097939,0.028179311126218447,0.021616799858753494,4
200,0.5,0.01,6,0.003208464694493995,-0.0015961694872340688,0.028179311126218447,0.009402032947025686,3
200,0.5,0.02,1,0.034247812010326305,0.004958117929537298,0.02679171019673554,0.19125909169878147,6
200,0.5,0.02,2,0.7738946174135134,-0.023569010499480597,0.02679171019673554,0.0984909336689508,1
200,0.5,0.02,3,0.004867669223411629,-0.0018692223541488485,0.02679171019673554,0.06785732800559255,5
200,0.5,0.02,4,0.07556230644544883,0.0073646657299157444,0.02679171019673554,0.038743279104861035,2
200,0.5,0.02,5,0.10623053053393479,0.008732228912041212,0.02679171019673554,0.03220169637805268,4
200,0.5,0.02,6,0.005197064373365097,0.0019314322776384425,0.02679171019673554,0.009419235203866037,3
200,0.5,0.05,1,0.4260875763745845,0.015398416818338779,0.023589929099413993,0.19533025081337949,6
200,0.5,0.05,2,0.029505989026910595,-0.004052114642032751,0.023589929099413993,0.10337882266509901,1
200,0.5,0.05,3,0.2933088150310207,0.012775832029541474,0.023589929099413993,0.06793161157326394,5
200,0.5,0.05,4,0.009093364687901792,-0.0022495152410471,0.023589929099413993,0.06468023167879222,4
200,0.5,0.05,5,0.15381181197300903,-0.009251698681263366,0.023589929099413993,0.03746446027404979,2
200,0.5,0.05,6,0.08819244290657345,0.007005551368468659,0.023589929099413993,0.009467336373814493,3
200,0.5,0.1,1,0.0515318668606111,-0.006058248050031284,0.02668757501815208,0.20283498211996087,6
200,0.5,0.1,2,0.2938222901749663,-0.014466100665609806,0.02668757501815208,0.11596420097398326,4
200,0.5,0.1,3,0.3420596331453224,-0.015608458929550553,0.02668757501815208,0.09930305067303677,4
200,0.5,0.1,4,0.0762348864239547,-0.007368617140268336,0.02668757501815208,0.06801993087029434,5
200,0.5,0.1,5,0.028453323702353952,0.004501690317688533,0.02668757501815208,0.03938817135834899,2
200,0.5,0.1,6,0.20789799969279157,0.01216842216618643,0.02668757501815208,0.009534867236540115,3
200,0.5,0.2,1,0.014731310024412836,-0.004021340068892759,0.03313218796318073,0.22083395781129578,6
200,0.5,0.2,2,0.008234843167138194,-0.0030066147431020047,0.03313218796318073,0.1716458595230176,4
200,0.5,0.2,3,0.005432326480680097,0.002441985315164546,0.03313218796318073,0.11778246297141891,1
200,0.5,0.2,4,0.967523849544242,-0.03258974453407326,0.03313218796318073,0.06812258012727124,5
200,0.5,0.2,5,0.003991624377242061,-0.0020932685554042397,0.03313218796318073,0.04160727330204552,2
200,0.5,0.2,6,8.604640628496162e-5,3.07338158607144e-4,0.03313218796318073,0.009605703598641702,3
200,0.5,0.5,1,0.007315863204821023,0.0017763546334045605,0.02076810567702535,0.3045608722869586,4
200,0.5,0.5,2,0.013442317707276724,-0.002407875139692568,0.02076810567702535,0.2665773236387335,6
200,0.5,0.5,3,0.003937570017847429,0.0013031998753080447,0.02076810567702535,0.1356599108335898,1
200,0.5,0.5,4,0.40663702767712395,-0.013243425906342742,0.02076810567702535,0.06829724923245727,5
200,0.5,0.5,5,0.5171243512668037,0.014934626972337814,0.02076810567702535,0.04424790559783656,2
200,0.5,0.5,6,0.051542870126127176,0.004714994431115714,0.02076810567702535,0.009675193113037259,3
200,0.5,1,1,0.05320831276131596,-0.004207992894463903,0.018242537764986355,0.4341372215170299,4
200,0.5,1,2,0.008858365289488988,-0.0017169673891998315,0.018242537764986355,0.3458022543455784,6
200,0.5,1,3,0.7778178899462421,0.01608882092624851,0.018242537764986355,0.15090832681860805,1
200,0.5,1,4,0.00872880303721137,0.0017043649755222338,0.018242537764986355,0.06846040873332586,5
200,0.5,1,5,0.14829646819192435,0.00702507003182185,0.018242537764986355,0.04613018966244827,2
200,0.5,1,6,0.0030901607738171907,-0.0010140883456773912,0.018242537764986355,0.009718997480550677,3
200,1,0.01,1,0.22436913785504414,0.009859974125445288,0.020815853163681168,0.19809248717867595,6
200,1,0.01,2,0.010158532186024652,0.002098020348988606,0.020815853163681168,0.10458941979556238,1
200,1,0.01,3,0.09327609391385452,0.006357397857187186,0.020815853163681168,0.09525888117912168,5
200,1,0.01,4,0.0362999704896016,0.003965951068984741,0.020815853163681168,0.03872093568181028,2
200,1,0.01,5,0.6324998205969476,0.016554818321840702,0.020815853163681168,0.021018492967856912,4
200,1,0.01,6,0.0033964449585274273,0.0012131276632788496,0.020815853163681168,0.009489894849624212,3
200,1,0.02,1,0.4591478067839036,0.02626293183720536,0.03875849896803619,0.19938000508303727,6
200,1,0.02,2,0.22777949558998412,-0.018497978182100416,0.03875849896803619,0.10590481417677464,1
200,1,0.02,3,0.11427350552819447,-0.013102064243142296,0.03875849896803619,0.09530206511011223,5
200,1,0.02,4,0.1942537320279724,0.01708250808984973,0.03875849896803619,0.03958060924951867,2
200,1,0.02,5,0.0034064520701210152,-0.0022621327680886023,0.03875849896803619,0.031409368638216494,4
200,1,0.02,6,0.0011390079998243581,-0.001308068045796865,0.03875849896803619,0.009497629174269107,3
200,1,0.05,1,1.4712040243094012e-7,-1.2410430583515193e-5,0.032355670022367354,0.20386988876198409,6
200,1,0.05,2,0.05048239202867877,0.007269764798319749,0.032355670022367354,0.11004810596235204,1
200,1,0.05,3,0.23937523700507476,-0.015830331458219403,0.032355670022367354,0.09540431562728575,5
200,1,0.05,4,0.5692677085680271,-0.024412298538949675,0.032355670022367354,0.06002264208785786,4
200,1,0.05,5,0.14078574481600553,-0.012140308952773455,0.032355670022367354,0.03891306584655361,2
200,1,0.05,6,8.877046181138734e-5,-3.048489034891115e-4,0.032355670022367354,0.009521941416061823,3
200,1,0.1,1,0.2472305711656721,-0.009929017733751107,0.019968948653481408,0.21067748296067382,6
200,1,0.1,2,0.30521962069480246,0.011032182166651541,0.019968948653481408,0.1179859093866958,1
200,1,0.1,3,2.776176699415341e-4,3.327198815113943e-4,0.019968948653481408,0.09612293280372781,5
200,1,0.1,4,0.07642557783941423,-0.005520451081228063,0.019968948653481408,0.09466156218665481,4
200,1,0.1,5,0.3217720057576967,0.01132737632416042,0.019968948653481408,0.04024857965106075,2
200,1,0.1,6,0.049074606872472885,0.004423679097890526,0.019968948653481408,0.009561638349215746,3
200,1,0.2,1,0.2644180874629493,0.010777770943457485,0.0209596183122522,0.22807000093321664,6
200,1,0.2,2,0.46404619845527445,0.014277888273309962,0.0209596183122522,0.16259508547882445,4
200,1,0.2,3,0.0030904965802637063,-0.0011651920244569408,0.0209596183122522,0.1201912905491217,1
200,1,0.2,4,0.11874438492347195,-0.007222539251615706,0.0209596183122522,0.09572872044461933,5
200,1,0.2,5,0.13706570488237324,0.0077597507495225804,0.0209596183122522,0.041969036807387484,2
200,1,0.2,6,0.01263512769566733,-0.002355988614326333,0.0209596183122522,0.009616616346273471,3
200,1,0.5,1,0.004885370585810995,0.0016151830725003695,0.023108566086033868,0.30260260303725917,4
200,1,0.5,2,0.015017905114066388,0.0028318984504260496,0.023108566086033868,0.2683332321421098,6
200,1,0.5,3,0.015105315706163027,0.0028401279194795923,0.023108566086033868,0.13669919910876605,1
200,1,0.5,4,0.5475226488777153,-0.017099131108632697,0.023108566086033868,0.09603127257727966,5
200,1,0.5,5,0.14278748997907434,-0.00873208747136937,0.023108566086033868,0.044322457875026665,2
200,1,0.5,6,0.2746812697371699,-0.012111209621029339,0.023108566086033868,0.009681538344468806,3
200,1,1,1,0.08894334230061585,-0.009406054016435425,0.03153920527774306,0.43376544395525174,4
200,1,1,2,0.15951700869315064,0.012596626266811628,0.03153920527774306,0.348878420415631,6
200,1,1,3,0.6308037567818009,0.02504943192858219,0.03153920527774306,0.15139109651573657,1
200,1,1,4,0.05888545875329271,-0.0076534064354571146,0.03153920527774306,0.09639456567733352,5
200,1,1,5,0.01130571704518315,0.003353511513849227,0.03153920527774306,0.04618742142161624,2
200,1,1,6,0.05054471642595684,-0.007090692110174964,0.03153920527774306,0.009724772929146974,3
200,10,0.01,1,0.08925415290236534,-0.009050009525981064,0.030292479320084525,0.2941888719761192,5
200,10,0.01,2,0.15412577638221187,0.011892480794180966,0.030292479320084525,0.25751174792137693,6
200,10,0.01,3,0.00909509723333374,-0.0028889398079020604,0.030292479320084525,0.1335302788601512,1
200,10,0.01,4,0.1488865153325007,0.011688600163257448,0.030292479320084525,0.04386812084738247,2
200,10,0.01,5,0.3394002887041563,-0.017647814240989088,0.030292479320084525,0.01994630006483513,4
200,10,0.01,6,0.25923816944543204,-0.01542354813338348,0.030292479320084525,0.009735110901041047,3
200,10,0.02,1,0.3084705034018103,-0.006622752829624001,0.011924267930188966,0.2942758957189811,5
200,10,0.02,2,0.08134787566687682,0.0034009859191564355,0.011924267930188966,0.2593561328590101,6
200,10,0.02,3,0.03369799713258383,-0.0021889395603959597,0.011924267930188966,0.13399475178351566,1
200,10,0.02,4,0.2292397991520491,-0.005709219433530557,0.011924267930188966,0.04395709976935742,2
200,10,0.02,5,0.16796739287592888,0.004887021125957742,0.011924267930188966,0.028909314636584603,4
200,10,0.02,6,0.1792764317707511,-0.005048859968499154,0.011924267930188966,0.009737275397295946,3
200,10,0.05,1,0.2523637063284506,0.007279163286752565,0.014489987576136999,0.29501609201026763,5
200,10,0.05,2,0.008882668727604834,0.001365651059446949,0.014489987576136999,0.26392582158854133,6
200,10,0.05,3,0.002016725764241726,-6.507159265178449e-4,0.014489987576136999,0.13524136590395727,1
200,10,0.05,4,0.15040277888700176,-0.005619477586383416,0.014489987576136999,0.04952827496663275,4
200,10,0.05,5,0.4768617426036181,0.010006086521328353,0.014489987576136999,0.04356430201890054,2
200,10,0.05,6,0.10947237768908302,0.0047942457125215296,0.014489987576136999,0.009741266896643274,3
200,10,0.1,1,0.014865548176256222,-0.002902069643030605,0.023802214571692074,0.29675221628713605,5
200,10,0.1,2,0.25170941666492513,0.011941725872296156,0.023802214571692074,0.2711620883191283,6
200,10,0.1,3,0.4547494625021893,0.016051050574763782,0.023802214571692074,0.13743818151500045,1
200,10,0.1,4,0.1970347098501216,0.01056546790986501,0.023802214571692074,0.07639506597404291,4
200,10,0.1,5,0.0040975401787096575,-0.0015236281092959514,0.023802214571692074,0.04405067836680276,2
200,10,0.1,6,0.07754332262779806,-0.00662810788772743,0.023802214571692074,0.00974425134196332,3
200,10,0.2,1,0.3044720201020812,0.007493687898678631,0.013580692225236937,0.30229575119908025,5
200,10,0.2,2,0.25164509783645134,0.006812651046384525,0.013580692225236937,0.2812561055887664,5
200,10,0.2,3,0.287909889521947,0.007287023976564337,0.013580692225236937,0.14384354056098358,1
200,10,0.2,4,0.15331636565390794,-0.005317606112200268,0.013580692225236937,0.12029924279244558,4
200,10,0.2,5,6.526236620501684e-4,-3.469391538788995e-4,0.013580692225236937,0.044512825676552834,2
200,10,0.2,6,0.002004003223562304,-6.079545525587014e-4,0.013580692225236937,0.009756158661120503,3
200,10,0.5,1,0.1967592780620394,0.005821869916284775,0.013124866272893795,0.34045425722498374,6
200,10,0.5,2,0.2298609219095577,-0.0062925613616987425,0.013124866272893795,0.2927456102875595,5
200,10,0.5,3,1.5970391378902486e-4,1.658642032271721e-4,0.013124866272893795,0.23841662130604,4
200,10,0.5,4,0.021121240539229848,0.0019074563061787513,0.013124866272893795,0.1438876201861532,1
200,10,0.5,5,0.3389339973180053,-0.007641039661943977,0.013124866272893795,0.04576209851471145,2
200,10,0.5,6,0.21316485825737871,-0.0060597218796876505,0.013124866272893795,0.009789291993471741,3
200,10,1,1,0.03556102695133691,-0.0044103205109392385,0.02338745715679681,0.43534483939683105,4
200,10,1,2,0.5705750421383805,0.017666047362097908,0.02338745715679681,0.3616303796250612,4
200,10,1,3,0.13144707377767967,0.008479270033420477,0.02338745715679681,0.2959529535364373,5
200,10,1,4,2.0082960062668505e-4,3.3143385421845016e-4,0.02338745715679681,0.15557513948739118,1
200,10,1,5,0.014972430179300365,0.0028617332741154864,0.02338745715679681,0.047451532008011325,2
200,10,1,6,0.24724359735267587,-0.011629084651009472,0.02338745715679681,0.009826406390356535,3
500,0.05,0.01,1,0.6404936764797634,0.019626757874532726,0.024523990637274583,0.1154653695149286,1
500,0.05,0.01,2,0.1713924320884319,-0.01015282644764175,0.024523990637274583,0.05745302618240835,3
500,0.05,0.01,3,0.07369676202883231,0.006657563924293101,0.024523990637274583,0.029878135833861525,4
500,0.05,0.01,4,5.698085829164963e-4,-5.854039317682693e-4,0.024523990637274583,0.021703178042773948,5
500,0.05,0.01,5,0.08607442642917291,0.007194957125731629,0.024523990637274583,0.01995948748523403,2
500,0.05,0.01,6,0.027772894390882923,-0.004086972476683699,0.024523990637274583,0.0058456198132557195,3
500,0.05,0.02,1,0.0257079400967695,-0.003994048857617107,0.024910344487899964,0.11814429839676409,1
500,0.05,0.02,2,0.34627163957646734,-0.01465845489969928,0.024910344487899964,0.06137685683231965,1
500,0.05,0.02,3,0.2533904315298202,0.012539344641627481,0.024910344487899964,0.0473387770165929,4
500,0.05,0.02,4,0.0024731098406901063,0.0012388006833627533,0.024910344487899964,0.02180684936238795,5
500,0.05,0.02,5,0.34674419505221016,-0.014668453655963594,0.024910344487899964,0.02151086767962121,2
500,0.05,0.02,6,0.025412683904042697,-0.0039710467575356295,0.024910344487899964,0.005927314860825256,3
500,0.05,0.05,1,0.09803280104008887,0.008619612091113846,0.027529734044652535,0.12560104434102734,6
500,0.05,0.05,2,0.14068904399334206,-0.010326000817955986,0.027529734044652535,0.08976680045959483,4
500,0.05,0.05,3,0.048176542121168696,-0.006042544096873914,0.027529734044652535,0.06866971519138348,1
500,0.05,0.05,4,0.6052185462338462,0.021416975006090005,0.027529734044652535,0.024123301225398006,2
500,0.05,0.05,5,0.027330526957072467,-0.004551201024516717,0.027529734044652535,0.02169287546366016,5
500,0.05,0.05,6,0.08055253965448171,0.00781342835993812,0.027529734044652535,0.0060305119706454595,3
500,0.05,0.1,1,0.019465690630753835,0.003476427704005938,0.024917145820369326,0.13927537120374686,6
500,0.05,0.1,2,0.0033554724314217178,-0.001443361548108231,0.024917145820369326,0.1326009560318441,4
500,0.05,0.1,3,0.15010531727486034,-0.00965375632052017,0.024917145820369326,0.07932967098812894,1
500,0.05,0.1,4,0.4176107987976475,0.016102160602306615,0.024917145820369326,0.02572721893952776,2
500,0.05,0.1,5,0.12000470481378041,0.008631721714134554,0.024917145820369326,0.02170029830395671,5
500,0.05,0.1,6,0.28945801605153615,-0.013405749019920175,0.024917145820369326,0.006076971169191272,3
500,0.05,0.2,1,0.004372906818496286,0.0014065036800562545,0.021269425585251422,0.1938982149206422,4
500,0.05,0.2,2,0.34919450377938216,0.012568673973641904,0.021269425585251422,0.1630377315313614,6
500,0.05,0.2,3,0.11152568946936695,0.007103022978747614,0.021269425585251422,0.08875043249484647,1
500,0.05,0.2,4,0.4984003439875617,-0.015015677355208333,0.021269425585251422,0.026902305177991907,2
500,0.05,0.2,5,0.020718367849491104,-0.003061494834728804,0.021269425585251422,0.021704037128406038,5
500,0.05,0.2,6,0.015788188095701823,0.0026725258040715912,0.021269425585251422,0.006104794502981058,3
500,0.05,0.5,1,0.029283509298285385,0.004315450367929685,0.025218227933136498,0.3070841948338388,4
500,0.05,0.5,2,0.005834025720393172,0.0019261882774815257,0.025218227933136498,0.232639842558638,6
500,0.05,0.5,3,0.008605292148689127,0.002339361699790795,0.025218227933136498,0.09647552473118563,1
500,0.05,0.5,4,0.6970133016975938,-0.02105402328144534,0.025218227933136498,0.028116400175431953,2
500,0.05,0.5,5,0.130148344714825,-0.009097747730667556,0.025218227933136498,0.021707710088664362,5
500,0.05,0.5,6,0.1291155264202135,-0.00906157732739157,0.025218227933136498,0.006131464479961203,3
500,0.05,1,1,0.305561418486658,-0.007304167488681221,0.01321360939393007,0.4342941869702484,4
500,0.05,1,2,0.10174666459148406,-0.004214844485754217,0.01321360939393007,0.3202851529944562,6
500,0.05,1,3,0.4254913060605577,-0.008619197056332312,0.01321360939393007,0.10376365343243522,1
500,0.05,1,4,4.930066213978639e-4,2.933917115184919e-4,0.01321360939393007,0.02923667144302523,2
500,0.05,1,5,0.0571996943497768,-0.003160227286375216,0.01321360939393007,0.02170935861736963,5
500,0.05,1,6,0.10950790989012565,-0.004372644895224253,0.01321360939393007,0.006152720907006362,3
500,0.1,0.01,1,0.8928759833578913,0.03970643329983368,0.042020895837589355,0.11799453344218805,1
500,0.1,0.01,2,3.605955128681363e-4,7.979496084034767e-4,0.042020895837589355,0.060852718989375124,3
500,0.1,0.01,3,2.3973960595878092e-5,2.0574780013873936e-4,0.042020895837589355,0.030664097463210457,5
500,0.1,0.01,4,0.0708527498863262,-0.01118519763128533,0.042020895837589355,0.027900472336439955,4
500,0.1,0.01,5,0.01665740978385102,0.005423367593701968,0.042020895837589355,0.02097005288861193,2
500,0.1,0.01,6,0.019229287498467435,0.005827025292312755,0.042020895837589355,0.005904924037743415,3
500,0.1,0.02,1,0.21977504927761868,0.019432511397710614,0.041451451048232106,0.12005866188971236,6
500,0.1,0.02,2,0.1020081997869206,0.013239063941578316,0.041451451048232106,0.0641170859100544,1
500,0.1,0.02,3,0.03466809063976909,-0.007717998675942317,0.041451451048232106,0.0441974814434388,4
500,0.1,0.02,4,0.010786494000962087,-0.004305066766014236,0.041451451048232106,0.030671556333762104,5
500,0.1,0.02,5,0.08994587123299073,0.012431695225473948,0.041451451048232106,0.022369819423943057,2
500,0.1,0.02,6,0.5428162950617388,-0.030539799133783952,0.041451451048232106,0.0059520919159870055,3
500,0.1,0.05,1,0.3660379377572439,-0.02439300246015876,0.04031829977873977,0.12710432027645927,6
500,0.1,0.05,2,0.015256469283050845,-0.004979998696988909,0.04031829977873977,0.08603052109556805,4
500,0.1,0.05,3,0.03021658729237665,0.007008497392288804,0.04031829977873977,0.06960856793579973,1
500,0.1,0.05,4,0.04318198421481892,0.00837825369616475,0.04031829977873977,0.030686068108041125,5
500,0.1,0.05,5,0.5053768040928404,-0.02866222243069285,0.04031829977873977,0.024373345594168403,2
500,0.1,0.05,6,0.03993021735966934,0.00805662309180932,0.04031829977873977,0.006033932452643406,3
500,0.1,0.1,1,0.08161101209583257,0.007999675180586939,0.028002575144988478,0.14104703430205484,6
500,0.1,0.1,2,0.173482255376619,0.011663408889149171,0.028002575144988478,0.12946179672165373,4
500,0.1,0.1,3,0.04882321205787433,-0.006187442062818048,0.028002575144988478,0.08012177737538578,1
500,0.1,0.1,4,0.10324681737588132,0.0089977994274557,0.028002575144988478,0.03069436183682742,5
500,0.1,0.1,5,0.5122416133733182,0.020041738888660978,0.028002575144988478,0.02582286179039451,2
500,0.1,0.1,6,0.08059508972047465,0.007949727878463887,0.028002575144988478,0.0060776657504233176,3
500,0.1,0.2,1,0.015542048090696186,0.0031285149314169707,0.02509482132487216,0.19329372694234828,4
500,0.1,0.2,2,0.3008535471117631,-0.01376453916921093,0.02509482132487216,0.16406425407755193,6
500,0.1,0.2,3,0.10852495242190154,0.008267018507849761,0.02509482132487216,0.0889840529897914,1
500,0.1,0.2,4,0.01310453981429832,0.002872731226429251,0.02509482132487216,0.03070181694014833,5
500,0.1,0.2,5,0.03170003100260299,-0.004468008095467723,0.02509482132487216,0.026930566038380475,2
500,0.1,0.2,6,0.5302748815587379,0.018274042712569664,0.02509482132487216,0.00610504440968821,3
500,0.1,0.5,1,0.26086532535859586,-0.01302900667240223,0.025509569445823978,0.30705959111672776,4
500,0.1,0.5,2,0.11173613723399606,-0.008527072496881193,0.025509569445823978,0.23306849403401672,6
500,0.1,0.5,3,0.5114112521528941,-0.01824266437723331,0.025509569445823978,0.09651804656038307,1
500,0.1,0.5,4,0.06547921311649456,0.006527619850613355,0.025509569445823978,0.030711467218603686,5
500,0.1,0.5,5,0.0451281282962061,-0.005419095308933655,0.025509569445823978,0.028114591209607104,2
500,0.1,0.5,6,0.0053799438418133914,0.0018710784625293932,0.025509569445823978,0.006131603195487157,3
500,0.1,1,1,5.763362288641259e-4,-4.247660119608899e-4,0.017693420489023413,0.4342933003705041,4
500,0.1,1,2,0.168228333656104,-0.007257070971389015,0.017693420489023413,0.32044054933410715,6
500,0.1,1,3,0.061865315904543514,-0.004400838347075988,0.017693420489023413,0.10379325885079409,1
500,0.1,1,4,5.807903427598819e-4,-4.2640421787762346e-4,0.017693420489023413,0.03072832419583095,5
500,0.1,1,5,0.04463812251093363,-0.0037382191561531157,0.017693420489023413,0.029227487891650878,2
500,0.1,1,6,0.7241111013567948,0.015056166251046475,0.017693420489023413,0.006152850408103854,3
500,0.2,0.01,1,0.28133676485103704,-0.003510102044982558,0.006617691198722621,0.12117588502087984,6
500,0.2,0.01,2,2.6001772828415366e-4,1.067107021718638e-4,0.006617691198722621,0.06508079827008538,1
500,0.2,0.01,3,0.23089423868975748,-0.0031798969492140236,0.006617691198722621,0.04331888835310075,5
500,0.2,0.01,4,0.023064354757186843,0.0010050256654293062,0.006617691198722621,0.02633332592003208,4
500,0.2,0.01,5,0.007249200572085591,-5.634450344056199e-4,0.006617691198722621,0.021791590358659012,2
500,0.2,0.01,6,0.4571954234016489,0.004474633142383124,0.006617691198722621,0.005957729924459455,3
500,0.2,0.02,1,0.0018325971688371607,8.483102915630884e-4,0.01981623893717302,0.12292306766259377,6
500,0.2,0.02,2,0.7389561069129021,-0.017034545533889934,0.01981623893717302,0.06778832669678457,1
500,0.2,0.02,3,0.16963071801826843,-0.008161565687899372,0.01981623893717302,0.043331303864793905,5
500,0.2,0.02,4,0.05280885512330879,-0.004553806852705613,0.01981623893717302,0.04104820715643927,4
500,0.2,0.02,5,0.010624771561230656,-0.0020425891977010778,0.01981623893717302,0.023216232790196887,2
500,0.2,0.02,6,0.02614695121545277,-0.0032042895870973667,0.01981623893717302,0.005982628005781186,3
500,0.2,0.05,1,0.2639524478129929,0.010977061259702011,0.02136600083089464,0.12954217932108436,6
500,0.2,0.05,2,0.003255070933483288,-0.001218999337125114,0.02136600083089464,0.08262688138549841,4
500,0.2,0.05,3,0.09564600912389087,-0.006607796624342617,0.02136600083089464,0.07017845737319255,1
500,0.2,0.05,4,0.01158999827946083,0.002300196438592946,0.02136600083089464,0.04335528002929642,5
500,0.2,0.05,5,0.42002779098021703,-0.01384720921996237,0.02136600083089464,0.024712424734275585,2
500,0.2,0.05,6,0.2055286828699551,-0.009686334454086749,0.02136600083089464,0.006039702378513837,3
500,0.2,0.1,1,0.15882257617790915,-0.004548541326584613,0.011413425985412251,0.14348786541831676,6
500,0.2,0.1,2,0.3515246106720215,-0.006766964447495028,0.011413425985412251,0.12469664945677846,4
500,0.2,0.1,3,5.554579065411516e-4,2.689933869997895e-4,0.011413425985412251,0.0811159176402588,1
500,0.2,0.1,4,0.459951616982782,0.007740555017373021,0.011413425985412251,0.04337202872490085,5
500,0.2,0.1,5,0.01003393193396959,-0.0011432773567634526,0.011413425985412251,0.02594565862584493,2
500,0.2,0.1,6,0.019111806326776625,-0.0015778542890449428,0.011413425985412251,0.006078992296707842,3
500,0.2,0.2,1,0.350724313865672,0.016510004965936048,0.027878170300618673,0.19188134322675268,4
500,0.2,0.2,2,0.03350769117565716,0.005103128670727756,0.027878170300618673,0.16541002944816166,6
500,0.2,0.2,3,5.392961072042324e-6,6.474077731313074e-5,0.027878170300618673,0.08931495057335982,1
500,0.2,0.2,4,0.5201944868966764,-0.0201069935837093,0.027878170300618673,0.04338381296998673,5
500,0.2,0.2,5,0.09412864348093765,-0.008553131846768211,0.027878170300618673,0.02696114967635855,2
500,0.2,0.2,6,0.0014394716199848901,-0.0010577080756454988,0.027878170300618673,0.0061055551813184224,3
500,0.2,0.5,1,0.11130087584736224,0.008753083646901232,0.026236855763644693,0.3069695562971849,4
500,0.2,0.5,2,0.22158645131612742,-0.012350467266364292,0.026236855763644693,0.23386256171852263,6
500,0.2,0.5,3,0.417057265271419,0.016943753840128653,0.026236855763644693,0.09659379107596884,1
500,0.2,0.5,4,0.0130114209070862,0.00299277557531788,0.026236855763644693,0.043398193112254395,5
500,0.2,0.5,5,0.13060906227690103,0.009481967086550733,0.026236855763644693,0.028127268538126197,2
500,0.2,0.5,6,0.10643492438110416,-0.00855960779858429,0.026236855763644693,0.0061319444908576595,3
500,0.2,1,1,0.02384451016007984,-0.0035455450400198596,0.022960894555508062,0.4342898070566112,4
500,0.2,1,2,0.14647374187713907,0.008787567871140435,0.022960894555508062,0.32071958435933373,6
500,0.2,1,3,0.7418937132878437,0.019776965212645443,0.022960894555508062,0.10376912235545915,1
500,0.2,1,4,0.034443331635311096,-0.0042612928442621045,0.022960894555508062,0.04341028853777158,5
500,0.2,1,5,0.010927393792461926,0.0024001981750617933,0.022960894555508062,0.029253050425715996,2
500,0.2,1,6,0.04241730924716427,-0.004728902521952974,0.022960894555508062,0.006153183037080048,3
500,0.5,0.01,1,0.05008316101294938,-0.0048284357639579965,0.02157548624783,0.1271373550439036,6
500,0.5,0.01,2,0.09642354805031565,0.006699650479965407,0.02157548624783,0.07182105024949241,1
500,0.5,0.01,3,0.008790423253260644,0.002022858410544662,0.02157548624783,0.06828835308856629,5
500,0.5,0.01,4,0.8091322524721988,-0.019407533683186786,0.02157548624783,0.025479509589190392,2
500,0.5,0.01,5,0.03204482526705258,-0.003862242567784838,0.02157548624783,0.022063637059142327,4
500,0.5,0.01,6,0.003525789944223041,0.0012811170455434369,0.02157548624783,0.006013250373869086,3
500,0.5,0.02,1,0.10923884111685471,-0.006224770234118252,0.018833662496141074,0.12907456185725394,6
500,0.5,0.02,2,0.38199988576302435,0.011640359681403725,0.018833662496141074,0.07397852440111198,1
500,0.5,0.02,3,0.011834324898282959,0.0020488328443105798,0.018833662496141074,0.06831610572484555,5
500,0.5,0.02,4,0.011793023397490617,-0.0020452545315847123,0.018833662496141074,0.0371665446936448,4
500,0.5,0.02,5,0.0528015761014424,-0.0043277107534291604,0.018833662496141074,0.024346672066157926,2
500,0.5,0.02,6,0.432332348722905,-0.012383506876095188,0.018833662496141074,0.0060229565874782695,3
500,0.5,0.05,1,0.1473399173849193,0.007603127868109059,0.01980761031974581,0.13511851994475227,6
500,0.5,0.05,2,0.03869814413432875,-0.003896522176969927,0.01980761031974581,0.08167369504148643,1
500,0.5,0.05,3,0.06141821245775425,0.004908860264216258,0.01980761031974581,0.06862242556700214,5
500,0.5,0.05,4,0.7052513502044192,-0.01663428149442884,0.01980761031974581,0.06795860848962444,4
500,0.5,0.05,5,0.001144876939296688,-6.702109008520736e-4,0.01980761031974581,0.025265340346778895,2
500,0.5,0.05,6,0.046147498879281795,0.0042550646932033405,0.01980761031974581,0.006052582005704343,3
500,0.5,0.1,1,0.0066445203799168386,-0.0019135559668109696,0.023475202643320047,0.14854395750939706,6
500,0.5,0.1,2,0.2090254560341426,-0.010732698753035516,0.023475202643320047,0.1165349266341894,4
500,0.5,0.1,3,0.1411058324637777,0.008818238334126812,0.023475202643320047,0.08283271897287692,1
500,0.5,0.1,4,0.1270544097684378,-0.008367663777077676,0.023475202643320047,0.06842331540163686,5
500,0.5,0.1,5,0.2770368007301809,-0.012356005174758584,0.023475202643320047,0.026156707469502345,2
500,0.5,0.1,6,0.23913298062354424,-0.011479661663179375,0.023475202643320047,0.006082418104542673,3
500,0.5,0.2,1,0.5518631272527171,-0.010085609115337395,0.013576456846377887,0.18885355010926502,4
500,0.5,0.2,2,0.14263557957052453,0.005127437544464471,0.013576456846377887,0.16693500841941633,6
500,0.5,0.2,3,0.10708576280595473,0.004442754452987575,0.013576456846377887,0.0900551881229885,1
500,0.5,0.2,4,0.03701809557306005,-0.002612122136855485,0.013576456846377887,0.06846593505436104,5
500,0.5,0.2,5,0.07281901482193155,-0.0036636066868489404,0.013576456846377887,0.027040551872269437,2
500,0.5,0.2,6,0.08857841997581192,-0.004040642320038329,0.013576456846377887,0.006106947584833935,3
500,0.5,0.5,1,0.11897674650236213,-0.007153759286723578,0.020739738602044134,0.3064459845029664,4
500,0.5,0.5,2,0.4623704421673034,-0.014102571490919,0.020739738602044134,0.23594218648908122,6
500,0.5,0.5,3,0.14626184306141016,0.007931746017642962,0.020739738602044134,0.09675148674600804,1
500,0.5,0.5,4,0.263651287219622,0.010649230476313361,0.020739738602044134,0.0685150587473537,5
500,0.5,0.5,5,0.008734897190311222,-0.0019383499045900953,0.020739738602044134,0.028147921578360553,2
500,0.5,0.5,6,4.783858991125932e-6,4.536202810427502e-5,0.020739738602044134,0.006132852211178491,3
500,0.5,1,1,0.22053638566172698,-0.015196347012310143,0.03235929683538489,0.4342663381142454,4
500,0.5,1,2,0.15233507523858228,-0.012629874397249117,0.03235929683538489,0.3215873307048456,6
500,0.5,1,3,0.2829178092895254,0.017211916048846667,0.03235929683538489,0.10386400411407459,1
500,0.5,1,4,0.18667754005917644,0.013981221319027343,0.03235929683538489,0.06856377200343294,5
500,0.5,1,5,0.12942230841980257,-0.011641358045661417,0.03235929683538489,0.02924966626602982,2
500,0.5,1,6,0.028110881331186402,0.005425456762361884,0.03235929683538489,0.006154016842171055,3
500,1,0.01,1,0.03540545132533448,-0.004142631023018451,0.022016140380372327,0.1341099377102266,6
500,1,0.01,2,0.08724560738971292,0.006502988275082299,0.022016140380372327,0.09638420816526284,5
500,1,0.01,3,0.009076843384122442,0.0020975320559056955,0.022016140380372327,0.07728974611005691,1
500,1,0.01,4,0.034415602766538246,0.0040843116758067345,0.022016140380372327,0.025704536528387677,2
500,1,0.01,5,0.764211072877659,0.019246326488046823,0.022016140380372327,0.02164285908211823,4
500,1,0.01,6,0.06964542225663292,0.005810151725587923,0.022016140380372327,0.00604587560867814,3
500,1,0.02,1,0.006542686022981103,-0.00243149252111177,0.030060409906218572,0.13633029398230076,6
500,1,0.02,2,0.09484674399215387,0.009257764130562406,0.030060409906218572,0.09641937267626022,5
500,1,0.02,3,0.08001261260610534,-0.008503038080915229,0.030060409906218572,0.07889308683601651,1
500,1,0.02,4,0.0010500640452700354,-9.740983158959157e-4,0.030060409906218572,0.034701685804287216,4
500,1,0.02,5,0.7934881566271136,-0.026777197564222838,0.030060409906218572,0.025135560965998456,2
500,1,0.02,6,0.02405973670637604,0.004662730704703628,0.030060409906218572,0.006050810288446572,3
500,1,0.05,1,0.049409533897184235,0.004108807980925442,0.018484617454122287,0.14228751419815708,6
500,1,0.05,2,0.5071384768121218,-0.01316357184417111,0.018484617454122287,0.09655462141417416,5
500,1,0.05,3,0.063824441695786,0.0046698612745779645,0.018484617454122287,0.08373451230729227,1
500,1,0.05,4,0.33343397967434685,0.010673709902957223,0.018484617454122287,0.06450682017586237,4
500,1,0.05,5,0.009381570637145798,0.0017903924737746322,0.018484617454122287,0.02573996372696452,2
500,1,0.05,6,0.036811997283415374,-0.003546542411706428,0.018484617454122287,0.006066170801742106,3
500,1,0.1,1,0.21086969740830386,0.00677813889867585,0.014760578432494816,0.15477173970397956,6
500,1,0.1,2,0.003977432197567391,9.309037275744036e-4,0.014760578432494816,0.10973773861223285,4
500,1,0.1,3,0.009171202151841132,-0.001413567364599747,0.014760578432494816,0.09669571051935752,5
500,1,0.1,4,0.22567532265081683,0.007012056597562929,0.014760578432494816,0.08414052469636651,1
500,1,0.1,5,0.10368694069853113,0.004752973656045233,0.014760578432494816,0.02638250759313822,2
500,1,0.1,6,0.44661940489293966,-0.009864433992142136,0.014760578432494816,0.006087362947523837,3
500,1,0.2,1,0.4010285794812277,0.010734435054118207,0.01695085195258101,0.18823245413959436,4
500,1,0.2,2,0.07016035164968375,-0.004489907660005813,0.01695085195258101,0.1654493482845446,4
500,1,0.2,3,0.15118521274480448,-0.006590922249850911,0.01695085195258101,0.0970621125231378,5
500,1,0.2,4,0.07195360822336244,-0.004546925300115242,0.01695085195258101,0.09035249587344686,1
500,1,0.2,5,0.07214051199802582,0.004552826924525888,0.01695085195258101,0.027129181423020156,2
500,1,0.2,6,0.23353173590289578,-0.008191519785654128,0.01695085195258101,0.006109141976564409,3
500,1,0.5,1,0.0696607454797848,0.004016128766277561,0.015216457941446968,0.30514220316630636,4
500,1,0.5,2,0.4149324357373259,-0.009801719335320227,0.015216457941446968,0.23868756012541847,6
500,1,0.5,3,0.19290499966554653,-0.006683213140179775,0.015216457941446968,0.09849241620230692,5
500,1,0.5,4,0.25265980219518935,-0.007648594658274687,0.015216457941446968,0.09517378745718867,5
500,1,0.5,5,0.04463038280651238,-0.0032146143266142666,0.015216457941446968,0.02818103540890655,2
500,1,0.5,6,0.025211634115641084,-0.002416095340746845,0.015216457941446968,0.006134389498880959,3
500,1,1,1,0.0887257265664425,0.006180752233338567,0.020749926000373755,0.4341863099580361,4
500,1,1,2,0.026011615842635526,-0.003346572345717093,0.020749926000373755,0.322962168846439,6
500,1,1,3,0.15617067860226416,-0.008200046232114237,0.020749926000373755,0.1042569703161858,1
500,1,1,4,0.6820522717305196,-0.017136628509679477,0.020749926000373755,0.09655018832817994,5
500,1,1,5,0.028892418049309615,0.003527024669370261,0.020749926000373755,0.0292836987192389,2
500,1,1,6,0.018147289208828625,0.0027952614332172883,0.020749926000373755,0.006155452287198432,3
500,10,0.01,1,0.001993278337662449,0.0010655548010465865,0.02386666936611842,0.29778268512210476,5
500,10,0.01,2,0.3275091528160414,0.013658516684829555,0.02386666936611842,0.1862876040502132,6
500,10,0.01,3,0.3529201275428595,0.014178491607329969,0.02386666936611842,0.09281389060833925,1
500,10,0.01,4,0.01489216290600759,-0.002912532001495784,0.02386666936611842,0.027396080894078394,2
500,10,0.01,5,0.30267594541072196,-0.013130485079105057,0.02386666936611842,0.020234992195472784,4
500,10,0.01,6,9.332986707159497e-6,-7.29125253351774e-5,0.02386666936611842,0.0061298039682523816,3
500,10,0.02,1,0.28227036258271065,-0.014589537151061397,0.02746052738443857,0.29786115095021687,5
500,10,0.02,2,0.0021969072278661653,0.0012871072379384632,0.02746052738443857,0.18878982585226703,6
500,10,0.02,3,0.15343426478195787,-0.010756476977115893,0.02746052738443857,0.09289303890336428,1
500,10,0.02,4,0.035447019449708655,-0.005170097525865569,0.02746052738443857,0.029971378866633456,4
500,10,0.02,5,0.11543401914721767,0.009329874076858901,0.02746052738443857,0.02719776052689949,2
500,10,0.02,6,0.4112174268105389,0.017609402864126794,0.02746052738443857,0.006129179560150891,3
500,10,0.05,1,0.3177200840108855,0.014034205526187622,0.02489805935786721,0.2980227070892199,5
500,10,0.05,2,0.2871480039906484,-0.013341922047075006,0.02489805935786721,0.19550671626298755,6
500,10,0.05,3,0.10949135570197455,0.008238637883833758,0.02489805935786721,0.09389830858524091,1
500,10,0.05,4,0.07928777608010103,-0.007010816761257169,0.02489805935786721,0.05206413926232846,4
500,10,0.05,5,8.019758971376607e-4,7.050925987865038e-4,0.02489805935786721,0.0274090370249021,2
500,10,0.05,6,0.205550804319253,-0.011288210208560478,0.02489805935786721,0.006132412458659822,3
500,10,0.1,1,0.3148118605353781,-0.0193099915191775,0.03441569466565081,0.2984579496318696,5
500,10,0.1,2,0.04696944859757458,-0.0074587194305535684,0.03441569466565081,0.20531928984229816,6
500,10,0.1,3,6.237110124868899e-4,-8.595046807050302e-4,0.03441569466565081,0.09634068061903936,1
500,10,0.1,4,0.18907845697104975,0.014965029068104874,0.03441569466565081,0.08202883163201381,4
500,10,0.1,5,0.2727748714756277,0.017974578701485912,0.03441569466565081,0.027521258872776174,2
500,10,0.1,6,0.175741651407883,0.014427593302543314,0.03441569466565081,0.006134831395935759,3
500,10,0.2,1,0.2689792469805615,-0.016788372008623462,0.032370484325178674,0.2993023531474247,5
500,10,0.2,2,0.06551390685730103,-0.008285447061439499,0.032370484325178674,0.2243389027184695,6
500,10,0.2,3,0.20246607390754237,0.014565497668502384,0.032370484325178674,0.13799959565433012,4
500,10,0.2,4,6.717824988064425e-4,-8.390030508966664e-4,0.032370484325178674,0.09492754491470932,1
500,10,0.2,5,3.9559850252536257e-4,6.438378683554607e-4,0.032370484325178674,0.027814510173966606,2
500,10,0.2,6,0.46197339125326325,-0.022001772930550372,0.032370484325178674,0.0061424647165957205,3
500,10,0.5,1,0.008096157596522123,0.0017691136650952136,0.019661482470818163,0.3018878765694148,5
500,10,0.5,2,0.04243934908440892,-0.004050425210991591,0.019661482470818163,0.2950274888871204,4
500,10,0.5,3,0.03421516046693632,0.0036368513551728273,0.019661482470818163,0.24681902714882273,4
500,10,0.5,4,9.013675069400414e-4,-5.902924242582732e-4,0.019661482470818163,0.09870950246866841,1
500,10,0.5,5,0.2886388684677661,0.010563155354360317,0.019661482470818163,0.028560978043816326,2
500,10,0.5,6,0.6257090968774266,0.015552581825353528,0.019661482470818163,0.0061612353870834444,3
500,10,1,1,0.07452720237601883,0.005053750852028794,0.01851213113861225,0.4294100947874658,4
500,10,1,2,0.04632621751171532,0.003984463374446163,0.01851213113861225,0.3386849208298297,6
500,10,1,3,0.03809428717905331,-0.003613152929928165,0.01851213113861225,0.30144239260642236,5
500,10,1,4,2.2098254301283478e-4,-2.7519174470132636e-4,0.01851213113861225,0.10504517386148994,1
500,10,1,5,0.5101551490043963,0.013222316705028221,0.01851213113861225,0.029612185436478353,2
500,10,1,6,0.3306761613858034,0.010645298943525448,0.01851213113861225,0.0061811368127322385,3
1000,0.05,0.01,1,0.2834763965569454,0.022869797257551942,0.042954024726276116,0.08502283185885308,6
1000,0.05,0.01,2,0.019785397220592495,-0.006041937795378736,0.042954024726276116,0.04588733298771516,1
1000,0.05,0.01,3,0.0013848496299282362,-0.001598472512313142,0.042954024726276116,0.03129352803959444,4
1000,0.05,0.01,4,0.382373911403835,-0.026561218201138805,0.042954024726276116,0.02170484779410376,5
1000,0.05,0.01,5,0.30197760972911386,0.02360430590816297,0.042954024726276116,0.01572205015027641,2
1000,0.05,0.01,6,0.011001835459585026,0.004505431960813327,0.042954024726276116,0.0042084813144943846,3
1000,0.05,0.02,1,0.01580656510258403,-0.0023984558789473323,0.019077127468798482,0.08811558453745837,6
1000,0.05,0.02,2,0.1631765802227497,-0.007706228728177459,0.019077127468798482,0.05406945216178481,4
1000,0.05,0.02,3,0.3939091904267852,-0.011973222092851572,0.019077127468798482,0.04675816022787234,4
1000,0.05,0.02,4,0.16344478585247155,-0.0077125593098263095,0.019077127468798482,0.021708234840879203,5
1000,0.05,0.02,5,0.15445544370171624,-0.007497467489686771,0.019077127468798482,0.016741207547077808,2
1000,0.05,0.02,6,0.10920743469369328,0.006304332121271328,0.019077127468798482,0.004252930710433609,3
1000,0.05,0.05,1,0.26780164299985343,0.010503558486684742,0.020296905957141738,0.09930083413626338,6
1000,0.05,0.05,2,0.017593113405889906,0.0026921620043508098,0.020296905957141738,0.09161846995119223,4
1000,0.05,0.05,3,0.19873225763921817,0.009048238147642764,0.020296905957141738,0.057767975758903814,1
1000,0.05,0.05,4,0.2247559036576882,-0.00962244402796535,0.020296905957141738,0.02171140790913431,5
1000,0.05,0.05,5,0.08139763329333007,-0.005790762166051871,0.020296905957141738,0.018038935831772563,2
1000,0.05,0.05,6,0.20971944900402018,0.009294995706325901,0.020296905957141738,0.004296020695957097,3
1000,0.05,0.1,1,0.16615660126221382,0.011469171457604413,0.028136705515416905,0.13664749327509537,4
1000,0.05,0.1,2,0.27436431798124317,0.014737949355149195,0.028136705515416905,0.11526590618390302,6
1000,0.05,0.1,3,0.08172095524046566,0.0080434054752587,0.028136705515416905,0.06414332422955157,1
1000,0.05,0.1,4,2.0073577589142582e-4,0.00039864437063687126,0.028136705515416905,0.0217128547234461,5
1000,0.05,0.1,5,0.09742271151322943,-0.008782200574585754,0.028136705515416905,0.01875409351342475,2
1000,0.05,0.1,6,0.38013467822695646,0.017347703485951833,0.028136705515416905,0.004313894302422475,3
1000,0.05,0.2,1,0.005315199020145546,-0.0015109432686123256,0.020724706689876058,0.19414354012234503,4
1000,0.05,0.2,2,0.023138757784516673,-0.003152524081894691,0.020724706689876058,0.14886874526106902,6
1000,0.05,0.2,3,0.035624324972011415,-0.003911665545755437,0.020724706689876058,0.06801362399428272,1
1000,0.05,0.2,4,0.8546198353262424,-0.01915908997744647,0.020724706689876058,0.02171390639133288,5
1000,0.05,0.2,5,0.012936883003096249,0.002357236830648818,0.020724706689876058,0.019285207407665043,2
1000,0.05,0.2,6,0.0683649998939878,0.005418827193405903,0.020724706689876058,0.0043255084050490365,3
1000,0.05,0.5,1,0.09971946308688467,0.007686823937435864,0.024342039798944025,0.3070906416655759,4
1000,0.05,0.5,2,0.11326259049921618,0.008192193718009756,0.024342039798944025,0.2244300539718958,6
1000,0.05,0.5,3,0.07764517443395844,0.006782881083350428,0.024342039798944025,0.07107055321725413,1
1000,0.05,0.5,4,0.12519153901947505,-0.008612801881543774,0.024342039798944025,0.021715312937675507,5
1000,0.05,0.5,5,0.5627802736274604,0.018261077570649663,0.024342039798944025,0.019936096989369958,2
1000,0.05,0.5,6,0.02140095933300526,-0.003561013245125335,0.024342039798944025,0.004339382944652087,3
1000,0.05,1,1,0.06932253937907512,-0.008392132346823348,0.03187389169796168,0.4342944081093084,4
1000,0.05,1,2,0.1596455775505957,0.012735427822037066,0.03187389169796168,0.3134782757958569,6
1000,0.05,1,3,0.17629848899300074,0.013383182112597336,0.03187389169796168,0.07544242481787611,1
1000,0.05,1,4,0.531734979429242,-0.023242492955221322,0.03187389169796168,0.021718342353524343,5
1000,0.05,1,5,0.053635519820317466,-0.00738178411230176,0.03187389169796168,0.020700979926872136,2
1000,0.05,1,6,0.009362894827768965,0.003084183185770188,0.03187389169796168,0.004352797610750471,3
1000,0.1,0.01,1,0.021637990891767846,0.003880649610972751,0.026381286153093583,0.08691134381153147,6
1000,0.1,0.01,2,0.02083717572865982,0.0038081617960585676,0.026381286153093583,0.0486272473335528,1
1000,0.1,0.01,3,0.3656075795344878,0.015951574626649208,0.026381286153093583,0.03068341128697204,5
1000,0.1,0.01,4,0.005131460041686952,0.0018898025922434742,0.026381286153093583,0.02905152766497628,4
1000,0.1,0.01,5,0.3253831883334885,-0.015048510645735771,0.026381286153093583,0.016310005147755123,2
1000,0.1,0.01,6,0.2614026054699091,0.01348810445767946,0.026381286153093583,0.004229765723761905,3
1000,0.1,0.02,1,0.007557954030673928,0.001950100945242126,0.022431327169316628,0.08972220067970339,6
1000,0.1,0.02,2,0.004455070688588702,0.0014972084496970475,0.022431327169316628,0.05397194371964726,1
1000,0.1,0.02,3,0.8325575524985522,0.020467372901423145,0.022431327169316628,0.04550042693486263,4
1000,0.1,0.02,4,0.0021787470293800843,-0.0010470281877003919,0.022431327169316628,0.030689913079909308,5
1000,0.1,0.02,5,0.108975224401112,-0.007404894165656903,0.022431327169316628,0.01705888365687202,2
1000,0.1,0.02,6,0.044275451351693085,0.004719939896027754,0.022431327169316628,0.004259325064432448,3
1000,0.1,0.05,1,0.03709910930175748,0.004285154441507909,0.022247680424801276,0.10092844007502635,6
1000,0.1,0.05,2,0.1525057906566736,-0.008688161888029355,0.022247680424801276,0.08826381468245763,4
1000,0.1,0.05,3,0.06906933217384018,-0.005846922884624332,0.022247680424801276,0.058488140555409816,1
1000,0.1,0.05,4,0.2589602677382306,0.01132143050933626,0.022247680424801276,0.03069672601155632,5
1000,0.1,0.05,5,0.4382806096052851,0.014728579593627647,0.022247680424801276,0.018137696827895695,2
1000,0.1,0.05,6,0.04408489052421298,-0.004671212461621365,0.022247680424801276,0.004296779004176513,3
1000,0.1,0.1,1,0.3108538501227719,-0.014835380918255276,0.026608511257322175,0.13560826366987497,4
1000,0.1,0.1,2,0.18410446590367893,0.011417019380264336,0.026608511257322175,0.11621080741376039,6
1000,0.1,0.1,3,0.3080109179672788,-0.014767386174652668,0.026608511257322175,0.06436317553196129,1
1000,0.1,0.1,4,0.03523873623488537,-0.004994945327402332,0.026608511257322175,0.03069988092732496,5
1000,0.1,0.1,5,0.04537908656470617,-0.005668242882680441,0.026608511257322175,0.01878253324320641,2
1000,0.1,0.1,6,0.11641294320667885,0.009078648697898718,0.026608511257322175,0.004314076996591532,3
1000,0.1,0.2,1,0.027737295604092486,0.004234033273339775,0.02542273140806817,0.19394206246128426,4
1000,0.1,0.2,2,0.4916734720761313,0.017826274820090773,0.02542273140806817,0.14960768943765004,6
1000,0.1,0.2,3,0.015464561155434356,0.0031614841535822173,0.02542273140806817,0.06808038861679927,1
1000,0.1,0.2,4,0.03187178119315782,0.0045386362421817265,0.02542273140806817,0.03070191356116576,5
1000,0.1,0.2,5,0.39386594948262826,0.015954986003397172,0.02542273140806817,0.01929591454749976,2
1000,0.1,0.2,6,0.039386940488555774,0.005045431712433385,0.02542273140806817,0.004325589858151311,3
1000,0.1,0.5,1,0.5143706483126318,0.017669573985212732,0.024637009421323616,0.30708496037490884,4
1000,0.1,0.5,2,0.0488236729496329,0.005443813189418148,0.024637009421323616,0.22464492715822865,6
1000,0.1,0.5,3,0.009669410327389348,0.002422634985816289,0.024637009421323616,0.07109457188186233,1
1000,0.1,0.5,4,0.032776287456719344,-0.004460339018208097,0.024637009421323616,0.030704076746974535,5
1000,0.1,0.5,5,0.015618640319367988,0.003078999379832626,0.024637009421323616,0.01993984529495339,2
1000,0.1,0.5,6,0.3787413406342586,0.015162099615598713,0.024637009421323616,0.004339417646540881,3
1000,0.1,1,1,0.002228105185068419,0.0014440343061810118,0.030592126492416633,0.4342941875054702,4
1000,0.1,1,2,0.12658769348154814,0.010884422958473697,0.030592126492416633,0.3135485558359457,6
1000,0.1,1,3,1.3904361238725233e-4,-3.607324301268452e-4,0.030592126492416633,0.07543502636906635,1
1000,0.1,1,4,0.09905106486692457,0.0096280700363772,0.030592126492416633,0.03070598407514032,5
1000,0.1,1,5,0.010769382712302733,-0.0031747173958860835,0.030592126492416633,0.02069430599261223,2
1000,0.1,1,6,0.7612247101417688,-0.02669107742404512,0.030592126492416633,0.004352857267875362,3
1000,0.2,0.01,1,0.018396009451539172,-0.0059630378594733744,0.04396486608790464,0.08975131815155561,6
1000,0.2,0.01,2,0.44416319925117437,0.02930063557726024,0.04396486608790464,0.0520033744892804,1
1000,0.2,0.01,3,0.16979219659099679,0.018116096195058825,0.04396486608790464,0.04336542518399102,5
1000,0.2,0.01,4,0.2534266545469979,0.02213257272637009,0.04396486608790464,0.02693071859202072,4
1000,0.2,0.01,5,4.5999968168479514e-6,9.429410012212485e-5,0.04396486608790464,0.016901973948957278,2
1000,0.2,0.01,6,0.11421734016247495,0.014858390766447833,0.04396486608790464,0.004251368888073703,3
1000,0.2,0.02,1,0.13054163397954707,0.005770847897330745,0.015972213454228504,0.09231623530679024,6
1000,0.2,0.02,2,0.004744934535571418,0.0011002217293490904,0.015972213454228504,0.05558651219882067,1
1000,0.2,0.02,3,0.4661784920186636,-0.01090539051154628,0.015972213454228504,0.043388853267019065,5
1000,0.2,0.02,4,0.22963062072004878,0.0076538510348859706,0.015972213454228504,0.043076903446267294,4
1000,0.2,0.02,5,3.607729861779705e-9,9.593611139114855e-7,0.015972213454228504,0.01740835927824586,2
1000,0.2,0.02,6,0.16890431513843915,-0.006564255519528247,0.015972213454228504,0.004268382112143863,3
1000,0.2,0.05,1,0.07407569451765551,0.004785210214127531,0.017581792696355656,0.10329082322005212,6
1000,0.2,0.05,2,0.3290439429367376,-0.010085329818064932,0.017581792696355656,0.084006768330209,4
1000,0.2,0.05,3,0.18314879524906783,-0.007524284152107845,0.017581792696355656,0.05937060201874063,1
1000,0.2,0.05,4,0.09238203860718154,-0.0053438828135167005,0.017581792696355656,0.043392533174135765,5
1000,0.2,0.05,5,0.10099648439440156,-0.005587483882228737,0.017581792696355656,0.018246727372819772,2
1000,0.2,0.05,6,0.220353044294956,0.008253205948276022,0.017581792696355656,0.004298063281739413,3
1000,0.2,0.1,1,0.05492717385927878,-0.003193331986103388,0.01362543712810102,0.13381340957962018,4
1000,0.2,0.1,2,0.006774180985048226,-0.0011214472281429883,0.01362543712810102,0.11717986793108952,6
1000,0.2,0.1,3,0.22913651618663902,-0.006522252335947431,0.01362543712810102,0.06470614060558423,1
1000,0.2,0.1,4,0.6321363394420104,0.010833176593419496,0.01362543712810102,0.04340046690977382,5
1000,0.2,0.1,5,0.019793621270634932,-0.001916960094514563,0.01362543712810102,0.018823472972933995,2
1000,0.2,0.1,6,0.0572321682563887,-0.003259646795422493,0.01362543712810102,0.004314421588542312,3
1000,0.2,0.2,1,0.020566192352719274,0.00770322279346184,0.05371499158913781,0.1933476570908668,4
1000,0.2,0.2,2,0.4463929454312889,-0.035888406330360084,0.05371499158913781,0.15081442827918273,6
1000,0.2,0.2,3,6.334686771379573e-4,0.001351942076331814,0.05371499158913781,0.06812073789151248,1
1000,0.2,0.2,4,0.13121198872651765,0.019457286379321478,0.05371499158913781,0.04340596102478371,5
1000,0.2,0.2,5,0.13973457592638266,0.020079248413076605,0.05371499158913781,0.019302549811737367,2
1000,0.2,0.2,6,0.2614608288859536,-0.02746621585919111,0.05371499158913781,0.00432576568650501,3
1000,0.2,0.5,1,0.011927196172436332,-0.0015982735682562503,0.014634636377180448,0.30706287520539177,4
1000,0.2,0.5,2,0.2913150210477917,-0.007898841067005545,0.014634636377180448,0.2250531130467765,6
1000,0.2,0.5,3,0.0479811002730228,-0.0032056568948510863,0.014634636377180448,0.07109292290013233,1
1000,0.2,0.5,4,0.02044225851432802,-0.0020924080112930525,0.014634636377180448,0.043411895627081525,5
1000,0.2,0.5,5,0.6219000404388705,0.011540967781763991,0.014634636377180448,0.019941360445503938,2
1000,0.2,0.5,6,0.006434383553550758,0.0011739116400092788,0.014634636377180448,0.004339536736615288,3
1000,0.2,1,1,0.27930714936709733,-0.018142690065769705,0.034328960687804375,0.4342933191305387,4
1000,0.2,1,2,0.08290104077259866,0.00988418002421259,0.034328960687804375,0.3136943200308472,6
1000,0.2,1,3,0.1583024501058153,0.013658546126078404,0.034328960687804375,0.07544970213325619,1
1000,0.2,1,4,0.003951165748113771,0.0021578600738916386,0.034328960687804375,0.04341730366739041,5
1000,0.2,1,5,0.4412969972013759,-0.022804793367006308,0.034328960687804375,0.02069437223189732,2
1000,0.2,1,6,0.034241196804999,-0.006352360304850028,0.034328960687804375,0.004352944031560103,3
1000,0.5,0.01,1,0.722690488111689,-0.021665182956522217,0.025485091168950542,0.09561513021923526,6
1000,0.5,0.01,2,0.011909657352796378,0.002781223081365138,0.025485091168950542,0.0684857339267327,5
1000,0.5,0.01,3,0.011041049931300687,-0.0026778816451457476,0.025485091168950542,0.05679034371546529,1
1000,0.5,0.01,4,0.18632973398676947,-0.011000876104034291,0.025485091168950542,0.024554456230327527,4
1000,0.5,0.01,5,0.05477341830433708,-0.0059644597775025685,0.025485091168950542,0.017615768007366483,2
1000,0.5,0.01,6,0.013255652313107488,0.002934179940401554,0.025485091168950542,0.004276035190671774,3
1000,0.5,0.02,1,0.3356941980967396,0.01582353376993542,0.027310620068474144,0.0982865525631079,6
1000,0.5,0.02,2,0.0014086098633167765,0.001025007216762616,0.027310620068474144,0.06851181393153227,5
1000,0.5,0.02,3,0.30569787305077967,0.015100028574489674,0.027310620068474144,0.05903942493947281,1
1000,0.5,0.02,4,0.05392462168652279,-0.006341983591907552,0.027310620068474144,0.039351757217168916,4
1000,0.5,0.02,5,0.1218019550473192,0.009531443771925201,0.027310620068474144,0.01791129726551692,2
1000,0.5,0.02,6,0.18147274225532195,0.01163421972261309,0.027310620068474144,0.004283364087286188,3
1000,0.5,0.05,1,0.3115964658463161,0.012941831456810868,0.023184593089361133,0.10839864626729637,6
1000,0.5,0.05,2,0.0680361222103761,0.006047407780274705,0.023184593089361133,0.0777483350866775,4
1000,0.5,0.05,3,0.2902171253465575,0.012489958519864838,0.023184593089361133,0.06856818619357133,5
1000,0.5,0.05,4,0.23419824839595862,0.011219959759823636,0.023184593089361133,0.060664597118683335,1
1000,0.5,0.05,5,0.09538959751563379,-0.007160609431598468,0.023184593089361133,0.018431040594826385,2
1000,0.5,0.05,6,5.624406851578389e-4,-5.498419135741544e-4,0.023184593089361133,0.00430125316504645,3
1000,0.5,0.1,1,0.554581393628799,0.014602275234388052,0.019608206984842065,0.13229381495616852,4
1000,0.5,0.1,2,7.965003358574364e-4,-5.5338943595386e-4,0.019608206984842065,0.11655002917574606,4
1000,0.5,0.1,3,0.08365607659124813,0.005671352337202715,0.019608206984842065,0.06867214087979973,5
1000,0.5,0.1,4,0.06554870114326543,0.005020187383784996,0.019608206984842065,0.06523782917467676,1
1000,0.5,0.1,5,0.05995314036007248,0.004801134260963828,0.019608206984842065,0.018893458220381854,2
1000,0.5,0.1,6,0.23546418794075755,-0.009514814258773095,0.019608206984842065,0.004315294784422459,3
1000,0.5,0.2,1,0.012517894413441708,0.001974713568540856,0.017649746345131865,0.19108585044706514,4
1000,0.5,0.2,2,1.0608370404555185e-4,-1.817869930030279e-4,0.017649746345131865,0.15335076432611586,6
1000,0.5,0.2,3,0.08701651159160731,0.00520642123637577,0.017649746345131865,0.06908575607312414,5
1000,0.5,0.2,4,0.11275311027173864,-0.0059265606559482376,0.017649746345131865,0.06780575274726083,1
1000,0.5,0.2,5,0.7729374661056724,0.015517103174869462,0.017649746345131865,0.019316892062743368,2
1000,0.5,0.2,6,0.014668933913494487,-0.0021376556364693156,0.017649746345131865,0.004326154665707984,3
1000,0.5,0.5,1,0.13276367102411996,-0.008078202129767181,0.022170479673509963,0.30692427918777787,4
1000,0.5,0.5,2,0.11106073177613121,0.0073884843001811385,0.022170479673509963,0.2261967685515427,6
1000,0.5,0.5,3,0.008802211020704937,-0.0020800366030845753,0.022170479673509963,0.07125534520897539,1
1000,0.5,0.5,4,0.045483623545063676,0.004728273804013826,0.022170479673509963,0.0684663219234497,5
1000,0.5,0.5,5,0.7014574828890443,0.018568454838197003,0.022170479673509963,0.019936814654434108,2
1000,0.5,0.5,6,4.322797449358844e-4,-4.6095394136889544e-4,0.022170479673509963,0.004339845577860589,3
1000,0.5,1,1,0.3777733093349298,-0.0129929600333463,0.021139390784568977,0.4342872825959661,4
1000,0.5,1,2,0.033427637016855805,-0.0038649626916092143,0.021139390784568977,0.3141262257345772,6
1000,0.5,1,3,0.4142753147710711,-0.01360620453562265,0.021139390784568977,0.07552934329275399,1
1000,0.5,1,4,0.050434521829082785,0.004747406510575412,0.021139390784568977,0.06858012330069274,5
1000,0.5,1,5,0.07618891040497121,-0.005834966252434565,0.021139390784568977,0.020700564062862734,2
1000,0.5,1,6,0.047900306643089335,-0.004626596383752527,0.021139390784568977,0.004353241579742674,3
1000,1,0.01,1,0.41422106809598264,-0.018796522592050963,0.02920528300102733,0.10259702902634489,6
1000,1,0.01,2,0.015169891837566285,-0.003597101239183962,0.02920528300102733,0.09659471067203142,5
1000,1,0.01,3,0.002647460086580891,-0.0015027132979113706,0.02920528300102733,0.06028924051684217,1
1000,1,0.01,4,0.15794251207744506,0.011606758267336844,0.02920528300102733,0.02318043578662679,4
1000,1,0.01,5,0.09189867397962824,-0.008853521400717998,0.02920528300102733,0.01807108753678307,2
1000,1,0.01,6,0.31812039392279684,-0.016472411188608403,0.02920528300102733,0.0042905341890825234,3
1000,1,0.02,1,0.031195646457433633,0.0036315333342723365,0.020560943517969096,0.10553745625243371,6
1000,1,0.02,2,0.023783206690612464,-0.0031708685984898756,0.020560943517969096,0.09666654979534843,5
1000,1,0.02,3,0.10817600242238927,0.006762519091868413,0.020560943517969096,0.061779867566272344,1
1000,1,0.02,4,0.06517505508164749,0.0052490866680120814,0.020560943517969096,0.03663643587209528,4
1000,1,0.02,5,0.3026059999988946,0.011310500088606387,0.020560943517969096,0.01827848826313034,2
1000,1,0.02,6,0.46906408934902255,0.014081831157620909,0.020560943517969096,0.004294801316855192,3
1000,1,0.05,1,0.041396107691108665,0.003883505293460678,0.01908728452707028,0.11470811340735912,6
1000,1,0.05,2,0.24712341803097942,-0.009488577267764994,0.01908728452707028,0.0967941222107787,5
1000,1,0.05,3,0.38328899220574547,0.011817002320692457,0.01908728452707028,0.07320324829132208,4
1000,1,0.05,4,0.02160188288615163,-0.0028053687249200553,0.01908728452707028,0.06149921240686545,1
1000,1,0.05,5,0.06974565289401496,0.005040837755636099,0.01908728452707028,0.01860528461778623,2
1000,1,0.05,6,0.23684394629199987,0.00928913536762146,0.01908728452707028,0.004305330031589529,3
1000,1,0.1,1,0.01747669188475869,-0.002415630023489429,0.018272619211188727,0.13468090760874404,6
1000,1,0.1,2,0.3210416458786109,-0.010353364178147601,0.018272619211188727,0.1126663778700381,4
1000,1,0.1,3,0.40469473256764654,0.011624240314080487,0.018272619211188727,0.09688050781669898,5
1000,1,0.1,4,0.0032613370085633345,-0.001043514872813761,0.018272619211188727,0.0658862620070056,1
1000,1,0.1,5,0.02863021340622415,0.0030918121287417224,0.018272619211188727,0.018964363670405247,2
1000,1,0.1,6,0.22489537925419642,-0.008665448990828918,0.018272619211188727,0.004316615109878326,3
1000,1,0.2,1,0.18690873209609413,-0.01342551592992194,0.031053902741976194,0.18779317741555274,4
1000,1,0.2,2,0.11332765501735252,0.010454039571827514,0.031053902741976194,0.15577232114489142,6
1000,1,0.2,3,0.10467112596374449,0.010046843481253282,0.031053902741976194,0.09694101047955857,5
1000,1,0.2,4,0.2457386609230121,0.01539405139576107,0.031053902741976194,0.06851420209738918,1
1000,1,0.2,5,0.3452812583007785,-0.018247471387875913,0.031053902741976194,0.019356068048264057,2
1000,1,0.2,6,0.0040725676990182305,-0.001981756743575788,0.031053902741976194,0.004326857059638807,3
1000,1,0.5,1,0.007716046926622568,0.00277728186797401,0.0316171360975269,0.30650125327458255,4
1000,1,0.5,2,0.906823809387482,-0.030108144094400838,0.0316171360975269,0.22790949647036585,6
1000,1,0.5,3,0.004249783880858394,0.002061132689018276,0.0316171360975269,0.09699423880350624,5
1000,1,0.5,4,0.042019346947049674,-0.0064810769503453455,0.0316171360975269,0.07112950592512422,1
1000,1,0.5,5,0.038918089881330734,0.006237323753377793,0.0316171360975269,0.019951489037074895,2
1000,1,0.5,6,2.729229766566133e-4,5.223271232367971e-4,0.0316171360975269,0.004340379888613465,3
1000,1,1,1,0.06693502536108278,-0.008387582551427752,0.032419782091824445,0.4342660771668731,4
1000,1,1,2,0.03195949001895086,0.005795754909045839,0.032419782091824445,0.31482116515127184,6
1000,1,1,3,0.6429342663664266,0.02599521285447041,0.032419782091824445,0.09703894828250768,5
1000,1,1,4,0.06267265963858638,0.008116132977515567,0.032419782091824445,0.0754520149276577,1
1000,1,1,5,1.8909205201560563e-4,4.4580684130697497e-4,0.032419782091824445,0.02071284701724778,2
1000,1,1,6,0.19530946656293774,-0.014327543587822067,0.032419782091824445,0.0043537626847364366,3
1000,10,0.01,1,0.24593752113775832,-0.011038454591004838,0.022258499275059223,0.3011853043841847,5
1000,10,0.01,2,0.12098178704958389,0.0077420483173881866,0.022258499275059223,0.15014267137871506,6
1000,10,0.01,3,0.23392426531266386,-0.010765482933964711,0.022258499275059223,0.06824340899679357,1
1000,10,0.01,4,0.3132007214511306,-0.012456821940501869,0.022258499275059223,0.02068718239606698,4
1000,10,0.01,5,0.010928198893490558,-0.002326859577375827,0.022258499275059223,0.019174272082907378,2
1000,10,0.01,6,0.07502750615537272,-0.006096858774785833,0.022258499275059223,0.004328996299285615,3
1000,10,0.02,1,0.08698022315874163,-0.0073412810250541366,0.02489210306198376,0.30120163864009,5
1000,10,0.02,2,0.04779096338319565,0.005441698590901002,0.02489210306198376,0.1529792523377335,6
1000,10,0.02,3,0.045894945281014204,0.005332661520738561,0.02489210306198376,0.06849729418406228,1
1000,10,0.02,4,0.19027008164731993,0.010857925130790863,0.02489210306198376,0.030710184423703758,4
1000,10,0.02,5,0.37336025921552835,-0.015209874658882018,0.02489210306198376,0.019255462003705114,2
1000,10,0.02,6,0.2557035273142002,-0.012587223682204923,0.02489210306198376,0.0043293768076563335,3
1000,10,0.05,1,0.019702765783503034,0.0030158787027091535,0.021485737875696163,0.3013997237515103,5
1000,10,0.05,2,0.6613580634163726,0.01747304516650557,0.021485737875696163,0.160826382643505,6
1000,10,0.05,3,0.044935046443417705,0.00455452269532751,0.021485737875696163,0.06931570665790818,1
1000,10,0.05,4,0.005908549461719695,0.001651546138154035,0.021485737875696163,0.05484926746954691,4
1000,10,0.05,5,0.25150705471209167,-0.010775200468182596,0.021485737875696163,0.01931379550047001,2
1000,10,0.05,6,0.01658852018289531,-0.0027672863178028785,0.021485737875696163,0.00433040645158019,3
1000,10,0.1,1,0.044177716835445316,-0.004334331436135695,0.020621510998364137,0.3018450218369473,5
1000,10,0.1,2,0.009716156344917458,0.0020326739965907505,0.020621510998364137,0.17242772171550735,6
1000,10,0.1,3,0.25369960209596043,-0.01038676670601555,0.020621510998364137,0.09072176017748868,4
1000,10,0.1,4,0.17564715712543177,-0.008642533003522274,0.020621510998364137,0.06865856354610465,1
1000,10,0.1,5,0.09793516788647647,0.006453418358552011,0.020621510998364137,0.019409812864784177,2
1000,10,0.1,6,0.41882419971176854,-0.013345546652284488,0.020621510998364137,0.0043330303931632735,3
1000,10,0.2,1,0.16898297802140178,0.01035765202871607,0.02519647788899809,0.30251115779792026,5
1000,10,0.2,2,0.4328431558060678,-0.016576968575161895,0.02519647788899809,0.19765178395082597,6
1000,10,0.2,3,0.12926671033406562,0.009059061023766175,0.02519647788899809,0.14589755521823553,4
1000,10,0.2,4,0.2154891098188441,0.011696407762800868,0.02519647788899809,0.06992602925711008,1
1000,10,0.2,5,2.461727141971581e-6,3.953300194486867e-5,0.02519647788899809,0.019601040261365003,2
1000,10,0.2,6,0.05341558429247868,-0.005823362540373718,0.02519647788899809,0.0043381584949455775,3
1000,10,0.5,1,0.09971739488068586,-0.008278602540955183,0.02621631039965018,0.3034108598834858,5
1000,10,0.5,2,0.006072205013670144,-0.002042889063486073,0.02621631039965018,0.29520723302215623,4
1000,10,0.5,3,0.2620091810822363,0.013419298864904719,0.02621631039965018,0.24096929913283532,6
1000,10,0.5,4,0.5508037716720346,0.019456737656395297,0.02621631039965018,0.07179708188766223,1
1000,10,0.5,5,0.08038937767662689,0.007433115886426321,0.02621631039965018,0.020098750620436045,2
1000,10,0.5,6,0.001008069674746066,8.32370817315432e-4,0.02621631039965018,0.004349817386920313,3
1000,10,1,1,0.39547348593898374,0.01964639643046783,0.03124094894338155,0.43235292530686886,4
1000,10,1,2,0.06320453714715404,0.00785413469106048,0.03124094894338155,0.3247750899329705,6
1000,10,1,3,0.14936920663536962,0.01207409960493026,0.03124094894338155,0.3039793326863355,5
1000,10,1,4,0.05120955902001764,0.007069679652362285,0.03124094894338155,0.07588717092535263,1
1000,10,1,5,0.14845682455977016,0.012037167407687517,0.03124094894338155,0.020830371441372574,2
1000,10,1,6,0.19228638669870476,-0.013699303470507428,0.03124094894338155,0.004362824338144347,3
1000,100,0.01,1,0.1580214165075759,0.00808529383984576,0.020339385728829446,0.9021173930215682,5
1000,100,0.01,2,0.12388470532309617,0.007158906308997843,0.020339385728829446,0.2602086432579993,6
1000,100,0.01,3,0.061970064460702634,0.005063243415208438,0.020339385728829446,0.07513026961394426,1
1000,100,0.01,4,0.06224955332755881,-0.005074648342691336,0.020339385728829446,0.020752700546246436,2
1000,100,0.01,5,0.5155078786642291,-0.014603450610242276,0.020339385728829446,0.019781204670849085,4
1000,100,0.01,6,0.0783663817168374,-0.005693806845954385,0.020339385728829446,0.004430721175694924,3
1000,100,0.02,1,0.2407202800957464,-0.00974340582973025,0.019858866303781687,0.9021695054907712,5
1000,100,0.02,2,0.33278461169859413,0.011456080849542907,0.019858866303781687,0.26207937700343603,6
1000,100,0.02,3,0.04498304143862043,-0.004211907841329122,0.019858866303781687,0.07510221629890237,1
1000,100,0.02,4,0.20540708468172947,0.009000407261636438,0.019858866303781687,0.028514493367854405,4
1000,100,0.02,5,0.016998197465217864,-0.0025891421032716417,0.019858866303781687,0.020732774569485923,2
1000,100,0.02,6,0.15910678462009176,0.007921342683364292,0.019858866303781687,0.0044302366016593054,3
1000,100,0.05,1,0.7567219362271589,-0.024169957817996364,0.027784829149050123,0.9025188328618263,5
1000,100,0.05,2,0.08861508487273542,0.008271067393331392,0.027784829149050123,0.26785958215455613,6
1000,100,0.05,3,0.0766548806860258,-0.007692679461194795,0.027784829149050123,0.07519500331760472,1
1000,100,0.05,4,0.04340209021991405,0.005788460223710541,0.027784829149050123,0.047414548790938454,4
1000,100,0.05,5,0.009178991811190574,0.002661982657844289,0.027784829149050123,0.020743660964916626,2
1000,100,0.05,6,0.025427016182975173,0.004430527436809421,0.027784829149050123,0.004430560791414961,3
1000,100,0.1,1,0.044070475839962334,-0.00681138143153331,0.03244601250447367,0.9032279042683938,5
1000,100,0.1,2,0.024959360183284974,0.005125993549925757,0.03244601250447367,0.27739856048168615,6
1000,100,0.1,3,0.40575166203178475,-0.02066766840024543,0.03244601250447367,0.07619074051860007,1
1000,100,0.1,4,0.032990189487091655,-0.005893234684755733,0.03244601250447367,0.07141726032447511,4
1000,100,0.1,5,0.37549855990305064,0.019882247196955957,0.03244601250447367,0.020764293792452926,2
1000,100,0.1,6,0.11672975255482557,-0.011085419018141345,0.03244601250447367,0.004431584464278363,3
1000,100,0.2,1,0.431108562055405,-0.012549003789487667,0.019112430814528732,0.9057247935653631,5
1000,100,0.2,2,0.037546683564669975,-0.003703409340455009,0.019112430814528732,0.29463555356053384,6
1000,100,0.2,3,0.014122968261051116,0.002271323100228475,0.019112430814528732,0.11503991815182761,4
1000,100,0.2,4,0.3980776085331134,0.012058680851017677,0.019112430814528732,0.07546286357333651,1
1000,100,0.2,5,0.00868409627043996,0.0017810587321118363,0.019112430814528732,0.020837830248120193,2
1000,100,0.2,6,0.11046008131532059,0.0063521187086702435,0.019112430814528732,0.004432744055608109,3
1000,100,0.5,1,0.14957948497042986,-0.007223421532386914,0.01867699242592203,0.9131345314785282,5
1000,100,0.5,2,0.3161277179088791,0.010501183095474107,0.01867699242592203,0.34295792200945585,6
1000,100,0.5,3,0.2726036257389267,-0.009751529896766238,0.01867699242592203,0.2176426716998272,4
1000,100,0.5,4,0.09782551485977203,-0.0058416161168064916,0.01867699242592203,0.07645543661404021,1
1000,100,0.5,5,0.08688402461624779,-0.005505248251470897,0.01867699242592203,0.021170587957241742,2
1000,100,0.5,6,0.07697963190574442,0.0051819695623135775,0.01867699242592203,0.004439834054725755,3
1000,100,1,1,0.04700420636706954,0.003922785077717174,0.018093648635846164,0.9200884226996411,5
1000,100,1,2,0.4625522286369331,0.012305706178854622,0.018093648635846164,0.4358608844242269,4
1000,100,1,3,0.2278275874341909,-0.00863633157837581,0.018093648635846164,0.33738942932481214,4
1000,100,1,4,0.06630211187109644,-0.00465896913534469,0.018093648635846164,0.07968239752070849,1
1000,100,1,5,0.12121884124046398,-0.006299574502109326,0.018093648635846164,0.021842187635450237,2
1000,100,1,6,0.07509502445024611,0.004958287828255316,0.018093648635846164,0.004451327938717982,3
1000,1000,0.01,1,0.0729409656579077,0.008808779909274459,0.03261594790740048,2.649114340706749,5
1000,1000,0.01,2,0.03799956575775289,-0.006357982404285681,0.03261594790740048,0.568919703421247,6
1000,1000,0.01,3,0.0033055387910138037,0.0018752152829116541,0.03261594790740048,0.10372026655091869,1
1000,1000,0.01,4,0.010149511325942757,0.0032858865981918745,0.03261594790740048,0.027456052425489312,2
1000,1000,0.01,5,0.7416672350859954,0.028088888330187183,0.03261594790740048,0.019530830487037475,4
1000,1000,0.01,6,0.13393718338138738,-0.01193659848683242,0.03261594790740048,0.005197282861142625,3
1000,1000,0.02,1,0.10252375724994668,-0.004754428431267085,0.014848618782580994,2.6491547445414674,5
1000,1000,0.02,2,0.18481647874900628,-0.006383463849419249,0.014848618782580994,0.5715843795394101,6
1000,1000,0.02,3,0.006718836795100972,-0.001217119171973481,0.014848618782580994,0.1037059945750613,1
1000,1000,0.02,4,0.022256971738267045,0.0022152313792505583,0.014848618782580994,0.02778684916391089,4
1000,1000,0.02,5,0.6781600771204226,0.01222790813308506,0.014848618782580994,0.027434918709188287,2
1000,1000,0.02,6,0.005523878347256399,0.0011035908988227382,0.014848618782580994,0.005196810665839108,3
1000,1000,0.05,1,0.3010264532466992,-0.009125655031479605,0.016632660260019014,2.6495378197482693,5
1000,1000,0.05,2,0.44237306720308806,0.011062570610786717,0.016632660260019014,0.5794807730762949,6
1000,1000,0.05,3,0.12589604771283935,0.005901572746500062,0.016632660260019014,0.10380629652787346,1
1000,1000,0.05,4,0.11096648891186281,0.005540610733948158,0.016632660260019014,0.044618836240588024,4
1000,1000,0.05,5,0.01950434467717478,0.0023228833349399035,0.016632660260019014,0.027457235015057486,2
1000,1000,0.05,6,2.3359824833588008e-4,2.5421226935254615e-4,0.016632660260019014,0.005196919635790465,3
1000,1000,0.1,1,0.09873184157405365,0.006734094203534817,0.02143140130736133,2.6511764510647224,5
1000,1000,0.1,2,0.18462846986947606,0.009208733481700681,0.02143140130736133,0.5914097421094453,6
1000,1000,0.1,3,0.016969876467659854,0.002791836038537213,0.02143140130736133,0.10394861866134267,1
1000,1000,0.1,4,0.03403426656726812,0.0039537460100872186,0.02143140130736133,0.06467942109945093,4
1000,1000,0.1,5,0.6630210326397828,0.01745075500372231,0.02143140130736133,0.027465956917214006,2
1000,1000,0.1,6,0.0026145128817593954,0.0010958370042107575,0.02143140130736133,0.005197299133311005,3
1000,1000,0.2,1,0.06896860812085098,-0.006927181725040035,0.02637733106077314,2.6556657734099116,5
1000,1000,0.2,2,0.7832120501397574,-0.023343745003381544,0.02637733106077314,0.6134669257365029,6
1000,1000,0.2,3,0.1132845490230726,-0.00887802145528263,0.02637733106077314,0.10496619960769787,1
1000,1000,0.2,4,0.01276178865099236,0.0029797966266633543,0.02637733106077314,0.09518314451557808,4
1000,1000,0.2,5,0.012676801263926493,-0.002969858044825387,0.02637733106077314,0.0275279866022316,2
1000,1000,0.2,6,0.009096202801400149,-0.0025157119771251767,0.02637733106077314,0.00519883264460607,3
1000,1000,0.5,1,0.018196926286498417,-0.002430383721059355,0.018016724169283977,2.683215734434825,5
1000,1000,0.5,2,0.003207655339892499,-0.001020398187303446,0.018016724169283977,0.6843435701080328,6
1000,1000,0.5,3,0.15248419444760686,0.007035391092458385,0.018016724169283977,0.16837606910060046,4
1000,1000,0.5,4,0.06182325719401004,-0.004479729295055073,0.018016724169283977,0.10595635482881889,1
1000,1000,0.5,5,0.7189526307903916,0.015276574005441976,0.018016724169283977,0.027822059870008544,2
1000,1000,0.5,6,0.045335335941600635,0.0038361382372453763,0.018016724169283977,0.0052073546162109,3
1000,1000,1,1,2.243588585635565e-4,4.5075315795453056e-4,0.030093116548516256,2.7241119117489045,5
1000,1000,1,2,0.2906413768163095,0.016223549873820284,0.030093116548516256,0.781108499007201,6
1000,1000,1,3,0.18350750436621371,-0.012891221826986578,0.030093116548516256,0.26411047781842784,4
1000,1000,1,4,0.008064003282034741,-0.002702355713722318,0.030093116548516256,0.10845973095879985,1
1000,1000,1,5,5.850971372168101e-4,-7.279158126114782e-4,0.030093116548516256,0.028491057242743232,2
1000,1000,1,6,0.5169776595396617,-0.021637299430809984,0.030093116548516256,0.0052265508169821945,3
1000,10000,0.01,1,0.002730477287856755,0.0013081238276434956,0.025033961054018852,8.154100557656323,5
1000,10000,0.01,2,7.801941686742749e-4,-6.992474998712774e-4,0.025033961054018852,2.5076429017027237,6
1000,10000,0.01,3,0.36022663011390077,0.015025103763100517,0.025033961054018852,0.23917842321235075,1
1000,10000,0.01,4,0.33795425330449547,-0.014553201099020948,0.025033961054018852,0.05859909144093776,2
1000,10000,0.01,5,0.24373782720233378,0.012359219343998307,0.025033961054018852,0.01944339640826678,4
1000,10000,0.01,6,0.05457061792273899,0.005848022137959461,0.025033961054018852,0.00988319814613324,3
1000,10000,0.02,1,0.3207218038303958,-0.012848652434649032,0.022687849800666498,8.154481601613092,5
1000,10000,0.02,2,0.002703224005802425,-0.001179598892489474,0.022687849800666498,2.5198029333327963,6
1000,10000,0.02,3,0.09077338592966909,0.00683553649009679,0.022687849800666498,0.23925957962496688,1
1000,10000,0.02,4,0.00841760167323046,0.0020815532420361037,0.022687849800666498,0.05859989593265202,2
1000,10000,0.02,5,0.017339232341366067,0.002987502458921156,0.022687849800666498,0.02752670499486335,4
1000,10000,0.02,6,0.5600447522195362,-0.016978710542767735,0.022687849800666498,0.009884254470961557,3
1000,10000,0.05,1,5.5078919030663607e-5,1.5214848092741598e-4,0.020500993904885113,8.155101976394205,5
1000,10000,0.05,2,0.31416499813915727,0.011490893917946917,0.020500993904885113,2.560323803727572,6
1000,10000,0.05,3,0.09740691034777094,-0.006398376630930648,0.020500993904885113,0.23931734734472981,1
1000,10000,0.05,4,0.1368915369708196,-0.007585133281035685,0.020500993904885113,0.058610022327644805,2
1000,10000,0.05,5,0.009422224222387279,0.001989993390779975,0.020500993904885113,0.04366077230458654,4
1000,10000,0.05,6,0.44205925140083424,-0.01363060581180147,0.020500993904885113,0.009884367435404424,3
1000,10000,0.1,1,4.460871376439626e-5,-1.4289122762966365e-4,0.021394183520202184,8.159776942754812,5
1000,10000,0.1,2,0.1865907805652057,0.009241464671567787,0.021394183520202184,2.615633177389966,6
1000,10000,0.1,3,0.015095464230878049,-0.002628566408609262,0.021394183520202184,0.23968507907498474,1
1000,10000,0.1,4,0.328108009617886,-0.012254740887774347,0.021394183520202184,0.062057355571532545,4
1000,10000,0.1,5,0.45647294448535647,-0.014454505466788135,0.021394183520202184,0.05862293803680764,2
1000,10000,0.1,6,0.013688192386909478,-0.0025030456322161286,0.021394183520202184,0.00988496645114803,3
1000,10000,0.2,1,0.21550805963289502,0.01170064994015201,0.02520450821469619,8.173471996475621,5
1000,10000,0.2,2,0.14272703348309182,-0.009522069513872779,0.02520450821469619,2.713002693058005,6
1000,10000,0.2,3,0.13123712813340033,-0.009130752840409416,0.02520450821469619,0.24095996339288112,1
1000,10000,0.2,4,0.09959666142756525,0.007954275306717364,0.02520450821469619,0.08856640458973321,4
1000,10000,0.2,5,0.027199025404427136,0.004156759512594074,0.02520450821469619,0.058744261104623524,2
1000,10000,0.2,6,0.3837320919186204,-0.015613213146641002,0.02520450821469619,0.009889395509701372,3
1000,10000,0.5,1,0.09306109139077262,-0.00753104619480961,0.024687166197665665,8.256284808060876,5
1000,10000,0.5,2,0.6344086317584927,0.01966327180346092,0.024687166197665665,3.074008565126511,6
1000,10000,0.5,3,0.04454131449386871,-0.005210180338065743,0.024687166197665665,0.24727035662998248,1
1000,10000,0.5,4,0.21133848428345545,-0.011349076800976582,0.024687166197665665,0.14314647701902583,4
1000,10000,0.5,5,0.014293184094887813,-0.0029514520672373657,0.024687166197665665,0.05936282980832592,2
1000,10000,0.5,6,0.00235729397852274,-0.0011986106003190953,0.024687166197665665,0.009914660067676788,3
1000,10000,1,1,0.008999284285643653,-9.763669933327691e-4,0.010292221016961907,8.39973106207077,5
1000,10000,1,2,0.24696100367198434,-0.005114736850646348,0.010292221016961907,3.606633860445526,6
1000,10000,1,3,0.5190530549449501,-0.007415065292173485,0.010292221016961907,0.255021120300692,1
1000,10000,1,4,0.10960767294119665,-0.003407450711112933,0.010292221016961907,0.20714497962199543,4
1000,10000,1,5,0.003306500691466929,5.918251443281543e-4,0.010292221016961907,0.060539774936085367,2
1000,10000,1,6,0.11207248346475837,0.003445550357728658,0.010292221016961907,0.00998590429939033,3
1000,100000,0.01,1,0.07452429192844949,-0.0065878073498748585,0.024131924684713917,25.694918186680923,5
1000,100000,0.01,2,8.47374196072663e-5,2.2214143788977975e-4,0.024131924684713917,21.123924751011227,6
1000,100000,0.01,3,0.27545358602909514,-0.012665320276259327,0.024131924684713917,0.7217022805957712,1
1000,100000,0.01,4,0.535234690699395,0.01765485228452018,0.024131924684713917,0.17224471747803838,2
1000,100000,0.01,5,0.10457863802226447,0.007803931559476407,0.024131924684713917,0.028299131723192605,3
1000,100000,0.01,6,0.01012405590118854,0.002428114869145815,0.024131924684713917,0.019424705223301128,4
1000,100000,0.02,1,0.02024190793406792,0.00179277468983983,0.012600854290322995,25.696421277887378,5
1000,100000,0.02,2,0.16891621050792424,0.005178877692252712,0.012600854290322995,21.214896187559027,6
1000,100000,0.02,3,0.12441382803033545,0.0044446167241095095,0.012600854290322995,0.7216645114454222,1
1000,100000,0.02,4,0.3285350621846599,0.007222554911745567,0.012600854290322995,0.17224790039702803,2
1000,100000,0.02,5,0.09098904873178781,0.0038009709635660263,0.012600854290322995,0.028298825276384908,3
1000,100000,0.02,6,0.2669039426112247,0.006509947470050917,0.012600854290322995,0.02747407011414391,4
1000,100000,0.05,1,0.3688180278632379,0.02305440650320448,0.037961894324776396,25.699195803326973,5
1000,100000,0.05,2,0.004982273758983024,0.0026795487906751763,0.037961894324776396,21.461537010106145,6
1000,100000,0.05,3,0.0012948880890770004,0.0013660418164908924,0.037961894324776396,0.7220034549730496,1
1000,100000,0.05,4,0.21386174342424946,0.017555549485404606,0.037961894324776396,0.17226588282194022,2
1000,100000,0.05,5,0.3661722631847931,-0.02297156575845291,0.037961894324776396,0.04345643424083822,4
1000,100000,0.05,6,0.0448708036796594,-0.008041365457126448,0.037961894324776396,0.02829943083195897,3
1000,100000,0.1,1,0.33698315238780124,-0.018293670934163588,0.03151350930853645,25.710776680351806,5
1000,100000,0.1,2,0.10445542013409785,-0.010185028732544215,0.03151350930853645,22.112484131884823,6
1000,100000,0.1,3,0.012447273683321354,0.003515878736495346,0.03151350930853645,0.7230644979630827,1
1000,100000,0.1,4,1.755392346984493e-4,-4.175263305800586e-4,0.03151350930853645,0.17236607641836077,2
1000,100000,0.1,5,0.46561226152640883,0.021503491059721755,0.03151350930853645,0.06149273743065725,4
1000,100000,0.1,6,0.0803263530336722,0.008931528599685446,0.03151350930853645,0.028303260596389365,3
1000,100000,0.2,1,0.004231046013768831,0.0013871742373864422,0.02132588879731741,25.757349656901493,5
1000,100000,0.2,2,0.011365134012823649,-0.0022734971851005093,0.02132588879731741,23.086200584264322,6
1000,100000,0.2,3,0.013851275448074692,0.0025098745979678714,0.02132588879731741,0.7269520913897347,1
1000,100000,0.2,4,0.8012169019927796,0.01908895663867054,0.02132588879731741,0.1726780837786208,2
1000,100000,0.2,5,0.16563956728958526,0.008679389610536234,0.02132588879731741,0.08705779850947913,4
1000,100000,0.2,6,0.003696075242967906,0.0012965149894878783,0.02132588879731741,0.028315418521955904,3
1000,100000,0.5,1,0.2927419357676178,0.006599575180373336,0.012197575372553032,26.259871940517634,6
1000,100000,0.5,2,0.09836022180943717,-0.0038254564318728505,0.012197575372553032,25.939390910031786,5
1000,100000,0.5,3,0.1837554997915674,-0.005228699506254966,0.012197575372553032,0.746434340453567,1
1000,100000,0.5,4,0.0013449315201631675,4.4732543857405277e-4,0.012197575372553032,0.1745457100432652,2
1000,100000,0.5,5,0.15014812061020577,0.0047264325082360574,0.012197575372553032,0.1380136074422314,4
1000,100000,0.5,6,0.2736492905010087,-0.006380734492669174,0.012197575372553032,0.028397637370855495,3
1000,100000,1,1,0.010615907014687792,-0.003541776001873145,0.034374986637774385,31.43373760364025,6
1000,100000,1,2,0.43859324579580267,0.022765306810320025,0.034374986637774385,26.46618452852333,5
1000,100000,1,3,0.1711981459145868,0.014223028048404175,0.034374986637774385,0.7692362435847391,1
1000,100000,1,4,0.3647686596781319,-0.020761144763878452,0.034374986637774385,0.195776488905302,4
1000,100000,1,5,0.010180755110627993,-0.0034684268017813043,0.034374986637774385,0.17801003200522095,2
1000,100000,1,6,0.004643286486162798,0.002342368818097436,0.034374986637774385,0.028633976178151062,3
1000,1000000,0.01,1,7.34486647851026e-4,-4.442452594507572e-4,0.0163919586379593,207.14408005587276,6
1000,1000000,0.01,2,0.1712719730326433,-0.006783815063501432,0.0163919586379593,81.21398583894464,5
1000,1000000,0.01,3,0.040094478139115916,0.0032822611484628734,0.0163919586379593,2.270882527839269,1
1000,1000000,0.01,4,0.005056736101804061,0.001165644165698631,0.0163919586379593,0.5402978707280163,2
1000,1000000,0.01,5,0.0454497089755711,-0.0034945913925509037,0.0163919586379593,0.08849441195309993,6
1000,1000000,0.01,6,0.7373926171030146,-0.014076031889478237,0.0163919586379593,0.019422490838125687,4
1000,1000000,0.02,1,3.6638426401483065e-4,3.53251716547328e-4,0.018455077551944466,208.0917124683939,6
1000,1000000,0.02,2,0.2347101753373505,0.00894091226895306,0.018455077551944466,81.21476145040928,5
1000,1000000,0.02,3,0.0765810628839257,0.0051071259616643746,0.018455077551944466,2.270978632633295,1
1000,1000000,0.02,4,0.5790979790227122,-0.014044034872388868,0.018455077551944466,0.5403195186366992,2
1000,1000000,0.02,5,0.020305597013101886,-0.0026298062668688345,0.018455077551944466,0.08849443603775918,3
1000,1000000,0.02,6,0.08893880147889488,0.005503785641309274,0.018455077551944466,0.027467901085569967,4
1000,1000000,0.05,1,0.15303159027872143,0.009720377862113775,0.024848066574331827,211.82224794521414,6
1000,1000000,0.05,2,0.8259251587367376,-0.022582028423899447,0.024848066574331827,81.22582568628115,5
1000,1000000,0.05,3,8.739094571542152e-6,-7.345575409491022e-5,0.024848066574331827,2.2719068339056943,1
1000,1000000,0.05,4,0.005841025493485479,0.001899053294581575,0.024848066574331827,0.5403844014982763,2
1000,1000000,0.05,5,0.0019090854987233823,0.001085688634277343,0.024848066574331827,0.08849710122400624,3
1000,1000000,0.05,6,0.01328440089776061,-0.0028639378464419686,0.024848066574331827,0.04343219289584055,4
1000,1000000,0.1,1,0.30913561198382494,0.010127740276089647,0.018215371640431292,216.66067841808083,6
1000,1000000,0.1,2,0.050200867684726855,-0.004081254225154179,0.018215371640431292,81.26021233105794,5
1000,1000000,0.1,3,0.02321365843335894,-0.0027752993333589365,0.018215371640431292,2.2751690437201644,1
1000,1000000,0.1,4,0.5511550498690775,-0.013523058658211639,0.018215371640431292,0.5406550226425783,2
1000,1000000,0.1,5,0.0659561274315617,-0.004678058092422756,0.018215371640431292,0.08850736687454097,3
1000,1000000,0.1,6,3.386845974499169e-4,-3.352245061208808e-4,0.018215371640431292,0.06142606214844136,4
1000,1000000,0.2,1,0.03374839601695346,-0.00397025528245763,0.021611845985748845,226.4837977673992,6
1000,1000000,0.2,2,0.3047412835916543,-0.011930468823439259,0.021611845985748845,81.39935007824646,5
1000,1000000,0.2,3,0.18894305457830704,0.009394146529661732,0.021611845985748845,2.28748322600408,1
1000,1000000,0.2,4,0.09344987749513893,0.006606648970039532,0.021611845985748845,0.5416653117337635,2
1000,1000000,0.2,5,0.14460678711560615,-0.0082183797015183465,0.021611845985748845,0.088547383622374,6
1000,1000000,0.2,6,0.23451060120234013,-0.010465816213004166,0.021611845985748845,0.08687886324687144,4
1000,1000000,0.5,1,0.009897407421206377,-0.0024586357522618832,0.024713455199973845,257.46119925199736,6
1000,1000000,0.5,2,0.9720855067239742,0.02436608206641417,0.024713455199973845,82.2239057624754,5
1000,1000000,0.5,3,8.029546010269752e-4,-7.002916758729045e-4,0.024713455199973845,2.3491852389039423,1
1000,1000000,0.5,4,0.001910468908471889,-0.0010801982160053515,0.024713455199973845,0.5475117633272092,2
1000,1000000,0.5,5,0.008964686959453478,-0.0023399201268152602,0.024713455199973845,0.1374049458667813,4
1000,1000000,0.5,6,0.006338975385867068,-0.0019676280325687666,0.024713455199973845,0.08880753438559762,3
1000,1000000,1,1,0.3657961383445532,0.020436398693822164,0.033789736771823536,308.93453267334246,6
1000,1000000,1,2,0.04633122779564835,0.007273136079081567,0.033789736771823536,83.67994600908591,5
1000,1000000,1,3,0.09526451050325765,0.010429185176547149,0.033789736771823536,2.421348523200015,1
1000,1000000,1,4,0.05784721377280688,0.008126920876509328,0.033789736771823536,0.5583849773936277,2
1000,1000000,1,5,0.021256211262860668,0.004926378060758976,0.033789736771823536,0.19438044392128448,4
1000,1000000,1,6,0.41350469832087317,0.021728264172136438,0.033789736771823536,0.08955822381746302,3
2000,0.05,0.01,1,0.011505720257984143,0.002650970024316739,0.02471427709545215,0.06335428128015155,6
2000,0.05,0.01,2,0.1790895827163066,0.010458829277223343,0.02471427709545215,0.03840296679425719,1
2000,0.05,0.01,3,0.15430772972147233,-0.009708267906725661,0.02471427709545215,0.032259702832640076,4
2000,0.05,0.01,4,0.02145238217766685,-0.003619809157166349,0.02471427709545215,0.02170927488239519,5
2000,0.05,0.01,5,0.041715220556793275,-0.00504771915606528,0.02471427709545215,0.012006884275310176,2
2000,0.05,0.01,6,0.5919293645697767,-0.019014410000557144,0.02471427709545215,0.003011490541647061,3
2000,0.05,0.02,1,1.048325488630052e-4,-3.4418147049351756e-4,0.03361548744292468,0.06824075052295395,6
2000,0.05,0.02,2,0.45156016620363465,-0.02258901143422426,0.03361548744292468,0.05471217611734976,4
2000,0.05,0.02,3,0.003640285256453122,0.002028182922127268,0.03361548744292468,0.040127983058052714,1
2000,0.05,0.02,4,0.19578442872069218,0.014874024319620139,0.03361548744292468,0.021711166602158237,5
2000,0.05,0.02,5,0.0754129148206342,0.0092312874974457,0.03361548744292468,0.012576147417157232,2
2000,0.05,0.02,6,0.2734973724497228,-0.017579883483075872,0.03361548744292468,0.0030324430364856146,3
2000,0.05,0.05,1,0.8222777091768183,0.016779480599487365,0.01850415487392387,0.09585675878858974,4
2000,0.05,0.05,2,0.13683120977714236,-0.006844816945403551,0.01850415487392387,0.08191464406477343,6
2000,0.05,0.05,3,6.0661459042718e-4,-4.55748954041575e-4,0.01850415487392387,0.04599791646730816,1
2000,0.05,0.05,4,0.01600675084168914,-0.00234110475525218,0.01850415487392387,0.021712593432276217,5
2000,0.05,0.05,5,0.010762530027718428,-0.0019196694025609001,0.01850415487392387,0.013174231768063458,2
2000,0.05,0.05,6,0.013515185586204648,-0.002151197386155234,0.01850415487392387,0.003049397497308541,3
2000,0.05,0.1,1,0.07218924596752174,0.0017434778055395246,0.006489035803676439,0.13711806742809013,4
2000,0.05,0.1,2,0.5960783995651966,0.00500993236187861,0.006489035803676439,0.10545408829416876,6
2000,0.05,0.1,3,0.0212413936172206,-9.45739816918226e-4,0.006489035803676439,0.04852727445133576,1
2000,0.05,0.1,4,0.10318657886728878,-0.0020844514167426944,0.006489035803676439,0.021713159959870013,5
2000,0.05,0.1,5,0.1587971175417089,0.0025858389798419537,0.006489035803676439,0.013483043494202285,2
2000,0.05,0.1,6,0.04850726444106335,-0.0014291689167666647,0.006489035803676439,0.0030564382642190844,3
2000,0.05,0.2,1,0.22129553200374516,-0.01824888550834076,0.03879270141513854,0.19420282003940717,4
2000,0.05,0.2,2,0.06873380516107522,-0.010170334041963991,0.03879270141513854,0.14271254978483522,6
2000,0.05,0.2,3,4.1726067124534243e-4,-7.924169376932315e-4,0.03879270141513854,0.04989539545769077,1
2000,0.05,0.2,4,0.04698951086015098,-0.008409118757303605,0.03879270141513854,0.021713505249077877,5
2000,0.05,0.2,5,0.4468965756552342,0.025933046403459056,0.03879270141513854,0.013732080424151829,2
2000,0.05,0.2,6,0.21566731564854916,0.018015328684786506,0.03879270141513854,0.0030617193251878485,3
2000,0.05,0.5,1,0.19428786251570448,-0.009006008201364383,0.020431935218312883,0.30709211466408803,4
2000,0.05,0.5,2,0.22507284816144418,0.009693286659094363,0.020431935218312883,0.22066449552184755,6
2000,0.05,0.5,3,0.41258316010607293,0.013123970693516876,0.020431935218312883,0.051235454311575696,1
2000,0.05,0.5,4,0.012194574134140431,0.0022562791079558282,0.020431935218312883,0.021713839672032807,5
2000,0.05,0.5,5,6.24449666965631e-5,-1.6145749944219406e-4,0.020431935218312883,0.014113935666249404,2
2000,0.05,0.5,6,0.1557991101159414,0.00806477005781945,0.020431935218312883,0.0030697330227631263,3
2000,0.05,1,1,0.038844191600486425,-0.004936885039262414,0.02504897564575437,0.4342944636055575,4
2000,0.05,1,2,0.026994482602264766,-0.004115546134672603,0.02504897564575437,0.3102299446269173,6
2000,0.05,1,3,0.36995333777241574,0.015235736236355272,0.02504897564575437,0.054080110031306236,1
2000,0.05,1,4,0.09472796238555536,-0.0077095506913969145,0.02504897564575437,0.021714156682291437,5
2000,0.05,1,5,8.001948427110749e-8,7.085782941993287e-6,0.02504897564575437,0.01464291292388211,2
2000,0.05,1,6,0.46947994561979345,-0.017163209090632098,0.02504897564575437,0.0030786544095050524,3
2000,0.1,0.01,1,0.30210693539793493,-0.012552697524492912,0.02283792888652331,0.06513328606172111,6
2000,0.1,0.01,2,0.29200197569477965,0.012340978941974386,0.02283792888652331,0.03962285271836195,1
2000,0.1,0.01,3,0.06500701951363155,0.0058228666396714125,0.02283792888652331,0.030697059024874348,5
2000,0.1,0.01,4,0.2187861636673733,-0.01068234605584931,0.02283792888652331,0.030504279910555102,4
2000,0.1,0.01,5,0.0028839223426101327,0.0012264461863937272,0.02283792888652331,0.012255887063973413,2
2000,0.1,0.01,6,0.11921398338367048,0.007885338041567578,0.02283792888652331,0.0030178558752154265,3
2000,0.1,0.02,1,0.004579662504941255,0.0012246227139584799,0.018096124406875407,0.06995034904187943,6
2000,0.1,0.02,2,0.014619773522604755,0.002188043217283227,0.018096124406875407,0.05188240574314047,4
2000,0.1,0.02,3,0.002474447310259431,9.001702973633726e-4,0.018096124406875407,0.04080220178301742,1
2000,0.1,0.02,4,0.03632686779821771,0.0034490504742107136,0.018096124406875407,0.03069906135188236,5
2000,0.1,0.02,5,0.015554765924142776,-0.0022569259667247284,0.018096124406875407,0.01268783947150301,2
2000,0.1,0.02,6,0.9264444829398342,0.017417879149875994,0.018096124406875407,0.003033883357534637,3
2000,0.1,0.05,1,0.07032728589122572,0.009254191691537525,0.0348960734733578,0.09453665071050137,4
2000,0.1,0.05,2,0.05431123153006937,0.00813244974096727,0.0348960734733578,0.08261306271711236,6
2000,0.1,0.05,3,0.2782976556292362,-0.018409048273909562,0.0348960734733578,0.04624794800226573,1
2000,0.1,0.05,4,0.4766590968009206,0.02409242443469241,0.0348960734733578,0.030702795460457847,5
2000,0.1,0.05,5,0.10528549921728078,0.011322982679661513,0.0348960734733578,0.0132020908393588,2
2000,0.1,0.05,6,0.015119230931267205,0.004290831032386794,0.0348960734733578,0.003049552901814545,3
2000,0.1,0.1,1,0.20345768416021537,-0.008156887557154907,0.018083705557733313,0.13665290995022272,4
2000,0.1,0.1,2,3.4334574019404885e-4,3.35083666561885e-4,0.018083705557733313,0.10631729375337862,6
2000,0.1,0.1,3,0.1283745589307157,-0.006479282404039897,0.018083705557733313,0.04857243307406199,1
2000,0.1,0.1,4,0.5868078892983195,-0.013852730944200054,0.018083705557733313,0.0307043341965575,5
2000,0.1,0.1,5,0.07916865936439164,-0.00508819881521366,0.018083705557733313,0.013489264468025355,2
2000,0.1,0.1,6,0.001847862506163838,-7.773601149333251e-4,0.018083705557733313,0.0030564829720393072,3
2000,0.1,0.2,1,0.046013054624743484,-0.0034579716138417814,0.016120588464807406,0.19414907266230957,4
2000,0.1,0.2,2,0.2743915476950687,0.008444350589107131,0.016120588464807406,0.14312870167995945,6
2000,0.1,0.2,3,0.007843469485488384,0.0014276935479701947,0.016120588464807406,0.04991060532407134,1
2000,0.1,0.2,4,0.46034875728324176,-0.010937658984405057,0.016120588464807406,0.03070530450304572,5
2000,0.1,0.2,5,0.048741368665479214,0.003559014449676877,0.016120588464807406,0.01373172110174748,2
2000,0.1,0.2,6,0.1626618022459786,0.006501651414735412,0.016120588464807406,0.0030617273729103356,3
2000,0.1,0.5,1,0.17378343311646693,0.0036870063136955236,0.008844426864129796,0.3070907471000062,4
2000,0.1,0.5,2,0.33360289800748116,0.005108396543744103,0.008844426864129796,0.22076872150698157,6
2000,0.1,0.5,3,0.04260789246187379,-0.0018256382298480532,0.008844426864129796,0.05122735791842343,1
2000,0.1,0.5,4,0.15800250492886977,0.0035156180140840654,0.008844426864129796,0.0307062453125881,5
2000,0.1,0.5,5,0.006441398238196826,7.098388585023394e-4,0.008844426864129796,0.01411461526870365,2
2000,0.1,0.5,6,0.2855618732471115,-0.0047262839078179,0.008844426864129796,0.0030697570584132684,3
2000,0.1,1,1,0.026640760122912943,-0.002953211416213736,0.018093443664895043,0.43429440900800387,4
2000,0.1,1,2,0.6391511236149959,-0.014465152311047405,0.018093443664895043,0.3102662418046432,6
2000,0.1,1,3,0.0019081501786184542,7.903646518877095e-4,0.018093443664895043,0.054084673609489736,1
2000,0.1,1,4,0.02127308383560176,-0.0026389821845428764,0.018093443664895043,0.03070713563567075,5
2000,0.1,1,5,0.24196288333099852,-0.00890011479140371,0.018093443664895043,0.014644334800405055,2
2000,0.1,1,6,0.06906399891687243,-0.004754962465742911,0.018093443664895043,0.003078665925242098,3
2000,0.2,0.01,1,0.48723153678234643,0.020320875153266485,0.029112178953325123,0.0679908243932321,6
2000,0.2,0.01,2,0.07318504451958666,-0.007875640486232594,0.029112178953325123,0.043400298501310074,5
2000,0.2,0.01,3,0.09245453608313478,0.008851947389347173,0.029112178953325123,0.0414960876375411,1
2000,0.2,0.01,4,0.027449278226400507,0.004823254485179415,0.029112178953325123,0.028494722113006635,4
2000,0.2,0.01,5,0.027093785212385833,-0.004791919944872407,0.029112178953325123,0.012520049846868731,2
2000,0.2,0.01,6,0.2925858191761458,-0.015747127680207508,0.029112178953325123,0.00302544589996768,3
2000,0.2,0.02,1,0.6654613576280627,0.019317273894460512,0.02368014823830181,0.07253088102524127,6
2000,0.2,0.02,2,0.05832955066619357,-0.005719113719731705,0.02368014823830181,0.04922322566248535,4
2000,0.2,0.02,3,0.12540297260166988,-0.008385680904159944,0.02368014823830181,0.04340972463931276,5
2000,0.2,0.02,4,0.014940131488613848,0.002894420507761092,0.02368014823830181,0.041320759449043995,1
2000,0.2,0.02,5,0.05879185731332001,-0.00574173318116869,0.02368014823830181,0.012811275272841528,2
2000,0.2,0.02,6,0.07707413030213993,-0.006574136742511901,0.02368014823830181,0.0030361808983811445,3
2000,0.2,0.05,1,4.7813238750420573e-4,-6.166835099020088e-4,0.02820254196996563,0.09333616044636828,4
2000,0.2,0.05,2,0.5880682293984552,0.021627290449497166,0.02820254196996563,0.08261371742043831,6
2000,0.2,0.05,3,0.2360479450126426,-0.01370213891434006,0.02820254196996563,0.046567303116386995,1
2000,0.2,0.05,4,0.1080628962583316,-0.009270999459791011,0.02820254196996563,0.04340348440719077,5
2000,0.2,0.05,5,0.0482363248689699,-0.006194059315407587,0.02820254196996563,0.013235685228815082,2
2000,0.2,0.05,6,0.019106472074096617,0.0038983291568659897,0.02820254196996563,0.0030498435985927786,3
2000,0.2,0.1,1,0.45339799238387885,0.01080057678001282,0.01604010298095905,0.13552196863535862,4
2000,0.2,0.1,2,0.022937526712855313,0.0024292960606010256,0.01604010298095905,0.10761018937359507,6
2000,0.2,0.1,3,0.12277068470731295,-0.0056202352072408646,0.01604010298095905,0.04867181266093933,1
2000,0.2,0.1,4,0.03906993448262211,-0.0031705053743170996,0.01604010298095905,0.043410543886052456,5
2000,0.2,0.1,5,0.1179702068358634,-0.005509260685257961,0.01604010298095905,0.013497976964073764,2
2000,0.2,0.1,6,0.24385365487746735,0.007920849960538026,0.01604010298095905,0.0030565586977128333,3
2000,0.2,0.2,1,0.862860270922995,-0.023518184909302606,0.0253182430172798,0.19396093642939186,4
2000,0.2,0.2,2,7.010883397972632e-4,-6.703782820641728e-4,0.0253182430172798,0.14388962641071867,6
2000,0.2,0.2,3,6.902329664804082e-7,-2.1034462222390346e-5,0.0253182430172798,0.049933897911931396,1
2000,0.2,0.2,4,0.019174309103048084,-0.003505850772079938,0.0253182430172798,0.04341421773479955,5
2000,0.2,0.2,5,0.0611720644232852,0.0062619577453433975,0.0253182430172798,0.013733391639333509,2
2000,0.2,0.2,6,0.056091576977907946,0.005996286694585614,0.0253182430172798,0.003061772015940248,3
2000,0.2,0.5,1,0.003341027203525342,0.001041111339304823,0.018011802270984083,0.30708536807832576,4
2000,0.2,0.5,2,0.19965953091250135,-0.008048263633786308,0.018011802270984083,0.22097743490117985,6
2000,0.2,0.5,3,0.006198244388374559,-0.0014180499166691672,0.018011802270984083,0.05123736626286321,1
2000,0.2,0.5,4,0.48969683038998296,-0.012604360535422342,0.018011802270984083,0.04341784378421792,5
2000,0.2,0.5,5,0.30107018335544977,0.009883051177259294,0.018011802270984083,0.014116774483430794,2
2000,0.2,0.5,6,3.4183750166000866e-5,-1.0530937217142415e-4,0.018011802270984083,0.003069793250062995,3
2000,0.2,1,1,0.34570502655415164,-0.00792109971113861,0.013472017339468612,0.43429418890270205,4
2000,0.2,1,2,0.1697778770417146,0.0055510249901284114,0.013472017339468612,0.3103376073968741,6
2000,0.2,1,3,3.143970978811082e-4,-2.3887565856506353e-4,0.013472017339468612,0.05408817001150251,1
2000,0.2,1,4,0.001046646120094256,4.358455006980334e-4,0.013472017339468612,0.04342159440061698,5
2000,0.2,1,5,0.2969129248875954,-0.007340864110273351,0.013472017339468612,0.014643597017647449,2
2000,0.2,1,6,0.18624312829856293,-0.005813969672597172,0.013472017339468612,0.0030787018939984214,3
2000,0.5,0.01,1,0.5626599332016171,0.0177610758816163,0.02367806860643978,0.07417477695001538,6
2000,0.5,0.01,2,0.10845071875617984,0.00779762762946006,0.02367806860643978,0.06854891089203893,5
2000,0.5,0.01,3,0.08619776068283516,0.0069517519333918846,0.02367806860643978,0.044151848659332735,1
2000,0.5,0.01,4,0.1678973974829541,0.009702156076643497,0.02367806860643978,0.025917262887380638,4
2000,0.5,0.01,5,0.06661358255574092,0.006111216507846066,0.02367806860643978,0.012851400576010691,2
2000,0.5,0.01,6,0.008180607320672864,0.002141603400791008,0.02367806860643978,0.0030357176925663487,3
2000,0.5,0.02,1,0.10483099525525563,0.009828998325849396,0.03035738836341288,0.07829733167115786,6
2000,0.5,0.02,2,0.005198218995186859,-0.0021887274897638203,0.03035738836341288,0.06857604185882307,5
2000,0.5,0.02,3,0.10581984120035841,0.009875246825470063,0.03035738836341288,0.04728490491208854,1
2000,0.5,0.02,4,0.35312633454188264,0.01803970618454978,0.03035738836341288,0.04068343771651783,4
2000,0.5,0.02,5,0.4138020606164624,0.019528133307950148,0.03035738836341288,0.013003636290493444,2
2000,0.5,0.02,6,0.017222549390854106,-0.003983943090854269,0.03035738836341288,0.003040751027217411,3
2000,0.5,0.05,1,0.26908295682577,0.01181934945887424,0.022785075806848396,0.09485068747712769,6
2000,0.5,0.05,2,0.030727022869894146,0.003994024454839451,0.022785075806848396,0.07957202034674023,4
2000,0.5,0.05,3,0.047032556186497314,-0.004941397251483469,0.022785075806848396,0.0686117842529895,5
2000,0.5,0.05,4,0.061040892939959235,-0.005629384550424454,0.022785075806848396,0.047076418839401765,1
2000,0.5,0.05,5,0.5226080418499098,0.016471703722547176,0.022785075806848396,0.013299541311888808,2
2000,0.5,0.05,6,0.06950852932796943,0.006007164539954038,0.022785075806848396,0.003050604812459726,3
2000,0.5,0.1,1,0.3875772581010695,-0.019496247834896636,0.031316404493981924,0.1325021403196384,4
2000,0.5,0.1,2,0.4768362772571148,0.021625021020267882,0.031316404493981924,0.10978403415825391,6
2000,0.5,0.1,3,0.0032065635039707345,-0.00177333920910574,0.031316404493981924,0.06862928548206947,5
2000,0.5,0.1,4,0.050462294078227846,-0.007034858866465405,0.031316404493981924,0.04881715691297486,1
2000,0.5,0.1,5,0.07035787909792705,0.008306694981373836,0.031316404493981924,0.013519400239535358,2
2000,0.5,0.1,6,0.011559727961690072,0.0033670200368770883,0.031316404493981924,0.0030567990403201424,3
2000,0.5,0.2,1,1.5575162795152003e-4,5.722621287115754e-4,0.04585415647751388,0.19303663785241496,4
2000,0.5,0.2,2,0.12250991210110056,-0.016049604055474224,0.04585415647751388,0.14573237428951152,6
2000,0.5,0.2,3,0.5090270535799094,0.03271516695792406,0.04585415647751388,0.06863928244033553,5
2000,0.5,0.2,4,0.002932142233632186,-0.0024829685882917472,0.04585415647751388,0.04996447471949589,1
2000,0.5,0.2,5,0.04969992031841748,0.010222486716770514,0.04585415647751388,0.013738523894780528,2
2000,0.5,0.2,6,0.31567522013898874,0.02576314955926462,0.04585415647751388,0.0030618979578302414,3
2000,0.5,0.5,1,0.1487364296727351,0.007445456457005488,0.019305571030837992,0.30704932017867914,4
2000,0.5,0.5,2,0.26473216400162036,-0.009933127426133325,0.019305571030837992,0.22158017757884702,6
2000,0.5,0.5,3,0.4142378004831203,0.012425318088348736,0.019305571030837992,0.06864824460389594,5
2000,0.5,0.5,4,0.14634812477524334,-0.0073854375972187735,0.019305571030837992,0.05122639154847151,1
2000,0.5,0.5,5,0.005570182824621322,0.0014408453752254948,0.019305571030837992,0.014117424775428237,2
2000,0.5,0.5,6,0.02037529824265964,-0.002755717150833305,0.019305571030837992,0.0030699035767021467,3
2000,0.5,1,1,0.10890124352380198,-0.009778704507719917,0.029632268717947108,0.43429265180443755,4
2000,0.5,1,2,0.059971086775361046,0.007256644754167325,0.029632268717947108,0.3105519742876974,6
2000,0.5,1,3,0.42056037455617534,-0.0192167118826088,0.029632268717947108,0.06865593480067271,5
2000,0.5,1,4,0.21511413635532525,-0.013743564311293038,0.029632268717947108,0.0540886203618124,1
2000,0.5,1,5,0.16973430945542642,-0.012208146220387323,0.029632268717947108,0.014648602720556514,2
2000,0.5,1,6,0.025718849333909943,-0.004752155799101876,0.029632268717947108,0.003078809343404962,3
2000,1,0.01,1,0.0019453142061772609,0.0011263364801537543,0.025537199615953944,0.0968825041182899,5
2000,1,0.01,2,0.022423173259653505,0.0038240345509230433,0.025537199615953944,0.08112012258209773,6
2000,1,0.01,3,0.5894902407892592,-0.019607019512292302,0.025537199615953944,0.04585157616286306,1
2000,1,0.01,4,0.010168558908219981,-0.002575152634744937,0.025537199615953944,0.02426801536112323,4
2000,1,0.01,5,0.15493823653402083,0.010052002213451173,0.025537199615953944,0.013068656106056474,2
2000,1,0.01,6,0.22103447630266918,0.012006136612792135,0.025537199615953944,0.0030425049358188106,3
2000,1,0.02,1,0.28242799872535795,0.016092642627933668,0.03028122865613894,0.0969111393160755,5
2000,1,0.02,2,0.23501518547884073,-0.014679844497301048,0.03028122865613894,0.08517142370559279,6
2000,1,0.02,3,0.42276754834695535,-0.019689029711472145,0.03028122865613894,0.047371496149642194,1
2000,1,0.02,4,0.0034319391219808214,-0.0017739577835904614,0.03028122865613894,0.03870544214630245,4
2000,1,0.02,5,9.556364749840666e-4,-9.360948403063543e-4,0.03028122865613894,0.013154284863533375,2
2000,1,0.02,6,0.05540169185188105,0.007127463571481802,0.03028122865613894,0.0030450438961607154,3
2000,1,0.05,1,0.29681164404763405,-0.012299329333325794,0.02257568638274109,0.09910109456305206,6
2000,1,0.05,2,0.0825245830265615,-0.0064853382576636025,0.02257568638274109,0.09691362787210128,5
2000,1,0.05,3,0.06530102185146898,0.005769005486263512,0.02257568638274109,0.0753773536953357,4
2000,1,0.05,4,0.02614478914179177,-0.0036503418298679045,0.02257568638274109,0.0475217252450106,1
2000,1,0.05,5,0.28781422640454873,-0.012111476525879853,0.02257568638274109,0.013354560214591287,2
2000,1,0.05,6,0.24140373552799507,0.011092079060013839,0.02257568638274109,0.003051668192964767,3
2000,1,0.1,1,0.10131024896979579,0.006080693946515448,0.019104094324367847,0.1300321656452501,4
2000,1,0.1,2,0.5146447072732938,-0.013705036897505431,0.019104094324367847,0.11093491111976102,6
2000,1,0.1,3,0.26335104940086396,-0.00980378955766865,0.019104094324367847,0.0969926222226487,5
2000,1,0.1,4,0.04228284435857929,-0.0039283353129585825,0.019104094324367847,0.04897927160669394,1
2000,1,0.1,5,0.06354074624840324,-0.004815624432979292,0.019104094324367847,0.013544132784433671,2
2000,1,0.1,6,0.014870403749063956,0.0023296347395185203,0.019104094324367847,0.0030571733560880126,3
2000,1,0.2,1,0.008262241754701237,0.00194618921647368,0.021410958647281948,0.19112082048960136,4
2000,1,0.2,2,2.9260438810524897e-4,3.6624906959963456e-4,0.021410958647281948,0.14793016386661148,6
2000,1,0.2,3,0.23248438804649,-0.010323643758184443,0.021410958647281948,0.0970187924792354,5
2000,1,0.2,4,0.4410454415423868,-0.014219285740286932,0.021410958647281948,0.04999340828310111,1
2000,1,0.2,5,0.17782158110185048,0.009028764938293743,0.021410958647281948,0.013745716205881149,2
2000,1,0.2,6,0.14009374316646622,-0.008013928850914901,0.021410958647281948,0.0030621385627091786,3
2000,1,0.5,1,0.004160765401501831,0.0015715508459157403,0.024363620271082603,0.30692901428399316,4
2000,1,0.5,2,0.0031028384082351433,0.001357129845218156,0.024363620271082603,0.22252737384145974,6
2000,1,0.5,3,0.042129110871251665,0.005000724957308623,0.024363620271082603,0.09704201216190522,5
2000,1,0.5,4,0.29902016936737325,0.013322694324921416,0.024363620271082603,0.05125736712237146,1
2000,1,0.5,5,0.5278454892449072,0.017700895139308212,0.024363620271082603,0.014117037841660391,2
2000,1,0.5,6,0.12374162670673101,0.00857037317324626,0.024363620271082603,0.0030700817294692113,3
2000,1,1,1,0.11149237324653094,-0.009365775183010563,0.028049243245926694,0.4342873250094676,4
2000,1,1,2,0.2888669152410293,-0.01507544187465859,0.028049243245926694,0.31090376884545434,6
2000,1,1,3,0.005015431860533215,0.0019864393785512624,0.028049243245926694,0.09706195936129232,5
2000,1,1,4,0.33041603483778376,0.01612321726545961,0.028049243245926694,0.05410080622065997,1
2000,1,1,5,0.19439761042512885,-0.012367064043274312,0.028049243245926694,0.014650103553773988,2
2000,1,1,6,0.06981163438899388,0.007411140582254222,0.028049243245926694,0.0030789919169587304,3
2000,10,0.01,1,0.07919554464917748,-0.00620636758638771,0.022053987249028788,0.3034269231063401,5
2000,10,0.01,2,0.09519243626171976,-0.0068043765638209075,0.022053987249028788,0.12365990221189997,6
2000,10,0.01,3,0.08390740245435238,-0.006388328753199038,0.022053987249028788,0.04942668902950494,1
2000,10,0.01,4,0.013936913363341777,0.002603576957889625,0.022053987249028788,0.021068346030824085,4
2000,10,0.01,5,0.5370641404559734,-0.01616218959182228,0.022053987249028788,0.0135880397678082,2
2000,10,0.01,6,0.1907035628154352,-0.009630892217446592,0.022053987249028788,0.0030594947461312135,3
2000,10,0.02,1,0.032383433552140024,-0.006152446616399436,0.03418900068857835,0.30345746904997317,5
2000,10,0.02,2,0.03245783079436508,0.006159509833912183,0.03418900068857835,0.12701754734489878,6
2000,10,0.02,3,0.23068152796061311,-0.016420743477565142,0.03418900068857835,0.04955879045734689,1
2000,10,0.02,4,0.026220701176358826,-0.005536159036337502,0.03418900068857835,0.031895710447792054,4
2000,10,0.02,5,0.5209013907155491,-0.024675397949884152,0.03418900068857835,0.013598443369058168,2
2000,10,0.02,6,0.15735511580097394,0.01356209681815974,0.03418900068857835,0.0030594452762688013,3
2000,10,0.05,1,0.016859105585020673,0.0027174945013265484,0.020929141234441465,0.30369149194558237,5
2000,10,0.05,2,0.21341503973568354,0.009668607261109621,0.020929141234441465,0.13595064882725724,6
2000,10,0.05,3,0.09947718557459523,0.006601051993875307,0.020929141234441465,0.05960213692310493,4
2000,10,0.05,4,0.44232080742137564,-0.013919386483656123,0.020929141234441465,0.049290997940334036,1
2000,10,0.05,5,0.00958729185197238,-0.002049270946023193,0.020929141234441465,0.013635337700279878,2
2000,10,0.05,6,0.21834056983135255,-0.00977954452719694,0.020929141234441465,0.0030606894345397927,3
2000,10,0.1,1,0.22927556222647794,0.0076241041981468805,0.015922451679935126,0.30408663328366675,5
2000,10,0.1,2,0.17316571331475022,-0.0066258392115532815,0.015922451679935126,0.15015008485486447,6
2000,10,0.1,3,0.25243386936912254,0.007999885143596642,0.015922451679935126,0.09662803052861828,4
2000,10,0.1,4,0.15366854269388874,-0.006241693316556735,0.015922451679935126,0.04989015921476083,1
2000,10,0.1,5,0.08617651172454104,0.004674168829424166,0.015922451679935126,0.013704089180574868,2
2000,10,0.1,6,0.10527980067121956,0.005166333845548822,0.015922451679935126,0.003062531363543698,3
2000,10,0.2,1,0.07837632501374434,-0.0051659468059274075,0.018452596360142313,0.3045458845884,5
2000,10,0.2,2,0.26692508722475455,-0.009533495777801002,0.018452596360142313,0.1843392993743641,4
2000,10,0.2,3,0.08309942114047603,-0.005319324455442626,0.018452596360142313,0.15157326737822635,4
2000,10,0.2,4,0.1677077677093912,-0.007556732884422125,0.018452596360142313,0.05045520004825384,1
2000,10,0.2,5,0.023371934573684437,0.002821011215959945,0.018452596360142313,0.013839391059017204,2
2000,10,0.2,6,0.38051946433794936,-0.01138271652348277,0.018452596360142313,0.003066004794386098,3
2000,10,0.5,1,0.2602441338744418,0.011792895630662268,0.02311692055635989,0.30503099050610005,5
2000,10,0.5,2,0.13306846023691551,0.008432717399108426,0.02311692055635989,0.3006572761645911,4
2000,10,0.5,3,0.12513476014821254,0.008177470070163069,0.02311692055635989,0.2327787932119258,6
2000,10,0.5,4,0.43531366237967306,-0.015252152164050764,0.02311692055635989,0.05145822985713931,1
2000,10,0.5,5,0.045643284226544546,0.004938765703604233,0.02311692055635989,0.014174102011902586,2
2000,10,0.5,6,5.95699134212586e-4,-5.642134890861013e-4,0.02311692055635989,0.0030734091423982694,3
2000,10,1,1,0.6099479686386036,0.02168523025894856,0.027766276449472417,0.43370153708247344,4
2000,10,1,2,0.014921220073092255,-0.0033917185856732965,0.027766276449472417,0.31651551863595534,6
2000,10,1,3,5.342874508786729e-5,-2.02957511929696e-4,0.027766276449472417,0.30544912891753095,5
2000,10,1,4,0.06736356458295513,0.007206595950840524,0.027766276449472417,0.05424743200574075,1
2000,10,1,5,0.3013775177988226,0.015243091940168695,0.027766276449472417,0.014692156575136603,2
2000,10,1,6,0.006336300161438555,-0.0022102200509793134,0.027766276449472417,0.0030821881430163323,3
5000,0.05,0.01,1,0.18685873998968916,0.009735544306100933,0.02252182240634437,0.04637403852053991,6
5000,0.05,0.01,2,0.04891951989687572,0.004981322075311139,0.02252182240634437,0.036933842462732194,4
5000,0.05,0.01,3,0.0023441819538584014,0.0010904335085563427,0.02252182240634437,0.02714723309768564,1
5000,0.05,0.01,4,0.31455150548535143,0.01263133966099666,0.02252182240634437,0.02171235500770889,5
5000,0.05,0.01,5,0.07337614080001965,-0.006100718170939361,0.02252182240634437,0.008099588538241354,2
5000,0.05,0.01,6,0.37394991187420556,0.013772419645058726,0.02252182240634437,0.0019217379272646615,3
5000,0.05,0.02,1,0.43139810238201337,0.00973126392452145,0.014815971575431866,0.05946417624105041,4
5000,0.05,0.02,2,0.03449242631193312,0.0027516425004686937,0.014815971575431866,0.052245293829284715,6
5000,0.05,0.02,3,0.05430926401153972,0.0034527655895391636,0.014815971575431866,0.02950723590236816,1
5000,0.05,0.02,4,0.14029094790024474,-0.005549386341910256,0.014815971575431866,0.021713226346600924,5
5000,0.05,0.02,5,0.33938453500748467,-0.008631298980501894,0.014815971575431866,0.00831378076920131,2
5000,0.05,0.02,6,1.2472438678437747e-4,1.6546487853292963e-4,0.014815971575431866,0.001928306570001616,3
5000,0.05,0.05,1,0.0657120414042255,-0.005986829162900426,0.02335470499897083,0.09675672967383091,4
5000,0.05,0.05,2,0.016184173604833832,0.002971116287529323,0.02335470499897083,0.07376132926514835,6
5000,0.05,0.05,3,8.922628537244558e-5,2.206077638232786e-4,0.02335470499897083,0.031204876698199806,1
5000,0.05,0.05,4,0.8852761074621175,0.021974234640150376,0.02335470499897083,0.021713814289364957,5
5000,0.05,0.05,5,0.032572476767735,-0.004215021337144971,0.02335470499897083,0.008509711869244752,2
5000,0.05,0.05,6,1.6597447571577937e-4,3.0088119041386395e-4,0.02335470499897083,0.0019331136848925185,3
5000,0.05,0.1,1,8.664691468147429e-5,-2.23072658473019e-4,0.023964578318043914,0.13729674093915875,4
5000,0.05,0.1,2,0.19801854846075503,0.010664063632791574,0.023964578318043914,0.10025125985064061,6
5000,0.05,0.1,3,0.07773184412966067,0.0066814277591525206,0.023964578318043914,0.03182593799520175,1
5000,0.05,0.1,4,0.5299063858119062,-0.01744493550221773,0.023964578318043914,0.021714033273740236,5
5000,0.05,0.1,5,0.15230552839809972,-0.009352498029456898,0.023964578318043914,0.008614833034778495,2
5000,0.05,0.1,6,0.041951046284896966,0.004908414043066139,0.023964578318043914,0.0019353658762711827,3
5000,0.05,0.2,1,0.19600877173151432,-0.012238878785894063,0.027644190680954153,0.1942193079129705,4
5000,0.05,0.2,2,0.06093075289443029,-0.006823734993103109,0.027644190680954153,0.13939153560772272,6
5000,0.05,0.2,3,0.6095722664169271,0.021583232039618625,0.027644190680954153,0.03221022118760836,1
5000,0.05,0.2,4,0.07997163473749894,0.007817571586018934,0.027644190680954153,0.021714158175325893,5
5000,0.05,0.2,5,0.04725704421120588,0.006009483638370512,0.027644190680954153,0.008718932615895972,2
5000,0.05,0.2,6,0.006259530008423446,0.0021871307310381244,0.027644190680954153,0.0019375739850731645,3
5000,0.05,0.5,1,0.26105304746281166,0.015220795447854497,0.029790168919743752,0.30709250077276595,4
5000,0.05,0.5,2,0.49414656001171964,0.020941165737383097,0.029790168919743752,0.21852366137230883,6
5000,0.05,0.5,3,0.005662112636929081,-0.002241621162951216,0.029790168919743752,0.03276420884356697,1
5000,0.05,0.5,4,4.221500725474078e-6,-6.1207747861505e-5,0.029790168919743752,0.021714281815974876,5
5000,0.05,0.5,5,0.05494413920940761,-0.006982865109927816,0.029790168919743752,0.008932694290825542,2
5000,0.05,0.5,6,0.18418991917840652,0.012785151965888183,0.029790168919743752,0.0019419746730680834,3
5000,0.05,1,1,0.09028791270654925,-0.007405557237849423,0.02464580094081911,0.43429447895639933,4
5000,0.05,1,2,0.18178060171155336,0.010507918719169779,0.02464580094081911,0.30833434103413165,6
5000,0.05,1,3,0.15140192506670205,-0.009589779800556078,0.02464580094081911,0.034486831358093155,1
5000,0.05,1,4,0.25862189145963776,-0.01253359272316338,0.02464580094081911,0.021714407961288935,5
5000,0.05,1,5,0.3168744265854943,-0.013873515759666956,0.02464580094081911,0.009263994583850637,2
5000,0.05,1,6,0.0010332424700633311,-7.922168236806667e-4,0.02464580094081911,0.0019473939182196468,3
5000,0.1,0.01,1,0.057623119029073355,0.003511757780576752,0.014629388466584067,0.04813121238807644,6
5000,0.1,0.01,2,0.2829576741776725,-0.007781922668852477,0.014629388466584067,0.03481602881975434,4
5000,0.1,0.01,3,0.04481263911833115,0.0030968946577099115,0.014629388466584067,0.03070370337910316,5
5000,0.1,0.01,4,0.07155412686672379,0.003913303358041401,0.014629388466584067,0.027583985360318183,1
5000,0.1,0.01,5,0.1894876083657962,-0.006368198313768424,0.014629388466584067,0.008161482333317172,2
5000,0.1,0.01,6,0.35356483244240305,-0.00869882718050475,0.014629388466584067,0.0019227278977782401,3
5000,0.1,0.02,1,0.06740235047032088,-0.006321482284408958,0.024349015401239422,0.058925480970841784,4
5000,0.1,0.02,2,9.537660501552485e-4,-7.519731502880791e-4,0.024349015401239422,0.051951694461244334,4
5000,0.1,0.02,3,0.01591883705752887,0.003072112200600835,0.024349015401239422,0.030708285658432394,5
5000,0.1,0.02,4,0.6140939647144591,-0.019080898396247215,0.024349015401239422,0.0297062121185983,1
5000,0.1,0.02,5,0.015390297176682905,0.0030206813020464745,0.024349015401239422,0.008338019342132004,2
5000,0.1,0.02,6,0.28624078453085305,-0.013027082428902522,0.024349015401239422,0.0019284932568067684,3
5000,0.1,0.05,1,0.28388932827005525,0.013068910985552167,0.024528154117954462,0.09611377870434024,4
5000,0.1,0.05,2,0.04258581847378589,0.005061711235974746,0.024528154117954462,0.07460619724991199,6
5000,0.1,0.05,3,0.009299120896659135,-0.0023652977207936463,0.024528154117954462,0.031241891597591182,1
5000,0.1,0.05,4,0.004382525096023962,0.0016237795672479991,0.024528154117954462,0.030700624235705604,5
5000,0.1,0.05,5,0.03417925396162789,0.004534674887291885,0.024528154117954462,0.008514955524079586,2
5000,0.1,0.05,6,0.6256639533018479,-0.019401505604591824,0.024528154117954462,0.001933142681616607,3
5000,0.1,0.1,1,0.14780993052163827,-0.00702470052993269,0.018271575976693693,0.1371944361504239,4
5000,0.1,0.1,2,0.04812701565952585,-0.004008394653257341,0.018271575976693693,0.10071131023283578,6
5000,0.1,0.1,3,0.27875760428312796,0.009646935389593079,0.018271575976693693,0.031834550646889434,1
5000,0.1,0.1,4,0.038080425757677554,0.0035655530774400057,0.018271575976693693,0.03070451104453331,5
5000,0.1,0.1,5,0.01436526436505789,0.0021899430422224085,0.018271575976693693,0.0086153749646259,2
5000,0.1,0.1,6,0.47285975941297254,-0.012564412511271182,0.018271575976693693,0.0019353772944255957,3
5000,0.1,0.2,1,0.24727527124128929,-0.005682857816291888,0.01142816354410627,0.19421037666789026,4
5000,0.1,0.2,2,0.0801271432676311,0.0032349403458999445,0.01142816354410627,0.13956973680897614,6
5000,0.1,0.2,3,0.29829808161388377,-0.006241682552247844,0.01142816354410627,0.03220401436317723,1
5000,0.1,0.2,4,0.025894891662149033,-0.0018390074811465266,0.01142816354410627,0.03070562748182283,5
5000,0.1,0.2,5,7.146927468670616e-4,3.0551752988412583e-4,0.01142816354410627,0.008718192870396558,2
5000,0.1,0.2,6,0.34768991946817984,-0.006738643738120008,0.01142816354410627,0.0019375796464440771,3
5000,0.1,0.5,1,0.003243394511213014,0.001702541109593869,0.029894942228230772,0.3070922861941224,4
5000,0.1,0.5,2,0.025778489535296545,-0.004799836587034735,0.029894942228230772,0.21856599096801527,6
5000,0.1,0.5,3,0.07496837517292519,-0.008185340827651053,0.029894942228230772,0.0327690409560461,1
5000,0.1,0.5,4,0.16430109355434605,0.012117637195635328,0.029894942228230772,0.030706688277549358,5
5000,0.1,0.5,5,0.07828893287871902,-0.00836465253467558,0.029894942228230772,0.008932815845312424,2
5000,0.1,0.5,6,0.6534197143475002,0.024165391485375328,0.029894942228230772,0.0019419770212515178,3
5000,0.1,1,1,0.06152629995207458,-0.004478916449923248,0.018056873766220286,0.4342944701362543,4
5000,0.1,1,2,0.03906146631894488,0.0035687558131477642,0.018056873766220286,0.30834854350199514,6
5000,0.1,1,3,0.0018847462356516018,7.839150534359086e-4,0.018056873766220286,0.03448774185256503,1
5000,0.1,1,4,0.2163422323570914,-0.008398722175511695,0.018056873766220286,0.030707818210511856,5
5000,0.1,1,5,0.24313363059325924,-0.008903588493860458,0.018056873766220286,0.009263727190006624,2
5000,0.1,1,6,0.43805162454297825,-0.011951026505263291,0.018056873766220286,0.0019474004066194596,3
5000,0.2,0.01,1,0.00032300092963360273,-3.8781827547048557e-4,0.021578755025665357,0.050857878162675146,6
5000,0.2,0.01,2,0.39134070126961285,0.013499071390850612,0.021578755025665357,0.04341364038668899,5
5000,0.2,0.01,3,0.3463627487583669,-0.012699656475124917,0.021578755025665357,0.03284805349208392,4
5000,0.2,0.01,4,0.06940405320385135,0.0056848472746081746,0.021578755025665357,0.02790839516533578,1
5000,0.2,0.01,5,0.12921322468515833,0.007756751300797172,0.021578755025665357,0.008232453414965509,2
5000,0.2,0.01,6,0.06335627115337703,-0.005431517574618228,0.021578755025665357,0.0019242122936904804,3
5000,0.2,0.02,1,0.56886583322832,-0.017937636706712008,0.023782652969285552,0.05984592712266816,6
5000,0.2,0.02,2,0.07779330953399802,-0.006633327240118499,0.023782652969285552,0.05028957004943576,4
5000,0.2,0.02,3,0.04125769835933477,-0.0048307303611793235,0.023782652969285552,0.043419447204172935,5
5000,0.2,0.02,4,0.008819263839414993,-0.002233451193187148,0.023782652969285552,0.02996603793051626,1
5000,0.2,0.02,5,0.22994878192723747,-0.011404489652342528,0.023782652969285552,0.008367695991491376,2
5000,0.2,0.02,6,0.07331511311169477,0.006439572740161429,0.023782652969285552,0.0019288150626737685,3
5000,0.2,0.05,1,0.009581288940733401,-0.00144662807754157,0.014778995653342446,0.0947862070393531,4
5000,0.2,0.05,2,0.12487818084614048,-0.005222617301932328,0.014778995653342446,0.07575357053131515,6
5000,0.2,0.05,3,0.3096068093856495,0.008223376477695013,0.014778995653342446,0.043424032702809014,5
5000,0.2,0.05,4,0.0037598743294250153,9.062157084688535e-4,0.014778995653342446,0.03128827767265666,1
5000,0.2,0.05,5,0.4430158578487346,0.009836816217554086,0.014778995653342446,0.008521516621014327,2
5000,0.2,0.05,6,0.10915798864931697,0.00488284213775358,0.014778995653342446,0.0019331794119061129,3
5000,0.2,0.1,1,0.4395870885148173,-0.01612968306575239,0.024327829869034936,0.13686877685461488,4
5000,0.2,0.1,2,0.26262563643133724,-0.012467286189936437,0.024327829869034936,0.10151131797388148,6
5000,0.2,0.1,3,0.045935043746967975,0.005214052949360973,0.024327829869034936,0.04342571266964076,5
5000,0.2,0.1,4,3.925980832003499e-4,-4.820337618302577e-4,0.024327829869034936,0.03184168393468297,1
5000,0.2,0.1,5,0.13082391647789765,-0.00879927606397433,0.024327829869034936,0.008618635789928835,2
5000,0.2,0.1,6,0.12063571674577951,0.008449700671443553,0.024327829869034936,0.0019353913612523577,3
5000,0.2,0.2,1,0.19060596709031893,-0.01880752825375225,0.04307878805220998,0.1941765795100422,4
5000,0.2,0.2,2,0.008601511953528969,0.003995313615289781,0.04307878805220998,0.13991445204485986,6
5000,0.2,0.2,3,0.34306106498505684,-0.025231855707717576,0.04307878805220998,0.043426678761353824,5
5000,0.2,0.2,4,0.004439769497278046,0.0028704083731434355,0.04307878805220998,0.03220310740274754,1
5000,0.2,0.2,5,0.1603623423711925,0.017251015774458714,0.04307878805220998,0.008719620203048157,2
5000,0.2,0.2,6,0.29292934410262467,-0.023315509820990513,0.04307878805220998,0.0019375959058652464,3
5000,0.2,0.5,1,0.037156975845352165,0.004817019475711192,0.024989537716296063,0.3070914374993174,4
5000,0.2,0.5,2,0.7235995188119585,-0.02125726354189402,0.024989537716296063,0.21864944445891135,6
5000,0.2,0.5,3,0.15845859175448707,0.00994754971107059,0.024989537716296063,0.04342753319442354,5
5000,0.2,0.5,4,0.07835265383089421,0.006994957457774497,0.024989537716296063,0.03276518339779507,1
5000,0.2,0.5,5,6.273973368274096e-4,6.259354629232997e-4,0.024989537716296063,0.00893198259844032,2
5000,0.2,0.5,6,0.001804862420480625,-0.0010616473337342446,0.024989537716296063,0.0019419906320779843,3
5000,0.2,1,1,0.270329359402394,-0.02177593019860089,0.041882259962411135,0.4342944351134932,4
5000,0.2,1,2,0.00939837569850498,-0.0040602849099671354,0.041882259962411135,0.3083769646394688,6
5000,0.2,1,3,0.0796632650236245,-0.011821134512481795,0.041882259962411135,0.043428291719657626,5
5000,0.2,1,4,0.6400025160333571,0.033505873830591136,0.041882259962411135,0.03448694568362072,1
5000,0.2,1,5,3.005684902493171e-4,7.261090221771047e-4,0.041882259962411135,0.0092658436779871,2
5000,0.2,1,6,3.059153518700464e-4,-7.325389878867711e-4,0.041882259962411135,0.0019474112916131633,3
5000,0.5,0.01,1,8.832798087817313e-4,5.451597950705709e-4,0.018343181706620335,0.06861714941546097,5
5000,0.5,0.01,2,0.7358632217127585,0.015735234406353542,0.018343181706620335,0.05660038564807902,6
5000,0.5,0.01,3,0.06541087338310214,-0.004691369523003953,0.018343181706620335,0.031219989078254535,1
5000,0.5,0.01,4,0.16394859365603412,-0.007427258098952583,0.018343181706620335,0.027433925492458804,4
5000,0.5,0.01,5,0.01947316807509469,0.002559723021146761,0.018343181706620335,0.00833296880130484,2
5000,0.5,0.01,6,0.014420863364228851,0.0022027758129735822,0.018343181706620335,0.0019268000631994019,3
5000,0.5,0.02,1,0.6055379280149549,-0.020471321511951596,0.02630723497490857,0.06863202866108999,5
5000,0.5,0.02,2,0.06964352119360831,-0.006942494820742774,0.02630723497490857,0.06365870938009123,6
5000,0.5,0.02,3,0.1184167101311813,-0.009052774439611312,0.02630723497490857,0.04669589550209062,4
5000,0.5,0.02,4,0.021433322014694684,0.003851411726164808,0.02630723497490857,0.030346979377866536,1
5000,0.5,0.02,5,0.1101999084794123,-0.00873304746960943,0.02630723497490857,0.008412533424269354,2
5000,0.5,0.02,6,0.07476861016614848,0.007193410720788085,0.02630723497490857,0.0019295739430469922,3
5000,0.5,0.05,1,0.23721979390965178,0.010014544642001138,0.02056154500791189,0.09214951066138174,4
5000,0.5,0.05,2,0.13545502937190645,-0.007567515377157069,0.02056154500791189,0.07734872441047039,6
5000,0.5,0.05,3,0.4797988866080161,0.014242471616634944,0.02056154500791189,0.06864486083936616,5
5000,0.5,0.05,4,0.08531279611951474,0.0060056889164532955,0.02056154500791189,0.03138129358705895,1
5000,0.5,0.05,5,0.008817879102238343,0.0019308023324452325,0.02056154500791189,0.008533432975888811,2
5000,0.5,0.05,6,0.05339561488867252,-0.0047512572003003605,0.02056154500791189,0.0019332942006611152,3
5000,0.5,0.1,1,0.004057879791059143,-0.001395364774143569,0.02190474320981745,0.13551645643926388,4
5000,0.5,0.1,2,0.009079886040794216,-0.0020872687220736255,0.02190474320981745,0.10327346750237612,6
5000,0.5,0.1,3,0.17411611137695737,0.009140240979748493,0.02190474320981745,0.06865118842722426,5
5000,0.5,0.1,4,0.3383697742324715,-0.012741892804025158,0.02190474320981745,0.03186205402705425,1
5000,0.5,0.1,5,0.3228253497997529,-0.012445776033776956,0.02190474320981745,0.008623517827612023,2
5000,0.5,0.1,6,0.1515509987589649,0.008527418310186115,0.02190474320981745,0.0019354396998119633,3
5000,0.5,0.2,1,0.00960680061357492,-0.0017923776267677,0.018286901501197102,0.19397100997769678,4
5000,0.5,0.2,2,0.43924477906535886,-0.012119743530897517,0.018286901501197102,0.14085124224587015,6
5000,0.5,0.2,3,0.20439761018886352,-0.008267572890334062,0.018286901501197102,0.06865476462099807,5
5000,0.5,0.2,4,0.06724023085032997,0.004741925467494165,0.018286901501197102,0.032214188836243406,1
5000,0.5,0.2,5,0.26950979467189823,-0.009493522898239142,0.018286901501197102,0.008721099217824263,2
5000,0.5,0.2,6,0.01000078460997445,0.0018287618891391572,0.018286901501197102,0.0019376229825157553,3
5000,0.5,0.5,1,3.37087456324064e-4,-3.245097044686899e-4,0.017674876705419562,0.3070854932714097,4
5000,0.5,0.5,2,0.03047723196613375,0.003085632166544268,0.017674876705419562,0.21889819129266966,6
5000,0.5,0.5,3,0.04264438528554403,0.003649953420870762,0.017674876705419562,0.0686580374790432,5
5000,0.5,0.5,4,0.13592214004955358,-0.006516306369708945,0.017674876705419562,0.03276737161681093,1
5000,0.5,0.5,5,0.32140931968719433,-0.01002041309287329,0.017674876705419562,0.008934441629733468,2
5000,0.5,0.5,6,0.4692098355552502,0.012107094899521272,0.017674876705419562,0.0019420179354680256,3
5000,0.5,1,1,0.3349356191625886,0.02017270846402352,0.03485648134924513,0.4342941892920662,4
5000,0.5,1,2,0.5630767205214552,0.02615575921065081,0.03485648134924513,0.3084620877881742,6
5000,0.5,1,3,5.707157844287625e-4,8.32709436807493e-4,0.03485648134924513,0.06866086232931724,5
5000,0.5,1,4,3.362947584101002e-4,6.392100484344166e-4,0.03485648134924513,0.034488812914378116,1
5000,0.5,1,5,0.01895932621047799,-0.004799488924909161,0.03485648134924513,0.009265500290031176,2
5000,0.5,1,6,0.08212132356263929,-0.009988758529354342,0.03485648134924513,0.001947437217129264,3
5000,1,0.01,1,0.25025060943933125,-0.005690273763396761,0.011374847666482167,0.09698811549817674,5
5000,1,0.01,2,0.02318599679992611,0.0017320422236848283,0.011374847666482167,0.0628733063062686,6
5000,1,0.01,3,0.10311472748714696,0.00365263215853248,0.011374847666482167,0.031057103829456253,1
5000,1,0.01,4,0.13757510842148696,-0.004219058246541659,0.011374847666482167,0.026087975630690284,4
5000,1,0.01,5,0.3167241599106883,-0.006401565384770696,0.011374847666482167,0.008406264683596325,2
5000,1,0.01,6,0.16914939794142056,0.00467822189724846,0.011374847666482167,0.0019288707249147722,3
5000,1,0.02,1,0.014785969693603067,-0.00248888755368614,0.020468233845682627,0.09701306232499789,5
5000,1,0.02,2,0.14990990889925218,0.00792493192235701,0.020468233845682627,0.06870394034913048,6
5000,1,0.02,3,0.023033758392599416,0.003106438596966637,0.020468233845682627,0.04363819684363303,4
5000,1,0.02,4,2.700969648740345e-6,3.363877887550763e-5,0.020468233845682627,0.030656226605649563,1
5000,1,0.02,5,0.5954848102258239,-0.01579485756937762,0.020468233845682627,0.008453817240016094,2
5000,1,0.02,6,0.21678285181907272,-0.009529998508476644,0.020468233845682627,0.001930471912147063,3
5000,1,0.05,1,0.49069972516179355,0.027009256451708555,0.038557131899876806,0.09704862256298323,5
5000,1,0.05,2,0.16468540255351155,-0.01564704292515317,0.038557131899876806,0.09113852418236322,4
5000,1,0.05,3,0.04140070646936921,-0.007845282689403859,0.038557131899876806,0.07742692391315498,4
5000,1,0.05,4,0.17753698461456058,-0.016246100697641274,0.038557131899876806,0.031463744080766645,1
5000,1,0.05,5,0.048131174279804165,-0.008458979059974892,0.038557131899876806,0.008548489186516515,2
5000,1,0.05,6,0.07754600692096088,0.010737036782888362,0.038557131899876806,0.0019334719139409361,3
5000,1,0.1,1,0.0038116272948903553,0.0011857266720896515,0.019205666136793684,0.13327419603386964,4
5000,1,0.1,2,2.5580125764047348e-5,9.713611119349678e-5,0.019205666136793684,0.1051557400466397,6
5000,1,0.1,3,0.0789339380113669,-0.005395867294654819,0.019205666136793684,0.09706304176032074,5
5000,1,0.1,4,0.05565438112248025,-0.004530843420899322,0.019205666136793684,0.03189337055902941,1
5000,1,0.1,5,0.6737702041129529,-0.015764684213862103,0.019205666136793684,0.008628882456010706,2
5000,1,0.1,6,0.18780426933254546,0.008323042368266297,0.019205666136793684,0.001935516192999062,3
5000,1,0.2,1,0.2917756551113895,-0.011133243992991756,0.0206109116006743,0.19340252019085555,4
5000,1,0.2,2,0.10303560486962257,-0.0066159294150767555,0.0206109116006743,0.14216335093637775,6
5000,1,0.2,3,0.014157293187471501,-0.00245237744776719,0.0206109116006743,0.09707306217816249,5
5000,1,0.2,4,0.43542895669230275,0.013600530668088336,0.0206109116006743,0.03222189090640626,1
5000,1,0.2,5,0.06463094224664918,0.005239832984046666,0.0206109116006743,0.008721610689893028,2
5000,1,0.2,6,0.09097154789256452,-0.006216558041023491,0.0206109116006743,0.0019376769399894664,3
5000,1,0.5,1,0.0475252901693335,0.00462970411034107,0.02123688655326667,0.30706530089724715,4
5000,1,0.5,2,0.0034059603806188203,0.0012393975775228249,0.02123688655326667,0.21930052264972638,6
5000,1,0.5,3,0.8727761271593084,-0.019840027800304312,0.02123688655326667,0.09708209685775357,5
5000,1,0.5,4,0.005497220183666101,0.00157457159747654,0.02123688655326667,0.0327691886865125,1
5000,1,0.5,5,0.06630253147298013,0.005468344945633784,0.02123688655326667,0.008933459316332867,2
5000,1,0.5,6,0.00449287063409292,0.001423484701348714,0.02123688655326667,0.0019420645754799494,3
5000,1,1,1,0.027334987861867742,0.002824689467101589,0.017084853841566144,0.4342933209568119,4
5000,1,1,2,0.19232337969796454,-0.007492509615119915,0.017084853841566144,0.3086032892922479,6
5000,1,1,3,0.2409092788831889,0.008385675096893792,0.017084853841566144,0.09709002092888261,5
5000,1,1,4,0.23035961394805393,-0.00820001107308311,0.017084853841566144,0.03449169875530953,1
5000,1,1,5,0.29269427966237627,0.009243115612684033,0.017084853841566144,0.009266213646474555,2
5000,1,1,6,0.016378459946548553,-0.0021864915299778047,0.017084853841566144,0.0019474803783470372,3
5000,10,0.01,1,0.6843548615598609,-0.018577153281161427,0.02245631471545624,0.3051593621495639,5
5000,10,0.01,2,0.008254801128334896,0.0020402894952896477,0.02245631471545624,0.09769352077851332,6
5000,10,0.01,3,0.08507265642286935,0.006549882107561938,0.02245631471545624,0.03182563423314219,1
5000,10,0.01,4,0.18027182709315367,0.009534598645177465,0.02245631471545624,0.02193489314557853,4
5000,10,0.01,5,0.01343356258884386,-0.0026027597837837593,0.02245631471545624,0.008593609203501901,2
5000,10,0.01,6,0.028612291206937385,-0.0037985233846322985,0.02245631471545624,0.0019346845043931506,3
5000,10,0.02,1,4.6479768108282445e-4,-5.529893994276041e-4,0.025649850006491604,0.305217256155905,5
5000,10,0.02,2,0.0025353252807246924,-0.0012915215981859956,0.025649850006491604,0.10184470437164526,6
5000,10,0.02,3,9.323961835647466e-5,2.476766548595623e-4,0.025649850006491604,0.03457614676450449,4
5000,10,0.02,4,0.9474775406841105,0.02496716847698014,0.025649850006491604,0.03152031050080042,1
5000,10,0.02,5,0.03471961573010397,-0.004779387955072251,0.025649850006491604,0.008599978602604356,2
5000,10,0.02,6,0.01470948100562156,0.003110881761284763,0.025649850006491604,0.0019348389082821439,3
5000,10,0.05,1,0.027656447458160864,-0.004831849273412759,0.02905461879326925,0.3054652160546548,5
5000,10,0.05,2,0.004575979441122033,-0.001965428340250236,0.02905461879326925,0.11265902098433966,6
5000,10,0.05,3,0.13525300657829756,-0.01068534738177139,0.02905461879326925,0.06502749575759142,4
5000,10,0.05,4,0.3826735688229458,0.017973365871542253,0.02905461879326925,0.03190387235292535,1
5000,10,0.05,5,0.13044709868062135,-0.010493790602185749,0.02905461879326925,0.008623894821331345,2
5000,10,0.05,6,0.31939389901885235,0.01642020178428347,0.02905461879326925,0.0019355237436122037,3
5000,10,0.1,1,0.3371655992566683,0.008503911314849656,0.014645260251304094,0.30575202667720136,5
5000,10,0.1,2,0.1290403484680145,-0.005260897704429464,0.014645260251304094,0.13294692966289107,6
5000,10,0.1,3,0.277377230679151,-0.007713162792305862,0.014645260251304094,0.10402529750174706,4
5000,10,0.1,4,0.017471445195140347,-0.0019358045609741074,0.014645260251304094,0.032086330439856245,1
5000,10,0.1,5,0.23493737458268976,0.0070986072656352124,0.014645260251304094,0.008667553147872431,2
5000,10,0.1,6,0.0040080018183360966,-9.271735816446115e-4,0.014645260251304094,0.00193674172026339,3
5000,10,0.2,1,0.3003951797410216,-0.014375359673976594,0.026228426666028,0.3059818018525255,5
5000,10,0.2,2,0.0644419274581952,-0.006658194853096364,0.026228426666028,0.18326800676595445,4
5000,10,0.2,3,9.933393997899277e-5,2.6140932199121656e-4,0.026228426666028,0.15082560689255953,6
5000,10,0.2,4,0.42275340574279296,0.017053589208030472,0.026228426666028,0.03232159410015605,1
5000,10,0.2,5,0.2040587381388865,0.011848130750708662,0.026228426666028,0.008747022213324511,2
5000,10,0.2,6,0.00825141497912477,0.002382519448284058,0.026228426666028,0.001938624646649771,3
5000,10,0.5,1,0.4485906836645622,-0.014767679401499376,0.022048910293382365,0.3062059598575004,5
5000,10,0.5,2,0.18523571373588726,0.009489634641476929,0.022048910293382365,0.3052756107892913,4
5000,10,0.5,3,0.1580544089538734,-0.008765777403324168,0.022048910293382365,0.22496652499156194,6
5000,10,0.5,4,6.763249107757958e-5,-1.8132797956268176e-4,0.022048910293382365,0.03282199322362915,1
5000,10,0.5,5,0.011901498432804223,0.0024054035766921536,0.022048910293382365,0.00894839514003925,2
5000,10,0.5,6,0.19615006272179536,0.009765204806038147,0.022048910293382365,0.0019429012667208517,3
5000,10,1,1,0.10607954738983909,0.010236934566835287,0.0314307032509115,0.43418643431782267,4
5000,10,1,2,0.001385494793446043,0.0011699210289751972,0.0314307032509115,0.3110281684943899,6
5000,10,1,3,0.4348973693532434,-0.020727526957657637,0.0314307032509115,0.30640983790373455,5
5000,10,1,4,0.35994109870758384,-0.018856879129901426,0.0314307032509115,0.03453032885693866,1
5000,10,1,5,0.08489696183229836,-0.009157990161521308,0.0314307032509115,0.009279103190818408,2
5000,10,1,6,0.012799527923589214,0.0035559125704235158,0.0314307032509115,0.0019482900901939563,3
10000,0.05,0.01,1,0.28345826054407375,0.011681121604849996,0.02194016989617729,0.04164660371146945,4
10000,0.05,0.01,2,0.3476412768821575,0.012936168220911952,0.02194016989617729,0.03672191712059986,4
10000,0.05,0.01,3,0.016930082340766716,0.0028547594642718576,0.02194016989617729,0.021714142112406166,5
10000,0.05,0.01,4,0.00973213577867654,0.002164432597217208,0.02194016989617729,0.021062221014504078,1
10000,0.05,0.01,5,0.3143464649296552,-0.01230110927850391,0.02194016989617729,0.005885034232327982,2
10000,0.05,0.01,6,0.027891779524670295,-0.003664190952673933,0.02194016989617729,0.0013635384509483443,3
10000,0.05,0.02,1,0.22441678767243248,0.010791008504680517,0.022778984760579518,0.060288527366474866,4
10000,0.05,0.02,2,0.32673403560439995,0.01302061664445224,0.022778984760579518,0.04824875030816221,6
10000,0.05,0.02,3,1.373814731746822e-4,2.669921229564798e-4,0.022778984760579518,0.02194032853388078,1
10000,0.05,0.02,4,0.3277990966095559,-0.013041821151301404,0.022778984760579518,0.021712181020049272,5
10000,0.05,0.02,5,0.03122896465700577,0.004025438140271804,0.022778984760579518,0.005979855523552741,2
10000,0.05,0.02,6,0.08968373398343127,0.006821677829935363,0.022778984760579518,0.0013660979424498629,3
10000,0.05,0.05,1,0.1500775208715463,-0.008617651091558797,0.02224493202810604,0.0970029064017104,4
10000,0.05,0.05,2,0.15262528624544816,0.008690491292933462,0.02224493202810604,0.07119208317609152,6
10000,0.05,0.05,3,0.3378514799770528,0.01292986516222484,0.02224493202810604,0.022528029348338276,1
10000,0.05,0.05,4,0.12864395110592042,0.007978583016657149,0.02224493202810604,0.021713794450133862,5
10000,0.05,0.05,5,0.052007985223908475,0.005073014432551289,0.02224493202810604,0.006063187247316107,2
10000,0.05,0.05,6,0.17879377657612378,-0.009406049977901558,0.02224493202810604,0.0013679945684808047,3
10000,0.05,0.1,1,0.025573202756070633,-0.006816300823950896,0.04262419479830887,0.1373256591589796,4
10000,0.05,0.1,2,0.009759317384619128,0.004210812552902759,0.04262419479830887,0.09865036781093169,6
10000,0.05,0.1,3,0.14441296376454021,-0.016197921072862175,0.04262419479830887,0.022756106587636046,1
10000,0.05,0.1,4,0.002661483563222329,-0.0021989638111932263,0.04262419479830887,0.021714015246571412,5
10000,0.05,0.1,5,0.301312189143189,0.023397235066165614,0.04262419479830887,0.006113864694212532,2
10000,0.05,0.1,6,0.5162808433883587,-0.030626628695611995,0.04262419479830887,0.0013690538501826316,3
10000,0.05,0.2,1,0.1204298739503516,-0.008767341348623926,0.02526392363075431,0.19422162131346785,4
10000,0.05,0.2,2,0.02931131915829784,-0.004325322376726476,0.02526392363075431,0.13834792603195573,6
10000,0.05,0.2,3,0.5929493920848834,0.01945403146313112,0.02526392363075431,0.022921086304649636,1
10000,0.05,0.2,4,0.2176744830066308,0.011787034662619154,0.02526392363075431,0.021714133811510886,5
10000,0.05,0.2,5,0.035276456577738785,0.004745077142867763,0.02526392363075431,0.006173251336720578,2
10000,0.05,0.2,6,0.004358475222097646,0.0016678926334261848,0.02526392363075431,0.001370349803004916,3
10000,0.05,0.5,1,0.3490330657724743,0.011661483601006984,0.019738789694760565,0.30709255532820845,4
10000,0.05,0.5,2,0.13228716874102092,0.00717925502331783,0.019738789694760565,0.21783037259987778,6
10000,0.05,0.5,3,0.30231755081211625,-0.010853059905447918,0.019738789694760565,0.02325188558921688,1
10000,0.05,0.5,4,0.05775352039598813,-0.004743618464948886,0.019738789694760565,0.021714283804580337,5
10000,0.05,0.5,5,0.12684408724736698,0.007030004997549839,0.019738789694760565,0.006317953244607027,2
10000,0.05,0.5,6,0.03176460703103337,-0.0035179710672169776,0.019738789694760565,0.0013733047031181881,3
10000,0.05,1,1,0.514747691416041,0.013264420152083472,0.018488048254032004,0.4342944811723618,4
10000,0.05,1,2,0.3326338855252469,-0.010662874812870224,0.018488048254032004,0.3077112666402641,6
10000,0.05,1,3,4.754792716476223e-4,-4.031408993944451e-4,0.018488048254032004,0.024453541225792907,1
10000,0.05,1,4,0.012275130082257859,0.002048349770506734,0.018488048254032004,0.021714472380493663,5
10000,0.05,1,5,0.0029361323733955802,-0.001001795050695883,0.018488048254032004,0.006552583483283997,2
10000,0.05,1,6,0.13693168133141098,0.006841369329803589,0.018488048254032004,0.00137708382792129,3
10000,0.1,0.01,1,0.03546680904403975,-0.004609709389460314,0.024477242394965282,0.042286116171371735,6
10000,0.1,0.01,2,0.3628022765532091,0.014743394635043143,0.024477242394965282,0.03555336546941858,4
10000,0.1,0.01,3,0.14548584049443475,0.0093362581663984,0.024477242394965282,0.030706231512555995,5
10000,0.1,0.01,4,0.02086614601780392,-0.003535766768604679,0.024477242394965282,0.021235532027074157,1
10000,0.1,0.01,5,0.16786328984799198,-0.010028601024721103,0.024477242394965282,0.005906162506871088,2
10000,0.1,0.01,6,0.26751563804252043,0.012660098243589622,0.024477242394965282,0.0013637578027230772,3
10000,0.1,0.02,1,0.04741141157969005,-0.005453534509803205,0.02504589887823591,0.0591630776625373,4
10000,0.1,0.02,2,0.20611214914408285,0.011370731869795774,0.02504589887823591,0.04899952655102593,6
10000,0.1,0.02,3,0.4061004566478206,-0.015960752448118898,0.02504589887823591,0.030707499109081174,5
10000,0.1,0.02,4,0.0017120724724937633,0.0010363291043105018,0.02504589887823591,0.021993903387048354,1
10000,0.1,0.02,5,0.06540880676742203,-0.006405525081498009,0.02504589887823591,0.005986673112321094,2
10000,0.1,0.02,6,0.27325510338849063,0.013092445165901617,0.02504589887823591,0.0013661360008129287,3
10000,0.1,0.05,1,0.1508570476521516,-0.010667019804347417,0.027463779232027294,0.0967578303383033,4
10000,0.1,0.05,2,0.03376501767389357,0.005046540814835805,0.027463779232027294,0.0717607618539541,6
10000,0.1,0.05,3,0.34330789878589046,0.016091709998990074,0.027463779232027294,0.030708322362710677,5
10000,0.1,0.05,4,0.24782165058929775,-0.01367193301653203,0.027463779232027294,0.022529561227558583,1
10000,0.1,0.05,5,0.22424830051208144,-0.013005434900537526,0.027463779232027294,0.006063594450854714,2
10000,0.1,0.05,6,8.478668521613354e-8,-7.996945341391633e-6,0.027463779232027294,0.001367998169494454,3
10000,0.1,0.1,1,0.08484615992633426,-0.003842949339992057,0.013193151930763633,0.13729682541363938,4
10000,0.1,0.1,2,0.45722347358319226,-0.008920985287053027,0.013193151930763633,0.09890325969517932,6
10000,0.1,0.1,3,0.24756651241976493,-0.006564392083415327,0.013193151930763633,0.030708614039844467,5
10000,0.1,0.1,4,0.20710067160769666,0.006003981112898674,0.013193151930763633,0.022754036416188422,1
10000,0.1,0.1,5,6.138652604595903e-5,1.033677569006279e-4,0.013193151930763633,0.006113047405937372,2
10000,0.1,0.1,6,0.0032017959369659947,7.465267742243129e-4,0.013193151930763633,0.001369059242741138,3
10000,0.1,0.2,1,0.3717305390243082,0.0070667857846210295,0.011590650381275136,0.19421934970605836,4
10000,0.1,0.2,2,0.015894497701912768,-0.001461272495583006,0.011590650381275136,0.13843922514336407,6
10000,0.1,0.2,3,0.5712239075897759,-0.008760138931649649,0.011590650381275136,0.030708779535482844,5
10000,0.1,0.2,4,0.030282700476886932,0.0020169963232053944,0.011590650381275136,0.02291631992789604,1
10000,0.1,0.2,5,6.047359626262975e-4,2.8503008616362243e-4,0.011590650381275136,0.006174098554157088,2
10000,0.1,0.2,6,0.010263619244489942,-0.001174243249602835,0.011590650381275136,0.0013703532341419683,3
10000,0.1,0.5,1,0.005104159302052863,0.0016039539989063038,0.02245069544360058,0.30709250181011594,4
10000,0.1,0.5,2,0.012012706200245072,-0.002460652162388513,0.02245069544360058,0.2178513412738274,6
10000,0.1,0.5,3,0.31842324083404205,-0.01266870366261488,0.02245069544360058,0.030708924536670488,5
10000,0.1,0.5,4,0.2862000050936408,0.012010597608792039,0.02245069544360058,0.023250996508679837,1
10000,0.1,0.5,5,0.0013388170319540832,8.214675507382789e-4,0.02245069544360058,0.0063178085180903756,2
10000,0.1,0.5,6,0.37692107153806514,-0.013783357067784479,0.02245069544360058,0.0013733075900476974,3
10000,0.1,1,1,0.039157643116992435,0.005608830781664129,0.028344190982229116,0.43429447897634615,4
10000,0.1,1,2,3.7282105799424364e-4,-5.47285929661208e-4,0.028344190982229116,0.30771833342540456,6
10000,0.1,1,3,0.06378674364967785,0.007158619538869062,0.028344190982229116,0.03070905601245821,5
10000,0.1,1,4,0.10539072807917657,0.009201640632141414,0.028344190982229116,0.024452959424022813,1
10000,0.1,1,5,0.790499696321739,-0.02520083433010645,0.028344190982229116,0.006553919084018868,2
10000,0.1,1,6,7.923677744198553e-4,7.978614241235109e-4,0.028344190982229116,0.0013770873040388886,3
10000,0.2,0.01,1,0.024306399565004213,-0.004823992982412889,0.03094185530827281,0.044132002454179656,6
10000,0.2,0.01,2,5.988785316260693e-4,-7.572089235560286e-4,0.03094185530827281,0.043420120222372516,5
10000,0.2,0.01,3,0.006314246460620867,0.0024587089134806804,0.03094185530827281,0.03368831724763435,4
10000,0.2,0.01,4,0.21208115378466844,-0.014249426634325872,0.03094185530827281,0.021433171976267606,1
10000,0.2,0.01,5,0.6400479648156313,-0.024754411804480334,0.03094185530827281,0.005928902710079456,2
10000,0.2,0.01,6,0.11665135684244908,0.01056796212879988,0.03094185530827281,0.0013641174282946124,3
10000,0.2,0.02,1,0.19272293567435536,-0.010366348840423735,0.023613432303930183,0.05800100941466661,4
10000,0.2,0.02,2,0.0030904841375990555,0.001312720832657288,0.023613432303930183,0.049515826313482954,6
10000,0.2,0.02,3,0.00986302329282357,-0.0023451150155796856,0.023613432303930183,0.04342431328813333,5
10000,0.2,0.02,4,0.6146947297016545,0.018513514170402583,0.023613432303930183,0.02206220639658025,1
10000,0.2,0.02,5,0.1757790497942448,-0.009900170505621706,0.023613432303930183,0.005995531566025845,2
10000,0.2,0.02,6,0.003849777399322678,-0.0014651325851505863,0.023613432303930183,0.0013662066478063162,3
10000,0.2,0.05,1,0.6405074851010163,-0.02912303651269388,0.03638937110627448,0.09611063921232448,4
10000,0.2,0.05,2,0.021739185027146144,0.005365326795977945,0.03638937110627448,0.07265378737577521,6
10000,0.2,0.05,3,0.05564512788971341,0.008583968642498833,0.03638937110627448,0.043426560153632617,5
10000,0.2,0.05,4,0.12749432326096166,0.01299331520253069,0.03638937110627448,0.022547951377743403,1
10000,0.2,0.05,5,0.14641856869864128,-0.013924276177137021,0.03638937110627448,0.006066587021125801,2
10000,0.2,0.05,6,0.008195310022521232,0.003294255226590716,0.03638937110627448,0.0013680101333424604,3
10000,0.2,0.1,1,0.017651869846124855,0.00393373293298446,0.029608030086271477,0.13719503932252203,4
10000,0.2,0.1,2,0.14055560067497772,-0.011100271241182213,0.029608030086271477,0.09936971600339733,6
10000,0.2,0.1,3,0.27178970687511916,0.015435688866815279,0.029608030086271477,0.04342736422299227,5
10000,0.2,0.1,4,0.30236182790489863,-0.016280697028526872,0.029608030086271477,0.02275240727488629,1
10000,0.2,0.1,5,0.13283953321344405,0.010791285530022652,0.029608030086271477,0.006113495415646446,2
10000,0.2,0.1,6,0.1348014614854355,0.01087068255701583,0.029608030086271477,0.0013690632315358133,3
10000,0.2,0.2,1,0.11791733386650388,-0.0077479513435340635,0.022563063162428485,0.1942105720730452,4
10000,0.2,0.2,2,0.6184344882977939,-0.017743729561394635,0.022563063162428485,0.1386180454544211,6
10000,0.2,0.2,3,0.15547840462096052,0.008896785029770702,0.022563063162428485,0.04342782208550092,5
10000,0.2,0.2,4,0.012388954404089709,0.0025113970885649746,0.022563063162428485,0.02291746057707934,1
10000,0.2,0.2,5,0.04433363467425145,0.004750777908010776,0.022563063162428485,0.006173221142424798,2
10000,0.2,0.2,6,0.05144718413640042,-0.005117747606946649,0.022563063162428485,0.0013703558170218896,3
10000,0.2,0.5,1,0.3832726702818991,0.020003620961503578,0.03231131926144817,0.30709228964777036,4
10000,0.2,0.5,2,0.038266305448119146,0.006320667683550504,0.03231131926144817,0.2178932582840726,6
10000,0.2,0.5,3,0.02151990849465255,0.004739962443990372,0.03231131926144817,0.043428231610294354,5
10000,0.2,0.5,4,0.44805839163843963,0.021628280745342593,0.03231131926144817,0.023251890735640577,1
10000,0.2,0.5,5,5.654171155042862e-4,-7.683147412405308e-4,0.03231131926144817,0.0063177549368834416,2
10000,0.2,0.5,6,0.10831730702138535,-0.010634170459722873,0.03231131926144817,0.0013733107433816926,3
10000,0.2,1,1,4.8136507167402125e-4,-4.617829276627925e-4,0.02104750327071182,0.43429447016714334,4
10000,0.2,1,2,0.08362985745405287,-0.006086691129582235,0.02104750327071182,0.3077325798329697,6
10000,0.2,1,3,0.26847317752617267,0.010905636982055128,0.02104750327071182,0.043428581633540644,5
10000,0.2,1,4,0.02439654246185403,-0.003287492164480269,0.02104750327071182,0.024454387773063174,1
10000,0.2,1,5,0.3641491815150577,0.01270106839652242,0.02104750327071182,0.006552282290494755,2
10000,0.2,1,6,0.25886987597118877,0.010708813212601137,0.02104750327071182,0.0013770877343335583,3
10000,0.5,0.01,1,0.21309595673071374,0.00739835020377638,0.016026817080475514,0.06863874215618708,5
10000,0.5,0.01,2,0.6519264558192557,-0.012940366686527049,0.016026817080475514,0.0485347159445486,6
10000,0.5,0.01,3,0.019819305095318807,0.0022562721968682428,0.016026817080475514,0.03085707382135448,4
10000,0.5,0.01,4,0.09009266350572463,-0.004810519655792609,0.016026817080475514,0.021720613254539813,1
10000,0.5,0.01,5,0.020162565259312273,0.0022757270580486258,0.016026817080475514,0.00596502433420082,2
10000,0.5,0.01,6,0.004903053589674709,-0.0011222267077833515,0.016026817080475514,0.0013648639776074178,3
10000,0.5,0.02,1,0.0011252040533489623,-0.0011255688615696734,0.033554936865783896,0.06864844246445038,5
10000,0.5,0.02,2,0.28273998063115663,0.01784226716059245,0.033554936865783896,0.05854223708842433,6
10000,0.5,0.02,3,0.5593576110576011,-0.02509580909040489,0.033554936865783896,0.04840892747318827,4
10000,0.5,0.02,4,0.07236951780455061,-0.009026809254783292,0.033554936865783896,0.02216917917232366,1
10000,0.5,0.02,5,0.023731678303651912,-0.005169168061652875,0.033554936865783896,0.006010438438266767,2
10000,0.5,0.02,6,0.06067600814969077,0.0082654199954237,0.033554936865783896,0.0013663856885280739,3
10000,0.5,0.05,1,0.5228418216141565,-0.018156435135192227,0.025109925425998384,0.09413608138246297,4
10000,0.5,0.05,2,0.13935151618601357,-0.009373488956794726,0.025109925425998384,0.07434273002725829,6
10000,0.5,0.05,3,9.76086027260595e-5,-2.4807869624136886e-4,0.025109925425998384,0.06865635309383905,5
10000,0.5,0.05,4,0.010520113943720983,-0.002575464955305673,0.025109925425998384,0.022565273257347977,1
10000,0.5,0.05,5,0.01804334678499234,0.003372903926630774,0.025109925425998384,0.006069644604667776,2
10000,0.5,0.05,6,0.3091455928683906,-0.013961335150471349,0.025109925425998384,0.0013680409628636717,3
10000,0.5,0.1,1,0.2452037986435499,-0.012858027426520308,0.025966340684471772,0.13667407039489307,4
10000,0.5,0.1,2,0.03892181401113873,-0.005122798661259907,0.025966340684471772,0.10053401624409523,6
10000,0.5,0.1,3,0.24502190738938448,-0.012853257523627426,0.025966340684471772,0.06865947434390213,5
10000,0.5,0.1,4,0.010468491661647598,-0.0026567629525084298,0.025966340684471772,0.02276186178057807,1
10000,0.5,0.1,5,0.006882049849483353,0.0021541188339371776,0.025966340684471772,0.006114925598262184,2
10000,0.5,0.1,6,0.4535019384447959,0.017486396621713404,0.025966340684471772,0.0013690776333014033,3
10000,0.5,0.2,1,0.18472526868880476,0.009992232550037542,0.023248737792435942,0.19415316124501922,4
10000,0.5,0.2,2,0.10230593347414904,-0.007436178233480357,0.023248737792435942,0.13912941514617921,6
10000,0.5,0.2,3,0.29645789114839644,-0.012658460386494673,0.023248737792435942,0.06866123400233998,5
10000,0.5,0.2,4,0.3560936293275485,0.013873354424627123,0.023248737792435942,0.0229218966553088,1
10000,0.5,0.2,5,0.05667800845034388,-0.005534860382216154,0.023248737792435942,0.0061739428134693925,2
10000,0.5,0.2,6,0.0037392689107573853,0.0014216501288716128,0.023248737792435942,0.0013703667575311286,3
10000,0.5,0.5,1,0.5975218932905996,0.01560390215841218,0.02018628066199492,0.3070908022206499,4
10000,0.5,0.5,2,5.706571791857315e-7,-1.524909078075257e-5,0.02018628066199492,0.2180184257769741,6
10000,0.5,0.5,3,0.22389179638541862,0.009551583962355841,0.02018628066199492,0.06866285163835337,5
10000,0.5,0.5,4,0.03142780903847078,0.0035786016680422724,0.02018628066199492,0.023253024833856772,1
10000,0.5,0.5,5,0.008413107778100217,0.0018515461165237526,0.02018628066199492,0.006318260791983317,2
10000,0.5,0.5,6,0.13874482285023168,0.007519079913839047,0.02018628066199492,0.0013733188942418098,3
10000,0.5,1,1,0.17172405767770316,-0.006811219715584135,0.01643649905045525,0.4342944090345448,4
10000,0.5,1,2,0.13048525975711478,-0.00593731439147576,0.01643649905045525,0.30777495992458953,6
10000,0.5,1,3,0.31389649556566873,-0.009208789644809685,0.01643649905045525,0.06866424920498741,5
10000,0.5,1,4,0.25671440533738055,0.008327879618498119,0.01643649905045525,0.024452733941420172,1
10000,0.5,1,5,0.027776768911653427,-0.002739366761276226,0.01643649905045525,0.00655276438714871,2
10000,0.5,1,6,0.09940301275047933,-0.005182139415636534,0.01643649905045525,0.0013770993499159626,3
10000,1,0.01,1,0.08513701546558922,-0.009512118075175612,0.032600031655899066,0.09703833475774283,5
10000,1,0.01,2,0.13252299372037502,0.011867620247091192,0.032600031655899066,0.05362071514161268,6
10000,1,0.01,3,0.37072961562812573,0.019849367029659365,0.032600031655899066,0.028690528920064014,4
10000,1,0.01,4,0.2758776761240874,-0.01712285982187772,0.032600031655899066,0.021934061184678805,1
10000,1,0.01,5,0.026331409427938646,0.005289992725019562,0.032600031655899066,0.005993554068265611,2
10000,1,0.01,6,0.10940128963388408,-0.010782742711008519,0.032600031655899066,0.001365606808839693,3
10000,1,0.02,1,0.06932991188824614,-0.004956776659744877,0.01882517521026731,0.09705817879508793,5
10000,1,0.02,2,0.17137382341801696,-0.007793118320207153,0.01882517521026731,0.061510432173049495,6
10000,1,0.02,3,0.009028982646270398,0.0017887862015245328,0.01882517521026731,0.04605953645862402,4
10000,1,0.02,4,0.506388969771013,-0.013396185281463097,0.01882517521026731,0.02226341853323043,1
10000,1,0.02,5,0.22449273284585425,0.008919493028444395,0.01882517521026731,0.006023259595303619,2
10000,1,0.02,6,0.01938557943059928,-0.002621068796388543,0.01882517521026731,0.0013666224538614342,3
10000,1,0.05,1,0.055291922739064095,0.009592524005653608,0.04079454075909311,0.09707889942772496,5
10000,1,0.05,2,0.34644349141111885,0.024011442528090243,0.04079454075909311,0.09195777447115643,4
10000,1,0.05,3,0.03809093928282816,-0.007961829800850289,0.04079454075909311,0.07574938893864902,6
10000,1,0.05,4,0.1559402336356526,0.016109465783759082,0.04079454075909311,0.022596056603431662,1
10000,1,0.05,5,0.40422082689463584,-0.025936501295219447,0.04079454075909311,0.006074564776114271,2
10000,1,0.05,6,1.2586036700476882e-5,-1.4472599543739295e-4,0.04079454075909311,0.0013680875049273955,3
10000,1,0.1,1,0.2563723717831289,-0.013491722475058613,0.026645985582016602,0.13551289869565328,4
10000,1,0.1,2,0.0898633317794019,-0.007987723936298643,0.026645985582016602,0.10198066133330537,6
10000,1,0.1,3,0.4192178633995217,-0.01725248580164018,0.026645985582016602,0.09708702304220666,5
10000,1,0.1,4,0.19845927748407954,-0.011870458431398804,0.026645985582016602,0.022765212383503076,1
10000,1,0.1,5,0.02786728382563964,-0.004448146773166493,0.026645985582016602,0.006116628540217715,2
10000,1,0.1,6,0.008219871728228238,-0.0024158185336490136,0.026645985582016602,0.001369104600645095,3
10000,1,0.2,1,0.21385460018943078,0.007556878125146542,0.016341168934979333,0.19397440727235946,4
10000,1,0.2,2,0.40008735267327167,0.010336191125413952,0.016341168934979333,0.13990232255379137,6
10000,1,0.2,3,0.014171284455097216,-0.0019453051096311976,0.016341168934979333,0.097091954640329,5
10000,1,0.2,4,0.029143565971441396,-0.0027896804888552173,0.016341168934979333,0.022921805793261904,1
10000,1,0.2,5,0.0030893929324861606,9.082798803963178e-4,0.016341168934979333,0.006173572438321695,2
10000,1,0.2,6,0.33965380377827276,-0.009523604708383251,0.016341168934979333,0.00137038493712297,3
10000,1,0.5,1,0.013568462063733132,-0.0017721856693781836,0.015214017377918153,0.3070856076948532,4
10000,1,0.5,2,0.038239730188823755,0.0029750982853037687,0.015214017377918153,0.21822443000250216,6
10000,1,0.5,3,0.1015344779799181,0.004847866794376706,0.015214017377918153,0.0970964542187522,5
10000,1,0.5,4,0.5535124497646561,-0.011318988137839946,0.015214017377918153,0.023252019292104308,1
10000,1,0.5,5,0.248063971643245,-0.007577496672747503,0.015214017377918153,0.006319145180468887,2
10000,1,0.5,6,0.045080908359623896,-0.003230280510350079,0.015214017377918153,0.001373336709362406,3
10000,1,1,1,0.29190527926781645,0.016622425346369277,0.030766168651529823,0.43429418896166094,4
10000,1,1,2,0.049295539549464626,-0.00683088900583225,0.030766168651529823,0.3078456991051471,6
10000,1,1,3,0.5807659698080021,0.023446282682176807,0.030766168651529823,0.09710041407112911,5
10000,1,1,4,0.006544725025166664,-0.0024889668859449836,0.030766168651529823,0.024454658432499807,1
10000,1,1,5,9.232765833564896e-5,2.9562375347126635e-4,0.030766168651529823,0.006552883503873936,2
10000,1,1,6,0.07139615869121459,0.008220738611175135,0.030766168651529823,0.0013771138367947033,3
10000,10,0.01,1,0.01296862853987454,0.0021415079126592827,0.01880497056373168,0.3058969995949721,5
10000,10,0.01,2,0.010711487667012938,-0.0019462451977692327,0.01880497056373168,0.08286761437903778,6
10000,10,0.01,3,0.0011498783246909278,-6.376738413356041e-4,0.01880497056373168,0.023300696064006685,4
10000,10,0.01,4,0.1232596368391045,0.00660211522750344,0.01880497056373168,0.02226438627635172,1
10000,10,0.01,5,0.10154116980491638,0.005992302639082823,0.01880497056373168,0.006077711021212476,2
10000,10,0.01,6,0.7503691988244007,0.01628959014430619,0.01880497056373168,0.0013680407664519183,3
10000,10,0.02,1,0.17505231426138657,0.011622410151814491,0.027778722489279012,0.30597065754446384,5
10000,10,0.02,2,0.14184854819143364,0.010462240925013994,0.027778722489279012,0.08746178154392857,6
10000,10,0.02,3,0.12513621422652824,0.009826611247580939,0.027778722489279012,0.03654456076047909,4
10000,10,0.02,4,0.07016104760336854,0.007358008779429659,0.027778722489279012,0.022629592739275298,1
10000,10,0.02,5,0.26367520210956336,0.014264183362703546,0.027778722489279012,0.006083012577174497,2
10000,10,0.02,6,0.2241266736077197,0.01315100799985539,0.027778722489279012,0.0013682071054893251,3
10000,10,0.05,1,0.4999831632937566,0.012846912232977797,0.018168583416171072,0.30619747510462336,5
10000,10,0.05,2,0.01003074456760655,-0.001819649124433776,0.018168583416171072,0.1007702084948748,6
10000,10,0.05,3,0.3513105635542409,0.01076878413865837,0.018168583416171072,0.0694387830594152,4
10000,10,0.05,4,0.01332824188917534,0.0020975267114883662,0.018168583416171072,0.02272692703482721,1
10000,10,0.05,5,0.0063993230311396795,-0.0014534097989782045,0.018168583416171072,0.006101636798937412,2
10000,10,0.05,6,0.11894796366408089,-0.006266132484897372,0.018168583416171072,0.0013687517372993829,3
10000,10,0.1,1,0.1741073679514159,0.007393213763264217,0.017718407605233605,0.3063858774775287,5
10000,10,0.1,2,0.005809291217875835,-0.0013504741086017985,0.017718407605233605,0.12804796684076505,4
10000,10,0.1,3,0.12456484325946025,0.006253489589389921,0.017718407605233605,0.10691540022467934,4
10000,10,0.1,4,0.0753021443524865,0.004862150079702332,0.017718407605233605,0.02282799619914011,1
10000,10,0.1,5,0.3606077732286733,-0.010640014756898557,0.017718407605233605,0.006131391691799623,2
10000,10,0.1,6,0.25960857999008824,-0.0090278473917485,0.017718407605233605,0.0013695139508947331,3
10000,10,0.2,1,0.15257181087930713,-0.00972537421614058,0.024898269920481598,0.30651476044745096,5
10000,10,0.2,2,0.027201945334149154,0.004106474710007056,0.024898269920481598,0.18759459501970457,4
10000,10,0.2,3,0.12218121145098351,-0.008703048109340951,0.024898269920481598,0.14708345141961054,6
10000,10,0.2,4,0.49193994101365246,-0.017463255703292234,0.024898269920481598,0.022951163325909723,1
10000,10,0.2,5,0.07809537073745661,-0.0069579582139341805,0.024898269920481598,0.006183566184833756,2
10000,10,0.2,6,0.1280097205844511,-0.00890821408512016,0.024898269920481598,0.0013707161308806166,3
10000,10,0.5,1,0.03843505145098825,-0.0043581926881590015,0.02223016541735928,0.30663814679052215,5
10000,10,0.5,2,0.47368334982411786,-0.015299835239652634,0.02223016541735928,0.3065238951416964,4
10000,10,0.5,3,0.19951038308679908,0.00992945576987311,0.02223016541735928,0.22146054454521402,6
10000,10,0.5,4,0.056717056773900563,0.005294190169427409,0.02223016541735928,0.023270945123999534,1
10000,10,0.5,5,0.04486732992796403,-0.004708773568752378,0.02223016541735928,0.006323754026686309,2
10000,10,0.5,6,0.18678682893623008,-0.009607620030882153,0.02223016541735928,0.001373632583405768,3
10000,10,1,1,0.011038048087234409,0.0028713131337714777,0.027329671818442286,0.43426652521934545,4
10000,10,1,2,0.4778638169828375,-0.018892372087858104,0.027329671818442286,0.3090896394790782,6
10000,10,1,3,0.0012709941284724416,-9.743302555176974e-4,0.027329671818442286,0.3067472426425763,5
10000,10,1,4,0.016837056298115303,0.0035462348923732652,0.027329671818442286,0.024468582777932565,1
10000,10,1,5,0.34398170463063077,-0.016028839814976086,0.027329671818442286,0.006558235563748053,2
10000,10,1,6,0.14900837987270965,-0.010549691574289958,0.027329671818442286,0.0013774009725589825,3
10000,100,0.01,1,0.28943470161366663,0.008244333557932684,0.015324286218773775,0.9529596970962257,5
10000,100,0.01,2,0.14199265597500124,0.005774484185396915,0.015324286218773775,0.13982937942733448,6
10000,100,0.01,3,0.05907610629917964,-0.003724656154099409,0.015324286218773775,0.023053660049732715,1
10000,100,0.01,4,0.0733684505330698,-0.004150829824512612,0.015324286218773775,0.02057696487351183,4
10000,100,0.01,5,0.16213424716874475,0.006170461324765265,0.015324286218773775,0.006183882136747613,2
10000,100,0.01,6,0.2739938384103379,0.008021408855948427,0.015324286218773775,0.0013725872243437946,3
10000,100,0.02,1,0.08750055943733212,0.009234948383743195,0.03121972387229739,0.9530514983299331,5
10000,100,0.02,2,0.3395771596009852,-0.018192747555100395,0.03121972387229739,0.1426520001645779,6
10000,100,0.02,3,0.34150052137866055,-0.018244196580172702,0.03121972387229739,0.03068557823463582,4
10000,100,0.02,4,0.02055779227686961,0.004476280511545205,0.03121972387229739,0.023035825941473867,1
10000,100,0.02,5,5.1417724766535e-4,-7.079221240644196e-4,0.03121972387229739,0.006184681543116379,2
10000,100,0.02,6,0.21034979005848714,0.014318584902172362,0.03121972387229739,0.001372590008693024,3
10000,100,0.05,1,0.05136167352258588,0.003523666855743811,0.015548026008281335,0.9536086110567011,5
10000,100,0.05,2,0.13826334845403782,0.005781343763209364,0.015548026008281335,0.15144680923417583,6
10000,100,0.05,3,0.5775957060418817,0.011816455843467116,0.015548026008281335,0.05512007481506625,4
10000,100,0.05,4,0.12590565506568052,0.00551693512356482,0.015548026008281335,0.02305659738110875,1
10000,100,0.05,5,0.09334520114871776,-0.00475030238994898,0.015548026008281335,0.0061897140979113195,2
10000,100,0.05,6,0.013528415767096392,0.001808417618068141,0.015548026008281335,0.001372741586955731,3
10000,100,0.1,1,7.837507078685275e-5,1.8378938308261385e-4,0.020760195881159314,0.9549360347108865,5
10000,100,0.1,2,0.046133019492129196,0.00445899912787955,0.020760195881159314,0.16388642925308208,6
10000,100,0.1,3,0.4347664105643695,-0.013688612791343884,0.020760195881159314,0.08952548060087749,4
10000,100,0.1,4,0.2301939331758191,0.009960436788990834,0.020760195881159314,0.02309266305654066,1
10000,100,0.1,5,4.21048558634236e-4,4.2598817082369636e-4,0.020760195881159314,0.00620351325488579,2
10000,100,0.1,6,0.2884072131382612,-0.011148963815702002,0.020760195881159314,0.0013730750948842583,3
10000,100,0.2,1,0.003370144627218303,0.0011009466806133157,0.018964527075843056,0.9569456407241534,5
10000,100,0.2,2,0.44799453994009647,0.01269341202914959,0.018964527075843056,0.1913128746572069,6
10000,100,0.2,3,0.15151900904885798,0.0073820261229070264,0.018964527075843056,0.14413569559101325,4
10000,100,0.2,4,0.002203113503698153,-8.90144378009898e-4,0.018964527075843056,0.02316367317764694,1
10000,100,0.2,5,0.20622487983317003,-0.008612169061076664,0.018964527075843056,0.006240808886136527,2
10000,100,0.2,6,0.1886883130469591,0.008237862104060792,0.018964527075843056,0.0013739000112883819,3
10000,100,0.5,1,0.011686527551564074,-0.0020837290680253305,0.01927518284796718,0.9593481720146256,5
10000,100,0.5,2,0.40682541850318105,-0.012294264334049117,0.01927518284796718,0.29471958611329774,4
10000,100,0.5,3,0.09366890909166414,0.005899242345324444,0.01927518284796718,0.23533574128128545,6
10000,100,0.5,4,0.21963967110872254,-0.009033455279378605,0.01927518284796718,0.023436601039557213,1
10000,100,0.5,5,0.25146551428516223,-0.009665798202762851,0.01927518284796718,0.006368816543413185,2
10000,100,0.5,6,0.016713959459705885,0.0024919434279747476,0.01927518284796718,0.0013765648893517537,3
10000,100,1,1,0.03632761051984168,-0.004542698002595228,0.02383391848311391,0.9615181391719052,5
10000,100,1,2,2.206348600581696e-4,-3.5402384568416123e-4,0.02383391848311391,0.43232443891709027,4
10000,100,1,3,0.002345555691000416,0.001154299012467194,0.02383391848311391,0.3188625201704889,6
10000,100,1,4,0.5738465644134559,0.01805482746453487,0.02383391848311391,0.02459709496771457,1
10000,100,1,5,0.09579182046608621,-0.007376658239356169,0.02383391848311391,0.006596754551619777,2
10000,100,1,6,0.2914678140495575,-0.012867398512094685,0.02383391848311391,0.0013802551498367126,3
10000,1000,0.01,1,0.504301088885634,-0.0138434248254665,0.019493893709235228,2.855758081038598,5
10000,1000,0.01,2,0.06420464583330754,-0.004939486707634686,0.019493893709235228,0.2521541180797706,6
10000,1000,0.01,3,0.06615524272282011,-0.005013958411206587,0.019493893709235228,0.024547552430643722,1
10000,1000,0.01,4,0.11659291303560755,0.0066563273259560105,0.019493893709235228,0.019793588106411887,4
10000,1000,0.01,5,0.1132226256641018,0.006559416451927553,0.019493893709235228,0.006579249178033831,2
10000,1000,0.01,6,0.13552348385852903,-0.007176387357460788,0.019493893709235228,0.001402293607104206,3
10000,1000,0.02,1,0.15705554556779264,-0.006769494229260145,0.017081640775402168,2.8559760752330616,5
10000,1000,0.02,2,0.03526831595691029,0.003207908304955295,0.017081640775402168,0.2542680409494747,6
10000,1000,0.02,3,0.004242912108442848,0.0011126577626743186,0.017081640775402168,0.02851285672400266,4
10000,1000,0.02,4,0.013878502596917313,0.0020123378225303753,0.017081640775402168,0.024546096612379702,1
10000,1000,0.02,5,0.7246746311788694,-0.014541228988057278,0.017081640775402168,0.006578865090788894,2
10000,1000,0.02,6,0.06488009259106758,0.004350962247015186,0.017081640775402168,0.0014022592596744704,3
10000,1000,0.05,1,0.045409000696399054,0.004404667153357764,0.0206700783791392,2.8566737909412345,5
10000,1000,0.05,2,0.34421790145719494,-0.012127152802395782,0.0206700783791392,0.25979379915980827,6
10000,1000,0.05,3,0.07933133158301256,0.005821896701568893,0.0206700783791392,0.04742668157114285,4
10000,1000,0.05,4,0.05313116628291398,-0.004764494150031481,0.0206700783791392,0.024555342203827064,1
10000,1000,0.05,5,0.3691159920828853,0.012558088931018509,0.0206700783791392,0.0065805764693356575,2
10000,1000,0.05,6,0.10879460789759417,-0.006817824364593193,0.0206700783791392,0.0014023298927710664,3
10000,1000,0.1,1,0.3316418457727601,0.013167381343283525,0.022864660205112044,2.8589706779408797,5
10000,1000,0.1,2,0.2956055137804588,-0.012431427940223479,0.022864660205112044,0.2696151428364868,6
10000,1000,0.1,3,0.00473915536795517,-0.0015740380445160031,0.022864660205112044,0.07221558964685743,4
10000,1000,0.1,4,0.1234643708358798,0.008034069335712792,0.022864660205112044,0.02457996406040788,1
10000,1000,0.1,5,0.17426258988520008,0.009544800023407954,0.022864660205112044,0.006586604151925429,2
10000,1000,0.1,6,0.0702865243577461,-0.006061788587483194,0.022864660205112044,0.001402437329003274,3
10000,1000,0.2,1,0.14123240629128805,-0.0071356098773032416,0.018987330882368036,2.866621799467744,5
10000,1000,0.2,2,0.056356723640491074,-0.004507510916383481,0.018987330882368036,0.287376105700266,6
10000,1000,0.2,3,0.0020073885223601943,8.507062764554824e-4,0.018987330882368036,0.11459080343257214,4
10000,1000,0.2,4,0.38250821394707807,-0.011743141702746058,0.018987330882368036,0.024642937745429052,1
10000,1000,0.2,5,0.3893603543142005,0.011847856431497182,0.018987330882368036,0.0066061252622005885,2
10000,1000,0.2,6,0.028534913284582103,0.0032073931491477022,0.018987330882368036,0.0014028284645376332,3
10000,1000,0.5,1,0.5107489767518234,-0.011299432084686001,0.015810764267486982,2.890166333450288,5
10000,1000,0.5,2,0.20626875070848194,-0.00718074629258888,0.015810764267486982,0.33688858144012584,6
10000,1000,0.5,3,0.08413198940640354,-0.004585993583910565,0.015810764267486982,0.21673402979793088,4
10000,1000,0.5,4,0.1303937809552949,-0.005709279476615267,0.015810764267486982,0.024852030937616267,1
10000,1000,0.5,5,0.06843311408759137,-0.0041360522376096874,0.015810764267486982,0.006704584529246092,2
10000,1000,0.5,6,2.3388090404826383e-5,-7.646280845952337e-5,0.015810764267486982,0.0014047884115663454,3
10000,1000,1,1,0.03704489101698565,0.004884196435137715,0.025376338661099687,2.9117555231074985,5
10000,1000,1,2,0.06896897665104613,0.0066643201569189965,0.025376338661099687,0.432193650380268,4
10000,1000,1,3,0.17892905721806449,-0.010734192969939335,0.025376338661099687,0.3344114190608765,4
10000,1000,1,4,0.714342346298944,0.021447770779612046,0.025376338661099687,0.025782851950507196,1
10000,1000,1,5,4.262830779108593e-4,5.239357199523383e-4,0.025376338661099687,0.006914068660738166,2
10000,1000,1,6,2.884457370487508e-4,-4.3098387739740106e-4,0.025376338661099687,0.0014081706709224285,3
10000,10000,0.01,1,0.10485471647028548,-0.0076934103707138116,0.023758822525429026,8.384554573529186,5
10000,10000,0.01,2,0.17977582446209894,-0.010073735832651181,0.023758822525429026,0.5592841723821999,6
10000,10000,0.01,3,0.018192460166645753,0.003204576398263906,0.023758822525429026,0.033448138953063505,1
10000,10000,0.01,4,0.667195871192499,0.01940669535940242,0.023758822525429026,0.019530879644245238,4
10000,10000,0.01,5,0.0024911088179583886,0.001185826804553427,0.023758822525429026,0.008688575416086404,2
10000,10000,0.01,6,0.027490018890512453,-0.003939239921765057,0.023758822525429026,0.001643803948318628,3
10000,10000,0.02,1,0.06377972749337547,0.006188240689490942,0.02450337279380893,8.384411822428785,5
10000,10000,0.02,2,0.15052477186960136,0.00950670146733201,0.02450337279380893,0.5636977053177257,6
10000,10000,0.02,3,0.333105630558592,0.01414219607649152,0.02450337279380893,0.03345714971395967,1
10000,10000,0.02,4,0.0017996279213068828,-0.001039482611282271,0.02450337279380893,0.027772583251564703,4
10000,10000,0.02,5,0.3547943150104429,0.014595339234716403,0.02450337279380893,0.008688757243204769,2
10000,10000,0.02,6,0.09599592714668134,0.007591931329430568,0.02450337279380893,0.001643756952317464,3
10000,10000,0.05,1,0.0067661678459912875,-0.002272325448050043,0.027624800398298573,8.385853188858972,5
10000,10000,0.05,2,0.12602290359344273,-0.009806722573714946,0.027624800398298573,0.568709820193109,6
10000,10000,0.05,3,0.0021869301861371484,0.0012918634415890167,0.027624800398298573,0.04462171708344123,4
10000,10000,0.05,4,0.5840754841418885,-0.02111220710531117,0.027624800398298573,0.03345371474610738,1
10000,10000,0.05,5,0.2618154630728929,-0.014135031971495004,0.027624800398298573,0.008689192913408346,2
10000,10000,0.05,6,0.01913305115964753,0.0038211251774469784,0.027624800398298573,0.0016438238333809276,3
10000,10000,0.1,1,0.002171513912825137,9.97225897380444e-4,0.021399924455955805,8.389863356402335,5
10000,10000,0.1,2,0.5045297881533579,-0.015200422049961271,0.021399924455955805,0.5800614738796599,6
10000,10000,0.1,3,5.5698152153130353e-5,-1.5971019276289305e-4,0.021399924455955805,0.06469991985686174,4
10000,10000,0.1,4,0.2008270547436796,-0.00959010472624984,0.021399924455955805,0.03349949771741181,1
10000,10000,0.1,5,0.02478002748530031,0.003368706170982579,0.021399924455955805,0.008694306557960385,2
10000,10000,0.1,6,0.26763591755268384,-0.011070938508578768,0.021399924455955805,0.0016439847090258409,3
10000,10000,0.2,1,1.7806162355584485e-4,5.015198690115043e-4,0.03758399822606415,8.40575066285641,5
10000,10000,0.2,2,0.5091771237793405,0.026818681381697015,0.03758399822606415,0.6037823773923382,6
10000,10000,0.2,3,0.014591634103328331,-0.004539990502801892,0.03758399822606415,0.09569184530170846,4
10000,10000,0.2,4,0.026566839012276505,0.006125942569099038,0.03758399822606415,0.03363759486775203,1
10000,10000,0.2,5,0.08179996270333256,-0.010749283864037635,0.03758399822606415,0.00871116279710387,2
10000,10000,0.2,6,0.36768637877816623,0.022789864846236064,0.03758399822606415,0.0016443275268367024,3
10000,10000,0.5,1,0.029053459137832697,0.0031470831670874343,0.018463298723946205,8.492437178849686,5
10000,10000,0.5,2,0.02015836739534954,0.0026214222084980595,0.018463298723946205,0.6741615459959177,6
10000,10000,0.5,3,0.012234520282958891,0.002042221147135854,0.018463298723946205,0.16776451507548665,4
10000,10000,0.5,4,0.2110378642990703,-0.008481828519903069,0.018463298723946205,0.034209591125317525,1
10000,10000,0.5,5,0.5188218443589704,0.01329898275802709,0.018463298723946205,0.008805742935567509,2
10000,10000,0.5,6,0.20869394452581824,-0.00843459473008335,0.018463298723946205,0.0016471149094303915,3
10000,10000,1,1,0.006110562955595444,0.0020079274351258677,0.025686646102012198,8.622496536719035,5
10000,10000,1,2,0.07587981988743898,-0.0070757185212679975,0.025686646102012198,0.7721990140809202,6
10000,10000,1,3,0.019655154914190644,-0.003601186702396935,0.025686646102012198,0.26311310519441206,4
10000,10000,1,4,0.653316109672997,-0.02076199518119777,0.025686646102012198,0.03491283844727292,1
10000,10000,1,5,0.05300881220349537,0.005914001613768599,0.025686646102012198,0.00901409940620823,2
10000,10000,1,6,0.19202954036628264,-0.011256190214091749,0.025686646102012198,0.0016530642108939224,3
10000,100000,0.01,1,9.30641910439419e-4,-6.052874294312371e-4,0.019841310399062985,25.792181550119277,5
10000,100000,0.01,2,0.017368149141106674,-0.002614852049675013,0.019841310399062985,2.4937510227384134,6
10000,100000,0.01,3,0.1795672458901121,-0.008407829809451192,0.019841310399062985,0.07607810051690878,1
10000,100000,0.01,4,0.45938541632505697,0.013448038794440101,0.019841310399062985,0.019443394703973563,4
10000,100000,0.01,5,0.16569053288322694,-0.008076425636079741,0.019841310399062985,0.01853251162314152,2
10000,100000,0.01,6,0.17705801385005784,0.008348878587059445,0.019841310399062985,0.0031255777103648278,3
10000,100000,0.02,1,0.37982604386234475,-0.012576547590631627,0.020406525607987742,25.79351063245483,5
10000,100000,0.02,2,0.02838885621360219,0.003438294053198991,0.020406525607987742,2.508986470900389,6
10000,100000,0.02,3,1.8448656321907818e-4,-2.7717332951523587e-4,0.020406525607987742,0.07608320114186994,1
10000,100000,0.02,4,0.5218153696217778,0.014741018861474787,0.020406525607987742,0.02752667974459039,4
10000,100000,0.02,5,0.020927301511448976,0.0029520634264006795,0.020406525607987742,0.018533214470059563,2
10000,100000,0.02,6,0.048857942227607254,-0.0045106242906421705,0.020406525607987742,0.0031256486346208285,3
10000,100000,0.05,1,0.05442883802055309,-0.006753649894785309,0.028948363136076162,25.79675370334316,5
10000,100000,0.05,2,0.6067890292254617,-0.022549809221214873,0.028948363136076162,2.5259572695386683,6
10000,100000,0.05,3,6.074126629064532e-6,7.134539268638587e-5,0.028948363136076162,0.07612119085591867,1
10000,100000,0.05,4,0.17168729884427342,-0.011994802344151604,0.028948363136076162,0.04366045720141492,4
10000,100000,0.05,5,0.13512506762158516,0.010641233525691053,0.028948363136076162,0.018535147304915234,2
10000,100000,0.05,6,0.031963692161497484,-0.005175502009950224,0.028948363136076162,0.0031257452022291697,3
10000,100000,0.1,1,0.031795395475634536,0.0057642119977615106,0.03232643624621469,25.808014890009513,5
10000,100000,0.1,2,0.6148053940204915,-0.025347005789268268,0.03232643624621469,2.5805263257982056,6
10000,100000,0.1,3,0.23194386536159317,-0.015568589751048852,0.03232643624621469,0.07622039103298846,1
10000,100000,0.1,4,0.024013531305271285,-0.005009401533375025,0.03232643624621469,0.06205232618067033,4
10000,100000,0.1,5,0.07770170404307154,0.009011002310952514,0.03232643624621469,0.01854402401444567,2
10000,100000,0.1,6,0.019740109793938018,0.004541848163161236,0.03232643624621469,0.0031260240049535903,3
10000,100000,0.2,1,0.39491248383628963,-0.012241791651086171,0.019480251179643308,25.85258502628127,5
10000,100000,0.2,2,0.03262501370032159,-0.003518600043762882,0.019480251179643308,2.7048235880971623,6
10000,100000,0.2,3,0.03133749926681361,-0.0034484721328777684,0.019480251179643308,0.08859296196112794,4
10000,100000,0.2,4,0.17910012851675539,0.008244085764116083,0.019480251179643308,0.07661268982268232,1
10000,100000,0.2,5,0.10660621314105721,0.00636042023720672,0.019480251179643308,0.018579413981576906,2
10000,100000,0.2,6,0.2554186615387625,-0.009845116616588066,0.019480251179643308,0.0031273292277359823,3
10000,100000,0.5,1,0.047263113160439435,-0.005734543518224251,0.02637774651929716,26.11329671776759,5
10000,100000,0.5,2,0.030403518456500245,-0.004599383397665258,0.02637774651929716,3.0482594820967543,6
10000,100000,0.5,3,0.05618678532426905,-0.006252515586770478,0.02637774651929716,0.14324956723129054,4
10000,100000,0.5,4,0.4641601886200307,-0.01797097477120689,0.02637774651929716,0.07851878246013973,1
10000,100000,0.5,5,0.2936686902810235,-0.01429441918582243,0.02637774651929716,0.01877622362250086,2
10000,100000,0.5,6,0.10831770415773705,0.008681352958208542,0.02637774651929716,0.0031354250382391456,3
10000,100000,1,1,0.07634339141819983,0.005371749454618553,0.019441511385621727,26.567898394996227,5
10000,100000,1,2,0.15502772420507163,0.007654815187300911,0.019441511385621727,3.604777624001778,6
10000,100000,1,3,0.07318668522588763,0.005259519417039095,0.019441511385621727,0.20791709795155572,4
10000,100000,1,4,0.44818421157125127,-0.013015423403950042,0.019441511385621727,0.08068515885035991,1
10000,100000,1,5,0.12633125479729537,-0.006910117447898541,0.019441511385621727,0.01914793859117878,2
10000,100000,1,6,0.12092673278229427,0.006760692507153265,0.019441511385621727,0.003157978310758633,3
10000,1000000,0.01,1,0.15825605752035526,0.0155666398232707,0.03913043769607729,81.24185118555191,5
10000,1000000,0.01,2,0.08529544526882406,0.011428194577296935,0.03913043769607729,21.155125705839023,6
10000,1000000,0.01,3,8.431116028699469e-4,-0.0011362064197982902,0.03913043769607729,0.22840163887356055,1
10000,1000000,0.01,4,0.3269234686057684,0.02237369712984068,0.03913043769607729,0.054472190769896525,2
10000,1000000,0.01,5,0.14025221019149892,0.01465445132423477,0.03913043769607729,0.019424706668119286,4
10000,1000000,0.01,6,0.2884297068106835,-0.0210152567365234,0.03913043769607729,0.008949038485291178,6
10000,1000000,0.02,1,0.022847130381182926,0.0036462795918604735,0.024123156629417962,81.24319936539096,5
10000,1000000,0.02,2,0.18392143935763253,0.010345472132627044,0.024123156629417962,21.30562993257676,6
10000,1000000,0.02,3,0.039949522000637755,0.004821586143150844,0.024123156629417962,0.2283948806906382,1
10000,1000000,0.02,4,0.12602078260729715,-0.008563577310942106,0.024123156629417962,0.05447328768862429,2
10000,1000000,0.02,5,0.5740372327087194,0.018276968685679063,0.024123156629417962,0.027474132840396064,4
10000,1000000,0.02,6,0.053223892944530164,0.005565285583404596,0.024123156629417962,0.008948959394796513,3
10000,1000000,0.05,1,0.4779564536358644,0.030623039605343665,0.04429494135238106,81.25153083379017,5
10000,1000000,0.05,2,0.006933828670084643,0.0036884226830278637,0.04429494135238106,21.561286495162832,6
10000,1000000,0.05,3,1.0423109363976506e-4,4.522231370092215e-4,0.04429494135238106,0.2284897339738727,1
10000,1000000,0.05,4,0.3604345704172575,-0.02659300103268527,0.04429494135238106,0.054482718959217163,2
10000,1000000,0.05,5,0.13875820666119826,-0.016499981989181383,0.04429494135238106,0.043456411002917715,4
10000,1000000,0.05,6,0.015812709521955428,-0.005570026707153228,0.04429494135238106,0.008949258558959972,3
10000,1000000,0.1,1,0.125885183916756,-0.007223835218958162,0.02036012881932798,81.28795998672092,5
10000,1000000,0.1,2,0.25620897687651306,0.010305704665638925,0.02036012881932798,22.08465052134442,6
10000,1000000,0.1,3,0.014371397162135254,0.0024407877627508727,0.02036012881932798,0.22882298372358353,1
10000,1000000,0.1,4,0.141998524365375,0.007672244545415381,0.02036012881932798,0.06149269701325481,4
10000,1000000,0.1,5,0.22781746344972115,0.00971793584164664,0.02036012881932798,0.05450816576775672,2
10000,1000000,0.1,6,0.23371845422949958,-0.00984298955215267,0.02036012881932798,0.0089502858970587,6
10000,1000000,0.2,1,0.042434284641451554,-0.007293206361566973,0.03540462995114966,81.42710937611778,5
10000,1000000,0.2,2,0.16057482686671562,-0.014187268588196555,0.03540462995114966,23.008964565046757,6
10000,1000000,0.2,3,0.15521027290273,0.013948268241234458,0.03540462995114966,0.2300552000833031,1
10000,1000000,0.2,4,0.5053832377497872,-0.025169261688637024,0.03540462995114966,0.08705767910080037,4
10000,1000000,0.2,5,0.07402567569312192,0.009632771303991889,0.03540462995114966,0.05461084884443645,2
10000,1000000,0.2,6,0.0623717021461937,-0.008842068144743238,0.03540462995114966,0.008954232448692876,6
10000,1000000,0.5,1,0.39814398142270835,-0.01852128840328655,0.0293529068831456,82.2503103767357,5
10000,1000000,0.5,2,0.05330756496992391,0.006777125675458545,0.0293529068831456,26.20936814124695,6
10000,1000000,0.5,3,0.034792551000833734,0.005475127701896402,0.0293529068831456,0.23622078519572948,1
10000,1000000,0.5,4,9.747444306244538e-4,9.164240923867889e-4,0.0293529068831456,0.13801294864208885,4
10000,1000000,0.5,5,0.5032905832391336,-0.020823825661941665,0.0293529068831456,0.0551986732697263,2
10000,1000000,0.5,6,0.009490574936775919,0.0028595479159859247,0.0293529068831456,0.008980224884592556,3
10000,1000000,1,1,0.1222103978398638,-0.011337077585943028,0.03243000680629534,83.70329271094602,5
10000,1000000,1,2,0.543390818139484,-0.023905794819157087,0.03243000680629534,31.184924971020237,6
10000,1000000,1,3,8.696858726840154e-4,9.563750716590832e-4,0.03243000680629534,0.2434076248322938,1
10000,1000000,1,4,0.30781586489539914,0.017992542602297795,0.03243000680629534,0.19576975207433056,4
10000,1000000,1,5,0.022402045264417168,0.0048539005618301176,0.03243000680629534,0.05629289082239794,2
10000,1000000,1,6,0.0033111879881519333,0.0018661173847605442,0.03243000680629534,0.009054941895443635,3
10000,10000000,0.01,1,0.05553601023197468,0.007457181501314898,0.03164370851708342,256.8018843719179,5
10000,10000000,0.01,2,0.1889344531695266,0.013754441353016513,0.03164370851708342,207.8213040382658,6
10000,10000000,0.01,3,0.15854258074139038,-0.012599703841431211,0.03164370851708342,0.7182167418491975,1
10000,10000000,0.01,4,0.021362696967911578,-0.0046250391724189455,0.03164370851708342,0.17086045406587402,2
10000,10000000,0.01,5,0.5737085079805587,-0.02396806758340943,0.03164370851708342,0.027984426931731272,6
10000,10000000,0.01,6,0.0019157509086380165,-0.0013850227131514575,0.03164370851708342,0.019422490819557957,4
10000,10000000,0.02,1,0.21636658130725733,-0.005926662913288589,0.01274134089226592,256.8055653674146,5
10000,10000000,0.02,2,0.08415860224377973,-0.003696275998648848,0.01274134089226592,208.52889649601576,6
10000,10000000,0.02,3,0.33641732807632935,-0.007390168045173235,0.01274134089226592,0.718258454301194,1
10000,10000000,0.02,4,0.039827847621493134,-0.0025427786352474483,0.01274134089226592,0.1708626199253648,2
10000,10000000,0.02,5,0.2949297799195369,-0.006919495778539137,0.01274134089226592,0.027984432089262386,6
10000,10000000,0.02,6,0.02829986083160355,0.002143420032097853,0.01274134089226592,0.027467900143325848,4
10000,10000000,0.05,1,0.12260282510255519,-0.006333746836902747,0.018088829347951394,256.8382924096505,5
10000,10000000,0.05,2,0.01509791216257946,-0.002222638888799611,0.018088829347951394,211.0645641678015,6
10000,10000000,0.05,3,0.17050898307957482,-0.007469372075973737,0.018088829347951394,0.7185411356138192,1
10000,10000000,0.05,4,0.021610030407837048,-0.0026591213109152956,0.018088829347951394,0.17088666015139664,2
10000,10000000,0.05,5,0.5788948457599902,0.013762911049089421,0.018088829347951394,0.043432193647497834,4
10000,10000000,0.05,6,0.09128540348746342,-0.005465263822971408,0.018088829347951394,0.02798534481576674,6
10000,10000000,0.1,1,0.5739797994523123,-0.016613562197301777,0.02192877934754678,256.9503691980732,5
10000,10000000,0.1,2,0.2431149026335505,-0.010812353802883064,0.02192877934754678,216.67484345859978,6
10000,10000000,0.1,3,0.006679096989449292,-0.0017921457746018716,0.02192877934754678,0.719565443592319,1
10000,10000000,0.1,4,0.026112533132624585,-0.003543553219079949,0.02192877934754678,0.17096990845235474,2
10000,10000000,0.1,5,0.06742257048167599,0.005693995381969418,0.02192877934754678,0.06142606644483731,4
10000,10000000,0.1,6,0.08269109731038729,0.006305852894517542,0.02192877934754678,0.027988503451860484,6
10000,10000000,0.2,1,0.048940113325032536,0.0057927291827824835,0.02618488915742362,257.3869646469753,5
10000,10000000,0.2,2,0.07384104984232195,0.007115405762801244,0.02618488915742362,226.37749717885254,6
10000,10000000,0.2,3,0.027565811630269183,-0.00434746537599259,0.02618488915742362,0.7234567620919623,1
10000,10000000,0.2,4,0.028117389584411855,0.004390745238376061,0.02618488915742362,0.17129107446237687,2
10000,10000000,0.2,5,0.7860317528060726,0.023215112093805557,0.02618488915742362,0.08687913299526236,4
10000,10000000,0.2,6,0.035503882811891936,0.004933880943077417,0.02618488915742362,0.028001058630576964,6
10000,10000000,0.5,1,0.294001531796558,-0.00877214439138714,0.01617822887248359,260.00043876036904,5
10000,10000000,0.5,2,3.7145195513889025e-5,-9.860122245937233e-5,0.01617822887248359,257.08069827593187,3
10000,10000000,0.5,3,0.39498334379466726,0.010167644801995184,0.01617822887248359,0.7429907928535051,1
10000,10000000,0.5,4,0.09487868801712848,-0.004983280234454567,0.01617822887248359,0.1731400831013627,2
10000,10000000,0.5,5,0.034125181688977324,-0.0029886046044730868,0.01617822887248359,0.13740489520039956,4
10000,10000000,0.5,6,0.1819741095071549,0.006901377386400724,0.01617822887248359,0.02808348685552402,6
10000,10000000,1,1,0.07552864986664418,-0.00734509458552595,0.026726465727610615,308.2966229535231,6
10000,10000000,1,2,0.647725333461798,0.021509829784278223,0.026726465727610615,264.5908458181403,5
10000,10000000,1,3,3.3664090850754245e-4,-4.903712241849865e-4,0.026726465727610615,0.7658289861149665,1
10000,10000000,1,4,0.027764058877191383,0.004453310845575389,0.026726465727610615,0.19438037306354464,4
10000,10000000,1,5,0.20904656854182077,0.012219770615062478,0.026726465727610615,0.17658131510418973,2
10000,10000000,1,6,0.0395987483440382,0.0053184154746152715,0.026726465727610615,0.028320987517924195,3
