nch,z,interval,param,v,b,se
5,0.1,0.01,k_on,-0.1398668779880708,-0.03041498324912778,0.21720462999101087
5,0.1,0.01,k_off,0.042001114591047835,-0.0023462846196545,0.20560205484047853
5,0.1,0.01,i,0.09322554019487411,0.01323974216509746,0.18179084427268993
5,0.1,0.01,S,-0.0561441862590834,-0.00133783347320771,0.020571691626759817
5,0.1,0.01,baseline,0.2377890648654437,0.00549734082717368,0.023767863031219697
5,0.1,0.01,N_ch,0.030902485427828516,-0.00443960522474231,0.21048225601553125
5,0.1,0.02,k_on,-0.09508066021412812,-0.0205300462700516,0.22067297799940974
5,0.1,0.02,k_off,0.03832657835431791,5.3510010608899e-4,0.2050620680620063
5,0.1,0.02,i,0.059384473323998266,0.00819608312435042,0.18242742326338804
5,0.1,0.02,S,-0.06070483746070676,-0.00208586326768222,0.030579576637588365
5,0.1,0.02,baseline,0.19679527457041976,0.00456028748811077,0.023838832318892007
5,0.1,0.02,N_ch,0.01860119974552686,-0.00153747613464795,0.21820037324135483
5,0.1,0.05,k_on,-0.05117344030662017,-0.00876842255058188,0.2337251148783606
5,0.1,0.05,k_off,0.08316810602890551,0.01144734631800409,0.20717903128375018
5,0.1,0.05,i,0.0316925430662181,0.00432314200198286,0.18524729308081864
5,0.1,0.05,S,-0.14216512219352578,-0.00825071133777538,0.05434779965757271
5,0.1,0.05,baseline,0.15176801696695527,0.00348135471797044,0.02387593975863275
5,0.1,0.05,N_ch,-0.010191930133897738,3.575148677221153e-6,0.24116547843988326
5,0.1,0.1,k_on,-0.03251848819614876,-0.00649929944481912,0.2579132958898164
5,0.1,0.1,k_off,0.0697283206420174,0.01452619488632057,0.21010364588773955
5,0.1,0.1,i,0.005460633490908487,-0.00299380635272812,0.18945924536047984
5,0.1,0.1,S,-0.16500483724043968,-0.01437159784492163,0.08714390663502332
5,0.1,0.1,baseline,0.10392005579832006,0.00255423182200397,0.02407876710555796
5,0.1,0.1,N_ch,0.027748577673543898,0.01077871199464604,0.2736087779526695
5,0.1,0.2,k_on,0.004649534501128469,-2.259290016997e-4,0.32401520788212057
5,0.1,0.2,k_off,0.09592395756102692,0.02373551885124975,0.22129352464915653
5,0.1,0.2,i,-0.010308071820574999,-0.0084636513776027,0.20397992396552322
5,0.1,0.2,S,-0.20759912557163282,-0.0280873880452009,0.1387552938297511
5,0.1,0.2,baseline,0.055342512568338,0.00157547527507114,0.02434335082653208
5,0.1,0.2,N_ch,0.043441907928694665,0.01864396523760373,0.3504312012027388
5,0.1,0.5,k_on,-0.010483495285440514,-0.03169699313796306,0.4819567851287268
5,0.1,0.5,k_off,0.1311263568876177,0.03904964917916536,0.24077572411417283
5,0.1,0.5,i,-0.0739880556629196,-0.03264919605565422,0.25046580068518526
5,0.1,0.5,S,-0.19586324364215152,-0.04364545591813483,0.2521352672476742
5,0.1,0.5,baseline,0.03532292068259901,0.00117975550557535,0.02539455294856655
5,0.1,0.5,N_ch,0.11695158371422709,0.06957585668248838,0.5088077536207847
5,0.1,1,k_on,-0.019896423692564835,-0.04598215009844041,0.5653403195647514
5,0.1,1,k_off,0.1746717866192047,0.03958188061756441,0.2337928565335734
5,0.1,1,i,-0.0898031924061925,-0.04027036921121054,0.31914752361935195
5,0.1,1,S,-0.11355141429937718,-0.03836151234374179,0.39819051882449574
5,0.1,1,baseline,0.011531040319143926,3.4069641724971e-4,0.027254048670658455
5,0.1,1,N_ch,0.12005136328685873,0.08413212196044072,0.5871965683430079
5,1,0.01,k_on,-0.024228465828554622,-0.00339164065103978,0.4340256978433261
5,1,0.01,k_off,-0.003032695835792149,-0.00553943384810683,0.25900000956917796
5,1,0.01,i,0.02490189875751317,0.00999369539551906,0.2827618906463085
5,1,0.01,S,-0.02087620811139862,-4.8940808180502e-4,0.019821799703924718
5,1,0.01,baseline,0.11210108132682765,0.00787830619146009,0.07437746859620721
5,1,0.01,N_ch,-0.02672686433093476,-0.01103390085443976,0.4895338304614918
5,1,0.02,k_on,-0.004528719395016506,0.00389290525325735,0.44446192278833446
5,1,0.02,k_off,0.0033662010620906582,-0.00314371007568609,0.25918788001214194
5,1,0.02,i,0.032331444831166734,0.01090108637076553,0.28654221061478713
5,1,0.02,S,-0.011545688925244418,-5.0875752431463e-4,0.028577680176696988
5,1,0.02,baseline,0.09123867893633625,0.00647179794380753,0.07443296995268582
5,1,0.02,N_ch,-0.021940780378696276,-0.01388042564220412,0.5018975322627159
5,1,0.05,k_on,0.0023165785386420473,0.00864689875033009,0.46819013216461325
5,1,0.05,k_off,0.018050966726382258,3.677660552853016e-5,0.26108880078314595
5,1,0.05,i,0.04204162303065399,0.01390041297378425,0.2964108319652243
5,1,0.05,S,-0.02127344002123647,-0.00155643592088654,0.04762177890392588
5,1,0.05,baseline,0.09053546595184522,0.00630008039647461,0.07469437300394623
5,1,0.05,N_ch,-0.025392697946093487,-0.01823711076680757,0.5318223805286578
5,1,0.1,k_on,-0.006661410669693068,1.7291146179428e-4,0.49085726213564884
5,1,0.1,k_off,0.003492817414138698,-9.9807174483108e-4,0.2621137396554697
5,1,0.1,i,0.04318377161209612,0.00995386996850438,0.3080945231574855
5,1,0.1,S,-0.03877262178494159,-0.00341458507294503,0.07258437005043379
5,1,0.1,baseline,0.06605306210193025,0.00481219569709136,0.07498376498007459
5,1,0.1,N_ch,-0.002177610524030857,-0.00848676766691952,0.560012987051545
5,1,0.2,k_on,0.01640313577114276,0.01768833606250583,0.5366468584351333
5,1,0.2,k_off,0.024784390662461887,0.00297073106486388,0.2656122939176305
5,1,0.2,i,0.05080250598463798,0.0188357075450539,0.32975024335887987
5,1,0.2,S,-0.06225477015878961,-0.00892985350785796,0.11521842601669717
5,1,0.2,baseline,0.055882011587393206,0.00402045915372573,0.07550781992862858
5,1,0.2,N_ch,-0.023288006168449282,-0.02623299123229181,0.61220777964307
5,1,0.5,k_on,-0.01580925396476918,-0.00195930499598293,0.6053171820105038
5,1,0.5,k_off,0.032439115918389105,0.00673208902420247,0.2676707352633606
5,1,0.5,i,0.006491695881848357,0.00703349735916953,0.37206761273341743
5,1,0.5,S,-0.08652196129176642,-0.01918650885216986,0.22030297051297248
5,1,0.5,baseline,0.045581722435369246,0.00313474301542241,0.07741887308259635
5,1,0.5,N_ch,-0.012606373623635925,-0.00428875335371427,0.689809657131264
5,1,1,k_on,0.01877914597274293,0.01131276178718938,0.6678491616377781
5,1,1,k_off,0.03036597593246821,0.00725017433730819,0.2672652785492035
5,1,1,i,0.012616195101538975,0.00829275544387429,0.4372025800537883
5,1,1,S,-0.07282948284898715,-0.02575379694183515,0.35689281950416785
5,1,1,baseline,0.04375139819306341,0.00354185988411558,0.08042758025866804
5,1,1,N_ch,0.005764459163309726,-0.00917479096275191,0.7667069154893661
10,0.05,0.01,k_on,-0.037297707409885784,-0.00851758176037927,0.23150444091697708
10,0.05,0.01,k_off,0.056064808312489826,0.00598455134956116,0.15822669853627205
10,0.05,0.01,i,0.029926606308978483,3.763850602088743e-6,0.1543144660871964
10,0.05,0.01,S,-0.045666168275803595,-0.00115657859759565,0.021539831375191172
10,0.05,0.01,baseline,0.20347104702052718,0.00358091772182242,0.017964960045516103
10,0.05,0.01,N_ch,0.015230261070452639,0.00594460005469676,0.2423282804278431
10,0.05,0.02,k_on,-0.05629946155912246,-0.01188278468769731,0.24144212838307108
10,0.05,0.02,k_off,0.05705854200344933,0.0057960257327786,0.159133579206343
10,0.05,0.02,i,0.013048660317825263,3.3155302472219e-4,0.15579146034139854
10,0.05,0.02,S,-0.06961947335748116,-0.00249941517775427,0.033061966535274184
10,0.05,0.02,baseline,0.18867854786589985,0.00331131424000483,0.017941300062125933
10,0.05,0.02,N_ch,-0.0010854101875960726,0.00592962998425439,0.25397900579934574
10,0.05,0.05,k_on,-0.026224532099735576,-0.0077846881184971,0.2886447364680247
10,0.05,0.05,k_off,0.07678547354766604,0.01234118353561398,0.1651266523537724
10,0.05,0.05,i,-0.0067163915758149395,-0.00535984339590804,0.1645788183065272
10,0.05,0.05,S,-0.10615228695526485,-0.0066499482378307,0.06149955074222348
10,0.05,0.05,baseline,0.12046998615583628,0.0021480126981211,0.018019797296929287
10,0.05,0.05,N_ch,0.01815884537208437,0.01337422678383395,0.3046987373578833
10,0.05,0.1,k_on,-0.014112884799310457,-0.00814547044220064,0.33012329204531965
10,0.05,0.1,k_off,0.07170186337458946,0.01410899042303823,0.1711872804121502
10,0.05,0.1,i,-0.013120833686242672,-0.00714401222055458,0.17279837235551274
10,0.05,0.1,S,-0.17973061984659655,-0.01734400058385299,0.09821378366900595
10,0.05,0.1,baseline,0.07248681067706099,0.00143450653080549,0.01812934851579008
10,0.05,0.1,N_ch,0.033663369988534614,0.01729290136380654,0.34572912158432434
10,0.05,0.2,k_on,0.005205755853809668,-0.00840254254257987,0.37903998800976607
10,0.05,0.2,k_off,0.07983607468342466,0.01861164031195759,0.1799691350481998
10,0.05,0.2,i,-0.03554480900988344,-0.01301253685830697,0.18623177025507576
10,0.05,0.2,S,-0.2065346951314731,-0.03039075046021358,0.15315709637769814
10,0.05,0.2,baseline,0.050087553714632214,0.00114662153113819,0.018320082809131895
10,0.05,0.2,N_ch,0.05864225855030303,0.02643558831050222,0.3927378986096913
10,0.05,0.5,k_on,-0.025141105212878545,-0.03636657448716272,0.426775748709396
10,0.05,0.5,k_off,0.08165886851595436,0.02240722544803669,0.18235814948193066
10,0.05,0.5,i,-0.10295673023899343,-0.03299050910875638,0.21306058703210928
10,0.05,0.5,S,-0.1677193773652626,-0.04211469769647398,0.2732470201815982
10,0.05,0.5,baseline,0.009969695210160646,4.0065397506339e-4,0.019234646625525775
10,0.05,0.5,N_ch,0.11979067057569381,0.06431539547687909,0.43275965171127206
10,0.05,1,k_on,-0.021298109952521904,-0.04135839407236696,0.47295658853405204
10,0.05,1,k_off,0.15311646422920422,0.0281673423065306,0.17812005350099697
10,0.05,1,i,-0.090359595703568,-0.03775867427722247,0.2766562901694196
10,0.05,1,S,-0.06687739664471544,-0.02515949098144221,0.42219418054733865
10,0.05,1,baseline,0.004278571001215245,8.033129289929636e-5,0.02063746595061661
10,0.05,1,N_ch,0.12376335102796454,0.07391868893366875,0.49139964881903375
10,0.1,0.01,k_on,-0.03430537115960454,-0.00972193084521132,0.2785342344935865
10,0.1,0.01,k_off,0.026806523966259096,0.00372085622995482,0.16600061980100894
10,0.1,0.01,i,0.00496045680428818,-0.00153213494975567,0.1675464620936039
10,0.1,0.01,S,-0.04976534153397741,-0.00109650012587131,0.020968849381073584
10,0.1,0.01,baseline,0.19504702235109062,0.00484291145250533,0.02530235855752641
10,0.1,0.01,N_ch,0.013465635593329778,0.00798244640165506,0.2953588974588571
10,0.1,0.02,k_on,-0.032735417824257006,-0.01059723572196673,0.2866418396610388
10,0.1,0.02,k_off,0.03809567640031654,0.00490033332342493,0.1666922158888816
10,0.1,0.02,i,0.030869265475497405,-4.287861879852183e-5,0.16920567135021183
10,0.1,0.02,S,-0.03694121567006321,-0.00137085295378767,0.031611787339060726
10,0.1,0.02,baseline,0.16716890000573836,0.00414158031693969,0.0253404623526912
10,0.1,0.02,N_ch,0.021144392219868968,0.00799417692045109,0.3048296115026794
10,0.1,0.05,k_on,-0.010266572629336376,-0.00317993443316688,0.3199147048663695
10,0.1,0.05,k_off,0.06408105772725993,0.00933512600737218,0.1710896857289044
10,0.1,0.05,i,0.012982727241871807,-0.00128941995804069,0.1763981341737891
10,0.1,0.05,S,-0.09943707097836631,-0.00605571128452246,0.05769255203053155
10,0.1,0.05,baseline,0.12064086423883288,0.00300036985551791,0.025426499594181067
10,0.1,0.05,N_ch,0.006542475057102343,0.00616489107913999,0.34000082113950975
10,0.1,0.1,k_on,-0.0030288832452876994,-2.7029958210608e-4,0.342489363453854
10,0.1,0.1,k_off,0.06824375152352712,0.0102584473462014,0.17438887490870905
10,0.1,0.1,i,0.005936232033390373,-8.0546526530162e-4,0.18119903024479142
10,0.1,0.1,S,-0.1257541184812506,-0.01199715825579312,0.09302814748930933
10,0.1,0.1,baseline,0.08615508624859977,0.00220991430737604,0.025557209169931094
10,0.1,0.1,N_ch,-4.2197614911108905e-5,0.00406662128145343,0.360875893860929
10,0.1,0.2,k_on,-0.012886994870891524,-0.01088145634428252,0.3861424428248213
10,0.1,0.2,k_off,0.07871710631643118,0.0159345314332424,0.18178255385675077
10,0.1,0.2,i,-0.0019166188420222663,-0.00628005319264951,0.1943350200595993
10,0.1,0.2,S,-0.1915402277521672,-0.02749781909965678,0.147196964159509
10,0.1,0.2,baseline,0.06113086199865535,0.00174777284843941,0.0258454790671862
10,0.1,0.2,N_ch,0.03931559290233108,0.01928869742115602,0.4047079272055961
10,0.1,0.5,k_on,-0.008562560116731954,-0.02157298887994368,0.4320929473802883
10,0.1,0.5,k_off,0.09417875491194458,0.02161083660978702,0.1844199136798458
10,0.1,0.5,i,-0.04670199937323405,-0.01920835639128672,0.2220445448764363
10,0.1,0.5,S,-0.1722514740726086,-0.04295597645880803,0.2663150853275465
10,0.1,0.5,baseline,0.033092612732929766,0.00106607502698659,0.026944980546033802
10,0.1,0.5,N_ch,0.08419259273258045,0.0418706650766572,0.44524974275631324
10,0.1,1,k_on,-0.009921488595552475,-0.02759380788753672,0.47816843712138446
10,0.1,1,k_off,0.10783234329946945,0.01962709500364114,0.17967310161980612
10,0.1,1,i,-0.0754174120078151,-0.02884716095351765,0.2840805733481147
10,0.1,1,S,-0.0807640534542946,-0.03051405772655965,0.4156716199752444
10,0.1,1,baseline,0.0202296928954765,5.6170271589637e-4,0.02872365327557273
10,0.1,1,N_ch,0.08566406954138855,0.0531507944029864,0.5033172125558819
10,0.2,0.01,k_on,-0.022785328043398684,-0.00636602848337854,0.3219482329857997
10,0.2,0.01,k_off,0.024354479263098642,0.00243516523077262,0.17392525983781468
10,0.2,0.01,i,0.013713113815608764,7.9070482139509e-4,0.18308575350099665
10,0.2,0.01,S,-0.020202777545841773,-4.9416008753424e-4,0.0205443284521298
10,0.2,0.01,baseline,0.14951644523781846,0.00519142210919942,0.03572586462178781
10,0.2,0.01,N_ch,5.279222744113757e-4,0.00331130438862364,0.34375567865693796
10,0.2,0.02,k_on,-0.020037750633516014,-0.00747057112239262,0.3327838892208446
10,0.2,0.02,k_off,0.03447062573924861,0.00423618465722556,0.1755526173304816
10,0.2,0.02,i,0.03571345340929844,0.00145224097187066,0.18648490683798202
10,0.2,0.02,S,-0.02864322309088903,-0.00109225104757223,0.030509471312633228
10,0.2,0.02,baseline,0.14514146638060077,0.00502484632783834,0.03568045913232073
10,0.2,0.02,N_ch,0.013788238507440216,0.00496852522190556,0.3573357895069874
10,0.2,0.05,k_on,-0.02125026751361376,-0.0054838899692108,0.3520092106388178
10,0.2,0.05,k_off,0.021604129938709346,0.0025632878357184,0.1769733840237698
10,0.2,0.05,i,0.002942055034753286,6.2752086374114e-4,0.19071126244869643
10,0.2,0.05,S,-0.05953955070262351,-0.0033494286166963,0.05435804784925191
10,0.2,0.05,baseline,0.11270876535642724,0.00394651223082676,0.03586567241997074
10,0.2,0.05,N_ch,-0.005530562931474865,0.00268898072310454,0.37568710961013607
10,0.2,0.1,k_on,-0.013113879401214494,-0.00574280684158615,0.37538469467968855
10,0.2,0.1,k_off,0.04914778914025261,0.00819181321001197,0.18042255980744543
10,0.2,0.1,i,0.01191280898262398,-0.0010410411867409,0.19794021751981308
10,0.2,0.1,S,-0.07938812726091954,-0.00717353266452401,0.08751142092216346
10,0.2,0.1,baseline,0.10516420851965287,0.00368387034881957,0.03597399968691082
10,0.2,0.1,N_ch,0.011249775492950934,0.00759243934956329,0.40034226155568803
10,0.2,0.2,k_on,-9.397712462584774e-4,7.4706212432864e-4,0.4018552672757278
10,0.2,0.2,k_off,0.04316772652075637,0.00673948930166777,0.18326409923186152
10,0.2,0.2,i,0.005176860328501029,0.00149318274265485,0.20616339037802478
10,0.2,0.2,S,-0.12566758519529625,-0.01782379234393753,0.14070295481806408
10,0.2,0.2,baseline,0.08411463123263085,0.00313124971499797,0.03644461215326293
10,0.2,0.2,N_ch,-0.001627984756005744,4.9192484068981e-4,0.4242620571783142
10,0.2,0.5,k_on,0.010652223214996107,-0.0034566790120909,0.441796704416115
10,0.2,0.5,k_off,0.06466684342423126,0.01314473401726202,0.1855470041111998
10,0.2,0.5,i,-0.03506651835797278,-0.00910872202937965,0.23412971399146323
10,0.2,0.5,S,-0.12813991778303616,-0.03148107365947533,0.2587812469299753
10,0.2,0.5,baseline,0.04263731148399612,0.00172352209362698,0.03782003157822386
10,0.2,0.5,N_ch,0.03290375299067802,0.01688353292462982,0.4622596090992304
10,0.2,1,k_on,-0.006750513018192655,-0.02257160801647676,0.4851826610908333
10,0.2,1,k_off,0.09278175514525458,0.01774580564952028,0.18281325540038526
10,0.2,1,i,-0.04129209501641529,-0.02045982138365772,0.2951749897933449
10,0.2,1,S,-0.0910001429913675,-0.03386637977005082,0.40758786631755695
10,0.2,1,baseline,0.010576584043518057,3.6427982319533e-4,0.039938964742884234
10,0.2,1,N_ch,0.07482327239473441,0.04192008569948931,0.5201725710456867
10,0.5,0.01,k_on,-0.011144051937516265,-0.0046003923317022,0.38443970925859544
10,0.5,0.01,k_off,-0.0054413883451631135,-0.00150536813725963,0.18506643400399214
10,0.5,0.01,i,0.015133680430442758,0.00103440599298867,0.21292841070754848
10,0.5,0.01,S,-0.015215883540213191,-3.403109823001e-4,0.02015829701955748
10,0.5,0.01,baseline,0.12418122509420071,0.00692014498590425,0.05619454945707252
10,0.5,0.01,N_ch,0.008841130778363009,0.00231584915446338,0.4160616874404506
10,0.5,0.02,k_on,-0.008194909735269297,-3.1012261564706e-4,0.39381063569905167
10,0.5,0.02,k_off,0.009606864697694558,-1.319736417874e-4,0.18600419979530658
10,0.5,0.02,i,0.0039126041946970155,0.00194586755604295,0.2152897863948542
10,0.5,0.02,S,-0.01585370263254896,-5.4426638495188e-4,0.029493587774448705
10,0.5,0.02,baseline,0.09781494794213808,0.00535100052906415,0.05633578401904645
10,0.5,0.02,N_ch,-0.011389120754533372,-0.00213925025640972,0.42556202961602013
10,0.5,0.05,k_on,0.006561857344584254,0.00292800093459065,0.3999728389813719
10,0.5,0.05,k_off,0.011564517259879125,3.0158193436868e-4,0.1860405711218239
10,0.5,0.05,i,0.0375319462466174,0.00512990675231072,0.21891077905490172
10,0.5,0.05,S,-0.019396559793991554,-0.0013758212125904,0.05087634060638334
10,0.5,0.05,baseline,0.09590550899785807,0.00534229020616378,0.056403964807384334
10,0.5,0.05,N_ch,0.0029397678981440897,-0.00503818932388976,0.4327392915008256
10,0.5,0.1,k_on,0.0013086339698399792,0.00142368477103951,0.4101591393816594
10,0.5,0.1,k_off,0.016011216819122612,0.00141440730336038,0.18686922481006982
10,0.5,0.1,i,0.03201700699173104,0.00478606122388239,0.22434014735481023
10,0.5,0.1,S,-0.038570948511070235,-0.00363322765203086,0.0804684013484359
10,0.5,0.1,baseline,0.08701992003299833,0.00484739733917669,0.05666291066732947
10,0.5,0.1,N_ch,0.00141231387311129,-0.00380514953487401,0.4438339938406131
10,0.5,0.2,k_on,7.8828213479612e-5,0.00315486861737845,0.43037702204942435
10,0.5,0.2,k_off,0.02297967729543561,0.00255937072229253,0.18851074397604528
10,0.5,0.2,i,0.03061713214542383,0.00722438750271335,0.23401397632315968
10,0.5,0.2,S,-0.09179386157115373,-0.01269099767679551,0.13072536720130534
10,0.5,0.2,baseline,0.06832960164274689,0.00390523347625754,0.05716860262119365
10,0.5,0.2,N_ch,-0.006698634630130554,-0.0073172817888457,0.4647814756843957
10,0.5,0.5,k_on,-0.0021105826042622407,7.6023267534513e-4,0.4595478218317584
10,0.5,0.5,k_off,0.047232812346463926,0.0078700303348763,0.19016621231483283
10,0.5,0.5,i,0.04034819633188081,0.00862533022127461,0.26110539310926145
10,0.5,0.5,S,-0.10636805967738003,-0.02658996172655772,0.2447438208846474
10,0.5,0.5,baseline,0.04829240424502896,0.00280674656181017,0.05879419145850753
10,0.5,0.5,N_ch,0.004701132423242646,-0.00480887795243947,0.49768655349385815
10,0.5,1,k_on,-0.004035943113886699,-0.00676079413617541,0.5033494531226846
10,0.5,1,k_off,0.05384406066227678,0.00992828064989579,0.18854993305283302
10,0.5,1,i,0.0017879621691371805,-0.00144486249510853,0.3208144362990411
10,0.5,1,S,-0.09429148901440962,-0.03552925637583791,0.3921659272949487
10,0.5,1,baseline,0.019910298416434435,0.00109485517681242,0.0614442374493367
10,0.5,1,N_ch,0.02361091873857077,0.01008868684863017,0.5580224363082017
10,1,0.01,k_on,0.01575245529169656,0.00891984542542441,0.4404371763011568
10,1,0.01,k_off,-0.015513482361884653,-0.0045784273988737,0.19516363102985568
10,1,0.01,i,0.0048037012733131434,0.0034909296036733,0.24610912778724242
10,1,0.01,S,-0.0034052727818891697,-9.377687340333684e-5,0.019959457604270463
10,1,0.01,baseline,0.07359326811732061,0.00604083811832338,0.07938720618975523
10,1,0.01,N_ch,-0.009760466607518989,-0.00920449568294135,0.4816838834286329
10,1,0.02,k_on,-0.007726788465738165,-0.00378533548395415,0.43828753912059454
10,1,0.02,k_off,0.016727623754065862,0.00243729150733483,0.19573416044002448
10,1,0.02,i,0.010487454974383126,-1.6510990329981e-4,0.24779979476713404
10,1,0.02,S,-0.007865757159551033,-2.9046365276836e-4,0.02895033345225457
10,1,0.02,baseline,0.0796516169760969,0.00600135442770913,0.07928403726012519
10,1,0.02,N_ch,0.007647905801878033,0.00425263823235187,0.4823290669127377
10,1,0.05,k_on,0.007309920016370562,0.00639435765567897,0.4480907994990917
10,1,0.05,k_off,0.014753920797777046,4.2858709097283e-4,0.1958348572761582
10,1,0.05,i,0.026361733375079258,0.00641153855607617,0.25194175445835487
10,1,0.05,S,-0.003336049718067414,-5.1173362029238e-4,0.04896978114631338
10,1,0.05,baseline,0.04813353250310279,0.0036656305055222,0.07947303352319572
10,1,0.05,N_ch,-0.01085378342176846,-0.00931719159375862,0.49235695494042797
10,1,0.1,k_on,0.004054532026413192,0.00120090374052459,0.45163893565218066
10,1,0.1,k_off,0.0035730909486030547,1.8178525717325e-4,0.19524313770079904
10,1,0.1,i,0.017551319098885118,0.00229383801741813,0.25767814411534573
10,1,0.1,S,-0.02846208276205608,-0.00237403558095824,0.07601246582717174
10,1,0.1,baseline,0.0661406153108519,0.00524876076637094,0.07975733215198838
10,1,0.1,N_ch,0.00707196125678637,-0.00120676696279148,0.4981887328187981
10,1,0.2,k_on,0.013022210289047334,0.01033935690166678,0.4648091090199871
10,1,0.2,k_off,0.011617103962422944,1.863463766253659e-6,0.19493186923064795
10,1,0.2,i,0.019500635643980566,0.00764762029558531,0.2676342265305562
10,1,0.2,S,-0.02787766482153456,-0.00430132603450764,0.12265538966009419
10,1,0.2,baseline,0.04495864193793299,0.00357693528837979,0.08032616700892749
10,1,0.2,N_ch,-0.01656560372725613,-0.01306266641192082,0.5129599906070876
10,1,0.5,k_on,0.004773789170492874,0.00284374618167418,0.4877788309243787
10,1,0.5,k_off,0.0010686818789813236,-1.3832818964298e-4,0.1953620783566844
10,1,0.5,i,0.014907946182446188,0.00474527604879321,0.2949270424648119
10,1,0.5,S,-0.06967181370754776,-0.01645889791228446,0.23339566590722635
10,1,0.5,baseline,0.04218333898377224,0.00370868350386698,0.08233515037415096
10,1,0.5,N_ch,0.003555608434621535,-0.00499561937151782,0.543440567346684
10,1,1,k_on,0.009074944542488934,3.5516296542839e-4,0.5285072457290725
10,1,1,k_off,0.036118139960339246,0.00684142739658439,0.19626271716404015
10,1,1,i,0.0017354520555966924,1.1896774540709e-4,0.35376550102058807
10,1,1,S,-0.06402119516775634,-0.0229901009613776,0.37640985545323224
10,1,1,baseline,0.016251794827570745,0.00128146493851989,0.0849710507240659
10,1,1,N_ch,0.016102513893319025,0.0035607412028973,0.6057631191747151
10,10,0.01,k_on,-0.009421156237584598,-0.00746690649165911,0.7429825102697379
10,10,0.01,k_off,-0.004819646894795755,-7.8813539216205e-4,0.2788902914165984
10,10,0.01,i,-0.01308077736985426,-0.00597877181196327,0.5242328945255292
10,10,0.01,S,0.0012087920110752462,4.732432220486082e-5,0.0196237946890646
10,10,0.01,baseline,-0.004109936902845876,-0.00109676740110498,0.24553740126550372
10,10,0.01,N_ch,9.247031054462757e-4,0.00888759019963946,0.8963039609230623
10,10,0.02,k_on,-0.02959450448976224,-0.01880193437999153,0.7453472499406747
10,10,0.02,k_off,0.0037008533665771406,7.6067838141904e-4,0.2796674417434695
10,10,0.02,i,-0.0015495019364737128,-0.00469423023177845,0.5272851726146663
10,10,0.02,S,-0.003926375720983208,-9.982794550730524e-5,0.028029112875696403
10,10,0.02,baseline,0.024011592319503113,0.00435853705250608,0.24539640042041352
10,10,0.02,N_ch,0.0032628605017061413,0.01530387877605025,0.9020696098057861
10,10,0.05,k_on,0.011701680960345316,0.00818762849993844,0.7421308331921103
10,10,0.05,k_off,0.009298733276799635,0.00204748894607958,0.27888107481520696
10,10,0.05,i,0.022188971012042494,0.00808040935747613,0.5314476293299534
10,10,0.05,S,-0.0033101446929915835,-3.0775150199979e-4,0.04558408556369964
10,10,0.05,baseline,0.009823827032984924,0.00230513906742192,0.24535577176531181
10,10,0.05,N_ch,0.003210956620061045,-0.00999747943428801,0.9023996057417338
10,10,0.1,k_on,-0.0023080917267831735,-0.0060532500686823,0.750648245995674
10,10,0.1,k_off,0.008692359969405712,0.00243451820303826,0.27928214043620336
10,10,0.1,i,-0.012849681578944894,-0.0081954159851847,0.5452447432772909
10,10,0.1,S,8.189428809734602e-4,2.7255679005963e-4,0.06733034975972997
10,10,0.1,baseline,0.010352761205493229,0.00189811399885027,0.2456762490296459
10,10,0.1,N_ch,0.008442504046736007,0.01278029646084003,0.9195943767603434
10,10,0.2,k_on,-0.007660181487027129,-7.435279296804e-4,0.758018595695935
10,10,0.2,k_off,0.0027751914096452134,-9.128469542419028e-5,0.2784118091144954
10,10,0.2,i,0.009018983029852524,0.0057407789550324604,0.5657505488543652
10,10,0.2,S,-0.022715690559700026,-0.0025808349066952,0.1024990883355518
10,10,0.2,baseline,0.012276463706595745,0.00253429211757536,0.24619224359736305
10,10,0.2,N_ch,-0.006243219220788902,-0.00519237785000573,0.9403256454359984
10,10,0.5,k_on,-0.01699227610585463,-0.01627678371018136,0.7830218121333915
10,10,0.5,k_off,0.0011453385510317923,0.00108423542364784,0.2797927903631148
10,10,0.5,i,-0.005290226889482025,-0.00913547466493441,0.6264347941659933
10,10,0.5,S,-0.0070884908152627395,-4.8105444114982e-4,0.19041046672384518
10,10,0.5,baseline,0.011431986219044208,0.00195410018900797,0.24849736065721126
10,10,0.5,N_ch,0.012051819034286093,0.01895895930300423,1.0053312756371962
10,10,1,k_on,-0.0011563651067543548,0.00257768077285019,0.8104793401740249
10,10,1,k_off,0.007993371527011652,0.00123418230864675,0.2859670841337181
10,10,1,i,0.010319055436623814,0.00843444690527325,0.6967100702327366
10,10,1,S,-0.017728042595303636,-0.00642686932232055,0.31291500971509745
10,10,1,baseline,0.015331540646320937,0.00340784959501063,0.2528388773685367
10,10,1,N_ch,-0.003928353228347906,-0.0085845025216447,1.077202493533381
10,100,0.01,k_on,0.010917503423194141,0.01776347670398823,2.114664691390615
10,100,0.01,k_off,-0.00763055083385792,-0.00347693444413688,0.7161052184157988
10,100,0.01,i,0.012855307518884543,0.01553070118725099,2.0767318378468462
10,100,0.01,S,-0.009666775264506875,-1.9846662663212e-4,0.019530564858799143
10,100,0.01,baseline,-0.007010884311609143,-0.00175021028739535,0.7885798524750033
10,100,0.01,N_ch,0.003393774068271821,-0.02490858634790746,2.9725957552958473
10,100,0.02,k_on,1.639293464607717e-4,0.00485868543541083,2.1245083728181395
10,100,0.02,k_off,0.0029343419767744834,4.4832399567302e-4,0.7176403225732892
10,100,0.02,i,-0.005664526546082998,1.9999982058351e-4,2.087112962485271
10,100,0.02,S,5.4600340592648186e-5,6.846153968039561e-6,0.027772272314014027
10,100,0.02,baseline,-0.002256841603364159,-0.00197103651121893,0.7884120364106978
10,100,0.02,N_ch,-0.0057189639421892854,-0.00430487932765697,2.987774634261381
10,100,0.05,k_on,0.009736436645809046,0.03028507782635544,2.126015368431375
10,100,0.05,k_off,-0.002407984999951998,-0.00480990885011404,0.7169513674351281
10,100,0.05,i,0.001711777458593966,0.02158865067203132,2.1098560448701167
10,100,0.05,S,-0.00950017993912796,-4.6291296737498e-4,0.04461856486894217
10,100,0.05,baseline,-0.005650515947424398,-0.00128329779024331,0.7885621869095916
10,100,0.05,N_ch,-0.01169239211778933,-0.04135750774630748,3.0043805594274327
10,100,0.1,k_on,-0.020887152090347208,-0.04902182658268938,2.1267201394421757
10,100,0.1,k_off,0.013646918157858803,0.01815943043644274,0.7179964198321798
10,100,0.1,i,0.010784690494280547,9.1924421337789e-4,2.1528718695528823
10,100,0.1,S,0.01714157344284548,9.0638802777127e-4,0.06468211059512646
10,100,0.1,baseline,-0.018338120859372864,-0.0203366265003635,0.7881579515734789
10,100,0.1,N_ch,0.007748611812927089,0.03077397204560148,3.0480563641731497
10,100,0.2,k_on,-0.013077340302070806,-0.02352495400752319,2.147499780851864
10,100,0.2,k_off,-0.026142810589012924,-0.01443040669017991,0.7179167486095313
10,100,0.2,i,-0.003111133723943768,-0.01589110964725738,2.2451099982155864
10,100,0.2,S,-0.016074126356747164,-0.0013025882121508,0.09578811883875447
10,100,0.2,baseline,0.007428656469646584,0.00812556021891865,0.7908085359649412
10,100,0.2,N_ch,0.004563899974524777,0.02395110696563887,3.1335927305697036
10,100,0.5,k_on,0.001489299225438806,0.01322002908762607,2.2122644061235444
10,100,0.5,k_off,2.9056531234167293e-5,2.9807430889414e-4,0.7283791958836607
10,100,0.5,i,0.019179961482548663,0.04402280550648856,2.4937192450777608
10,100,0.5,S,0.011621607826384838,1.8069423810197e-4,0.16882541866752637
10,100,0.5,baseline,-0.0035631079250054223,-0.00178245668797701,0.7964886073303379
10,100,0.5,N_ch,-0.006095965670250336,-0.05044754383123964,3.377768759094518
10,100,1,k_on,0.0032842849736213764,-0.011215444929525,2.2859183053196337
10,100,1,k_off,0.01068540614112648,0.00887999818969985,0.7534349243551295
10,100,1,i,0.0018555593040492369,-0.02478415276318464,2.882524866946735
10,100,1,S,0.010738317661896445,0.00354058938608729,0.27169616551992914
10,100,1,baseline,0.005715795012149125,0.00174759827829584,0.8087760700143614
10,100,1,N_ch,0.014287748476698725,0.03720239458251687,3.741798106845766
10,1000,0.01,k_on,0.006222280578726272,-0.01473365633385621,7.052970577250737
10,1000,0.01,k_off,0.010083925441822466,0.03026588771004663,2.3202593773516376
10,1000,0.01,i,0.012434864250942392,0.00496676697747416,15.357948616750226
10,1000,0.01,S,6.588160756087388e-4,1.041776571639019e-5,0.019515852980374185
10,1000,0.01,baseline,-0.0023083840258812487,-0.01096269068856233,2.5554558994493317
10,1000,0.01,N_ch,0.012805399468849996,0.02313700273473418,16.940324427500514
10,1000,0.02,k_on,0.004975323549561345,0.08757357313250212,7.058238241802545
10,1000,0.02,k_off,6.750751053777315e-5,-0.00772528633325072,2.3197497982901196
10,1000,0.02,i,3.161945739235117e-4,0.2392906503127151,15.42123798327657
10,1000,0.02,S,-0.0036761353549062494,-1.4900656205398e-4,0.027731064175157794
10,1000,0.02,baseline,-0.019286856725198934,-0.03688602548600794,2.5561102005010072
10,1000,0.02,N_ch,-0.02252953564295329,-0.3050607054222948,16.982817382175526
10,1000,0.05,k_on,0.006194389404833436,0.064519087738964,7.062208229174909
10,1000,0.05,k_off,-0.002373886072187404,-0.02691456732909012,2.320032085897027
10,1000,0.05,i,-0.009620937765009552,-0.08718972131941799,15.66903692924709
10,1000,0.05,S,0.009288406768516052,4.69271493216e-4,0.044463972474459025
10,1000,0.05,baseline,0.018600283373995045,0.05011245140613422,2.5558686937284647
10,1000,0.05,N_ch,-0.002400108723688177,0.0466982925169953,17.216936992198935
10,1000,0.1,k_on,0.0033693216044452523,0.04838876136526638,7.073760991727176
10,1000,0.1,k_off,0.002427113883520793,0.00347809824270112,2.3213885793752915
10,1000,0.1,i,0.01915225207913207,0.3718427246288079,15.933451567069161
10,1000,0.1,S,0.0029599571064061513,-2.3760724039884e-4,0.06425187554893211
10,1000,0.1,baseline,-0.008077161675650618,-0.0151196880951993,2.5573256821649726
10,1000,0.1,N_ch,-0.013787079136917346,-0.398538644028923,17.468434819355245
10,1000,0.2,k_on,-0.003569510799529607,-0.08212339660227322,7.1181711940999515
10,1000,0.2,k_off,-0.005428401732375146,0.01696094326756635,2.3266375976389053
10,1000,0.2,i,0.010644829354930885,-0.05823228160943206,16.746369556072942
10,1000,0.2,S,0.011304750014437866,0.00103907980105868,0.0946490769655413
10,1000,0.2,baseline,-0.012480417487915098,-0.03182966616049363,2.561585383003482
10,1000,0.2,N_ch,0.016289575971327075,0.1130831338258003,18.263195656257952
10,1000,0.5,k_on,-0.001533955819115751,-0.01435239213256907,7.363182241279232
10,1000,0.5,k_off,0.009470853048004185,0.02406333182318095,2.3662366330043527
10,1000,0.5,i,0.02653822431387598,0.4312795161950968,18.91032146836419
10,1000,0.5,S,-0.0024666193052419894,-0.00248438843137217,0.16515696779482805
10,1000,0.5,baseline,0.0017713989001987979,-0.00240871438370004,2.5857949377988914
10,1000,0.5,N_ch,-0.004822393995606689,-0.4072130418993762,20.39038853455244
10,1000,1,k_on,0.0020260530658943367,-0.01344885988664904,7.631015565581497
10,1000,1,k_off,0.010606554529735676,0.02594397505583889,2.4494012341043487
10,1000,1,i,0.0059376255572149705,0.03402924532603368,22.626499935871017
10,1000,1,S,-9.129846834725486e-4,-4.6087987351143e-4,0.2641523785884986
10,1000,1,baseline,-0.0010345455335519713,-0.00969109858378109,2.6309525143139294
10,1000,1,N_ch,0.0042650507050599265,-0.01353705773556574,23.995729352382185
10,10000,0.01,k_on,0.016165575931228693,0.3905180831527971,22.514720969121125
10,10000,0.01,k_off,-0.003139194816853097,-0.0801864541083858,7.377382392793139
10,10000,0.01,i,0.006297096458917739,1.44813240105542,146.81590121234635
10,10000,0.01,S,-0.014741712163458019,-3.0327886530157e-4,0.01951439583751032
10,10000,0.01,baseline,0.005593969924319486,0.0882466079684232,8.116357716717086
10,10000,0.01,N_ch,-0.008380916532888083,-1.677307194486659,148.56508169294995
10,10000,0.02,k_on,0.0019165099073803482,0.02763508146944499,22.518648359755957
10,10000,0.02,k_off,3.061408339870564e-4,0.01484594726961188,7.37701798833706
10,10000,0.02,i,0.007403370282784705,1.263129172131084,147.35768918318112
10,10000,0.02,S,0.0020652933625998973,2.470523668176828e-5,0.02772621848694192
10,10000,0.02,baseline,-0.007574295551373761,-0.05177426081721007,8.11622771128484
10,10000,0.02,N_ch,-0.0047325965199185305,-1.278759233610075,149.0948974410605
10,10000,0.05,k_on,0.002327449382240665,0.05048305175288117,22.531244776443813
10,10000,0.05,k_off,-0.0011646146420457582,-0.01657207308170715,7.378931868958529
10,10000,0.05,i,-0.010206433466909637,-1.693689248853814,150.24831587378796
10,10000,0.05,S,0.0063442394499349675,3.8395353189196e-4,0.044451651074474165
10,10000,0.05,baseline,-6.836240912125313e-5,0.00630804331926468,8.117432148236583
10,10000,0.05,N_ch,0.005554177536423843,1.656496338833583,151.9293927644856
10,10000,0.1,k_on,-0.020352947720675196,-0.481329001737718,22.571478830457895
10,10000,0.1,k_off,-5.771344421980906e-4,0.06638662328490387,7.385776450410463
10,10000,0.1,i,0.019571103944702628,2.297169985465732,152.48959017089769
10,10000,0.1,S,0.017531040613457047,7.6973650196216e-4,0.06420181951903194
10,10000,0.1,baseline,0.003867478351270298,-0.01906673006546032,8.120703424272152
10,10000,0.1,N_ch,-6.829277251789723e-4,-1.996291544537653,154.29635096780834
10,10000,0.2,k_on,0.0031191858391258487,0.2976753319371424,22.726524835654782
10,10000,0.2,k_off,-0.003896192859697334,-0.1277500729604108,7.405987427923398
10,10000,0.2,i,0.006377157139128675,3.598550546402433,159.85156206170194
10,10000,0.2,S,0.01141402689919844,1.7845182519576e-4,0.09447293897301089
10,10000,0.2,baseline,0.022827293480794153,0.1995513681415653,8.134714348477088
10,10000,0.2,N_ch,-0.026019956817415757,-3.799200739165278,161.56085300692976
10,10000,0.5,k_on,0.002777478660687671,-0.07519326339504383,23.50894130343347
10,10000,0.5,k_off,0.00430267055209016,0.06547737818227244,7.527891321634333
10,10000,0.5,i,0.01311626621134665,0.8149280948554666,182.50186503434026
10,10000,0.5,S,0.003497660863094656,5.310114594392417e-5,0.16498566194495876
10,10000,0.5,baseline,-0.004732756406267073,-0.04597860712969923,8.216432370035974
10,10000,0.5,N_ch,0.007081960435368184,-0.7322581399798874,184.09351444504344
10,10000,1,k_on,0.0010824078039948226,0.00203910517154314,24.375246237390993
10,10000,1,k_off,0.016669467756255774,0.1053514465111433,7.795316656059453
10,10000,1,i,0.01136683118688464,3.508043260408133,217.3846511987627
10,10000,1,S,0.02154174390681023,0.00136615536557719,0.26250364984993924
10,10000,1,baseline,-0.0040638922212565265,-0.06313620817881846,8.361490329951375
10,10000,1,N_ch,-0.011325340240917692,-3.475335251122889,218.87412163028205
20,0.05,0.01,k_on,-0.012801020829764621,-0.00410150908624541,0.2813379965167799
20,0.05,0.01,k_off,0.035323606540828105,0.00295286575685858,0.12703601761989078
20,0.05,0.01,i,0.02452178521171769,2.6337990377332e-4,0.1343135049385699
20,0.05,0.01,S,-0.029772222014807805,-8.0956771123793e-4,0.022325228726398753
20,0.05,0.01,baseline,0.1743190939797167,0.0032806639855285,0.019035464608894895
20,0.05,0.01,N_ch,0.007399159351919905,0.00315497414655218,0.27699920159370744
20,0.05,0.02,k_on,-0.026008032302435192,-0.00564564613297605,0.28649786929591886
20,0.05,0.02,k_off,0.05750317253436376,0.00478691148277456,0.12763862119894226
20,0.05,0.02,i,0.015513967957780456,2.9237530041781e-4,0.13543520331277176
20,0.05,0.02,S,-0.05952562064421461,-0.00233503549896335,0.03499522341014442
20,0.05,0.02,baseline,0.14311411130826604,0.00267360960083061,0.019048645746143216
20,0.05,0.02,N_ch,-0.00794260147048468,0.00350637005550668,0.2816495577915873
20,0.05,0.05,k_on,-0.009816164331462669,-0.00261460947361364,0.29604567262855236
20,0.05,0.05,k_off,0.04918014275031485,0.00499793661404008,0.12906078087288075
20,0.05,0.05,i,0.013989818035409572,1.9052035011111e-4,0.13856320849860998
20,0.05,0.05,S,-0.1088977287127723,-0.00742514931744283,0.06593773011449833
20,0.05,0.05,baseline,0.10208976318706704,0.00196201960297576,0.019094528120188515
20,0.05,0.05,N_ch,9.490641224185539e-4,0.00277903076067038,0.2912211664434373
20,0.05,0.1,k_on,0.004186964388203512,-0.00271107800777587,0.31311684109186605
20,0.05,0.1,k_off,0.05023612235614356,0.0071804839826896,0.1314811570094254
20,0.05,0.1,i,0.009948099887341355,-0.00254975693932018,0.1445278137641829
20,0.05,0.1,S,-0.12136649339936162,-0.01267453686434457,0.1045732923470505
20,0.05,0.1,baseline,0.07248615168762261,0.00145843784167632,0.019210334196563837
20,0.05,0.1,N_ch,0.028010401243809796,0.00766552527494204,0.30731420559926736
20,0.05,0.2,k_on,-0.004483477788158358,-0.0046377632804414,0.33441965185530215
20,0.05,0.2,k_off,0.06047789813541441,0.00875725261984703,0.13473843312441142
20,0.05,0.2,i,-0.01312904196695222,-0.00383556030306854,0.15696954223751622
20,0.05,0.2,S,-0.17719327861629658,-0.02855559805509643,0.16314824113372445
20,0.05,0.2,baseline,0.03944618540095184,9.0305159339626e-4,0.0194692501373774
20,0.05,0.2,N_ch,0.020965073968428102,0.00976512107620061,0.3299422986936241
20,0.05,0.5,k_on,-0.002810002330114969,-0.0195909249551193,0.35758120529961723
20,0.05,0.5,k_off,0.04864558238170957,0.01146391780841583,0.13578505741540708
20,0.05,0.5,i,-0.05913253643228367,-0.02093786238317831,0.19149727783440543
20,0.05,0.5,S,-0.11436670235823268,-0.03123027949204821,0.287569240307647
20,0.05,0.5,baseline,0.0054462158242091704,2.0629607293026e-4,0.020323734996484284
20,0.05,0.5,N_ch,0.10200057802238088,0.0386815884975031,0.3632244233860435
20,0.05,1,k_on,-0.0029822352322187995,-0.01870147007844011,0.38740913318869835
20,0.05,1,k_off,0.07463833102707162,0.01133211009186486,0.13542882083372154
20,0.05,1,i,-0.05885786096752543,-0.02346985324698425,0.25375497756412535
20,0.05,1,S,-0.030884950329938623,-0.01242780745850044,0.43103584244458487
20,0.05,1,baseline,0.0045172104432179006,8.129307932149755e-5,0.02130284466573772
20,0.05,1,N_ch,0.08161019693915189,0.03963192037305346,0.41951156915076454
20,0.1,0.01,k_on,-0.027454138900660584,-0.0086943904918923,0.2989915462301987
20,0.1,0.01,k_off,0.009677725091247358,5.9029516763281e-4,0.12977899982396293
20,0.1,0.01,i,0.025917971690520798,0.00113810254279755,0.14228075052879324
20,0.1,0.01,S,-0.014262542759543516,-3.9211721039898e-4,0.021542578841758246
20,0.1,0.01,baseline,0.14773012202842412,0.00393206643445778,0.026904553033241418
20,0.1,0.01,N_ch,0.010863796088089614,0.00425452164336373,0.2963167422126299
20,0.1,0.02,k_on,-0.01653743418612804,-0.00202360358280119,0.3023161455159613
20,0.1,0.02,k_off,0.026609650085800456,9.8566933175424e-4,0.1300970503603791
20,0.1,0.02,i,0.015627469297639824,0.00245368501694279,0.14323634199111113
20,0.1,0.02,S,-0.028015866034330237,-0.00113124732193034,0.03309607802555342
20,0.1,0.02,baseline,0.14165831582192556,0.00375597138992867,0.026926036413484254
20,0.1,0.02,N_ch,-0.01763508089199048,-0.00188835670374688,0.2992307398430595
20,0.1,0.05,k_on,-0.005226191680404887,3.670504108947154e-5,0.30885590418435493
20,0.1,0.05,k_off,0.036485543692785005,0.00280634016110183,0.13099204015387447
20,0.1,0.05,i,0.017649367891007437,0.00201761399030058,0.14633551842749298
20,0.1,0.05,S,-0.06402505000318265,-0.00429731190545119,0.061834954079415715
20,0.1,0.05,baseline,0.09617741249526085,0.00256966698853547,0.02701693914779411
20,0.1,0.05,N_ch,-0.009821382477153515,-0.00144804025934224,0.3062735290306499
20,0.1,0.1,k_on,-0.004624292840931715,-0.00205031755860494,0.31978175891965865
20,0.1,0.1,k_off,0.028802877827573944,0.00332477288471824,0.1324714824072212
20,0.1,0.1,i,0.015894691756956035,9.3231872159964e-4,0.15105216861151735
20,0.1,0.1,S,-0.09098422792244186,-0.0092201983492693,0.09951430154025184
20,0.1,0.1,baseline,0.07030968768987082,0.00194646459897232,0.027175344642612353
20,0.1,0.1,N_ch,0.0064616591495790104,0.00172796626118855,0.31716137134645717
20,0.1,0.2,k_on,0.0028744852424207393,-0.0016217867233431,0.33673020929070024
20,0.1,0.2,k_off,0.03147149453793272,0.00453552171175174,0.13468272092750042
20,0.1,0.2,i,0.015740373159364766,5.8074510361249e-4,0.1624341103727248
20,0.1,0.2,S,-0.15357533968016612,-0.02405648201613435,0.1570584011888649
20,0.1,0.2,baseline,0.05008350386286435,0.00152714310255682,0.027492033197792046
20,0.1,0.2,N_ch,0.018525994005661902,0.00292018797602884,0.33570520067192167
20,0.1,0.5,k_on,-0.022930308593436727,-0.01841367834875784,0.3602024043296395
20,0.1,0.5,k_off,0.04086261374126385,0.00839191941131228,0.13646921888747615
20,0.1,0.5,i,-0.040897047468115066,-0.01338533434299684,0.1972045954174465
20,0.1,0.5,S,-0.12147431675426144,-0.03273205698001614,0.2814935291944252
20,0.1,0.5,baseline,0.01972823107890908,6.457840501066e-4,0.02848405976884633
20,0.1,0.5,N_ch,0.06072493550862473,0.02775145873849263,0.3706424936535908
20,0.1,1,k_on,-0.010089288721825379,-0.01645786735682933,0.389802112553503
20,0.1,1,k_off,0.0653211491276284,0.00971922547421718,0.13600802867947215
20,0.1,1,i,-0.044216256054148084,-0.01742898390662467,0.2578819077737282
20,0.1,1,S,-0.054174088332966885,-0.02210857546050374,0.427873023580323
20,0.1,1,baseline,-0.003541726932486614,-1.4801445266645e-4,0.029830972282296128
20,0.1,1,N_ch,0.05953444283723175,0.03112273852844209,0.42564204401060285
20,0.2,0.01,k_on,-0.016928590308638726,-0.00379978640472659,0.3157306948549571
20,0.2,0.01,k_off,0.0050067914909983895,-0.00119101784082768,0.13231971506286325
20,0.2,0.01,i,0.03539417306880775,0.00397269893342527,0.1523197231059496
20,0.2,0.01,S,-0.003021094248653941,-1.7898870298134e-4,0.02096005820882924
20,0.2,0.01,baseline,0.12683901044458612,0.00477296742051309,0.03802345040408261
20,0.2,0.01,N_ch,-0.00449688594227279,-0.00213206913546522,0.3158009440411213
20,0.2,0.02,k_on,-0.022953282419441043,-0.0053971152970944,0.31739422986972793
20,0.2,0.02,k_off,0.018161473190712235,9.0111922360782e-4,0.13277777687888195
20,0.2,0.02,i,0.01672393442675105,0.00185394128724421,0.1537586289576962
20,0.2,0.02,S,-0.02399127192130303,-8.9513940839069e-4,0.031613521851719555
20,0.2,0.02,baseline,0.11598881808098341,0.00430998452500666,0.03794851923458042
20,0.2,0.02,N_ch,-0.006082018608982741,0.00112909822984918,0.3183086693974982
20,0.2,0.05,k_on,0.025291084383397236,0.00747130359536467,0.32227440384788847
20,0.2,0.05,k_off,0.0025274659505905607,-6.1561908212515e-4,0.13292011160453115
20,0.2,0.05,i,0.028265876086623717,0.00351944139576741,0.15678294802932222
20,0.2,0.05,S,-0.057692979693801945,-0.00361038709890686,0.05786875010022983
20,0.2,0.05,baseline,0.0802920864933215,0.00312999243195453,0.038205430091758814
20,0.2,0.05,N_ch,9.557457483088672e-4,-0.00675208458266855,0.3232025510950169
20,0.2,0.1,k_on,-0.009834057013952716,-0.00248381677258264,0.32953497509382473
20,0.2,0.1,k_off,0.016541342816759307,0.00138417897957093,0.13385976682593148
20,0.2,0.1,i,0.022958514884948277,0.0028240652794468,0.16108791749553858
20,0.2,0.1,S,-0.07251847900780346,-0.00709898871313124,0.09389399105981554
20,0.2,0.1,baseline,0.08303018715721629,0.0031897378081317,0.03835646375957343
20,0.2,0.1,N_ch,2.9719245806181585e-4,-6.2791751555887e-4,0.3315379263003602
20,0.2,0.2,k_on,-4.501211200217403e-4,0.00210326066499859,0.3423954669025164
20,0.2,0.2,k_off,0.005714323043243867,-2.1103863746055e-4,0.13512300750276257
20,0.2,0.2,i,0.01263207997513352,0.00379110376312093,0.17067186172582
20,0.2,0.2,S,-0.09008351113941836,-0.01380998793725493,0.15008685417074044
20,0.2,0.2,baseline,0.057566503793329345,0.00233527530140175,0.038755721289551175
20,0.2,0.2,N_ch,-0.010445400984695,-0.0051340016437241,0.34589082924376646
20,0.2,0.5,k_on,-0.007994336329643123,-0.00803625546983392,0.36456842699547615
20,0.2,0.5,k_off,0.05234086114220754,0.00808706967312736,0.1374308421145419
20,0.2,0.5,i,-0.01852451619955134,-0.00596693681110206,0.2054811201410546
20,0.2,0.5,S,-0.09722455663662372,-0.02567980917812159,0.2738805976827269
20,0.2,0.5,baseline,0.026910239352035556,0.00108457777030286,0.03991285217543229
20,0.2,0.5,N_ch,0.02952811647272624,0.01392947655842338,0.3811739470506607
20,0.2,1,k_on,-0.012750197196931351,-0.01586977049317685,0.39251854437298983
20,0.2,1,k_off,0.04042586751252486,0.00665663754054868,0.13698409803781028
20,0.2,1,i,-0.02627284458558543,-0.01387945550253369,0.2642755079533308
20,0.2,1,S,-0.050066172527711866,-0.01989580349619725,0.4230345747865895
20,0.2,1,baseline,0.006707448658519171,2.406629478441e-4,0.04168997321431989
20,0.2,1,N_ch,0.054420507064071366,0.02637688882721878,0.43419731896147773
20,0.5,0.01,k_on,-7.488778890710262e-4,-2.224731145716004e-5,0.3398995846634328
20,0.5,0.01,k_off,0.00902525764713263,7.7497442387211e-4,0.13683224833628002
20,0.5,0.01,i,-0.0017723994218438108,-3.6917837393325e-4,0.1725223738706993
20,0.5,0.01,S,-0.006710164838515778,-1.5061491333354e-4,0.020426434627486265
20,0.5,0.01,baseline,0.057643498306330844,0.0033813539647989,0.05987567258636207
20,0.5,0.01,N_ch,-4.868841947383417e-4,7.7119132408535e-4,0.3479649552137327
20,0.5,0.02,k_on,0.010726593461300617,0.00183576157530602,0.3392853022820268
20,0.5,0.02,k_off,-0.00943098629607336,-0.00106961000055293,0.13652033045602124
20,0.5,0.02,i,0.007619498396513409,-3.149538621694477e-5,0.17348039957056122
20,0.5,0.02,S,-0.0032814266355495536,-1.1227370071398e-4,0.03021577070461765
20,0.5,0.02,baseline,0.07929894962417806,0.00482275284411206,0.060025813345387084
20,0.5,0.02,N_ch,0.011122857047262694,-1.8751346735293e-4,0.34815510223695173
20,0.5,0.05,k_on,-1.0533119414321557e-4,0.00387666839929298,0.3433029676808824
20,0.5,0.05,k_off,0.006258809645619878,-0.00126670543846456,0.13680675918004062
20,0.5,0.05,i,0.012873011391353245,0.00426440315996048,0.17672076295957215
20,0.5,0.05,S,-0.022792670417896982,-0.00149241585186369,0.053395171556221734
20,0.5,0.05,baseline,0.07857330847392083,0.00467629464167707,0.060076824421035936
20,0.5,0.05,N_ch,-0.021288023812370563,-0.00727269639434782,0.35322338762433214
20,0.5,0.1,k_on,9.53625476959874e-4,0.00247607632595637,0.3471543276193762
20,0.5,0.1,k_off,0.020667218625042907,9.8731463224614e-4,0.13701710601990577
20,0.5,0.1,i,0.03584297869436848,0.00577215933499424,0.1816531503186698
20,0.5,0.1,S,-0.03834929975809981,-0.00394174766037466,0.0859855606042086
20,0.5,0.1,baseline,0.047603764585018346,0.00279655185071133,0.06028942899793645
20,0.5,0.1,N_ch,-0.00927178510789245,-0.00646188278826164,0.35937525986446894
20,0.5,0.2,k_on,0.022025422407912082,0.01083272582242999,0.3556553302578065
20,0.5,0.2,k_off,0.011636927565083457,-3.3258310360349e-4,0.1375434163595225
20,0.5,0.2,i,0.022609957849290208,0.0067484257993131,0.18994905200380993
20,0.5,0.2,S,-0.06423527027080224,-0.0097501749436836,0.13973593546460675
20,0.5,0.2,baseline,0.04820737768094993,0.00304781733064073,0.06086174395001855
20,0.5,0.2,N_ch,-0.01881062055557106,-0.01265974020298954,0.36982594866199964
20,0.5,0.5,k_on,0.004948954264734256,5.2616245248098e-4,0.3730904626297468
20,0.5,0.5,k_off,0.025004432299857993,0.00336584553421279,0.13898568839433656
20,0.5,0.5,i,0.015929362370842134,0.00240828846104827,0.22237741624342036
20,0.5,0.5,S,-0.06853292492183982,-0.01786649469091485,0.26020940933895825
20,0.5,0.5,baseline,0.032184563232309685,0.00203718243219755,0.062343909528474066
20,0.5,0.5,N_ch,0.009698365855262825,-5.7521973428013e-4,0.4015198571554701
20,0.5,1,k_on,-0.001322830583574769,-0.00668724197309422,0.4003336511579474
20,0.5,1,k_off,0.02291485473061057,0.00391997036256445,0.1394609616902017
20,0.5,1,i,0.001355813590100674,-0.00440402074987942,0.2793222296744137
20,0.5,1,S,-0.054507940345380014,-0.02155850385370983,0.41185188249557375
20,0.5,1,baseline,0.016436256637661836,0.00103334876033116,0.06458407382908127
20,0.5,1,N_ch,0.03184216322234486,0.0108792193620553,0.45458194348085856
20,1,0.01,k_on,0.014114126209083996,0.00340563012394801,0.35887324704823775
20,1,0.01,k_off,0.011537395825725464,9.4297330349137e-4,0.14069831279430872
20,1,0.01,i,0.017422121117623143,0.0011293826962504,0.19427661838706747
20,1,0.01,S,0.00967972588623318,1.464932358858e-4,0.02014646182963078
20,1,0.01,baseline,0.06453858187990674,0.00537842568584147,0.08425993487939236
20,1,0.01,N_ch,0.009104318415349012,-0.00140492372409519,0.37754264732657145
20,1,0.02,k_on,-0.012132780359182707,-0.00405938027020179,0.35879236778207196
20,1,0.02,k_off,-3.4946669310238244e-4,-3.9661519694507e-4,0.14051176479133062
20,1,0.02,i,0.012374919869801526,8.8218467784269e-4,0.1951779138900892
20,1,0.02,S,-0.003834695901841051,-1.5121022147769e-4,0.02946839991996121
20,1,0.02,baseline,0.0579938469194162,0.0047901110040942,0.08441251084637116
20,1,0.02,N_ch,0.004735800114566813,0.00178390451221532,0.378217243124234
20,1,0.05,k_on,0.005566358932984752,0.00731356504074477,0.3627711367369448
20,1,0.05,k_off,8.808924094676138e-4,-0.00216688454208801,0.1405370388110482
20,1,0.05,i,0.0024631337049954016,0.00458149674969252,0.19847523287998453
20,1,0.05,S,-0.0015352614301926983,-2.9834257963557e-4,0.05083887703714265
20,1,0.05,baseline,0.03780924881314936,0.00321586278210441,0.08457971208849496
20,1,0.05,N_ch,-0.029785152213923402,-0.01032617307662842,0.3827349915173559
20,1,0.1,k_on,-0.010660873624720048,2.684901447097914e-5,0.3654440422539144
20,1,0.1,k_off,0.001047657513964892,-0.00120836834352128,0.14046695753193686
20,1,0.1,i,0.008847906305711147,0.00358036495317624,0.2041562724611097
20,1,0.1,S,-0.01263021286517696,-0.00130204535906896,0.08048494813518277
20,1,0.1,baseline,0.036490184335147134,0.00301584437974152,0.0847179811856342
20,1,0.1,N_ch,-0.016576938749463206,-0.0045309258360207,0.3887611866470404
20,1,0.2,k_on,-0.0012088841959151907,0.00111056046069221,0.3707870998974808
20,1,0.2,k_off,-0.0048281369564440735,-0.00142427895298129,0.14030699498790097
20,1,0.2,i,0.018017332387785398,0.00358381943242971,0.21288020298442636
20,1,0.2,S,-0.014492125922110534,-0.00234050291359535,0.13128783931435953
20,1,0.2,baseline,0.048933780762673046,0.00420914345192901,0.08536521046162887
20,1,0.2,N_ch,-0.0037173446834882842,-0.00419370072502613,0.39788479550125033
20,1,0.5,k_on,-0.014008288992617409,-0.00112531642442272,0.3853167343719115
20,1,0.5,k_off,0.0027060120812221825,-6.1551069516395e-4,0.14188198655405673
20,1,0.5,i,0.00815937259679602,0.00456635977380663,0.2428557994087714
20,1,0.5,S,-0.04999588265954962,-0.01285216172523527,0.2479347392685614
20,1,0.5,baseline,0.03693387934316351,0.00322307271165426,0.08713701117266101
20,1,0.5,N_ch,-0.01389527628154192,-0.00456170463849149,0.4272572156658355
20,1,1,k_on,-0.017937872028023875,-0.00683083377915817,0.41230171188058035
20,1,1,k_off,0.023859079423349028,0.00308445446413314,0.14341383252089454
20,1,1,i,-0.005597801478592859,-7.978448413026e-4,0.2988948764389129
20,1,1,S,-0.047154765309860305,-0.01815593432449382,0.3974990607861229
20,1,1,baseline,0.01222776982267092,8.7451750473324e-4,0.08950369069176092
20,1,1,N_ch,0.0028443850706694335,0.00541895108354955,0.48166059687646706
20,10,0.01,k_on,-0.01001742257887707,-0.00836440611336121,0.4971259474904142
20,10,0.01,k_off,-0.016999733350150918,-0.00117576725642604,0.1789318229770527
20,10,0.01,i,0.006181605388864531,-0.0033889077868261,0.364083231767305
20,10,0.01,S,0.002380852938645171,6.345629647915607e-5,0.019680229568923478
20,10,0.01,baseline,-0.005902096305489642,-0.00134992746422202,0.25685535297845874
20,10,0.01,N_ch,0.017502865327860023,0.00824768217297334,0.6005424563164727
20,10,0.02,k_on,0.0028029382800669952,0.00467071821343491,0.49956532759973543
20,10,0.02,k_off,0.00683155234320925,-5.772010208988545e-5,0.17954135901072377
20,10,0.02,i,0.008653465004331742,0.00515312136155577,0.36492624730494966
20,10,0.02,S,-0.0077654781777404674,-2.703051111042e-4,0.028184286186149012
20,10,0.02,baseline,0.010747179594290552,0.00265599601296627,0.25639638011570215
20,10,0.02,N_ch,-0.010837919263975385,-0.00775190586952474,0.6026368619138781
20,10,0.05,k_on,0.003855216670703064,0.00577535377639003,0.5009277799314598
20,10,0.05,k_off,0.013299338911965781,6.9164981260595e-4,0.17955763565355318
20,10,0.05,i,0.0038707376524246134,0.00500447386371178,0.36973423770510233
20,10,0.05,S,-0.010208675197737795,-5.8684646605611e-4,0.04618108134616718
20,10,0.05,baseline,0.012408691515368284,0.00289652608663086,0.2562142629624135
20,10,0.05,N_ch,-0.014377884269270752,-0.00817911758427728,0.607513629587634
20,10,0.1,k_on,-0.001959844196452197,-0.00323132967033019,0.5017056645632492
20,10,0.1,k_off,0.0044770994608155715,0.0012628117536172,0.17953845128623164
20,10,0.1,i,0.0055447863350831655,-0.0013169290706115,0.37938037917593076
20,10,0.1,S,-0.004280824058658954,-2.6262536906863e-4,0.06892488227727726
20,10,0.1,baseline,0.005177172220411452,9.7010767262082e-4,0.25672804763677726
20,10,0.1,N_ch,0.010351867748201057,0.00424355230569342,0.6167630266153773
20,10,0.2,k_on,0.016788631554025005,0.00481755094983184,0.5080660221271779
20,10,0.2,k_off,0.009617487857896154,0.00178463719383448,0.1790843521536175
20,10,0.2,i,-0.011008202223135508,-0.00342880609101967,0.39480539786726104
20,10,0.2,S,-0.001666716613326395,1.348054265267e-4,0.10670654481888794
20,10,0.2,baseline,-0.007331454088421887,-0.00172717228744877,0.2575559603506391
20,10,0.2,N_ch,0.004829172862999411,0.00152309255409598,0.6326226039254612
20,10,0.5,k_on,0.02163665045253106,0.0116921011656783,0.5191190255104697
20,10,0.5,k_off,-0.005714123118040586,-0.00187316147039029,0.17993535674802844
20,10,0.5,i,0.006562781512561705,0.00568088659094284,0.4336531275162937
20,10,0.5,S,-0.017066530724829537,-0.00385058763539095,0.20205805368488716
20,10,0.5,baseline,0.007291409121255714,0.00294867077758899,0.26015075940426
20,10,0.5,N_ch,-0.00573447573038105,-0.01221693331157616,0.6706439283081419
20,10,1,k_on,0.003373786543183141,0.00505705747057291,0.537437447912802
20,10,1,k_off,-0.004321188306507951,-0.00177070951865538,0.18450182679981886
20,10,1,i,-0.009433906004287444,7.109866062221e-4,0.48516880312869604
20,10,1,S,0.010990001400795731,0.00321179861265991,0.33154698183801284
20,10,1,baseline,0.002281014107969271,9.7325769815459e-4,0.26427867459842364
20,10,1,N_ch,-0.013446543463364873,-0.00493293950338379,0.7231280384730014
50,0.05,0.01,k_on,-0.030756945735848647,-0.00659051912818587,0.22347364581047643
50,0.05,0.01,k_off,0.04128803133260535,0.00198832666477611,0.08403520381266734
50,0.05,0.01,i,0.03611280241657869,0.00133964616009192,0.09596687023829104
50,0.05,0.01,S,-0.007739181106103193,-3.8317963082983e-4,0.02380192282743161
50,0.05,0.01,baseline,0.08146177737073483,0.00162269483321438,0.020388200113798178
50,0.05,0.01,N_ch,0.0025426139878439447,0.00282923275688521,0.20482629407198172
50,0.05,0.02,k_on,-0.0018580046960836802,9.6448602823885e-4,0.22622548889042313
50,0.05,0.02,k_off,0.03739054278063257,0.00101913346838195,0.08424617379168937
50,0.05,0.02,i,0.03652465051105616,0.0026706303621889,0.09747260785859287
50,0.05,0.02,S,-0.022600483768781928,-0.00120541841336566,0.038348251273231354
50,0.05,0.02,baseline,0.07511048723622447,0.00151003441239312,0.020400415348222203
50,0.05,0.02,N_ch,-0.015120393464577768,-0.00316789079712174,0.20763794497344262
50,0.05,0.05,k_on,9.52537406491618e-4,0.0020845856758859,0.2349294260900299
50,0.05,0.05,k_off,0.03738432868385273,0.00173127087844171,0.08538004008747033
50,0.05,0.05,i,0.005653985693366927,0.00113605966043535,0.1022190237315924
50,0.05,0.05,S,-0.0422866631444723,-0.00329310326160717,0.07242046680772873
50,0.05,0.05,baseline,0.059664177736111476,0.00121321003414986,0.020500083903976833
50,0.05,0.05,N_ch,-0.018743927838259046,-0.00227874197517001,0.21678985336086812
50,0.05,0.1,k_on,2.757142930234803e-4,9.9444918059916e-4,0.2437649340182729
50,0.05,0.1,k_off,0.01606350000039116,6.2279517226997e-4,0.08653773413019328
50,0.05,0.1,i,0.015544409023028172,0.00210499620066881,0.1113086174566753
50,0.05,0.1,S,-0.07963478221492619,-0.00927594454361451,0.11448265742849757
50,0.05,0.1,baseline,0.012235037310282188,2.807515673905e-4,0.020587747277535734
50,0.05,0.1,N_ch,-0.008692061028787633,-0.00256183124350094,0.22870590086470546
50,0.05,0.2,k_on,-0.005483401460552546,-0.00350787220614408,0.2524222526393282
50,0.05,0.2,k_off,0.0368533114341214,0.00355635360236333,0.08781640469088467
50,0.05,0.2,i,0.0071585987601383155,-8.8362945070276e-4,0.12847690413423649
50,0.05,0.2,S,-0.0823777492005415,-0.01449918230387617,0.17689474440484376
50,0.05,0.2,baseline,0.010794013217100457,2.4483153258982e-4,0.02074909848557137
50,0.05,0.2,N_ch,0.018388102635941456,0.00453206625264391,0.24562362517317735
50,0.05,0.5,k_on,-0.027337414928089804,-0.01158218464948889,0.26238622109206694
50,0.05,0.5,k_off,0.019671446831048434,0.0031669491248677,0.08935494452296683
50,0.05,0.5,i,-0.03303835571023739,-0.00873481310782464,0.1719895846859691
50,0.05,0.5,S,-0.05986986160031547,-0.01768466566776122,0.3015235732506965
50,0.05,0.5,baseline,-2.4021311224598722e-4,-2.965173935070765e-6,0.021306083685174525
50,0.05,0.5,N_ch,0.0404303012157588,0.01655010715103501,0.28145112144662793
50,0.05,1,k_on,0.01644165179800612,1.7927560216321e-4,0.2795981517749016
50,0.05,1,k_off,0.025943547289141125,0.00253468422628421,0.09087386401010035
50,0.05,1,i,-0.01591896993228445,-0.00643849888075726,0.23490961370912322
50,0.05,1,S,-0.018368884853659066,-0.00790406822910104,0.43410588617760043
50,0.05,1,baseline,0.024998295094309217,5.3552291349165e-4,0.021644586552427608
50,0.05,1,N_ch,0.026053330913810263,0.00780654889090902,0.33763376429029757
50,0.1,0.01,k_on,-0.006615435402577918,7.6363186850677e-4,0.2322569365311284
50,0.1,0.01,k_off,0.02264593115293105,3.923540517015856e-5,0.08515246891568881
50,0.1,0.01,i,0.024422098819168223,0.0027618828098535,0.10235086877991834
50,0.1,0.01,S,-0.005441887164884307,-2.784126292936e-4,0.022643964718648987
50,0.1,0.01,baseline,0.07277616584260718,0.00207171184740339,0.02888266336725476
50,0.1,0.01,N_ch,-0.021443171108198295,-0.00369680714994293,0.21530822862857735
50,0.1,0.02,k_on,-6.286762494052932e-4,4.9212422022456e-4,0.23414231144054629
50,0.1,0.02,k_off,0.01965841952047327,5.8868961077912e-4,0.08511491571430198
50,0.1,0.02,i,0.020655360292123608,0.00157946727504931,0.10388791094031119
50,0.1,0.02,S,-0.009926181799066677,-5.4138844373513e-4,0.03581163323519537
50,0.1,0.02,baseline,0.07377703587917467,0.00210836211614759,0.028877949208620753
50,0.1,0.02,N_ch,-0.0064681014493536,-0.00168976557746975,0.21742814184590176
50,0.1,0.05,k_on,-0.02288138633696147,-0.00409343057357298,0.23820961652557132
50,0.1,0.05,k_off,0.014755709370232965,3.960673928929e-4,0.08586287945630294
50,0.1,0.05,i,0.02164807435867617,0.00216558972330652,0.10801263564197519
50,0.1,0.05,S,-0.03203764038296942,-0.00243004039922837,0.06813988171052852
50,0.1,0.05,baseline,0.0610522842038265,0.00174858625531263,0.028985040008708805
50,0.1,0.05,N_ch,-0.0074375094722655705,6.183812024624811e-6,0.22329841991532579
50,0.1,0.1,k_on,-0.004645939849643256,-3.5872027288896e-4,0.24540774643699265
50,0.1,0.1,k_off,0.008999816721827869,3.9972085783705e-4,0.0867533480439954
50,0.1,0.1,i,0.005318587786428977,0.0011211979930636,0.11586471773312983
50,0.1,0.1,S,-0.05015620951854479,-0.00556246428241164,0.10884486537812485
50,0.1,0.1,baseline,0.05269509894484478,0.0015472342120152,0.029076727841467823
50,0.1,0.1,N_ch,-0.005585116458282514,-9.0759696278225e-4,0.2331397841953833
50,0.1,0.2,k_on,-0.014264922145958814,-0.00467284539471769,0.25285042462000923
50,0.1,0.2,k_off,0.024456137471884805,0.00245163862803722,0.08808467187480278
50,0.1,0.2,i,0.005507985160391873,-2.4591309766732e-4,0.13243449387090642
50,0.1,0.2,S,-0.0811434015024311,-0.01379972945727889,0.1709093308671258
50,0.1,0.2,baseline,0.028255095204970763,8.4974701286625e-4,0.029295624641386808
50,0.1,0.2,N_ch,0.012406968696858187,0.00393019566645854,0.24919279142669343
50,0.1,0.5,k_on,-0.002716987067383339,-0.00277236710245723,0.26316857106369435
50,0.1,0.5,k_off,0.0025845625311246914,7.8410245058308e-4,0.08934016551870395
50,0.1,0.5,i,-0.02011556541180555,-0.0042716457673254,0.1748916169575895
50,0.1,0.5,S,-0.0496613989706165,-0.01455666358594719,0.2983474241159726
50,0.1,0.5,baseline,-0.010193886107535109,-2.8381244901469e-4,0.029982388359277183
50,0.1,0.5,N_ch,0.016735492632982837,0.00617563085345271,0.28450140627174514
50,0.1,1,k_on,0.01196803677900446,-0.00269498952080627,0.27964681790417395
50,0.1,1,k_off,0.028402389565227518,0.00333843622327727,0.09109562463923654
50,0.1,1,i,7.349729190772036e-4,-0.00569740126633135,0.23630278385228773
50,0.1,1,S,-0.004539190474458046,-0.00183500921957925,0.43369905329027364
50,0.1,1,baseline,0.007480243396588953,2.1222484391219e-4,0.03052693403874241
50,0.1,1,N_ch,0.03962411125231011,0.00954185395323361,0.3390883507205299
50,0.2,0.01,k_on,-0.013795084406363213,-0.00147303567006188,0.23960687415419274
50,0.2,0.01,k_off,-0.007915027373380765,-0.00156108311439628,0.08601465919248974
50,0.2,0.01,i,0.018246771347887797,0.00257542966543776,0.11055874142955915
50,0.2,0.01,S,-0.0069830779467922165,-2.1871807787418e-4,0.02177199678810375
50,0.2,0.01,baseline,0.0829185825155618,0.00337785798151645,0.04078946463053897
50,0.2,0.01,N_ch,-0.012630538726260111,-0.00249935430525318,0.22609567307302667
50,0.2,0.02,k_on,0.008485805142422725,0.00298413774632554,0.2408995758777172
50,0.2,0.02,k_off,0.004376010091141705,-6.6461930932554e-4,0.08622247843255064
50,0.2,0.02,i,0.020806967160705875,0.00237147146809891,0.11230504967366453
50,0.2,0.02,S,-0.003417193807662945,-2.7137141161132e-4,0.03369820111463563
50,0.2,0.02,baseline,0.06024486986505733,0.00246199833807187,0.04085768004502972
50,0.2,0.02,N_ch,-0.010326904125431538,-0.00420964545702421,0.22807955030782395
50,0.2,0.05,k_on,-0.00292926675376827,0.00116958343638882,0.24381189217506044
50,0.2,0.05,k_off,0.0019421974753818377,-6.1527578134593e-4,0.08646201987255255
50,0.2,0.05,i,0.006872142975603249,0.00205522315111867,0.11619354378533185
50,0.2,0.05,S,-0.03316997200833775,-0.00226526241013062,0.06367906526005403
50,0.2,0.05,baseline,0.04872899191037852,0.00200236883983747,0.040986535138407956
50,0.2,0.05,N_ch,-0.015651702108687035,-0.0032304866663211,0.23268921408322707
50,0.2,0.1,k_on,0.004495129807321783,0.00112567941200722,0.2480553490607828
50,0.2,0.1,k_off,0.013867180539542792,6.7222080722724e-4,0.08717421861620149
50,0.2,0.1,i,0.017474045511124962,0.00165257336540526,0.12279393201799155
50,0.2,0.1,S,-0.024848725044111855,-0.00278740065358201,0.10294826103926015
50,0.2,0.1,baseline,0.04514928675335678,0.00184787092911685,0.0410645034427554
50,0.2,0.1,N_ch,-0.0010273137430807724,-0.00181030223221801,0.24002625493279417
50,0.2,0.2,k_on,-0.00585156675078577,-8.8470930559627e-4,0.2545516860489409
50,0.2,0.2,k_off,0.009693251965271949,6.0069200978625e-4,0.08814842501776246
50,0.2,0.2,i,0.006188446299993353,0.00126386159409678,0.13787377256740166
50,0.2,0.2,S,-0.04756139202717418,-0.00788605676516215,0.16376324470757536
50,0.2,0.2,baseline,0.03296226851385258,0.001379813545505,0.04138979853123545
50,0.2,0.2,N_ch,-0.0030512103739539186,-6.0123780774142e-4,0.2544089477452817
50,0.2,0.5,k_on,0.003698229279939038,1.7375334413104e-4,0.2642028953679956
50,0.2,0.5,k_off,-0.008040856469835454,-5.203356042263e-4,0.08956733378657875
50,0.2,0.5,i,-0.011790235570768984,-0.00189373242044624,0.17934747728928063
50,0.2,0.5,S,-0.04603079046740496,-0.01334363847101809,0.293612627855693
50,0.2,0.5,baseline,0.009608347883613913,4.5880798645927e-4,0.04221017616990185
50,0.2,0.5,N_ch,0.006301834588152911,0.00164409130013612,0.2892074702480556
50,0.2,1,k_on,0.008936338862066968,-2.5575714217732e-4,0.28080668148962645
50,0.2,1,k_off,0.017092100334704867,0.00169645630953707,0.09132923928723982
50,0.2,1,i,-0.007643350408431268,-0.00375540179583147,0.23900445592027492
50,0.2,1,S,0.0012444121256379049,6.7608449628135e-4,0.4326254465435535
50,0.2,1,baseline,0.016647318226861097,6.9840272318557e-4,0.04298187002952036
50,0.2,1,N_ch,0.016542532016123115,0.00490393261584417,0.3425635654344106
50,0.5,0.01,k_on,-0.002003355096763141,2.2960341072201e-4,0.24953382942909585
50,0.5,0.01,k_off,0.02369368143351281,0.00132422852343609,0.08785204906191159
50,0.5,0.01,i,0.0037989405981095807,4.6933149876451e-4,0.1261200405073639
50,0.5,0.01,S,0.0013513484025033658,-2.006616344580043e-5,0.020951257772449126
50,0.5,0.01,baseline,0.04376689189231419,0.00271882670722094,0.06418010707861066
50,0.5,0.01,N_ch,-0.0059284500282217305,-2.6559333401749e-4,0.2441538438844081
50,0.5,0.02,k_on,-0.01005248721485312,-0.00130520809780549,0.2499372135077108
50,0.5,0.02,k_off,0.009940033219242025,1.4428123032667e-4,0.08762909766219791
50,0.5,0.02,i,0.01547729227393975,0.00196802672612629,0.1273916193079812
50,0.5,0.02,S,-0.01747085845258147,-6.5795502382402e-4,0.03161220406852423
50,0.5,0.02,baseline,0.04157196601306948,0.00261777645296744,0.06439903389242994
50,0.5,0.02,N_ch,-0.007309367161921734,-0.00125950764195181,0.24519940577456864
50,0.5,0.05,k_on,0.012003677259055878,0.00510396131541979,0.2519551494752264
50,0.5,0.05,k_off,0.0035580885018862626,-7.2145474917281e-4,0.08772708218879499
50,0.5,0.05,i,0.0012271074979617186,0.00196797580112647,0.13146376265699444
50,0.5,0.05,S,-0.00874540849984156,-6.7142625591416e-4,0.05799584085635392
50,0.5,0.05,baseline,0.029201722702572548,0.00191367054617852,0.06446163496538092
50,0.5,0.05,N_ch,-0.020192148589007197,-0.0054156269992776,0.24915820904453817
50,0.5,0.1,k_on,-0.004471086287572385,1.2866687552035e-4,0.2539055572227612
50,0.5,0.1,k_off,-0.0066550676313129956,-9.6101317733253e-4,0.08804673957148726
50,0.5,0.1,i,0.0045132868479742586,0.00153437932747707,0.13706870983985653
50,0.5,0.1,S,-0.024721189472081434,-0.00245609076910101,0.0947553338601775
50,0.5,0.1,baseline,0.05386495248982324,0.0035131945498275,0.06476618029542802
50,0.5,0.1,N_ch,-0.00766503211599355,-0.00199657117151158,0.25447931082017855
50,0.5,0.2,k_on,-0.008781125075489608,-8.685377139533e-4,0.2584065363837925
50,0.5,0.2,k_off,0.02595128159529208,0.00167472546058682,0.0889111827799616
50,0.5,0.2,i,0.00993143262724673,0.00245899360668686,0.1496987255104032
50,0.5,0.2,S,-0.05465207792588742,-0.00857531315030117,0.15247453662937419
50,0.5,0.2,baseline,0.023188912370904778,0.00145562667545198,0.06503362985974388
50,0.5,0.2,N_ch,-0.009057473107392633,-0.00157244157699503,0.2663709080347064
50,0.5,0.5,k_on,0.001555663818530912,9.029679712998e-4,0.2669516830347845
50,0.5,0.5,k_off,-5.479742374767758e-4,-2.6352960268641e-4,0.09027898688452596
50,0.5,0.5,i,-0.004804255532058025,2.5107509427996e-4,0.18910724512975433
50,0.5,0.5,S,-0.03996259547129226,-0.01124385656611372,0.2817702108017876
50,0.5,0.5,baseline,0.025734672546187262,0.00175542347114936,0.06609103974178111
50,0.5,0.5,N_ch,-0.0029189554716424725,-9.2939759292152e-4,0.2997782100680438
50,0.5,1,k_on,-0.008542855985423231,-0.0065858441084025,0.2831142442115663
50,0.5,1,k_off,0.026217768522385845,0.00298900912380409,0.09229947587606076
50,0.5,1,i,-0.016748625010228335,-0.00748039044148387,0.24590964837755896
50,0.5,1,S,-0.020694426078607907,-0.00825845891180459,0.4283105075510065
50,0.5,1,baseline,-0.014012590143756182,-0.0010411379052071,0.06726371828289736
50,0.5,1,N_ch,0.029758475413956598,0.01257708180364389,0.35098245627780217
50,1,0.01,k_on,0.0069663781913203715,0.00290471906160769,0.25707163681985873
50,1,0.01,k_off,0.002944842538096539,-3.4232049047477e-4,0.0892057749643821
50,1,0.01,i,-6.787962765827035e-4,9.1740260359929e-4,0.1417549814981932
50,1,0.01,S,0.003674227619080148,5.705465784353939e-5,0.020526703142396248
50,1,0.01,baseline,0.01808321449595173,0.00166082198205648,0.0903710452300299
50,1,0.01,N_ch,-0.010471974220677263,-0.00283147442483442,0.2605390490318114
50,1,0.02,k_on,0.0055001675223581075,4.4412392707276e-4,0.2568658684072536
50,1,0.02,k_off,0.009449180768831993,6.6500799849073e-4,0.08934760243145722
50,1,0.02,i,0.009905117177669367,1.5467566520118e-4,0.14343600367730583
50,1,0.02,S,-0.0028600026784342827,-1.245651754891e-4,0.030484519391701423
50,1,0.02,baseline,0.04433858177224599,0.00395546958527171,0.09040905229340081
50,1,0.02,N_ch,0.008055665588330038,3.4060282388819e-4,0.26187115814643097
50,1,0.05,k_on,0.0010015002224615203,0.00113270495848978,0.25838089624482413
50,1,0.05,k_off,-0.013402886149193596,-0.00129001377547602,0.0890454960740497
50,1,0.05,i,-0.005514780557970413,2.537919594723e-4,0.14720059545840514
50,1,0.05,S,-0.00440110766910239,-1.9591063799745e-4,0.0544164402924256
50,1,0.05,baseline,0.008888202276760238,8.9409128320561e-4,0.09071738124570876
50,1,0.05,N_ch,-0.006493648202476061,-0.00150948264188553,0.2652278684973518
50,1,0.1,k_on,4.605758661383186e-4,9.6348628835325e-4,0.259963186272674
50,1,0.1,k_off,-0.0019917799999392242,-5.890988458317e-4,0.08926086740683473
50,1,0.1,i,0.011963596190100324,0.00199069515920893,0.15290272241302746
50,1,0.1,S,-0.002720958565049307,-4.6404831176377e-4,0.08829261705171135
50,1,0.1,baseline,0.015805311880008038,0.00145655214884245,0.09091545299016626
50,1,0.1,N_ch,-0.005834253806089124,-0.00267993633045459,0.27051248979037806
50,1,0.2,k_on,5.901045203959149e-4,5.8438329600698e-4,0.2632904795425781
50,1,0.2,k_off,0.013702554364228221,9.2653908880051e-4,0.08986587859053118
50,1,0.2,i,0.0020126437039856386,0.00110002367151605,0.16369367360927564
50,1,0.2,S,-0.040252545364456334,-0.00585000908241801,0.1438401019601279
50,1,0.2,baseline,0.02454447995706646,0.00221244525490818,0.09138818762284369
50,1,0.2,N_ch,-0.0027271322118337625,-0.00106047086732055,0.2805662732965215
50,1,0.5,k_on,0.004468663833566661,0.00228277341372565,0.27093021879133244
50,1,0.5,k_off,0.018771716270308117,0.00108779655304014,0.09147189430358321
50,1,0.5,i,-0.007756275811640401,6.0081901218866e-4,0.2004435362007988
50,1,0.5,S,-0.021890125273547428,-0.00595657894198379,0.2690561113790763
50,1,0.5,baseline,0.020939217359788997,0.0018966192498039,0.09248214062836008
50,1,0.5,N_ch,-0.00965657160002575,-0.00175761268268884,0.3124794099927417
50,1,1,k_on,-0.0014331452510799453,-0.00181554675027693,0.28628305761737866
50,1,1,k_off,0.00837866505989917,6.8815817348711e-4,0.09327219330553378
50,1,1,i,-0.021799206539500543,-0.00539293046310494,0.25520286766154315
50,1,1,S,-0.01026853792666239,-0.00377047047064629,0.42072173138399427
50,1,1,baseline,0.007345316145999064,6.5893736591303e-4,0.09401956971108599
50,1,1,N_ch,0.008964186287629128,0.00650496672823745,0.36206831749865726
50,10,0.01,k_on,0.0257048948307622,0.00819497639980935,0.30590414436470503
50,10,0.01,k_off,-0.012596369090598799,-0.00207255815130289,0.10314258400263472
50,10,0.01,i,-0.016728134170643907,-0.00143665856213537,0.24480725163885916
50,10,0.01,S,-0.007460216601339128,-1.2360426488047e-4,0.019799454601136114
50,10,0.01,baseline,0.01493423262544659,0.00499136971102151,0.27172686182374656
50,10,0.01,N_ch,-0.007184773531887206,-0.00389246104358454,0.3726143852346997
50,10,0.02,k_on,0.023128848686245387,0.00596067164491017,0.30493457934568835
50,10,0.02,k_off,-0.01086485354665688,-0.00108865279426315,0.10315580133371512
50,10,0.02,i,0.0067729719428163415,0.00125671158420525,0.24577872615796442
50,10,0.02,S,0.005734555615358592,1.5336773036872e-4,0.028515179855516954
50,10,0.02,baseline,-0.006811224410260647,-0.00105179552588688,0.27161385772754504
50,10,0.02,N_ch,0.0011805537022730045,-0.0046129256407595,0.3730262202862826
50,10,0.05,k_on,0.012511102345074271,0.00633151597957223,0.306183244424459
50,10,0.05,k_off,0.00326059608733735,-7.4590614098891e-4,0.10305595198775086
50,10,0.05,i,0.013921797307135136,0.00567652540139745,0.24941535928020456
50,10,0.05,S,0.0015098792820365135,-1.259569562471e-4,0.04741510139848032
50,10,0.05,baseline,0.00946187806787352,0.00301850959129093,0.2717016887972579
50,10,0.05,N_ch,-0.017563249381244178,-0.00948207155190443,0.3769660089946928
50,10,0.1,k_on,0.018541664829245474,0.00282226025357206,0.3066883888329087
50,10,0.1,k_off,-0.006492485349512349,-2.6936422972835e-4,0.10307604456167592
50,10,0.1,i,0.010915731110233168,-4.4660971739826e-4,0.2568853312289349
50,10,0.1,S,0.0011374704443733899,1.2131655179163e-4,0.07218145888979587
50,10,0.1,baseline,0.0017637955171508235,8.7631252810852e-4,0.2719624705470729
50,10,0.1,N_ch,0.015308745439938765,-3.9751956492489e-4,0.38392216976385773
50,10,0.2,k_on,0.008673759407221458,0.00107825286769505,0.30922835121287395
50,10,0.2,k_off,-0.002350393200275424,2.68790550965637e-5,0.1033600149731051
50,10,0.2,i,-0.00877689313820814,-0.00275525310130878,0.2692252427188276
50,10,0.2,S,-0.0013872461753736368,1.7032774687867e-4,0.11470720421074297
50,10,0.2,baseline,-0.00548004041318659,-0.00130891177984749,0.27252204087946397
50,10,0.2,N_ch,0.006455684241364924,0.00223905518696304,0.39583288739026096
50,10,0.5,k_on,0.004513559225857666,1.6420464375085e-4,0.31435702365943896
50,10,0.5,k_off,-0.008976303657172086,-7.3114512287679e-4,0.10447501787583718
50,10,0.5,i,-0.014954146599389359,-0.00460711513801173,0.2972998820408343
50,10,0.5,S,0.009244244659688268,0.00274227521712791,0.22078337307226523
50,10,0.5,baseline,-0.003070595894537767,-6.2630534951302e-4,0.2755970670524837
50,10,0.5,N_ch,0.005367201463347265,0.00414633665282112,0.42212683228486
50,10,1,k_on,-0.00909693190580629,-0.00138921027365975,0.3255197107173957
50,10,1,k_off,0.012124146488860095,9.0948810665706e-4,0.10773521800438954
50,10,1,i,0.0018694685846271895,0.00215143985657022,0.34316129982834076
50,10,1,S,-0.0042488340905525,-0.00188469335651894,0.3592153035969669
50,10,1,baseline,0.008505743316981071,0.00192253853768893,0.278874995097372
50,10,1,N_ch,-0.006479024079553895,-0.00119260343680482,0.46632389868786606
100,0.05,0.01,k_on,0.00550132747666892,0.00154623506114866,0.17597898536799508
100,0.05,0.01,k_off,0.005313612060362467,-4.6324475519953e-4,0.0603227360277138
100,0.05,0.01,i,0.022594874383624966,0.00153445179688719,0.07433506865059103
100,0.05,0.01,S,0.00777201943982647,7.771127133435397e-5,0.025355990939799018
100,0.05,0.01,baseline,0.05491364082475675,0.0011614068584193,0.021191695823062864
100,0.05,0.01,N_ch,-0.009884669177975383,-0.00259050734221583,0.15688707118583223
100,0.05,0.02,k_on,-0.0014082693823473415,-9.549187457571736e-5,0.1781085979901797
100,0.05,0.02,k_off,0.02638950386520203,7.1858725615893e-4,0.060579560145233226
100,0.05,0.02,i,0.031068002881588924,0.00154021418423149,0.07634976398903476
100,0.05,0.02,S,-0.01592816518583252,-8.8722850882888e-4,0.04140387157295836
100,0.05,0.02,baseline,0.03366917183834165,7.0287698728014e-4,0.021222244099435385
100,0.05,0.02,N_ch,-0.0037898047744169203,-0.00119214120354887,0.15962881517243435
100,0.05,0.05,k_on,-0.0010545347825291276,4.815617264938959e-5,0.18377244736809945
100,0.05,0.05,k_off,0.009806913010536667,2.434243073459346e-5,0.061211059545291
100,0.05,0.05,i,0.02649328854673355,0.00178266525061428,0.0830149647294332
100,0.05,0.05,S,-0.019306851502923494,-0.00169050294533174,0.07774563846690803
100,0.05,0.05,baseline,0.04948727395631574,0.00104899342959731,0.021250964365848436
100,0.05,0.05,N_ch,-0.004022633121116177,-0.00169880780300029,0.16746104767342607
100,0.05,0.1,k_on,-0.009584923619377945,-9.0586764846041e-4,0.18867917965631376
100,0.05,0.1,k_off,0.0049909877887942666,-7.833949874264377e-5,0.06190672391690098
100,0.05,0.1,i,0.012767978246726173,0.00157642051757835,0.09469751576678688
100,0.05,0.1,S,-0.028289392649242698,-0.00358243962818794,0.12231918504007022
100,0.05,0.1,baseline,0.029953231491430816,6.3833974252452e-4,0.021289329492387026
100,0.05,0.1,N_ch,-0.00888741459002277,-0.00122521235267077,0.17807936769082944
100,0.05,0.2,k_on,-0.01588118459774081,-0.00244217810411721,0.1925175457466616
100,0.05,0.2,k_off,-0.005078178024579614,-2.9392526248598e-4,0.06259144373455863
100,0.05,0.2,i,0.004515881955439374,8.1958046133428e-4,0.11490169381973706
100,0.05,0.2,S,-0.030762313907167226,-0.00575068698340068,0.1860875045556797
100,0.05,0.2,baseline,0.0135495939735219,2.9335563677351e-4,0.021389810899551217
100,0.05,0.2,N_ch,-0.0028614397588244307,3.2853629848338e-4,0.1941271999957912
100,0.05,0.5,k_on,0.0032715113666745427,6.7770291879449e-4,0.19768339643553903
100,0.05,0.5,k_off,-0.00857532777430286,-5.3357920577659e-4,0.06399607699936201
100,0.05,0.5,i,0.0061580933646906075,8.2252271505961e-4,0.163365618766833
100,0.05,0.5,S,-0.0146432606912415,-0.0044956460700998,0.30597367303923695
100,0.05,0.5,baseline,0.0013058803302280486,3.274301563842268e-5,0.02161832618273256
100,0.05,0.5,N_ch,-6.167391177735737e-4,-0.00130450821689192,0.2333463615874279
100,0.05,1,k_on,-0.0028691075107253605,-0.00265372474410775,0.20941480914152805
100,0.05,1,k_off,0.03396202667224779,0.00243308866852901,0.06596216899457234
100,0.05,1,i,-0.0063871194372228934,-0.00364916017690421,0.22694282068034222
100,0.05,1,S,-0.007061616319980928,-0.00304652558569696,0.4342741950563718
100,0.05,1,baseline,-7.017515948546226e-4,-2.925649898337733e-5,0.02169550918553077
100,0.05,1,N_ch,0.019154878538812148,0.00625609983910948,0.29108136328480744
100,0.1,0.01,k_on,-0.01323087482386577,-7.2864177426495e-4,0.18052403696092514
100,0.1,0.01,k_off,0.006190245253257291,-4.5557453754e-4,0.06086202364674083
100,0.1,0.01,i,0.013943651682072636,0.0017270850538034,0.08001117769089741
100,0.1,0.01,S,0.002504697489511344,-4.237990966271993e-5,0.023833834565324563
100,0.1,0.01,baseline,0.03702468361547534,0.00109794564652403,0.029952653027350683
100,0.1,0.01,N_ch,-0.01826721062684454,-0.00184819929385348,0.1636213437869152
100,0.1,0.02,k_on,-0.005639386684528146,-2.0504478124831e-4,0.18170327471986011
100,0.1,0.02,k_off,0.01181097491529648,-1.7671328632403e-4,0.06096850038909871
100,0.1,0.02,i,0.0320843797461476,0.00235510610502643,0.0819954378738729
100,0.1,0.02,S,-0.008126219239816655,-5.5374452809187e-4,0.038484117669634575
100,0.1,0.02,baseline,0.043060164117507974,0.00127822511689449,0.029960731316932835
100,0.1,0.02,N_ch,-0.01042430643659746,-0.00233579186423165,0.16563191665446986
100,0.1,0.05,k_on,-0.004635166301326677,5.60737758360609e-5,0.18535026693689552
100,0.1,0.05,k_off,0.006577611688762591,1.189377337877e-4,0.06142363630581472
100,0.1,0.05,i,-0.0013921688268276715,6.6802552423704e-4,0.08755130599241104
100,0.1,0.05,S,-0.03440620774839289,-0.00256869529919553,0.07324236947842928
100,0.1,0.05,baseline,0.025055109075518125,7.538837969227e-4,0.030025127706123915
100,0.1,0.05,N_ch,-0.010104021198083499,-8.9040678182447e-4,0.17152760965778624
100,0.1,0.1,k_on,0.0033629711308886534,0.00119528589811864,0.18930689622890856
100,0.1,0.1,k_off,0.004266564735677877,-1.2782042696364e-4,0.061968161125777
100,0.1,0.1,i,0.013261307115180823,0.00158072350080709,0.098240943219691207
100,0.1,0.1,S,-0.022266227055523984,-0.00273745618945299,0.11659719846566842
100,0.1,0.1,baseline,0.005673302933553023,1.7573415235905e-4,0.030115515990118948
100,0.1,0.1,N_ch,-0.007975304449116441,-0.00230462607930011,0.18094807841813978
100,0.1,0.2,k_on,0.015264171597286401,0.00369270477682689,0.19318342740449923
100,0.1,0.2,k_off,0.004219234958026778,-1.5169499331367e-4,0.06271442589209128
100,0.1,0.2,i,-0.006361518178420789,4.5708950339921e-4,0.11784676312888408
100,0.1,0.2,S,-0.02611170200223701,-0.00478695312263197,0.18133532102037167
100,0.1,0.2,baseline,0.0402095888571767,0.00122952482395385,0.03021762176035781
100,0.1,0.2,N_ch,-0.01184067396197716,-0.00273537642416675,0.19680021137283005
100,0.1,0.5,k_on,0.005320888417194941,-1.5404131295472e-4,0.1981452181195806
100,0.1,0.5,k_off,0.02769839903587873,0.00181197816838068,0.06420329356692646
100,0.1,0.5,i,-0.011612188580768595,-0.00244619940110852,0.16505338328315863
100,0.1,0.5,S,-0.01830370421975857,-0.00549757773569366,0.30471973099445926
100,0.1,0.5,baseline,0.0067640198592215685,1.9320888061468e-4,0.030508557866083738
100,0.1,0.5,N_ch,0.010265047086445128,0.00325753555466788,0.23520734209105465
100,0.1,1,k_on,3.320385997990921e-5,-4.6705647331542e-4,0.20950161915902868
100,0.1,1,k_off,-0.0042243776194933955,-2.5781654809993e-4,0.06588367903725748
100,0.1,1,i,-0.012526330416071235,-0.00304276471915188,0.2275584534775699
100,0.1,1,S,0.009317080166020654,0.00407029924529136,0.4342129213352362
100,0.1,1,baseline,-0.009868153118142313,-2.982454168224e-4,0.03065541435058251
100,0.1,1,N_ch,0.005731910196686632,0.00313895355309288,0.2917217766049547
100,0.2,0.01,k_on,0.008441788692738334,0.0014463175108730701,0.184474570769463
100,0.2,0.01,k_off,-0.0017414747322021702,-1.7664085538987e-4,0.061379134165491046
100,0.2,0.01,i,7.909946575038254e-4,4.790969525646846e-5,0.08739773323455592
100,0.2,0.01,S,0.0032528527821786206,7.187330983426391e-5,0.022658043939350545
100,0.2,0.01,baseline,0.029120568462990534,0.0012410165295866,0.042310500806858456
100,0.2,0.01,N_ch,-2.7987823475417173e-4,-8.3263685162938e-4,0.17103381442319926
100,0.2,0.02,k_on,-0.006444721793110047,-7.3909674482478e-4,0.18514809767648924
100,0.2,0.02,k_off,0.014180854956493034,2.9314517837738e-4,0.06143394638259584
100,0.2,0.02,i,0.02335337187906668,0.00170981176309254,0.08935282251844964
100,0.2,0.02,S,-0.007138494979997007,-4.3071554244721e-4,0.03587066222032052
100,0.2,0.02,baseline,0.027228806599716958,0.00112999549287601,0.042356416949995784
100,0.2,0.02,N_ch,-0.005201577821842086,-0.00117514935104484,0.17280883788663903
100,0.2,0.05,k_on,-0.011615352746264896,-8.9643917689877e-4,0.1872008523799008
100,0.2,0.05,k_off,-0.009825138859083473,-8.6059431370425e-4,0.06164283416648094
100,0.2,0.05,i,2.7133405143036846e-4,8.9711148116633e-4,0.09413815716334721
100,0.2,0.05,S,-0.0011925143771456198,-1.4812102818434e-4,0.06863428214217185
100,0.2,0.05,baseline,0.036864887667466824,0.00156726497591749,0.04243449414244124
100,0.2,0.05,N_ch,-0.011556206968298392,-9.5935901613661e-4,0.17720648663593963
100,0.2,0.1,k_on,0.0010355753748692506,0.00141716174395998,0.1902912695315557
100,0.2,0.1,k_off,0.025024867743944603,7.5350125019959e-4,0.062209158571986084
100,0.2,0.1,i,0.013668635173627139,0.00194429828361727,0.10339671421472309
100,0.2,0.1,S,-0.0025593969128534675,-5.6395331448581e-4,0.11035270796335887
100,0.2,0.1,baseline,0.004952845831022762,1.8275711536616e-4,0.04252295815538978
100,0.2,0.1,N_ch,-0.016163056245766014,-0.00268285272392799,0.1853513938079572
100,0.2,0.2,k_on,0.006211336479033154,4.9525545942254e-4,0.19337786066787077
100,0.2,0.2,k_off,0.009060577166142163,5.7619638722207e-4,0.06280451091064733
100,0.2,0.2,i,0.012050787677597534,6.5884064579661e-4,0.12201062871551528
100,0.2,0.2,S,-0.008648600458547444,-0.00156685092768548,0.1744629731424539
100,0.2,0.2,baseline,-0.006181246963964894,-2.6780106584646e-4,0.042663221755765354
100,0.2,0.2,N_ch,0.005529776469307895,-4.7253046762435e-4,0.20026012468030344
100,0.2,0.5,k_on,-0.02554823004684223,-0.0053200276002509,0.19831805970931274
100,0.2,0.5,k_off,0.025836519055104215,0.00188608074197931,0.06434543298432445
100,0.2,0.5,i,-0.0036933138210535066,-9.8656561530604e-4,0.16778662809854622
100,0.2,0.5,S,-0.02601533591782977,-0.0077712396007515,0.3021839349290973
100,0.2,0.5,baseline,0.0023496767624253444,5.028791493384326e-5,0.043030997024035594
100,0.2,0.5,N_ch,0.007297991992926661,0.00454070905082384,0.23786944802856488
100,0.2,1,k_on,0.01883120267950822,0.00138512431756011,0.20972361863341024
100,0.2,1,k_off,0.0011528430993607147,7.666096748153225e-5,0.06602821877458735
100,0.2,1,i,-0.030345317307972353,-0.00871373343509732,0.22874980902916456
100,0.2,1,S,-0.0029091042937541365,-0.00112755721063696,0.43400781797387716
100,0.2,1,baseline,-0.007893615381268286,-3.2164714466436e-4,0.04328302085910594
100,0.2,1,N_ch,0.022909277045712523,0.00808251823551934,0.2930259525567028
100,0.5,0.01,k_on,-0.01255162452574928,-7.6408949383953e-4,0.18929417343629545
100,0.5,0.01,k_off,-0.003539702040130894,-6.7022674284175e-4,0.06205452347468394
100,0.5,0.01,i,1.6835197703103655e-5,0.00103243615107574,0.10028014920261123
100,0.5,0.01,S,0.009753648420717504,1.8140684252784e-4,0.021541621426908422
100,0.5,0.01,baseline,0.0398161691200778,0.00264325586280179,0.06660727066759026
100,0.5,0.01,N_ch,-0.014732093559863414,-0.0011718044944211,0.1830013206572293
100,0.5,0.02,k_on,-0.01661344964959956,-0.00175687405089456,0.18965700117316123
100,0.5,0.02,k_off,0.012865928283707279,4.888770766206e-4,0.06225118896444485
100,0.5,0.02,i,-0.009762332332552515,7.382503274842e-5,0.1023636721434198
100,0.5,0.02,S,-0.0073089415512862755,-2.590580979033e-4,0.03313642285457952
100,0.5,0.02,baseline,0.009236213839846375,5.6244372276443e-4,0.06662875448233607
100,0.5,0.02,N_ch,-0.01241647126012347,6.2680041015233e-4,0.18480537993839757
100,0.5,0.05,k_on,-0.009053715612475324,-0.00140344139546017,0.19035559579527966
100,0.5,0.05,k_off,5.418448474655054e-4,-1.3526139880868e-4,0.0622824635467047
100,0.5,0.05,i,0.016730756096164437,0.001580119357426,0.1069724057859278
100,0.5,0.05,S,-0.01379002585136869,-0.00101556419693286,0.0623972768252306
100,0.5,0.05,baseline,0.01901758288245256,0.00125202731723293,0.06679101444677847
100,0.5,0.05,N_ch,-0.00169200881584659,-7.6297905560053e-4,0.18841682234476892
100,0.5,0.1,k_on,-0.006703857394221982,-0.00171003325395733,0.19196812274696937
100,0.5,0.1,k_off,-0.012512263653635652,-3.5691210593876e-4,0.06253244484955973
100,0.5,0.1,i,-0.014582970788046379,-0.00169712276085537,0.11402350331915162
100,0.5,0.1,S,-0.0036810706412882866,-1.1730055805946e-4,0.10177919097286459
100,0.5,0.1,baseline,0.020242834548440922,0.00136639002818394,0.06694618181111034
100,0.5,0.1,N_ch,0.00814012086631273,0.00253429159907607,0.19428686913602677
100,0.5,0.2,k_on,-0.0015600125837725793,-3.9306389239393e-4,0.19465543521293557
100,0.5,0.2,k_off,0.016338558693567273,8.5250995948358e-4,0.06314416051422982
100,0.5,0.2,i,0.011828243403539345,0.00111129985966084,0.13034894648775033
100,0.5,0.2,S,-0.00823896109733684,-0.00149446014731768,0.1630704373346234
100,0.5,0.2,baseline,0.024619921977897388,0.00161079931041747,0.0671390617439929
100,0.5,0.2,N_ch,6.169182327329017e-4,-4.5324593531918e-4,0.2077757505065221
100,0.5,0.5,k_on,0.020051687542133365,0.00185863769861898,0.19923852250207585
100,0.5,0.5,k_off,0.005215854060563524,5.5215431191273e-4,0.06446711623225394
100,0.5,0.5,i,0.0053659212916120705,-0.00144396803718404,0.17396157351106445
100,0.5,0.5,S,0.0014923805839840204,5.4650935941584e-4,0.29454477506073473
100,0.5,0.5,baseline,0.013624229857831174,9.389731962071e-4,0.06764879513910599
100,0.5,0.5,N_ch,0.01802987589406969,0.0011419576962709,0.24393629270884004
100,0.5,1,k_on,0.00888222899147304,0.00148000850729162,0.21037232448248855
100,0.5,1,k_off,0.003120793072089345,1.1474567809908e-4,0.0662864002611403
100,0.5,1,i,-0.0034432019899383595,-7.8136993024994e-4,0.2321436999594755
100,0.5,1,S,-0.015207615081896435,-0.00655583203059202,0.43280947338753367
100,0.5,1,baseline,-7.934224445814581e-4,-4.195944162621196e-5,0.06813327268299497
100,0.5,1,N_ch,0.0017462043564367917,3.85001415587684e-5,0.2967456508570819
100,1,0.01,k_on,5.015461684222122e-4,0.00233759176663975,0.1926441881782986
100,1,0.01,k_off,-0.008401653344852718,-0.00135652848708402,0.06284499893676297
100,1,0.01,i,0.013671089191386487,0.00306177041541823,0.11332488170716416
100,1,0.01,S,0.017368990251975365,2.9046070209233e-4,0.02094992023853098
100,1,0.01,baseline,0.014914871521369256,0.00146699723418343,0.09366392761407664
100,1,0.01,N_ch,-0.025033937501048875,-0.00516122371571587,0.19449965545139034
100,1,0.02,k_on,-0.012242321051295395,-0.00252029584300795,0.1925924771060213
100,1,0.02,k_off,-0.0049475023502998355,-2.1015710440479e-4,0.06284843122987478
100,1,0.02,i,0.006633567832112067,1.249873787685e-4,0.11527601699288066
100,1,0.02,S,0.0056333500139793945,1.6865126256931e-4,0.03161523730538979
100,1,0.02,baseline,0.033185833703556815,0.00307002934090293,0.09373407713359523
100,1,0.02,N_ch,0.006261684260809683,0.00135508829434106,0.19604325877373652
100,1,0.05,k_on,7.653371758474525e-4,-5.5481462745565e-4,0.1935464443226842
100,1,0.05,k_off,-0.002028983974516216,1.99895390571e-4,0.06292906338825194
100,1,0.05,i,-0.013897358726447484,-0.00189852321367801,0.12003408424143752
100,1,0.05,S,-6.417333846897805e-5,1.8845265448188e-4,0.05807755250635998
100,1,0.05,baseline,0.004200399188783391,3.909837527047e-4,0.09382682870023062
100,1,0.05,N_ch,0.008472413174774845,0.00232029114795088,0.20003454502221385
100,1,0.1,k_on,0.00311046703321307,8.0747450653117e-4,0.19437640233126022
100,1,0.1,k_off,0.0015813287699934196,-1.6893909954739e-4,0.06309934582407309
100,1,0.1,i,0.021254030676101043,0.00222007222541984,0.12618229541323173
100,1,0.1,S,0.0033201218505234703,2.351116368872758e-6,0.0950763485954607
100,1,0.1,baseline,0.0037655440422431088,3.6087359380772e-4,0.09401487564082765
100,1,0.1,N_ch,-0.0035471450552905792,-0.00256125125427966,0.20508063396007237
100,1,0.2,k_on,-0.0036106009312358474,4.079437346933e-4,0.1964450316273248
100,1,0.2,k_off,-0.003269004115691478,-4.7040483129664e-4,0.06351919997873587
100,1,0.2,i,-0.0026019839859729027,0.00073792223142576995,0.13984489484496176
100,1,0.2,S,0.0017548336883385018,1.5905920815474e-4,0.1540178815769153
100,1,0.2,baseline,0.0069129980448784725,6.6636301848625e-4,0.0944131757983806
100,1,0.2,N_ch,-0.010930899657880327,-0.0013744244196475,0.216494244694596
100,1,0.5,k_on,-0.0044296510515547255,6.1117212944555e-4,0.20071817509739906
100,1,0.5,k_off,0.0022350165058019275,-1.3012949678772e-4,0.06487276378080481
100,1,0.5,i,0.009022443560874518,0.00346590713661323,0.18137212621714632
100,1,0.5,S,-0.028893490336845563,-0.00852933765592356,0.2843933359429401
100,1,0.5,baseline,-0.006558342730588883,-6.0964354204551e-4,0.09496613597503749
100,1,0.5,N_ch,-0.015214981922030926,-0.00405761780683487,0.25157563743505496
100,1,1,k_on,0.007643750643732988,0.0023938162914886,0.21145363674698914
100,1,1,k_off,-0.003073257500068878,-4.223894037791e-4,0.0667559545358371
100,1,1,i,0.0034598343066501724,0.00204035388718657,0.2371815319237274
100,1,1,S,0.004250562432729181,0.00167343836837438,0.4298234500581662
100,1,1,baseline,0.0017135222273458332,2.0666761110164e-4,0.09577010614530543
100,1,1,N_ch,-0.009656866677511464,-0.00360202143039575,0.30231748532180874
100,10,0.01,k_on,-0.014762734333373898,-0.00278527994307159,0.21370876478340248
100,10,0.01,k_off,0.0075184642176706375,5.8057974096064e-4,0.06935453175053134
100,10,0.01,i,-0.005317805748527228,-6.9230019294392e-4,0.19144885342029766
100,10,0.01,S,0.015848218605579712,3.181777608348e-4,0.019936018281396864
100,10,0.01,baseline,-8.232551170816726e-4,-5.9279008695708e-4,0.2815456882371301
100,10,0.01,N_ch,-6.234025796329201e-4,0.00226085036797989,0.26993685972199605
100,10,0.02,k_on,0.00870935740371914,2.9609486945955e-4,0.2133605527632689
100,10,0.02,k_off,0.00432618026992884,5.5041803924092e-4,0.06931316297841998
100,10,0.02,i,0.0050020964953814626,-9.4257107714044e-4,0.19276407256656655
100,10,0.02,S,-0.00753514187260886,-2.0035195370064e-4,0.02889624380549676
100,10,0.02,baseline,-8.029057080614222e-4,-2.6598138153418e-4,0.2815325516266204
100,10,0.02,N_ch,0.012863399067708753,0.00133123945252085,0.2706629497052051
100,10,0.05,k_on,-0.012134114914880402,-0.00297603411019079,0.2139958101431318
100,10,0.05,k_off,0.008084803182661443,8.1400608364605e-4,0.0692772690602292
100,10,0.05,i,0.0010220485933800788,-4.5880433966811e-4,0.19684305280110445
100,10,0.05,S,-0.02282740386744501,-0.00107868014578625,0.048837586364793156
100,10,0.05,baseline,-0.0018658419079161943,-9.1374050257676e-4,0.28174952565671973
100,10,0.05,N_ch,0.00584604926219201,0.00244088118152868,0.2747031726623775
100,10,0.1,k_on,0.005452860494394684,6.0705274375386e-4,0.21445503768286758
100,10,0.1,k_off,0.0010006148213844348,4.467093791018981e-5,0.06930436751598336
100,10,0.1,i,-0.0012314842564904865,-8.9551182225895e-4,0.20315172149319696
100,10,0.1,S,-0.004113934978872865,-2.2362008938276e-4,0.07578838518423156
100,10,0.1,baseline,0.008777429054677604,0.00248724477590541,0.28204455424840164
100,10,0.1,N_ch,0.005629018341259215,7.4553154328045e-4,0.2802193900483466
100,10,0.2,k_on,0.004689213334162674,0.00124883570877115,0.2155171673238965
100,10,0.2,k_off,0.014597001712126221,7.8428060198976e-4,0.06962103332253171
100,10,0.2,i,0.016981220291717558,0.00351012883293259,0.21395689979684573
100,10,0.2,S,-0.007702959821346925,-0.00139073234439419,0.12271997694710556
100,10,0.2,baseline,0.0012086960812148144,2.8765986527194e-4,0.2828303230190342
100,10,0.2,N_ch,-0.0045724326837595225,-0.00376043106552915,0.29025321075697513
100,10,0.5,k_on,-0.01697729127062093,-0.00281915161439292,0.2180828360425368
100,10,0.5,k_off,-0.00986620775005066,-5.8128914936861e-4,0.0705520495213261
100,10,0.5,i,7.820251612353953e-4,7.4315015451518e-4,0.2414699548679986
100,10,0.5,S,-0.010308332064553883,-0.0024703702027145,0.23615735870856605
100,10,0.5,baseline,0.005084044098515044,0.0013002882008835,0.28566722885874374
100,10,0.5,N_ch,-0.0021235461033787054,4.9878950929518e-4,0.3149264847636527
100,10,1,k_on,-0.002811618629383783,6.1146940185163e-4,0.2268804430630534
100,10,1,k_off,0.007260261420270555,1.6223804810009e-4,0.07294890864104665
100,10,1,i,-0.0010967418818094987,0.00219924314555131,0.28953436828583257
100,10,1,S,-0.010431087770778077,-0.0042982463373375,0.382726950531149
100,10,1,baseline,0.006522887583549117,0.0018381137684753,0.288397838988806
100,10,1,N_ch,-0.010321172013051827,-0.00266456871352641,0.36044742105788635
100,100,0.01,k_on,0.003582005548568282,-3.808097562059e-4,0.3088175939862563
100,100,0.01,k_off,0.0027071021507579546,7.2765115794543e-4,0.10173625499690432
100,100,0.01,i,0.009828120070170976,0.00126623759470206,0.41963885794810507
100,100,0.01,S,0.0033871631962983087,5.971652425380528e-5,0.019610325866180296
100,100,0.01,baseline,-0.0066912172941442135,-0.00559199389009774,0.8290014697663057
100,100,0.01,N_ch,0.005967877760617095,-5.6349477893653e-4,0.5170831029531289
100,100,0.02,k_on,-0.005599583964793356,-8.769276668548e-4,0.30932945086536084
100,100,0.02,k_off,0.015812349103937466,0.0012607007198695,0.10184602673802229
100,100,0.02,i,-0.004458895011490025,8.1634807050894e-4,0.4211272826089198
100,100,0.02,S,-6.07316715471159e-4,-2.703198074096474e-5,0.027994851132827264
100,100,0.02,baseline,-0.002575801365647675,-0.00285280148149102,0.8287951456836575
100,100,0.02,N_ch,-0.007196135683105285,-1.5032983390292e-4,0.5185770759326795
100,100,0.05,k_on,-0.005616226805199326,-0.00324399421311279,0.309072477044337
100,100,0.05,k_off,1.3580090486482732e-4,2.9888379763106e-4,0.10169841502320535
100,100,0.05,i,0.003530647915397034,-0.00348444249544137,0.42722892272362367
100,100,0.05,S,-0.0034890826915094926,-1.0003938787506e-4,0.045481701722888075
100,100,0.05,baseline,0.0090212955498182,0.006409410016614,0.8291396212152364
100,100,0.05,N_ch,0.015953262865142842,0.00586375804452691,0.524330327790633
100,100,0.1,k_on,-6.779235846426646e-4,8.5520952218761e-4,0.309680214913926
100,100,0.1,k_off,-0.015204174552234967,-0.00186988787179413,0.10164898536146222
100,100,0.1,i,0.010095852097392652,0.0022646430296187,0.4349879797460424
100,100,0.1,S,0.0022861221538682725,7.652640859218895e-5,0.06702699172506693
100,100,0.1,baseline,0.01894422621404672,0.01616952314378629,0.8301209799885583
100,100,0.1,N_ch,0.00306606280576735,-0.00296197643645274,0.5316831208687545
100,100,0.2,k_on,-0.0029865741758384745,-0.00173468000384084,0.3121083994631492
100,100,0.2,k_off,0.020626306661502572,0.00179593944028745,0.10221053045181955
100,100,0.2,i,-0.017546610282483832,-0.00657417073982972,0.4539268722498243
100,100,0.2,S,-0.0024740433793791336,1.7596241318525e-4,0.1019782459858695
100,100,0.2,baseline,-9.70333405274085e-4,-0.00214095654214107,0.8309339212092923
100,100,0.2,N_ch,0.003267347580589497,0.0079687968307102,0.5504518224929965
100,100,0.5,k_on,2.4610240136328787e-4,8.3629490649388e-4,0.3187466862755368
100,100,0.5,k_off,-0.005302171559336752,-8.1351551047936e-4,0.10332605166354562
100,100,0.5,i,0.008067847385775373,0.00263919689121541,0.49951334420589266
100,100,0.5,S,0.0024841476026276265,7.270861648717313e-5,0.18907889472282105
100,100,0.5,baseline,0.010639350186053227,0.00915607082033777,0.8393004043323751
100,100,0.5,N_ch,5.467923575622619e-4,-0.00311520681685215,0.594604409537002
100,100,1,k_on,-0.004566732932815237,-0.00120208914502115,0.3255708094712207
100,100,1,k_off,-0.006602233075471778,-5.7187707719229e-4,0.10711883859420494
100,100,1,i,0.0033420836317807883,4.4095752509292e-4,0.5608319686289434
100,100,1,S,-0.0012036499103115846,-4.7574171490385e-4,0.3110006368789398
100,100,1,baseline,0.004700504421911601,0.0038560060449203,0.8523390197021705
100,100,1,N_ch,0.0025344926957518205,1.4232655226784e-4,0.652801292440265
100,1000,0.01,k_on,-0.007625051029640478,-0.007067023565651,0.7419646873506295
100,1000,0.01,k_off,-0.020899784148826386,-0.00328299251949512,0.24379487769865238
100,1000,0.01,i,0.004174225350917632,-0.01581363607894537,1.8073794938416115
100,1000,0.01,S,0.014109382976588564,2.877839301661e-4,0.019528629020638903
100,1000,0.01,baseline,0.00969436157766157,0.02354818694994132,2.5694558731255865
100,1000,0.01,N_ch,0.017024189303527254,0.01944739066003649,1.9554154482534365
100,1000,0.02,k_on,-0.014479245478028535,-0.01007986184494709,0.7424945861233324
100,1000,0.02,k_off,0.011330279742377686,0.00333935053416908,0.24428696508025088
100,1000,0.02,i,0.01801480091787483,0.02777765854093137,1.8098120666986395
100,1000,0.02,S,-0.0022425330306160745,-1.2542499556295e-4,0.02776387248971458
100,1000,0.02,baseline,-4.407897729913632e-4,-0.00501163953382322,2.5685539071867245
100,1000,0.02,N_ch,-0.002420895056184702,-0.02058412542676623,1.9616023672389693
100,1000,0.05,k_on,0.0061118656082521094,-0.00212781325273758,0.7424733522299825
100,1000,0.05,k_off,0.011234333704755545,0.00216384302829498,0.24427192938541778
100,1000,0.05,i,-0.0027645940091519106,-0.03578489572188721,1.8432268371430043
100,1000,0.05,S,0.010590770608602718,6.3129781243335e-4,0.044599162127649326
100,1000,0.05,baseline,0.01067251799369999,0.02354341164706837,2.568701636470084
100,1000,0.05,N_ch,0.025491108461541623,0.03931719170248669,1.993229117101023
100,1000,0.1,k_on,0.022600891906707554,0.00996177825384463,0.7442879934331484
100,1000,0.1,k_off,0.03270590939484605,0.00692406848583037,0.24465849502619988
100,1000,0.1,i,0.008078922364107483,0.01663131588970862,1.8710045125571362
100,1000,0.1,S,0.014633549213578668,7.8208302560786e-4,0.06461881242018643
100,1000,0.1,baseline,-0.01776856875701536,-0.04394287542786338,2.569234276987833
100,1000,0.1,N_ch,-0.004875992059571704,-0.01962832604443868,2.0185070309459072
100,1000,0.2,k_on,0.009297135233224861,0.01024338340665402,0.7492099545304107
100,1000,0.2,k_off,-0.0013057135926109716,-0.00291460122145386,0.24496950540382642
100,1000,0.2,i,-0.007775307689327086,-0.00686120507241909,1.956653378309276
100,1000,0.2,S,-0.007473186345556631,-4.8276176530031e-4,0.09561888291224699
100,1000,0.2,baseline,0.012950026067774527,0.03564181757733936,2.574935454116327
100,1000,0.2,N_ch,-0.003241734365635955,4.0682702239941e-4,2.100738703939135
100,1000,0.5,k_on,7.229460079683087e-4,-9.2526905581846e-4,0.7731778333213429
100,1000,0.5,k_off,-0.010208644780562187,-5.7205384032197e-4,0.24886593857865208
100,1000,0.5,i,0.009986234934653532,0.01860811519966632,2.197239287954494
100,1000,0.5,S,-9.765392290573994e-4,-8.6804994815233e-4,0.1685489059058526
100,1000,0.5,baseline,-0.008920837049145446,-0.02104864594746301,2.600739938243407
100,1000,0.5,N_ch,-0.002117678071232282,-0.01849437103047027,2.3400197925337913
100,1000,1,k_on,-5.0553655370821904e-5,-0.00857521719579227,0.7983934679351743
100,1000,1,k_off,0.01926067843744339,0.00676056775186804,0.25771245726892816
100,1000,1,i,-0.0022015693521173496,-0.02493367778007415,2.581146068731956
100,1000,1,S,0.011444078672580947,0.00387696089861491,0.27104947597118156
100,1000,1,baseline,-0.01706243168849724,-0.04913187309945322,2.6441438134626525
100,1000,1,N_ch,0.011286670448051983,0.031970776569452,2.713408168383601
100,10000,0.01,k_on,0.0016388695981020551,-0.00182942171574714,2.263253206847866
100,10000,0.01,k_off,0.00929223497550552,0.00525297536812095,0.7417589235711521
100,10000,0.01,i,-0.002696948358600848,-0.1051925192684491,15.012070073363374
100,10000,0.01,S,-0.0015931851468436726,-1.790287529302311e-5,0.01951628822238081
100,10000,0.01,baseline,0.001412445624276457,0.00641132057599208,8.11920708239219
100,10000,0.01,N_ch,0.007350790870368773,0.1091994666452273,15.187408608761038
100,10000,0.02,k_on,-0.011321424279975234,-0.04400162088493258,2.2633223420331343
100,10000,0.02,k_off,3.10610541828682e-4,0.01052469978234765,0.741764470511488
100,10000,0.02,i,0.005116260532475825,-0.1103594102071709,15.071231486869316
100,10000,0.02,S,0.0014845092015074927,6.42370139844578e-5,0.027731606755706566
100,10000,0.02,baseline,-0.010888365990367162,-0.1017699999535277,8.120065526531098
100,10000,0.02,N_ch,0.01631505941507183,0.1389898704793671,15.248945399209127
100,10000,0.05,k_on,3.2308252190293985e-4,0.01077576454988521,2.2647803006628386
100,10000,0.05,k_off,-2.0598177891552327e-4,-0.00509450951709021,0.7419818876248596
100,10000,0.05,i,-0.0068674120665230265,-0.06038744039215151,15.288323481288272
100,10000,0.05,S,0.012528454654251632,5.8376098370161e-4,0.044462151837279314
100,10000,0.05,baseline,0.009138818033275462,0.0749685936914716,8.121073132604359
100,10000,0.05,N_ch,-0.0014879579820122613,0.05287514455194223,15.46378537642922
100,10000,0.1,k_on,-0.010020305483126157,-0.01419513658954057,2.268300506047497
100,10000,0.1,k_off,-0.010382192125434508,-0.00558734611680916,0.7423096471552514
100,10000,0.1,i,0.006954587401429735,0.1285555461206584,15.603937078404334
100,10000,0.1,S,-0.008159401909138733,-6.6252504266818e-4,0.06426593158181651
100,10000,0.1,baseline,0.0045769306459896575,0.03540336947923681,8.124911123633371
100,10000,0.1,N_ch,-0.004449934228841657,-0.1226403328599111,15.77910504963522
100,10000,0.2,k_on,-0.005669873355223953,-0.00862763508908898,2.284466334868121
100,10000,0.2,k_off,0.009461635013202907,0.00416639533451747,0.7445665892130265
100,10000,0.2,i,0.007237841400623113,0.1455523891533641,16.306083463921567
100,10000,0.2,S,0.009009241428040002,4.4477157002665e-4,0.09460266088033333
100,10000,0.2,baseline,0.005019853380698289,0.03403186232522347,8.138302196681714
100,10000,0.2,N_ch,-0.005097951438362447,-0.1383346906685841,16.473625462521227
100,10000,0.5,k_on,0.002531756081702141,0.01632486653451705,2.3628093542957536
100,10000,0.5,k_off,0.00431963260906798,-0.00320733798116565,0.7567665247030069
100,10000,0.5,i,0.002823035959768627,0.1394748610213794,18.49097934738902
100,10000,0.5,S,0.002651036338625371,-2.8909346373085e-4,0.16513690471739978
100,10000,0.5,baseline,0.009429685660996738,0.07979712101331433,8.22008279731784
100,10000,0.5,N_ch,-0.008028013541794499,-0.1487448995794604,18.651340773566996
100,10000,1,k_on,-0.003628443766936343,-0.01876988935487157,2.447970854620009
100,10000,1,k_off,0.003499609657078656,0.00846056624034726,0.7834456949009444
100,10000,1,i,-0.0024013962038236247,-0.040425454611660513,22.175195517930806
100,10000,1,S,0.001507974922380366,5.7600585589263e-4,0.2638428768659789
100,10000,1,baseline,-0.01389447835172461,-0.1197439534050495,8.365035788863809
100,10000,1,N_ch,3.609889401227362e-4,0.05173747168955262,22.325134521914404
100,100000,0.01,k_on,0.001690536835984524,0.0632018665456068,7.13186914239476
100,100000,0.01,k_off,0.004078374744084234,-0.01961997239106742,2.3360663255927636
100,100000,0.01,i,-1.325560350000643e-4,1.089470668923751,146.3563208384556
100,100000,0.01,S,0.006922414978114327,1.2064386661594e-4,0.01951431373811772
100,100000,0.01,baseline,0.015179389884459934,0.3950192582490611,25.678988537347724
100,100000,0.01,N_ch,-0.01080803463977098,-1.128388288698073,146.53260561748394
100,100000,0.02,k_on,-0.015017514263822918,-0.00942619612518123,7.1324480406838475
100,100000,0.02,k_off,0.011217126854186299,-0.01662882272813221,2.3362707663422073
100,100000,0.02,i,-0.01963285111692281,-2.045427490332592,147.4208542193756
100,100000,0.02,S,0.010475539474375743,3.4008250701529e-4,0.02772778774352148
100,100000,0.02,baseline,0.027319429354870896,0.6587239774576783,25.67906578765003
100,100000,0.02,N_ch,2.0980677213344734e-5,2.048312844305952,147.60507825537172
100,100000,0.05,k_on,-0.004376143341275396,0.01217523865782742,7.135297170462239
100,100000,0.05,k_off,0.006939789854525036,-0.01123926124820356,2.336427106375277
100,100000,0.05,i,-0.0018229067921068376,-0.3901481938343686,149.38854002889641
100,100000,0.05,S,7.304932142942098e-4,5.611335880536809e-5,0.04444489987033135
100,100000,0.05,baseline,0.020102445224652647,0.494047057504986,25.68158571968158
100,100000,0.05,N_ch,0.001881260756377845,0.3878291482133614,149.5700310459104
100,100000,0.1,k_on,-0.02529149007366984,-0.1632881902743128,7.148638756215718
100,100000,0.1,k_off,0.006470923947738294,0.02441780469003562,2.3381630305597016
100,100000,0.1,i,0.002612469385966404,0.1884986967050071,152.8962075209316
100,100000,0.1,S,-0.0059111371492285274,-3.9428000381016e-4,0.06423310833617668
100,100000,0.1,baseline,0.002696695965204214,0.0021171977989971,25.69332640031766
100,100000,0.1,N_ch,0.0012815249458555389,-0.08958771066405415,153.073359688469
100,100000,0.2,k_on,0.020205160892131868,0.1210468329484013,7.196599447100703
100,100000,0.2,k_off,0.013379322704003771,0.00876421420174468,2.3445731781925
100,100000,0.2,i,0.01020562691608129,1.708176987207723,159.5127688318428
100,100000,0.2,S,0.001563614465665677,-2.5112526049171e-4,0.09448096541591824
100,100000,0.2,baseline,0.003315344898937915,0.112599350523998,25.73708558715397
100,100000,0.2,N_ch,-0.0051522328351159,-1.764759725643449,159.6885498329097
100,100000,0.5,k_on,-6.259263689327721e-4,-0.03441463594953775,7.446202932729823
100,100000,0.5,k_off,0.003216317188094786,0.01182927170421308,2.383453789054492
100,100000,0.5,i,-6.402270466598914e-4,-2.401832425818991,182.6735573777293
100,100000,0.5,S,-0.010121248333205525,-1.9606678335458e-4,0.16514916231858548
100,100000,0.5,baseline,0.00294384174596396,0.05535547559618081,25.997281053173776
100,100000,0.5,N_ch,0.018067125096123515,2.43271777469292,182.8307923920835
100,100000,1,k_on,-0.012088200825566053,-0.1185512862800173,7.71816227571725
100,100000,1,k_off,0.032055996053046654,0.06808025333761025,2.467568699689478
100,100000,1,i,6.553757257079518e-4,-1.349150161180513,218.31211580910448
100,100000,1,S,-0.004188938111843561,2.4440769828771e-4,0.2632314259497705
100,100000,1,baseline,0.0020224036943646065,-0.03063428248620348,26.455843943707706
100,100000,1,N_ch,0.009685567612740087,1.446091169037281,218.48115947202868
200,0.05,0.01,k_on,0.0026686084114277524,5.7042847023103e-4,0.13341474786887378
200,0.05,0.01,k_off,0.010911956577622565,1.8266081538298e-4,0.04305181534185835
200,0.05,0.01,i,0.008716892362695374,4.6028443186664e-4,0.05835591314289967
200,0.05,0.01,S,-0.004272233132488402,-1.7734904384829e-4,0.02726476160124988
200,0.05,0.01,baseline,0.006463108476964608,1.3693783139104e-4,0.021575264134559513
200,0.05,0.01,N_ch,-0.005222212446163305,-7.4933729981321e-4,0.1182282042619431
200,0.05,0.02,k_on,0.002577698778082657,7.575204271994e-4,0.13499336274037105
200,0.05,0.02,k_off,0.017664388248866916,2.2315318822797e-4,0.0432518212099271
200,0.05,0.02,i,0.01942855863540313,0.00102660670749644,0.06096676383108136
200,0.05,0.02,S,0.005217169411716958,7.691748567127202e-5,0.04457810785151743
200,0.05,0.02,baseline,0.009884115497605532,2.081263347284e-4,0.021590498547238553
200,0.05,0.02,N_ch,-0.009342694799604388,-0.00141767286965596,0.12082823760818003
200,0.05,0.05,k_on,0.015313781410958417,0.00192494138407588,0.138466660907783
200,0.05,0.05,k_off,0.007572669902005292,3.1915726398888e-4,0.04368376909726083
200,0.05,0.05,i,-0.011343624641700308,-7.403618478326e-4,0.07008664781319948
200,0.05,0.05,S,0.004288859105484025,4.0814371868629e-4,0.08309596576339166
200,0.05,0.05,baseline,0.014891787722481932,3.2284524722035e-4,0.02160213682026364
200,0.05,0.05,N_ch,1.2291416483209763e-4,-2.2227185603179e-4,0.1285430795355036
200,0.05,0.1,k_on,-0.010758283748406285,-0.00165596858787833,0.14050650167083123
200,0.05,0.1,k_off,0.022976098053139327,9.1117632070305e-4,0.044066974796056854
200,0.05,0.1,i,0.012539538251314477,5.8657829499963e-4,0.08396138760355983
200,0.05,0.1,S,-3.4210566226891787e-4,-1.0585487297914e-4,0.12907068907067495
200,0.05,0.1,baseline,0.007574656163687343,1.536036617208e-4,0.021619609033366446
200,0.05,0.1,N_ch,0.0024808534185012387,7.1127135367364e-4,0.13892742967466126
200,0.05,0.2,k_on,-0.00967550873991221,-6.0240106178115e-4,0.14218616124303254
200,0.05,0.2,k_off,-0.00899732074692278,-5.1871702154578e-4,0.044481661119079516
200,0.05,0.2,i,0.008455572983539696,0.00146680122309613,0.10671028199228048
200,0.05,0.2,S,0.002302294043801932,3.8819759947231e-4,0.19156661718760035
200,0.05,0.2,baseline,-0.010606840214204395,-2.3021005445274e-4,0.021652122607034627
200,0.05,0.2,N_ch,-0.010296998392430472,-0.0014210782652543,0.15632632874659624
200,0.05,0.5,k_on,0.004869171156340522,2.596468605675236e-5,0.144997854609268
200,0.05,0.5,k_off,0.012198965784613956,6.1031078320429e-4,0.0456494978738564
200,0.05,0.5,i,-0.00705152882782048,-0.00181990366399115,0.15862656470538558
200,0.05,0.5,S,0.014601071404853883,0.00449795280053381,0.3069607815372248
200,0.05,0.5,baseline,-0.007202754954277066,-1.5830231306162e-4,0.021697254868549846
200,0.05,0.5,N_ch,0.009261258400974318,0.00209516448370833,0.20003855590351233
200,0.05,1,k_on,0.023842803177121098,0.00402609440076433,0.15285979375836403
200,0.05,1,k_off,-0.0015436982664988053,-4.3436111102769e-4,0.047224135844125825
200,0.05,1,i,-0.009502721871918737,-3.2720450818085e-4,0.222341204711404
200,0.05,1,S,-0.008971980330986241,-0.00389730747667349,0.43429065821533097
200,0.05,1,baseline,-0.024558839984176174,-5.2790898026813e-4,0.0217073372245658
200,0.05,1,N_ch,-0.009943122043834074,-0.00219659862426214,0.25923112734692527
200,0.1,0.01,k_on,-0.0031398919090175822,1.5739159508539e-4,0.13555281472735456
200,0.1,0.01,k_off,0.016947009418655255,2.9522147584752e-4,0.04335218879333949
200,0.1,0.01,i,0.010997160469382816,8.2002754864221e-4,0.06348979649853131
200,0.1,0.01,S,-0.004543371249658421,-2.0763497285007e-4,0.025384060843817325
200,0.1,0.01,baseline,0.01817157282386122,5.4575852624652e-4,0.030493875335478763
200,0.1,0.01,N_ch,-0.01040855856230831,-9.2681131622282e-4,0.12278164317359777
200,0.1,0.02,k_on,-0.0023758233754415875,-3.049863074286e-4,0.1364255755139746
200,0.1,0.02,k_off,0.0023061447821695626,-4.167589796142184e-6,0.04341115981140736
200,0.1,0.02,i,0.009880262034994411,5.0007377693269e-4,0.06580181068140549
200,0.1,0.02,S,-0.0014655436140819144,-1.2080998364342e-4,0.041546236701584895
200,0.1,0.02,baseline,-0.004744243333993938,-1.4680121462683e-4,0.030500860552051805
200,0.1,0.02,N_ch,-5.949181689645349e-4,-3.0029727049164e-4,0.12471476141707019
200,0.1,0.05,k_on,0.01640200707094043,0.00194279346049854,0.13881178706953218
200,0.1,0.05,k_off,-0.004412952860212847,-1.5757475428081e-4,0.04371277051020514
200,0.1,0.05,i,-0.0024373883254885965,-2.7962099399786e-4,0.07353645741748578
200,0.1,0.05,S,0.0013866487507242066,1.480070889684e-4,0.07846798633032977
200,0.1,0.05,baseline,-0.00319326872267125,-8.926758827009374e-5,0.03053831294769179
200,0.1,0.05,N_ch,0.002020846997187839,-7.6157607915694e-4,0.1310115518652424
200,0.1,0.1,k_on,0.003906902309927039,5.805992645612e-4,0.14066962564027272
200,0.1,0.1,k_off,-0.004184621983060053,-2.552095795152e-4,0.044039980471418126
200,0.1,0.1,i,0.009648779099580743,8.1098239936659e-4,0.08668596488397023
200,0.1,0.1,S,-0.012551311277539378,-0.00161611562496164,0.12404729063689933
200,0.1,0.1,baseline,0.0029509115808073806,9.487198298943844e-5,0.03056365559050864
200,0.1,0.1,N_ch,-0.001964946147269782,-0.00115729107544139,0.14094650539052886
200,0.1,0.2,k_on,0.012768634537764716,0.00142898544123478,0.1423348780228668
200,0.1,0.2,k_off,-0.018066995676227805,-6.7469276582425e-4,0.04449640900258604
200,0.1,0.2,i,-0.0085058337668538625,-0.0011087783262206,0.10874694317027818
200,0.1,0.2,S,-0.004466532827391361,-7.7422586541127e-4,0.18866150705327747
200,0.1,0.2,baseline,0.004988232446069142,1.6803088665276e-4,0.030599961477945196
200,0.1,0.2,N_ch,0.005458474706259906,1.4255875295898e-4,0.15803696119793328
200,0.1,0.5,k_on,0.0016168494436543668,-3.0810549260919e-4,0.14501876628393184
200,0.1,0.5,k_off,0.014607796438442247,7.0038762367321e-4,0.04572676955976783
200,0.1,0.5,i,-0.01185033893064985,-0.00222525039740705,0.1594471319077846
200,0.1,0.5,S,-0.012108899689859428,-0.00367619964902768,0.3066748131839324
200,0.1,0.5,baseline,2.5711417856249933e-4,2.854447985881268e-6,0.030664296427738564
200,0.1,0.5,N_ch,0.00822245366891415,0.00264944562845893,0.20082826273558957
200,0.1,1,k_on,-0.003839533033699067,-8.6644121485389e-4,0.15280792155735431
200,0.1,1,k_off,-0.007336994440982587,-1.9011972745312e-4,0.04726747701171536
200,0.1,1,i,0.006005504429554764,2.0793598534444e-4,0.22261461283490086
200,0.1,1,S,0.0062148910492526455,0.00269869400313322,0.43427944526820045
200,0.1,1,baseline,0.011518018094163893,3.5483883390188e-4,0.030688369922612375
200,0.1,1,N_ch,0.005169297390545967,3.1264584814406e-4,0.2594823007089579
200,0.2,0.01,k_on,-0.0201390674090118,-0.0025978766896644,0.137322643770215
200,0.2,0.01,k_off,0.005977746886015642,2.5464248868904e-4,0.04361018199953057
200,0.2,0.01,i,0.0027527814986036334,2.347686271419556e-5,0.06996573397308807
200,0.2,0.01,S,0.021141574813428588,4.7295454329958e-4,0.02384684065817168
200,0.2,0.01,baseline,0.017044189834673238,7.146910956652e-4,0.043065131709701526
200,0.2,0.01,N_ch,0.0017756259698653715,0.00143975768668774,0.12808480674763875
200,0.2,0.02,k_on,-0.002764145540670124,-5.0650175993316e-4,0.13789900191758941
200,0.2,0.02,k_off,-0.0025170285716883145,-4.403520512425079e-5,0.043626371379183716
200,0.2,0.02,i,0.003149100609528197,1.2478340163712e-4,0.07225566164671714
200,0.2,0.02,S,-0.008247493082105822,-3.1732783094737e-4,0.038570972999152485
200,0.2,0.02,baseline,0.0026036861031366915,1.1194137928307e-4,0.04307369046366842
200,0.2,0.02,N_ch,0.0025489173733688223,1.9128970501734e-4,0.12981821052688303
200,0.2,0.05,k_on,0.005911444677334409,1.4496701884782e-4,0.1391991124069534
200,0.2,0.05,k_off,-0.006396938004807383,-2.1433159897362e-4,0.04380426650268373
200,0.2,0.05,i,0.023405533350547507,0.00112866654655593,0.07859730096464579
200,0.2,0.05,S,-0.02289403217320776,-0.00177902121972601,0.07368552524982075
200,0.2,0.05,baseline,0.0027038068517554912,1.2564883419397e-4,0.04312452915140894
200,0.2,0.05,N_ch,0.008069774753242193,-9.7910121154516e-4,0.1347267826638448
200,0.2,0.1,k_on,0.008123748744046394,0.00159941022404606,0.14106265797620768
200,0.2,0.1,k_off,0.014496444439124446,3.1324395090973e-4,0.04413323573887847
200,0.2,0.1,i,0.0034814754776147233,7.6128832622041e-4,0.0905704744484042
200,0.2,0.1,S,-0.002051075706895125,-3.4625511332417e-4,0.11778364892506961
200,0.2,0.1,baseline,0.003426357679771579,1.4411368537351e-4,0.04316099528243945
200,0.2,0.1,N_ch,-0.010412681865776492,-0.00162576331582557,0.1440610634420724
200,0.2,0.2,k_on,-0.014583188088380938,-2.9218874101669e-4,0.1425748659164564
200,0.2,0.2,k_off,0.008527378880124606,-3.2165418189324e-5,0.04460426228841376
200,0.2,0.2,i,-0.008303570970665995,0.00116098011877224,0.11182108282244708
200,0.2,0.2,S,0.006409590137560912,0.00106653246511646,0.1835362799810128
200,0.2,0.2,baseline,0.006013222190642259,2.461926924473e-4,0.04321777681106977
200,0.2,0.2,N_ch,-0.02498120926547013,-0.0014670194963042,0.16074199251125254
200,0.2,0.5,k_on,-0.003729134460623257,-0.00133287611548239,0.14510220092355414
200,0.2,0.5,k_off,0.0010126592568757281,2.6407592556903e-4,0.04568000368780469
200,0.2,0.5,i,-0.012332615071548342,-0.00302246464894077,0.16092935178186818
200,0.2,0.5,S,0.005867327582916931,0.00188652619024422,0.3058453007405359
200,0.2,0.5,baseline,-0.015262307140862925,-6.6383296562402e-4,0.043317316692443916
200,0.2,0.5,N_ch,0.014593530495811441,0.00390776903872962,0.20222568809209204
200,0.2,1,k_on,0.0050144988142071245,-1.6042661397199e-4,0.15287950953011026
200,0.2,1,k_off,0.00517787048353735,3.4553502973102e-4,0.047317938446760445
200,0.2,1,i,-0.003572483969105339,-0.002470075059691,0.22316917383005275
200,0.2,1,S,-0.018640399377087453,-0.00807356561004011,0.43423542487011707
200,0.2,1,baseline,-0.010077429442616834,-4.3925615834169e-4,0.04337111537400001
200,0.2,1,N_ch,0.012727587149967273,0.00282411159757844,0.26006121557617357
200,0.5,0.01,k_on,0.017254173325633178,0.00172071225887891,0.1396774892950576
200,0.5,0.01,k_off,0.0010105308911506818,2.1738950360727e-4,0.043951588149943
200,0.5,0.01,i,-0.014852300745365303,-0.00148190973897582,0.08126099501877417
200,0.5,0.01,S,0.00969196423138047,2.8441951267485e-4,0.022351459566086508
200,0.5,0.01,baseline,0.010327951527957974,7.1800236886486e-4,0.0678417872962792
200,0.5,0.01,N_ch,0.00861128996482359,7.0229900265087e-4,0.13700391678453405
200,0.5,0.02,k_on,-0.012813466736998146,-9.4243086124979e-4,0.13990909611977656
200,0.5,0.02,k_off,-0.0015133406589693012,-3.216054102536e-4,0.04392599449454378
200,0.5,0.02,i,0.015131893761621495,0.00174162693585266,0.08337496576159836
200,0.5,0.02,S,-0.013246718293963202,-5.9205423639087e-4,0.03515600882299411
200,0.5,0.02,baseline,0.0015999884628265537,1.0042975239573e-4,0.06786578823136294
200,0.5,0.02,N_ch,-0.012012946684382582,-0.0014419616896219,0.138617065327356
200,0.5,0.05,k_on,0.004557233438570174,0.0015475003854656,0.14062757313242358
200,0.5,0.05,k_off,0.007545104723905353,-9.799436914334032e-5,0.04409067631034831
200,0.5,0.05,i,0.005670604919885691,0.00125118452892036,0.08875657816506424
200,0.5,0.05,S,0.0014072520750163773,-8.454884073038068e-5,0.06728705935481502
200,0.5,0.05,baseline,0.013336247444749332,9.1199762877308e-4,0.06793966798715857
200,0.5,0.05,N_ch,-0.01633389600001804,-0.00230486799670219,0.14279832368774387
200,0.5,0.1,k_on,-0.02284436519298484,-0.00240555237155977,0.14147879866502744
200,0.5,0.1,k_off,0.006437054471570908,1.5858641654966e-4,0.04430618596883081
200,0.5,0.1,i,0.0046946384694369035,9.8061418939504e-4,0.0983115417962951
200,0.5,0.1,S,0.0017652284029287572,5.662508786689611e-5,0.10899196072691114
200,0.5,0.1,baseline,0.00705180349621977,4.3992712577899e-4,0.06803199695850512
200,0.5,0.1,N_ch,-0.00860478789898662,2.2917348347581e-4,0.15022591831457197
200,0.5,0.2,k_on,-7.784069799630661e-4,-1.725359900767e-4,0.14284610174302642
200,0.5,0.2,k_off,-0.003226142092174529,-1.2748928365891e-4,0.04470865454083471
200,0.5,0.2,i,-0.003618243985397465,-5.5114119782754e-4,0.11783950990179015
200,0.5,0.2,S,0.0035673538752304937,6.6347159325931e-4,0.17356180770034016
200,0.5,0.2,baseline,0.03247099372358487,0.00221320720916348,0.06813522412376795
200,0.5,0.2,N_ch,0.0025582870042486668,6.2117306681279e-4,0.16586330132832927
200,0.5,0.5,k_on,0.001297854468529952,6.60615415762168e-5,0.14550465820850328
200,0.5,0.5,k_off,0.014907912333122185,6.1014001780248e-4,0.0458394950050505
200,0.5,0.5,i,-0.0018609380749630006,-2.5918937808696e-4,0.16467051562599103
200,0.5,0.5,S,-0.002297193304552017,-6.8087299497963e-4,0.30245985369441386
200,0.5,0.5,baseline,0.014075517742695345,9.4124858910681e-4,0.0683019912874993
200,0.5,0.5,N_ch,7.235673681807164e-4,4.4663603200667e-4,0.2059224074459745
200,0.5,1,k_on,0.01574548775584836,0.00208601327405068,0.15310462481342163
200,0.5,1,k_off,0.004829794228407941,7.58009314043149e-5,0.047400961571870986
200,0.5,1,i,-0.006447595636484076,-0.00142868239740029,0.2247877451365927
200,0.5,1,S,0.004076954075092916,0.00178983683478048,0.43395493685672976
200,0.5,1,baseline,-0.001001548611767476,-5.318584263173943e-5,0.06844364070065245
200,0.5,1,N_ch,0.0015319084518539104,3.1435501650595e-4,0.26175962897089144
200,1,0.01,k_on,0.008342025484889225,0.00142056716591027,0.14120383806779643
200,1,0.01,k_off,0.002084139526922095,-5.649531373485237e-5,0.04429162511720088
200,1,0.01,i,0.0011745618676314712,4.6638842539494e-4,0.09233976759250978
200,1,0.01,S,-0.01687254275443689,-3.738970441063e-4,0.021544018437727675
200,1,0.01,baseline,-0.005671979947442701,-5.1633361623768e-4,0.09547428381159337
200,1,0.01,N_ch,-0.0064135064565593106,-0.00131510721289346,0.14587183568069712
200,1,0.02,k_on,-8.656298487806635e-5,0.00156154411250733,0.14127671576313106
200,1,0.02,k_off,-0.02012811539480469,-0.00138240799500768,0.04423888089775656
200,1,0.02,i,0.01787645182198394,0.00286862321905223,0.09423397507404375
200,1,0.02,S,0.005437936516135041,1.829225051591445e-5,0.033146676063511855
200,1,0.02,baseline,0.010975095078784275,0.00112512184482857,0.09551261444808848
200,1,0.02,N_ch,-0.02504957733121968,-0.00440833835789027,0.14722936195881958
200,1,0.05,k_on,0.002616424344471996,3.3755255852482e-4,0.14177773527747467
200,1,0.05,k_off,0.007029128964408396,1.8278139026415e-4,0.04436192715790106
200,1,0.05,i,0.0016294444364955577,-1.8127961629607e-4,0.09953100649855531
200,1,0.05,S,0.02658827408714848,0.00160590567390832,0.06250981881152191
200,1,0.05,baseline,0.016762076538240404,0.00158920308683852,0.09560088041321972
200,1,0.05,N_ch,2.7646748254199624e-4,8.090835950446876e-5,0.15152814390512326
200,1,0.1,k_on,-0.002251830337370808,-4.4139001038894e-4,0.14235486135942066
200,1,0.1,k_off,-0.008925597557010223,-2.4470240643619e-4,0.04451187065834461
200,1,0.1,i,-0.013998422831815432,-0.00150748757609081,0.10723090971130932
200,1,0.1,S,0.009148710011615425,0.00113610890643225,0.10223904223039763
200,1,0.1,baseline,0.003664082045274156,3.5825838700724e-4,0.09576981222096663
200,1,0.1,N_ch,0.0045762041932088104,0.0016147507190853,0.15763286278564892
200,1,0.2,k_on,-5.820138635301078e-4,3.1690651521577e-4,0.14342639279411387
200,1,0.2,k_off,-0.008713003699495271,-4.636415374084e-4,0.044869999529484506
200,1,0.2,i,0.005943419325991031,0.00121228374497923,0.12459557961421958
200,1,0.2,S,-0.015718720663968018,-0.00270321386060984,0.16454475334332502
200,1,0.2,baseline,0.0068666466147683305,6.8902550811521e-4,0.09595095386087098
200,1,0.2,N_ch,-0.005787674650670163,-0.00157120897886774,0.17183373907101335
200,1,0.5,k_on,0.004907139330667647,4.7174972788829e-4,0.14585945296004701
200,1,0.5,k_off,-0.012792873992321784,-5.3302239142745e-4,0.045950072727075963
200,1,0.5,i,0.00691972019632256,3.5699170092634e-4,0.16945413800550846
200,1,0.5,S,-2.7739021383161975e-4,-1.1881009083879e-4,0.2964022070444983
200,1,0.5,baseline,0.01683565931097303,0.00165417410584862,0.09621545566994208
200,1,0.5,N_ch,0.0038560715498172256,-6.6514240084284e-4,0.21053543954428097
200,1,1,k_on,0.027514716242153778,0.00424225831538454,0.15344822168429575
200,1,1,k_off,-0.002104167516199129,-3.9406127461861e-4,0.047529541161082337
200,1,1,i,0.0014485247648642896,9.0131360730349e-4,0.22734511387603334
200,1,1,S,0.010409477894801938,0.00445079125367999,0.43310313597624334
200,1,1,baseline,0.00898895876798541,9.4095952201962e-4,0.09650711013810842
200,1,1,N_ch,-0.006479004935930538,-0.00335481567472781,0.2644323629585369
200,10,0.01,k_on,0.006325122162291544,0.00110097666770091,0.14983517499189564
200,10,0.01,k_off,-0.016153415842145705,-8.1072247072279e-4,0.04712465967416805
200,10,0.01,i,0.0163602804273644,0.00211223847942718,0.1539884951692616
200,10,0.01,S,0.017883219846968272,3.2959942371858e-4,0.02013163506135505
200,10,0.01,baseline,0.004441358172945176,0.00152802924638647,0.28996520165110234
200,10,0.01,N_ch,-0.003082255577197532,-0.00287241445906758,0.20059385988665482
200,10,0.02,k_on,0.0031861944077144315,4.3588913126655e-4,0.14995271435799992
200,10,0.02,k_off,0.003285962056244658,8.189787851017008e-5,0.04717670817214126
200,10,0.02,i,0.00805722903145744,9.6395162868673e-4,0.15562692255943922
200,10,0.02,S,-0.005297742647895854,-1.8393858649617e-4,0.029431391878064993
200,10,0.02,baseline,0.005309574618663137,0.00155404421710959,0.2898732721495443
200,10,0.02,N_ch,-2.493687475522005e-4,-0.00108300870653269,0.20213206446823673
200,10,0.05,k_on,-0.005218641974902261,-4.6848629948367e-4,0.15012697569345437
200,10,0.05,k_off,-0.008902503517388777,-3.5622049517067e-4,0.047141686980715594
200,10,0.05,i,-0.005333960694718774,-2.6067697700085e-4,0.1598961165394722
200,10,0.05,S,0.002649824527055544,1.5614742372603e-4,0.05078485597558105
200,10,0.05,baseline,-0.007454471060929405,-0.00212406840587686,0.290075140928441
200,10,0.05,N_ch,-0.0035254930863709705,2.6186016238904e-4,0.2058578321616906
200,10,0.1,k_on,0.013548731109524932,9.685791255585e-4,0.1504295074189874
200,10,0.1,k_off,-1.8193504976435348e-4,1.3102432002646e-4,0.047222843138224745
200,10,0.1,i,-0.011112827097003952,-0.00293233908068085,0.1666068160678261
200,10,0.1,S,-0.007311711304277014,-2.4489164710833e-4,0.08061132975154342
200,10,0.1,baseline,0.002039377562952441,6.4167098211511e-4,0.29040227001171026
200,10,0.1,N_ch,0.014206656691391414,0.00259389931365225,0.21190351310475286
200,10,0.2,k_on,0.004758415211151008,8.4212976151633e-4,0.15102331505897962
200,10,0.2,k_off,-6.987447122156626e-4,-1.6853078085229e-4,0.04743387564339899
200,10,0.2,i,-9.300122562686097e-4,-1.9043136078508e-4,0.17694501680471228
200,10,0.2,S,0.008104718258409919,0.00104915322227186,0.13227432125412547
200,10,0.2,baseline,0.009683554952185168,0.00288724878464908,0.29132510005978646
200,10,0.2,N_ch,-9.908705591778616e-4,-3.1700182946192e-4,0.22134317512180418
200,10,0.5,k_on,0.006856769912260755,8.4477031302185e-4,0.15265852689569123
200,10,0.5,k_off,0.004905547137065282,1.5767014906719e-4,0.04837356532804906
200,10,0.5,i,0.006631505921590494,8.1349487565801e-4,0.2084534641399233
200,10,0.5,S,-0.0015241594731043896,-5.1410505917967e-4,0.2522904093615828
200,10,0.5,baseline,0.007246688486163438,0.00215779683121406,0.2934476790439212
200,10,0.5,N_ch,0.0015388311910843194,-0.00109729925427361,0.2499715197792224
200,10,1,k_on,-0.00833208489569226,-0.00144237279314541,0.1592152138662762
200,10,1,k_off,0.0014804442679282603,1.5738074423005e-4,0.05009844218639727
200,10,1,i,-0.017215047553155893,-0.00366127441333613,0.25887276123354497
200,10,1,S,-0.008240307214044416,-0.00274518742016803,0.40451215349510783
200,10,1,baseline,-0.00975946922629415,-0.00298669013966778,0.2954067947923245
200,10,1,N_ch,0.003981210055160361,0.00434343729210359,0.29777834048792784
500,0.05,0.01,k_on,0.009640417434383583,0.00126849141866567,0.08889040368566621
500,0.05,0.01,k_off,0.002502770131258873,-2.3325765120155e-4,0.027460092142203928
500,0.05,0.01,i,0.015728362196326742,8.9928507479507e-4,0.043709966425843086
500,0.05,0.01,S,-0.006292854300919514,-2.8246690754904e-4,0.030131128542828095
500,0.05,0.01,baseline,0.0011519062165244913,2.643681312593339e-5,0.02169321446568097
500,0.05,0.01,N_ch,-0.014625878762485806,-0.00172748543622047,0.08052815017462564
500,0.05,0.02,k_on,-0.007553702162190593,-7.5057308569495e-4,0.08983555371280705
500,0.05,0.02,k_off,0.010318689737179951,2.3171764618458e-4,0.02758360070906806
500,0.05,0.02,i,0.012737341785490582,4.4666433044385e-4,0.047709205578053485
500,0.05,0.02,S,-0.015126497339635512,-7.9475617982625e-4,0.048820593163928276
500,0.05,0.02,baseline,0.00796929720465609,1.7069631687e-4,0.021697371846163997
500,0.05,0.02,N_ch,0.0015591641337712615,8.928487480882124e-5,0.08353362483962616
500,0.05,0.05,k_on,0.0026010324122556494,5.8520806348903e-4,0.09126021770308429
500,0.05,0.05,k_off,0.021041853539752294,3.362315840312e-4,0.02777857233768323
500,0.05,0.05,i,0.006677596260848337,6.3229991369978e-4,0.05967842812795684
500,0.05,0.05,S,0.010831396457735117,8.9348132808389e-4,0.08951577192379016
500,0.05,0.05,baseline,0.0032891800756496437,6.80536390148881e-5,0.021702639269882133
500,0.05,0.05,N_ch,-0.011646164173397505,-9.0779955687169e-4,0.09215445185528386
500,0.05,0.1,k_on,0.0013369297557379884,-2.6040764633637e-4,0.09189297118894313
500,0.05,0.1,k_off,0.010894140806764811,3.1232128773383e-4,0.02795075232216997
500,0.05,0.1,i,0.019577875275315123,8.2497879161252e-4,0.07578354135997631
500,0.05,0.1,S,-2.7011655627381465e-4,-7.86552972025343e-5,0.13465081459773637
500,0.05,0.1,baseline,-0.00923956789906253,-2.0303373548097e-4,0.021706188865899284
500,0.05,0.1,N_ch,0.005626605773732283,-4.2135101032773e-4,0.10427297457029382
500,0.05,0.2,k_on,0.006535631204828099,0.00111973836559627,0.09253136847665218
500,0.05,0.2,k_off,-0.014690299087667578,-5.4637701747339e-4,0.0282127996883964
500,0.05,0.2,i,-0.0012141329854287175,7.3660131312788e-4,0.10113722008988886
500,0.05,0.2,S,-7.14547948953683e-4,-1.5439486994529e-4,0.19379263488873774
500,0.05,0.2,baseline,0.003456000365872716,7.827774550401075e-5,0.02170825207986562
500,0.05,0.2,N_ch,-0.01341418897993188,-0.00164737318485967,0.12519161168544024
500,0.05,0.5,k_on,0.0013362623018448889,1.7057690549692e-4,0.09375886934845834
500,0.05,0.5,k_off,-0.022793649705341243,-6.0924823077493e-4,0.028989973293405774
500,0.05,0.5,i,0.0024898395100266743,1.4243577622198e-4,0.15562389871634183
500,0.05,0.5,S,-0.004303682916912614,-0.00132221416163101,0.30708111536575466
500,0.05,0.5,baseline,0.00946240371133969,2.0875778029338e-4,0.02171086193262165
500,0.05,0.5,N_ch,6.040569733892949e-4,-4.3361549122492e-4,0.17438108413052997
500,0.05,1,k_on,-0.0065783951943089655,-9.2156858810778e-4,0.09863673508498844
500,0.05,1,k_off,-1.0515604459509359e-5,1.1110346644147e-4,0.03011952073729776
500,0.05,1,i,0.002981375532079833,-5.8203791766506e-4,0.21930713635431887
500,0.05,1,S,0.007298152733329094,0.003170154703351,0.43429396154182615
500,0.05,1,baseline,0.003127015490780729,6.691995803459239e-5,0.021712089228443678
500,0.05,1,N_ch,0.007706764563878074,0.00119815558844883,0.2356059848087962
500,0.1,0.01,k_on,0.02467529818719992,0.00320562310339443,0.08971306027609904
500,0.1,0.01,k_off,-0.011926903215014259,-7.558684146779e-4,0.02753266724887765
500,0.1,0.01,i,0.0024635770129198264,9.7552159101587e-4,0.04798594340403198
500,0.1,0.01,S,0.007387490341262447,1.3353374306042e-4,0.027969294228806882
500,0.1,0.01,baseline,-2.042254362674429e-5,1.060124820986626e-5,0.030660805421603165
500,0.1,0.01,N_ch,-0.03088672342196344,-0.00320117454424974,0.08359186373946677
500,0.1,0.02,k_on,0.03178789419793195,0.0021315230057653,0.09022921675969564
500,0.1,0.02,k_off,0.002070771144045795,2.457466331812985e-6,0.027611913709714508
500,0.1,0.02,i,0.021559809961492607,3.1311462226664e-4,0.0512512220482754
500,0.1,0.02,S,0.011315746698605154,4.6604027525954e-4,0.04573096207464359
500,0.1,0.02,baseline,0.00461769305006918,1.4654015747128e-4,0.03066814495677298
500,0.1,0.02,N_ch,0.009448273138871921,-0.00123600098678174,0.08598143897885979
500,0.1,0.05,k_on,-0.014473028045796268,-0.00148813021710382,0.0912112026014398
500,0.1,0.05,k_off,-0.02156816895144177,-2.6605154597199e-4,0.02776745551804342
500,0.1,0.05,i,-0.02615309971785379,-0.001617407504815,0.06211745839834788
500,0.1,0.05,S,0.0044578444503696356,5.6543708656334e-4,0.08528291845089912
500,0.1,0.05,baseline,-0.009405215259129835,-2.8659810538157e-4,0.030680851917414223
500,0.1,0.05,N_ch,0.0125934811807428,0.0022994990955869,0.09386495649344775
500,0.1,0.1,k_on,-0.004243929557527568,-2.4637583626764e-4,0.09195256265985793
500,0.1,0.1,k_off,0.02164618812843639,4.9824805388689e-4,0.027974903208773036
500,0.1,0.1,i,0.004761581953803155,6.1072425700411e-4,0.0776525086637596
500,0.1,0.1,S,-0.013427696084355312,-0.00181307358777174,0.1315985883684586
500,0.1,0.1,baseline,-0.00806270876084083,-2.5313242496304e-4,0.030687182090527145
500,0.1,0.1,N_ch,-0.005439931871914865,-3.3481131370402e-4,0.10579390941791393
500,0.1,0.2,k_on,-0.004266152183181292,-1.1190820703252e-4,0.09255589793084604
500,0.1,0.2,k_off,0.0015336801008697734,2.051841790046746e-5,0.02824421832736463
500,0.1,0.2,i,-0.023955722742446534,-0.00167070275874482,0.1022222365607358
500,0.1,0.2,S,-0.004742229349139105,-8.6029716029474e-4,0.19295026378058433
500,0.1,0.2,baseline,-0.003033860255689923,-9.241041473146083e-5,0.03069277446575285
500,0.1,0.2,N_ch,-0.0019047647785305766,0.00157749282050393,0.12616365597906634
500,0.1,0.5,k_on,-0.019361068619713567,-0.00191806305638228,0.09378873117751871
500,0.1,0.5,k_off,-0.0021234388489531075,9.568195687468892e-5,0.029010637003696764
500,0.1,0.5,i,-5.355979582396669e-4,-6.6586724623346e-4,0.15593567890930501
500,0.1,0.5,S,0.01292533739429218,0.00397466299931229,0.30704755629945746
500,0.1,0.5,baseline,-0.006997560023197716,-2.1906062098254e-4,0.030698327396415915
500,0.1,0.5,N_ch,0.007420317005452204,0.00177242943828955,0.17469688459923213
500,0.1,1,k_on,-0.010763897834614497,-6.8075128751037e-4,0.0986630891652134
500,0.1,1,k_off,0.0014611162775191658,-3.336717545450355e-6,0.030145580351989575
500,0.1,1,i,-0.013428500523214773,-0.00148600515181852,0.21941249373364477
500,0.1,1,S,4.032704039869281e-4,1.7750723222653e-4,0.43429240211493003
500,0.1,1,baseline,-6.146822113328195e-5,-3.579724605792783e-6,0.030701822429237486
500,0.1,1,N_ch,-0.0038170328224974848,0.00172277793052025,0.23572164620919336
500,0.2,0.01,k_on,-0.003703070834752728,-2.8122953768253e-4,0.09031542238760348
500,0.2,0.01,k_off,0.0025031980502405885,7.888602283143165e-5,0.02764527357195566
500,0.2,0.01,i,-0.003651400383352512,-1.2960642027011e-4,0.05348781738663151
500,0.2,0.01,S,-5.045015176943537e-4,-3.925195546130168e-6,0.02597973039821449
500,0.2,0.01,baseline,0.0031904416327941647,1.3583857515438e-4,0.04332034329889711
500,0.2,0.01,N_ch,-2.2122016760960095e-4,2.8446533785182e-4,0.08755433568152493
500,0.2,0.02,k_on,-0.010105197586224022,-7.1923939367825e-4,0.09058163265084589
500,0.2,0.02,k_off,-0.0013013449479086416,-1.1161252030043e-4,0.027669987791091453
500,0.2,0.02,i,0.01412608624685164,8.0303432010226e-4,0.056237146945492714
500,0.2,0.02,S,0.0012824121570240124,-4.800721345636272e-5,0.042618886225729666
500,0.2,0.02,baseline,-0.008233142540542785,-3.596750008391e-4,0.04333265954064636
500,0.2,0.02,N_ch,-0.00446086079116885,-4.4792292573105e-4,0.0895282880855526
500,0.2,0.05,k_on,0.004397415675977033,5.3993453896811e-4,0.09134503226320405
500,0.2,0.05,k_off,-0.01745019139152701,-5.2467815905563e-4,0.027788033935123045
500,0.2,0.05,i,0.00981942245906614,6.8583501578258e-4,0.06553544171100467
500,0.2,0.05,S,0.0026845478601012726,1.4892222745783e-4,0.08046403113747838
500,0.2,0.05,baseline,-0.0026007490567156346,-1.0404219272484e-4,0.043356973304099655
500,0.2,0.05,N_ch,-0.004718876664921906,-0.00114347140116128,0.09641050029498795
500,0.2,0.1,k_on,3.843525779477306e-4,-5.225607268094453e-5,0.09196201906000971
500,0.2,0.1,k_off,-0.001292005239350534,-5.976008936018538e-6,0.027977494607769476
500,0.2,0.1,i,-7.127764865411668e-4,-2.1172050444774e-4,0.08029911860620097
500,0.2,0.1,S,0.007858517525528628,0.0010128819205815,0.12686771403458091
500,0.2,0.1,baseline,-0.0077728811016380085,-3.3744108590681e-4,0.043373767382839365
500,0.2,0.1,N_ch,0.002401511949333489,2.544881942706e-4,0.10791050024378512
500,0.2,0.2,k_on,9.354012653151819e-4,3.509188004245e-4,0.09254718313022645
500,0.2,0.2,k_off,-0.009333902943881554,-3.2024204026757e-4,0.02824276323320436
500,0.2,0.2,i,0.003829229429332212,8.1057079885081e-4,0.10400648594552356
500,0.2,0.2,S,-0.01516301489304577,-0.00293439441463349,0.19086106408215794
500,0.2,0.2,baseline,0.019935026499959346,8.6997149130386e-4,0.04338542644898054
500,0.2,0.2,N_ch,-0.006870979507615324,-0.00114562148300364,0.1277192226345269
500,0.2,0.5,k_on,0.018454815706345294,0.00113009359670589,0.09384437780745365
500,0.2,0.5,k_off,0.005254165388238037,1.5661329076203e-4,0.02901322975257753
500,0.2,0.5,i,-0.007475875009495647,-0.002387688911113,0.15653898460666735
500,0.2,0.5,S,-0.009100114720034427,-0.0027647931347435,0.30692407175741904
500,0.2,0.5,baseline,-0.0026699599832148498,-1.1113002902391e-4,0.04339881707200889
500,0.2,0.5,N_ch,0.013204417529478998,0.00191630517217701,0.17528742764242494
500,0.2,1,k_on,0.020854387363998472,0.00213733662636049,0.09863392778094625
500,0.2,1,k_off,-0.0014437229419456549,-1.9612393246198e-4,0.030153951980477947
500,0.2,1,i,0.0023487828795152044,0.00120638477259844,0.2196186814215862
500,0.2,1,S,0.003595067526708656,0.00155635424062476,0.43428624576550073
500,0.2,1,baseline,0.004444945320988314,2.0174530055505e-4,0.043408506846564304
500,0.2,1,N_ch,-0.007212075989968841,-0.00245779095362003,0.2359145085498335
500,0.5,0.01,k_on,-5.50078623574507e-4,-6.716011858480438e-5,0.09108825483604414
500,0.5,0.01,k_off,-0.012203998992307993,-2.4833212691273e-4,0.0277636647897665
500,0.5,0.01,i,-0.009924673337810108,-6.0517643641276e-4,0.06276045361112004
500,0.5,0.01,S,0.014391071445583017,3.9166348929047e-4,0.02386415699392082
500,0.5,0.01,baseline,-0.0014747156092621413,-9.42085337056746e-5,0.0683549597832646
500,0.5,0.01,N_ch,0.002912827593871327,5.3348532569389e-4,0.09438736058487952
500,0.5,0.02,k_on,0.009671335018105593,2.0774391335437e-4,0.0912108722423018
500,0.5,0.02,k_off,0.0016184185313214382,1.9591462602598e-4,0.027788051337010303
500,0.5,0.02,i,-2.5377408814567654e-4,-7.434035815981e-4,0.06537035055779913
500,0.5,0.02,S,0.004835221899017236,2.6147146118332e-4,0.03861507597208764
500,0.5,0.02,baseline,-0.0011514458881305492,-7.904765018226777e-5,0.06836970776447446
500,0.5,0.02,N_ch,0.01528997199833107,8.4872426212829e-4,0.09633338262172444
500,0.5,0.05,k_on,-0.00692016056039867,-1.5163570579234e-4,0.09163469566402761
500,0.5,0.05,k_off,-0.001179079624639541,-1.7577039892781e-4,0.027867556361113904
500,0.5,0.05,i,0.008208589494026752,9.6748805356284e-4,0.07243664897535598
500,0.5,0.05,S,0.01016245788732791,6.0303352402744e-4,0.0739557700838846
500,0.5,0.05,baseline,0.0057295509611345686,3.9071327617264e-4,0.06842457371588252
500,0.5,0.05,N_ch,-0.011814327303175755,-0.00102116007536221,0.10177437469938555
500,0.5,0.1,k_on,0.010556539834059386,7.1824360365817e-4,0.09209081725128478
500,0.5,0.1,k_off,-0.015569871818783157,-3.7445413892271e-4,0.028004276526219882
500,0.5,0.1,i,-5.860192236051931e-4,-5.0031885905414e-4,0.08543624829237688
500,0.5,0.1,S,0.009301502076134529,0.00115667987188145,0.11866360795671548
500,0.5,0.1,baseline,0.00863161091255324,6.0763492756837e-4,0.06847192333536271
500,0.5,0.1,N_ch,0.0059881241699752995,4.765064543055207e-5,0.11214324870553964
500,0.5,0.2,k_on,0.004908890399763312,3.7374023209435e-4,0.09264030713187467
500,0.5,0.2,k_off,-0.005040082132591601,-1.3678727926472e-4,0.028281104786197445
500,0.5,0.2,i,-3.049473505862851e-4,-2.5970167120211e-4,0.10788920388281387
500,0.5,0.2,S,0.011154196869578241,0.00207342511719573,0.18485538517475555
500,0.5,0.2,baseline,0.002730154944155284,1.9305910764029e-4,0.06850954525244479
500,0.5,0.2,N_ch,0.0016904735816833248,2.868655113545375e-5,0.13119363141277732
500,0.5,0.5,k_on,0.004997095037263602,2.0728687820534e-4,0.0939134473550448
500,0.5,0.5,k_off,-0.002107829781355701,-3.101754564972555e-5,0.029045931260166198
500,0.5,0.5,i,-0.013025558426612904,-0.002566666599959,0.15822430593915898
500,0.5,0.5,S,0.006235606925063438,0.00197852243785174,0.3062032517235994
500,0.5,0.5,baseline,-0.010413764174922081,-7.0782257093692e-4,0.06855012146368882
500,0.5,0.5,N_ch,0.00915032249391301,0.00244017196332636,0.1769323440916973
500,0.5,1,k_on,0.01039647874455081,0.00118721057851286,0.0987086465693083
500,0.5,1,k_off,-0.010954849201884817,-4.4877013496967e-4,0.03015943071848522
500,0.5,1,i,-0.020148720219456573,-0.00351993412357436,0.22023889686334788
500,0.5,1,S,0.0150002102971,0.00653746121502197,0.4342446469561291
500,0.5,1,baseline,-0.013707233331776944,-9.1996581108671e-4,0.06858615176751098
500,0.5,1,N_ch,4.038803135521518e-4,0.0025871273275078,0.236552673386326
500,1,0.01,k_on,-0.0023943674650363476,-1.7829519098396e-4,0.09166426156774236
500,1,0.01,k_off,1.1619809737011509e-4,4.651642250675153e-5,0.0278940958422122
500,1,0.01,i,-0.007561691687050873,-3.3711745481155e-4,0.07175687266349802
500,1,0.01,S,-0.019392632573568633,-4.0744720676349e-4,0.0226715134464614
500,1,0.01,baseline,-0.006759654658912422,-6.5530073662307e-4,0.09640983592727737
500,1,0.01,N_ch,1.327753049265301e-4,4.1295336168459e-4,0.10137289972062963
500,1,0.02,k_on,-0.006282867989166397,-6.324355754754e-4,0.09172893692577162
500,1,0.02,k_off,0.02647079767337289,6.6566230293858e-4,0.02792163136045421
500,1,0.02,i,0.008146195059605907,4.5266074953088e-4,0.07426507823707014
500,1,0.02,S,0.004916754471021482,9.374582611516326e-5,0.035929553644743484
500,1,0.02,baseline,-0.00851551789258993,-8.5790481336837e-4,0.09642916756152507
500,1,0.02,N_ch,-6.337749123078423e-4,1.3732453024389e-4,0.10334768970974838
500,1,0.05,k_on,0.009762996367298351,8.0026983349722e-4,0.09195501330417669
500,1,0.05,k_off,-0.002761769542848699,-8.915389301657944e-5,0.027964661901429454
500,1,0.05,i,-0.0021356004527457798,-1.7906915934678e-4,0.08025702190398358
500,1,0.05,S,-0.00842368132802272,-5.3699302013235e-4,0.06904781240699172
500,1,0.05,baseline,0.012718092063260217,0.00124412628739003,0.09651200794173775
500,1,0.05,N_ch,0.0012118379471471284,-2.6485254283143e-4,0.10807113281289098
500,1,0.1,k_on,0.012098101163038437,8.6475428151891e-4,0.09229929952632247
500,1,0.1,k_off,0.0011060165092713174,1.51890995905758e-5,0.02808715226213918
500,1,0.1,i,0.006845422976366457,2.7137630728417e-4,0.09123131359543986
500,1,0.1,S,-0.004049113710869523,-4.8468161982003e-4,0.11174217735682392
500,1,0.1,baseline,8.328589899161016e-4,9.515132439586883e-5,0.09661090601133793
500,1,0.1,N_ch,0.0025176496432063322,-6.5683826751543e-4,0.11708228283532893
500,1,0.2,k_on,0.0022480010460341343,2.6444400846317e-4,0.09276137961624245
500,1,0.2,k_off,-0.007162899570273822,-2.2501271147437e-4,0.028338733326583952
500,1,0.2,i,0.01192298982329025,0.00126821173310309,0.11229693837569847
500,1,0.2,S,-0.0045221099590386634,-9.3190903602497e-4,0.17754317857492305
500,1,0.2,baseline,0.007509274955980151,7.3764087074279e-4,0.09669938263764324
500,1,0.2,N_ch,-0.0034603999464065255,-0.00144527822433045,0.1351746069096409
500,1,0.5,k_on,-0.008968446256858387,-0.0011778341948044,0.09400156109528171
500,1,0.5,k_off,0.0035517190268065033,2.3110450778379e-4,0.029101272104426812
500,1,0.5,i,-3.364694301329074e-5,-0.001014135228501,0.16069752585010835
500,1,0.5,S,-0.005057345746576424,-0.00148028864329126,0.30435893366547206
500,1,0.5,baseline,8.40825127412769e-4,5.863082665188002e-5,0.09679223258424557
500,1,0.5,N_ch,0.010592827335712152,0.00181192375457432,0.17934367493712017
500,1,1,k_on,-0.012541756356746502,-0.00119090257766352,0.09878998832505174
500,1,1,k_off,-0.0014578001792276939,2.327005176006335e-5,0.030222837713527
500,1,1,i,-4.4099775926189494e-4,-2.9259831972752e-4,0.22125788651905104
500,1,1,S,-0.006267215522182415,-0.00271326332323483,0.43410249816256186
500,1,1,baseline,0.01502621227223465,0.00143946980195352,0.09688281716902362
500,1,1,N_ch,0.0024246794573768993,9.5443336076659e-4,0.2375920881617173
500,10,0.01,k_on,0.016298848331815177,0.00178017073480639,0.09438883230541699
500,10,0.01,k_off,0.001939650518900507,-1.1946894353728e-4,0.02887912789675599
500,10,0.01,i,0.002546523157802516,9.4154827202922e-4,0.1193959958496837
500,10,0.01,S,0.01293047491576626,2.4044663212306e-4,0.020520579819709044
500,10,0.01,baseline,-0.002078622392695424,-4.7273940602578e-4,0.2974478920567279
500,10,0.01,N_ch,-0.011054436790751965,-0.00200806850738095,0.14245908087317047
500,10,0.02,k_on,-0.003733848071970379,-6.6307882775235e-4,0.09433649905740095
500,10,0.02,k_off,-0.011956074596256226,-2.3952255328052e-4,0.028864124449287907
500,10,0.02,i,0.015282536579841915,6.8169615132092e-4,0.12120180571636331
500,10,0.02,S,-0.007703364250943352,-2.5512014027341e-4,0.03048187257343272
500,10,0.02,baseline,0.014690086500927204,0.00435460607868616,0.2975211121829639
500,10,0.02,N_ch,0.009407169423054865,-2.2976984383376e-4,0.14421234914055325
500,10,0.05,k_on,-7.308009732928944e-4,-9.12183480768144e-5,0.0944879106314538
500,10,0.05,k_off,0.0025189956374117722,1.139639090561e-4,0.02890064434056912
500,10,0.05,i,-0.018654004354780457,-0.00201079038687866,0.12617756516556852
500,10,0.05,S,0.008678566962856774,6.3698584776569e-4,0.05445276606857525
500,10,0.05,baseline,-0.013588777771240505,-0.00407203134451807,0.29767048864926715
500,10,0.05,N_ch,0.002256028898506568,0.00199559803338869,0.14866077086808696
500,10,0.1,k_on,-0.0045316748138787034,-6.0633168956178e-4,0.0945238791999025
500,10,0.1,k_off,-0.021190751263114385,-5.1935945891982e-4,0.028921042374151384
500,10,0.1,i,0.00548968408075233,-5.4528826207909e-4,0.13277784742601825
500,10,0.1,S,0.013968036679728275,0.00128170314423007,0.08870034966060596
500,10,0.1,baseline,0.019564573462792244,0.0058379819463066996,0.29808903954498994
500,10,0.1,N_ch,0.01033638277308288,8.1655478820273e-4,0.15463665659279133
500,10,0.2,k_on,0.008407066199595043,1.7665953024486e-4,0.09480810230756388
500,10,0.2,k_off,-0.007331895685528941,-1.288132085398e-4,0.029119977458394435
500,10,0.2,i,0.011157172367613627,-6.6957482669491e-4,0.1448548386564267
500,10,0.2,S,0.016106211659117797,0.00238471992334611,0.1454547335933055
500,10,0.2,baseline,0.017024158442807174,0.00510103633707281,0.29889275539320564
500,10,0.2,N_ch,0.015801844167186344,7.5174413159204e-4,0.16571938185395677
500,10,0.5,k_on,0.0023316542943266315,-1.9299050608701e-4,0.09578421107074886
500,10,0.5,k_off,-0.01451169368732844,-3.0116788325586e-4,0.029805332900325235
500,10,0.5,i,0.005210038109138573,-7.6985166391864e-4,0.18361085059382898
500,10,0.5,S,-3.6456768137545285e-4,9.99678337459758e-6,0.27380811283464934
500,10,0.5,baseline,0.00339476695284123,0.0010471582666578,0.3002349146845255
500,10,0.5,N_ch,0.011478073800516665,8.9740205092007e-4,0.20200641940794187
500,10,1,k_on,-0.006328376876210219,4.672740302170459e-5,0.1002593064607001
500,10,1,k_off,-0.009448671483340658,-3.8572824652886e-4,0.030943578171125103
500,10,1,i,-0.005488358082076358,0.00110057252062848,0.23654736580667055
500,10,1,S,-0.003918045932612393,-0.00177104967883771,0.4242840840600936
500,10,1,baseline,0.0037490591043925388,0.00117659278827313,0.301377868110573
500,10,1,N_ch,-0.012403412839631991,-0.00141141003230294,0.2531953879669054
1000,0.05,0.01,k_on,0.011252963800980911,0.00114262999082479,0.06435356497026548
1000,0.05,0.01,k_off,0.01918510875156583,7.012627094465912e-5,0.01950035278245576
1000,0.05,0.01,i,0.014258362135216252,7.6613679351716e-4,0.036314587245581634
1000,0.05,0.01,S,0.0015929764019714052,-5.962334972966993e-5,0.032356848341845344
1000,0.05,0.01,baseline,0.026904411605125945,5.8381451880135e-4,0.021704268017664636
1000,0.05,0.01,N_ch,-0.02051011505710544,-0.00144527997115327,0.06075667487788844
1000,0.05,0.02,k_on,-0.0076451943852307675,-2.7762384556275e-4,0.06487217798282288
1000,0.05,0.02,k_off,-0.006400577601914956,-1.4199170550405e-4,0.01955796557276881
1000,0.05,0.02,i,-0.003355762306701777,3.116923645876678e-5,0.04152820137241607
1000,0.05,0.02,S,0.013029884489860186,6.7131831660738e-4,0.05202477004504758
1000,0.05,0.02,baseline,0.007575990120360397,1.6426438342173e-4,0.02170743187855118
1000,0.05,0.02,N_ch,-0.005107420567439902,1.879556359841621e-5,0.06442434363815537
1000,0.05,0.05,k_on,0.006473067173277086,7.3699109683297e-4,0.06548170336675696
1000,0.05,0.05,k_off,-0.003796963913713699,-1.6313927598308e-4,0.01966613528411467
1000,0.05,0.05,i,-0.008838570294189864,2.21288430696553e-5,0.055081248614848775
1000,0.05,0.05,S,-0.007846891396656498,-7.3206756424375e-4,0.09315990171982418
1000,0.05,0.05,baseline,0.009534603480650187,2.0849647197135e-4,0.021710210663924475
1000,0.05,0.05,N_ch,-0.011182314826178444,-5.7308270579072e-4,0.07448710032939354
1000,0.05,0.1,k_on,0.00402229464127353,9.3749674699326e-4,0.06578573120329469
1000,0.05,0.1,k_off,-0.004854117594231065,-2.8151947428628e-4,0.019778093679502836
1000,0.05,0.1,i,-0.00770372585437934,7.1878187924181e-4,0.07248292781933992
1000,0.05,0.1,S,-0.00996285544439206,-0.00138547672135453,0.13641786800279562
1000,0.05,0.1,baseline,-5.771828757333977e-4,-1.107244843300275e-5,0.021711405395725306
1000,0.05,0.1,N_ch,-0.024351465351065152,-0.0014988670924535,0.08866214681750352
1000,0.05,0.2,k_on,-0.005645260290498028,-3.195151399928e-4,0.06604854630136549
1000,0.05,0.2,k_off,0.0036881575127069056,7.680263550449073e-5,0.019984203708505375
1000,0.05,0.2,i,-0.003529372667864114,-2.059007749291e-4,0.09915448106759775
1000,0.05,0.2,S,0.0014464137799183425,2.8311191234055e-4,0.194122858988933
1000,0.05,0.2,baseline,0.019221511356698875,4.1662620314168e-4,0.02171221579897524
1000,0.05,0.2,N_ch,-1.640570275089348e-4,3.8556086096538e-4,0.11221897716098668
1000,0.05,0.5,k_on,0.011734617587140075,6.5357656532307e-4,0.06685553431224418
1000,0.05,0.5,k_off,0.015167473290188457,2.6046800533114e-4,0.020542699290252486
1000,0.05,0.5,i,0.008548042054657035,0.00116244338309242,0.15459731225152862
1000,0.05,0.5,S,-0.007662268963169035,-0.00235497888732939,0.3070899770248649
1000,0.05,0.5,baseline,0.009345435653458339,2.0245677983373e-4,0.021712927658685044
1000,0.05,0.5,N_ch,-0.002380094423193868,-0.00138546204397566,0.1644526337525657
1000,0.05,1,k_on,0.012860275599019005,0.00111882627297709,0.07022145870412741
1000,0.05,1,k_off,0.004788026220716973,-1.665587661590025e-5,0.021375272220492538
1000,0.05,1,i,0.0035999891930932892,0.00245162030306912,0.2182417118821666
1000,0.05,1,S,0.008400910638852429,0.00364743794147583,0.43429435721741777
1000,0.05,1,baseline,0.02374060519862733,5.1622332853055e-4,0.021713453437067307
1000,0.05,1,N_ch,-0.01343434149673628,-0.00311236102120272,0.22669477824504156
1000,0.1,0.01,k_on,0.001725181472922735,3.4499923610535e-4,0.06461009632336265
1000,0.1,0.01,k_off,0.017803543002255277,2.3037402677357e-4,0.01953646247573598
1000,0.1,0.01,i,-0.00569771316258662,9.501138074342849e-6,0.03985004230909172
1000,0.1,0.01,S,5.528895117933123e-4,-2.560669502065061e-6,0.030148232201420534
1000,0.1,0.01,baseline,0.016120317530866228,4.930920142491e-4,0.030683685087188762
1000,0.1,0.01,N_ch,-0.00913211942280769,-1.9693102675482e-4,0.0631901322978505
1000,0.1,0.02,k_on,0.007322203640489699,4.8412583886799e-4,0.06496286897171076
1000,0.1,0.02,k_off,-0.0041074381230059446,-4.829886158756219e-5,0.019583224122389296
1000,0.1,0.02,i,-0.012984440583888413,-3.8578979578168e-4,0.04418224462154894
1000,0.1,0.02,S,-0.016214942012100678,-7.2774805008984e-4,0.04890157469002741
1000,0.1,0.02,baseline,0.0010750104628122984,3.532752677166159e-5,0.030690241241178442
1000,0.1,0.02,N_ch,-5.509321489716428e-5,7.347549482366804e-5,0.06629742313957813
1000,0.1,0.05,k_on,0.0030965012424030852,1.3606904232556e-4,0.06547017026929883
1000,0.1,0.05,k_off,0.012137504587273425,1.8392297652398e-4,0.019680453485698444
1000,0.1,0.05,i,0.012559629694659187,5.4515671657036e-4,0.056955058385520244
1000,0.1,0.05,S,0.007231906162499477,5.9123775569049e-4,0.0897757872640815
1000,0.1,0.05,baseline,-0.011198736008066285,-3.4565219019486e-4,0.03069706096538429
1000,0.1,0.05,N_ch,-0.0016110536134081588,-5.1577865008752e-4,0.07594799060394475
1000,0.1,0.1,k_on,-0.014347675990674949,-5.5403911559957e-4,0.06575132703617555
1000,0.1,0.1,k_off,-0.002686518164722953,-1.0892281270384e-4,0.01978390304740978
1000,0.1,0.1,i,0.004906451254125754,9.1614911613771e-4,0.07373430893684331
1000,0.1,0.1,S,0.017019404719139698,0.00224607395993982,0.1349333373739686
1000,0.1,0.1,baseline,0.0048783973523694145,1.4778990678924e-4,0.030700212392971812
1000,0.1,0.1,N_ch,-0.012546215505787897,-7.2293341893512e-4,0.08972263976911893
1000,0.1,0.2,k_on,0.007024889586890973,6.7934754780683e-4,0.06607634935844466
1000,0.1,0.2,k_off,0.015809123147873097,1.8713115862616e-4,0.0199910002057806
1000,0.1,0.2,i,0.009966023145194708,0.00168557314782918,0.09975640514072097
1000,0.1,0.2,S,-0.003466358560492801,-7.0616233069937e-4,0.1938685067525175
1000,0.1,0.2,baseline,-0.004343604566108922,-1.3441422072859e-4,0.030702211730849784
1000,0.1,0.2,N_ch,-0.014725272975635056,-0.00202323752002028,0.1127824723572014
1000,0.1,0.5,k_on,-0.00213440552147362,2.3718507806137e-4,0.06687590767339782
1000,0.1,0.5,k_off,0.007008277997129563,4.219759995837089e-5,0.02054639866256858
1000,0.1,0.5,i,-0.006055414539623841,7.6532997529616e-4,0.15474939779405544
1000,0.1,0.5,S,-0.01763668428586959,-0.00541859031988024,0.3070823439910753
1000,0.1,0.5,baseline,0.004528108149665073,1.3857593361263e-4,0.03070419418284105
1000,0.1,0.5,N_ch,-0.013604636876817039,-9.8493891845767e-4,0.16460829708127395
1000,0.1,1,k_on,0.008959108124070067,1.5836038838091e-4,0.07021471396323523
1000,0.1,1,k_off,-0.010867188379887552,-1.0867902324703e-4,0.021364902178509032
1000,0.1,1,i,0.023869796364035772,0.00243249600957879,0.21829247941557445
1000,0.1,1,S,-0.0014288208732589926,-6.2236890939586e-4,0.43429398471657504
1000,0.1,1,baseline,-0.009708129314478228,-2.9648558591058e-4,0.030705669747701482
1000,0.1,1,N_ch,0.008453420569819903,-0.00239107813104098,0.2267429502961178
1000,0.2,0.01,k_on,0.013990053743468983,7.8907212036677e-4,0.06491403723596985
1000,0.2,0.01,k_off,0.009938888462064824,2.643751780448e-4,0.019571669126958742
1000,0.2,0.01,i,-0.031374149952034705,-0.00121105129589518,0.04452598100288527
1000,0.2,0.01,S,-0.016821254635207335,-3.164724585161e-4,0.02798059167087233
1000,0.2,0.01,baseline,0.018550682397650748,8.0546113248478e-4,0.043369167975225095
1000,0.2,0.01,N_ch,0.005194865964307349,8.2252137204665e-4,0.06652804631285997
1000,0.2,0.02,k_on,0.0077636373424313995,4.1085465053637e-4,0.06509318628766086
1000,0.2,0.02,k_off,-0.0018730883348198803,-4.056375908858195e-5,0.01959767695370219
1000,0.2,0.02,i,0.0042690665955968585,1.1835995622276e-4,0.04798511714560411
1000,0.2,0.02,S,-0.0050050537773079036,-2.3690024610828e-4,0.045778805518862764
1000,0.2,0.02,baseline,-0.01213209123195348,-5.238515942454e-4,0.04338070497364583
1000,0.2,0.02,N_ch,9.305629268224133e-4,-3.2548279778861e-4,0.06906722802694865
1000,0.2,0.05,k_on,-0.005616570979993008,4.584894923769247e-6,0.06549700999240553
1000,0.2,0.05,k_off,-0.0037789820957945287,-1.5914853373514e-4,0.01968204028733759
1000,0.2,0.05,i,6.524742698167246e-4,4.9188983957372e-4,0.05951483395152229
1000,0.2,0.05,S,0.009105430816648222,7.161320475454e-4,0.08545214771009668
1000,0.2,0.05,baseline,0.005226613692973806,2.2700296333707e-4,0.04339680651401575
1000,0.2,0.05,N_ch,-0.012354787551344976,-6.2881854226821e-4,0.07797896615056832
1000,0.2,0.1,k_on,-0.005280429235973948,-4.3055752432469e-4,0.06575336802427811
1000,0.2,0.1,k_off,-0.0022011689646212005,3.279206306716422e-6,0.019794255978472137
1000,0.2,0.1,i,0.0034707972526734528,4.067719190329187e-5,0.07565582447970863
1000,0.2,0.1,S,0.0028000357185416222,3.6890443016328e-4,0.1319367284070111
1000,0.2,0.1,baseline,-0.010945252477326601,-4.7671004204105e-4,0.04340465272506451
1000,0.2,0.1,N_ch,0.00363858129195916,2.2391772032178e-4,0.0913793555745635
1000,0.2,0.2,k_on,0.009387202234644482,-6.336104442197e-4,0.06604130175950759
1000,0.2,0.2,k_off,0.012464381618265463,5.2100736362422e-4,0.019993619624501212
1000,0.2,0.2,i,-0.002230000571110391,-0.00327885727579905,0.10082909152807994
1000,0.2,0.2,S,-0.010512194878939615,-0.00191305602152717,0.19310833751263498
1000,0.2,0.2,baseline,-0.01933996435109651,-8.4308753132703e-4,0.04340991335043022
1000,0.2,0.2,N_ch,0.04639295831998258,0.00407493082447156,0.11375924878856858
1000,0.2,0.5,k_on,-0.001539417309768365,-2.9329810294015e-4,0.0668681686350288
1000,0.2,0.5,k_off,0.01173013268283555,2.6638564946195e-4,0.02054949153655243
1000,0.2,0.5,i,-0.0031044327319774134,-0.00110083388361162,0.15504954059758266
1000,0.2,0.5,S,0.001505013242073702,4.6954191451425e-4,0.3070526816013347
1000,0.2,0.5,baseline,0.002149153644482985,8.978768126015374e-5,0.04341516476332642
1000,0.2,0.5,N_ch,0.007595086217283373,0.00138446936712734,0.1648986943454727
1000,0.2,1,k_on,0.010231593267330419,9.8613530294536e-4,0.07022791402487026
1000,0.2,1,k_off,-0.02503422884048888,-5.8297515196631e-4,0.021364424899227453
1000,0.2,1,i,0.002697973474929477,0.00174264171422808,0.21839465415446274
1000,0.2,1,S,0.018169680835112414,0.00788781641401994,0.43429251327952256
1000,0.2,1,baseline,-0.0022421058529095215,-8.845478438159146e-5,0.04341934047048953
1000,0.2,1,N_ch,-0.010229175250324213,-0.00253298641212601,0.2268477213776902
1000,0.5,0.01,k_on,-0.014167457005521744,-0.00117326814570039,0.06520389274028353
1000,0.5,0.01,k_off,0.006590486196105923,2.5891622370389e-4,0.01963133542553002
1000,0.5,0.01,i,-0.00732849782891512,-7.3742870454159e-4,0.05250545799811025
1000,0.5,0.01,S,0.012618191537758127,3.7281541387609e-4,0.025411888996697194
1000,0.5,0.01,baseline,-0.003103622211486249,-2.2699307729992e-4,0.0684880767698325
1000,0.5,0.01,N_ch,0.013519630787923037,0.00150228096422866,0.0725194612305912
1000,0.5,0.02,k_on,0.012709513499837753,0.00133753820141266,0.06535064768448726
1000,0.5,0.02,k_off,-0.007871228983599807,-3.1707148898173e-4,0.01964090747768901
1000,0.5,0.02,i,-0.009985509220601665,1.6551364762799e-4,0.05534571661487129
1000,0.5,0.02,S,0.007484004639986224,2.8715506937578e-4,0.041655323958848044
1000,0.5,0.02,baseline,-0.001389246850175041,-7.945473365757034e-5,0.06850715679408087
1000,0.5,0.02,N_ch,-0.019097938704293355,-0.0011430994227487,0.07469587699975133
1000,0.5,0.05,k_on,0.010259299211947868,8.3911378943475e-4,0.06558563658503827
1000,0.5,0.05,k_off,-0.007846091529458685,-2.1915117627223e-4,0.01970339501780112
1000,0.5,0.05,i,-6.255845456033804e-5,3.6242874479188e-4,0.06454068435749531
1000,0.5,0.05,S,-0.01130847056289463,-9.256309022155e-4,0.07901818815892458
1000,0.5,0.05,baseline,-0.013136757643396897,-8.8852149419618e-4,0.06854943981371861
1000,0.5,0.05,N_ch,-0.008381596667514882,-9.3462882969416e-4,0.08207901352635295
1000,0.5,0.1,k_on,0.0099488711117462,5.487256841145e-4,0.06581597946181049
1000,0.5,0.1,k_off,0.001160152853763724,-3.804153667870688e-6,0.019809422774458373
1000,0.5,0.1,i,0.011357447622356645,7.4705425602876e-4,0.0794698105339573
1000,0.5,0.1,S,-0.010620715362931252,-0.00140145250199974,0.12537933646919008
1000,0.5,0.1,baseline,-0.006365726924126733,-4.3125686827216e-4,0.06857607739040482
1000,0.5,0.1,N_ch,-0.001357239673250174,-9.97785443346e-4,0.09471389034549516
1000,0.5,0.2,k_on,-0.009322923105899028,-5.3801637234609e-4,0.06607416735381332
1000,0.5,0.2,k_off,-0.01474921237392303,-2.4375606041986e-4,0.019997040838128276
1000,0.5,0.2,i,0.0017621452139042907,1.8824805812407e-4,0.10339137258005839
1000,0.5,0.2,S,-0.0019200128329891991,-3.7176212094878e-4,0.19011529252986756
1000,0.5,0.2,baseline,-5.080194832984386e-4,-3.423997670834411e-5,0.06859395581650908
1000,0.5,0.2,N_ch,8.772872258214172e-5,1.618368122891702e-5,0.11613858319013122
1000,0.5,0.5,k_on,-0.003996011883145668,-1.445181707346769e-5,0.06688025519826678
1000,0.5,0.5,k_off,-0.01775008020208979,-3.6526391363159e-4,0.020547262575021763
1000,0.5,0.5,i,0.0026917001393614443,0.00114945421657913,0.15591273692658508
1000,0.5,0.5,S,-0.007862910828093208,-0.00243025014505653,0.30686611623646864
1000,0.5,0.5,baseline,-0.005200860101212695,-3.5043235455663e-4,0.06861260331433884
1000,0.5,0.5,N_ch,-0.008023537167576852,-0.00131168317587538,0.1657417293761669
1000,0.5,1,k_on,-0.011766960458675688,-9.8164109729552e-4,0.07026031309000337
1000,0.5,1,k_off,-0.005423398646689594,-3.048353417897264e-6,0.021377667616497127
1000,0.5,1,i,0.0033824125564399232,-5.5814316883001e-4,0.2187003241989889
1000,0.5,1,S,0.012967058577545307,0.00563420737032749,0.43428229396877543
1000,0.5,1,baseline,-0.005903942691574717,-4.1051947347938e-4,0.06862814109106599
1000,0.5,1,N_ch,0.008034760062684873,0.00114146309071195,0.22716035727304573
1000,1,0.01,k_on,-0.0034433963632025527,-8.3190733364258e-4,0.06541185466742806
1000,1,0.01,k_off,-0.009112433995194784,4.68468992759224e-5,0.0196823631203057
1000,1,0.01,i,3.792844057974587e-4,-8.4241151918818e-4,0.06013580617657271
1000,1,0.01,S,-0.012202009311636092,-2.1160150948497e-4,0.023867199714766286
1000,1,0.01,baseline,-0.006243764564631486,-6.1445838067717e-4,0.09670513108610024
1000,1,0.01,N_ch,0.023875461032175152,0.0014576172207461,0.07854832636312807
1000,1,0.02,k_on,8.481889339810433e-4,4.5724043904518e-4,0.06551919575576069
1000,1,0.02,k_off,-0.0069804503635902005,-2.1086990488245e-4,0.01969760100610478
1000,1,0.02,i,-0.01399160712711984,-1.5137120002091e-4,0.0628364576291148
1000,1,0.02,S,-0.005146490202468961,-1.6637311769095e-4,0.03863405170688935
1000,1,0.02,baseline,0.003294379847910354,3.2998023852405e-4,0.09672846792660965
1000,1,0.02,N_ch,-0.011840689026266307,-2.9283986629196e-4,0.0807213607358748
1000,1,0.05,k_on,-0.009985150750803796,-3.8802728797494e-4,0.0656633916155094
1000,1,0.05,k_off,-0.0017456061014511793,-5.653038408916454e-5,0.019745070161345336
1000,1,0.05,i,-0.0020397150145290664,3.9236228357458e-4,0.07023341041424708
1000,1,0.05,S,-0.01058858055325631,-8.1998304995853e-4,0.07404773848771103
1000,1,0.05,baseline,-0.009084936165082142,-8.8230364658475e-4,0.09680310376526932
1000,1,0.05,N_ch,-0.00792209024454562,-2.6812677836206e-4,0.08685865149314702
1000,1,0.1,k_on,0.0037639092081401884,7.827280903998725e-5,0.06586877812407962
1000,1,0.1,k_off,3.4208016916242086e-4,2.854820740427778e-5,0.01983606041087998
1000,1,0.1,i,0.008537868899173944,2.5853801743651e-4,0.08365318240144358
1000,1,0.1,S,0.010240923463006337,0.00117509595141188,0.11890246416792842
1000,1,0.1,baseline,-0.011466491869205717,-0.00111110401818691,0.09686574061142927
1000,1,0.1,N_ch,0.0032175187593315446,-2.3480096967309e-4,0.0984224786758496
1000,1,0.2,k_on,0.018872497133452064,0.0011471514730128,0.06617257032133994
1000,1,0.2,k_off,0.015378716817292831,2.2037071081035e-4,0.0200305861855416
1000,1,0.2,i,0.002542344442293093,1.8807293756827e-4,0.10654247601696636
1000,1,0.2,S,0.015720281144819936,0.00287412731660142,0.18522468581240012
1000,1,0.2,baseline,-0.010456354190973682,-0.00100637369932512,0.09691006587365206
1000,1,0.2,N_ch,-0.002956805540941493,-7.2175751466764e-4,0.11910226798515244
1000,1,0.5,k_on,-0.009605349389257112,-9.4522756467511e-4,0.06692580359882622
1000,1,0.5,k_off,-0.004706731866412905,1.954549063607642e-5,0.02057180347369039
1000,1,0.5,i,-0.01952638789462885,-0.00449720109647156,0.1572707275787246
1000,1,0.5,S,-0.004415188194334067,-0.00122547594236672,0.30629500799419634
1000,1,0.5,baseline,-0.0018832154527639892,-1.9157373461422e-4,0.09695732704905313
1000,1,0.5,N_ch,0.021929592376811358,0.0050419787284693,0.1670815591187473
1000,1,1,k_on,0.011576519537258731,5.582298201128e-4,0.07027246171636475
1000,1,1,k_off,-0.0052901278900814586,-7.322384885860063e-5,0.021400009040551827
1000,1,1,i,0.010655610818564115,0.00110801435814981,0.2192045072079942
1000,1,1,S,0.008465306605887058,0.00366714271184406,0.4342464986211267
1000,1,1,baseline,-0.02634927546622292,-0.00254611042607705,0.09699939455210667
1000,1,1,N_ch,0.0030908312390289794,-0.0013651336630653,0.22766473985996694
1000,10,0.01,k_on,-0.010743051634385659,-4.3145510961709e-4,0.06660514933256234
1000,10,0.01,k_off,0.001458412586851636,-2.373520295566514e-5,0.020117682666459625
1000,10,0.01,i,0.005586327757453588,0.00103720088952596,0.09973880839813784
1000,10,0.01,S,0.012217046724533562,2.1734941033431e-4,0.02095035437125229
1000,10,0.01,baseline,0.011077769465778552,0.00331481681409496,0.3011055816896039
1000,10,0.01,N_ch,-0.008644096220263867,-8.4580556614369e-4,0.11329006578034015
1000,10,0.02,k_on,0.004622926829831342,5.4722715980523e-4,0.06662587509980879
1000,10,0.02,k_off,0.017900225298625408,2.3270168040807e-4,0.020126617264084642
1000,10,0.02,i,-0.004141828373892827,4.0680964700614e-4,0.10183257468892688
1000,10,0.02,S,-0.010162687707178425,-3.4278645360229e-4,0.03162205345352069
1000,10,0.02,baseline,0.0072628131343750015,0.00219149007229242,0.30112169380777215
1000,10,0.02,N_ch,-0.010229558069419636,-6.9033071436334e-4,0.11515815148879822
1000,10,0.05,k_on,0.007222220855861772,6.7983743412345e-4,0.06664986625759965
1000,10,0.05,k_off,0.010147684963931633,9.280916799201271e-5,0.020146643583760546
1000,10,0.05,i,0.010049793510219424,0.0017363534228409,0.10713270228028303
1000,10,0.05,S,7.318308087180848e-4,-1.6740936062207e-4,0.058149051290647895
1000,10,0.05,baseline,-0.0033389810668247224,-9.6356444261783e-4,0.30131777164780493
1000,10,0.05,N_ch,-0.01392186149011057,-0.00210527746234593,0.12005242098874574
1000,10,0.1,k_on,-0.015002838875689251,-6.5946500656008e-4,0.06670617742249334
1000,10,0.1,k_off,-0.0013965324175688144,-4.790652599429577e-5,0.020198186803634874
1000,10,0.1,i,-0.0057210269856062534,3.280157053319e-4,0.11430576357945897
1000,10,0.1,S,-0.009291714042769905,-9.0226224861809e-4,0.09561178240253787
1000,10,0.1,baseline,0.004475201668437156,0.00131530932652272,0.3017590430763951
1000,10,0.1,N_ch,-0.007688804142167658,-6.827473749899692e-5,0.1267204287909698
1000,10,0.2,k_on,0.0116760320344369,5.0295477462038e-4,0.06690771685857515
1000,10,0.2,k_off,-0.002534802418039439,-1.706037297097197e-5,0.020334414165989637
1000,10,0.2,i,-0.008442325167226344,-0.00196527788478912,0.12940535245549076
1000,10,0.2,S,0.014682100123193964,0.00252734532597178,0.1556292347545006
1000,10,0.2,baseline,-0.010288323952270612,-0.0030878820903317,0.3024204822187384
1000,10,0.2,N_ch,0.009971009108386775,0.00171208299784788,0.14086700068307273
1000,10,0.5,k_on,0.016481760723220468,0.0013776281633676,0.06758444558254761
1000,10,0.5,k_off,-0.008885531591289714,-2.9586183353357e-4,0.020848995762899947
1000,10,0.5,i,-5.439491475651148e-4,0.00130811173442183,0.17243938693020378
1000,10,0.5,S,0.007619024221490596,0.0020079365385235,0.28810972697280407
1000,10,0.5,baseline,-0.008693823477046145,-0.00252480588736373,0.3032316080941448
1000,10,0.5,N_ch,-0.014239587260895914,-0.00223609311724582,0.18208531546008502
1000,10,1,k_on,0.008935373666879742,5.5282619353938e-4,0.07078782498449447
1000,10,1,k_off,-0.016220711790080874,-3.0266945039524e-4,0.021667395067836603
1000,10,1,i,0.011942875354523375,0.00245615832876776,0.22750108301425437
1000,10,1,S,-0.018479080637588484,-0.00809740044891446,0.43089403933262865
1000,10,1,baseline,-0.011861158721400204,-0.00353467628133095,0.30397673309632645
1000,10,1,N_ch,-0.002872058178538306,-0.0028268703559888,0.2360391593368081
1000,100,0.01,k_on,0.0029921758216593375,3.3279718496971e-4,0.07186631234135345
1000,100,0.01,k_off,0.004321716911470014,9.19845137529512e-6,0.02225270289400728
1000,100,0.01,i,-0.00967042603122735,-0.00137888801126476,0.17950119462008535
1000,100,0.01,S,-0.015019593983874436,-2.8078725336549e-4,0.01993308535299315
1000,100,0.01,baseline,0.00812054231875995,0.00730999844620727,0.9019379384669738
1000,100,0.01,N_ch,0.0010058369643507342,0.00117626414304917,0.1903693434231926
1000,100,0.02,k_on,-0.0015514781429228214,-5.9054577677107e-4,0.0718299300979453
1000,100,0.02,k_off,5.624188112529904e-4,1.651005511006e-4,0.022247654921483524
1000,100,0.02,i,-9.443787323162589e-4,-0.00194332721481205,0.18080752575109954
1000,100,0.02,S,0.009213228026326544,3.0675433072546e-4,0.028888328728086884
1000,100,0.02,baseline,-0.009534285868509863,-0.00874601726736561,0.9019891279717395
1000,100,0.02,N_ch,0.014661962441864684,0.00239012553511517,0.1916599325867688
1000,100,0.05,k_on,-0.007082365504557889,-9.9253095525099e-4,0.07186771428555218
1000,100,0.05,k_off,-0.0028504763477583406,1.7566334485787e-4,0.02225730742232155
1000,100,0.05,i,-6.513778913734558e-4,-0.00139359591764018,0.1847745324559088
1000,100,0.05,S,0.005774759492422218,3.4612023089092e-4,0.04880996858770265
1000,100,0.05,baseline,-0.023960756650917996,-0.02177222140958538,0.9023339229820722
1000,100,0.05,N_ch,0.01028696333498974,0.00201443242254805,0.19557722564259725
1000,100,0.1,k_on,-0.027672276700005327,-0.00173484928261358,0.07196599902669532
1000,100,0.1,k_off,-0.013421882788141784,-1.5950589841625e-4,0.022268685709785165
1000,100,0.1,i,-0.0071441893611493,-5.8882263058456e-4,0.1911236488881395
1000,100,0.1,S,-0.003453675944815662,-1.9070469667724e-4,0.07576233117330419
1000,100,0.1,baseline,-0.0065017677670487686,-0.00611006665636227,0.9030427241942657
1000,100,0.1,N_ch,-0.0012655389538831774,0.00139654472643976,0.20173625397655837
1000,100,0.2,k_on,0.01269513239360679,7.0460160004878e-4,0.07221705374336543
1000,100,0.2,k_off,-0.004675069016180405,-6.059683902932293e-5,0.022357530664361393
1000,100,0.2,i,0.0019893856468281707,3.8359788359278e-4,0.20182948284438135
1000,100,0.2,S,-0.0036129296314587173,-4.8473989474237e-4,0.12289655218382459
1000,100,0.2,baseline,-0.012796889295336287,-0.01139154228171805,0.9055282692144917
1000,100,0.2,N_ch,-0.0012210910826480487,-7.9014110729266e-4,0.21211999193392211
1000,100,0.5,k_on,-0.0025509627154545883,-5.5343120451401e-4,0.07282821939886942
1000,100,0.5,k_off,0.004373455694167763,2.1074456715941e-4,0.022811511082147976
1000,100,0.5,i,0.0015444791950167402,-0.00167402783883719,0.2292683668320355
1000,100,0.5,S,0.012957479040622081,0.00327957695057543,0.23701268804915362
1000,100,0.5,baseline,-0.006998860837954245,-0.00654595860643043,0.9129229423578118
1000,100,0.5,N_ch,0.01019459604361117,0.00210638467833478,0.23900809507819676
1000,100,1,k_on,-4.8753717978169964e-4,-2.754510281287474e-5,0.07528765468367579
1000,100,1,k_off,0.004902024734484672,1.1038944943625e-4,0.023703339703131498
1000,100,1,i,0.015989080123962107,0.00429400109542823,0.2757903955434835
1000,100,1,S,-0.001726608101599827,-0.00140439756056263,0.38414374907193255
1000,100,1,baseline,0.003832141712359401,0.00353624245898377,0.9198911083823796
1000,100,1,N_ch,-0.005458517482585579,-0.00418495341442917,0.2848837137605282
1000,1000,0.01,k_on,-0.0029043959128054603,5.3284442155925e-4,0.10152958188153406
1000,1000,0.01,k_off,4.172239842074599e-4,-2.4494338323418e-4,0.03285825061590787
1000,1000,0.01,i,-0.004057134681653057,0.002500562038781,0.3976206040490075
1000,1000,0.01,S,0.02808141189998363,5.3830088137121e-4,0.019607931016266605
1000,1000,0.01,baseline,0.008714132647676216,0.0232875775802181,2.648686600559251
1000,1000,0.01,N_ch,-0.01319955766319586,-0.00296326629875714,0.40985530171047696
1000,1000,0.02,k_on,-0.00333346935479574,-2.2456623953316e-4,0.10149424233743848
1000,1000,0.02,k_off,-0.011940730398314822,-2.4913298283829e-4,0.03283892955685569
1000,1000,0.02,i,0.0033635028049257276,0.00247638086489162,0.3995299743752716
1000,1000,0.02,S,-2.823413497026332e-4,-2.819480335932383e-5,0.027989748587663663
1000,1000,0.02,baseline,-0.004864072043187628,-0.01263364733329349,2.6487336675155015
1000,1000,0.02,N_ch,-0.005633502886126962,-0.00249597751347034,0.41165415455264387
1000,1000,0.05,k_on,0.004414028062757119,4.878159909469772e-5,0.10156424625118281
1000,1000,0.05,k_off,-0.0028568742580327433,4.558588399818417e-5,0.03285670176486617
1000,1000,0.05,i,-0.009709598264100172,-0.00475414094873184,0.4051058494306734
1000,1000,0.05,S,0.0057692565710277715,3.5160357450435e-4,0.04546099703884617
1000,1000,0.05,baseline,-0.009089572011587412,-0.02411146628848039,2.6491141864858374
1000,1000,0.05,N_ch,0.006230495475786857,0.00469634798943729,0.41715445174842136
1000,1000,0.1,k_on,-0.0012771108044985213,2.0250784866696e-4,0.10170240332202322
1000,1000,0.1,k_off,-0.01714070516578413,-5.7357759952923e-4,0.03286876683360132
1000,1000,0.1,i,-0.00941843913819762,-0.00387841525293465,0.41343353492777796
1000,1000,0.1,S,0.004237163388360462,4.2154864578579e-4,0.06699751968680401
1000,1000,0.1,baseline,0.006725933091257881,0.01790760431014711,2.6507393327262023
1000,1000,0.1,N_ch,0.003459978480018444,0.00353652102550514,0.4254568028621477
1000,1000,0.2,k_on,-0.006798422604956056,-5.5483579750734e-4,0.10229198224422928
1000,1000,0.2,k_off,0.004424730167604973,2.3071875000801e-4,0.032969332083137806
1000,1000,0.2,i,0.017356908969670015,0.01013352887568335,0.42850634707651264
1000,1000,0.2,S,-0.006363822984659103,-0.00130844929428259,0.10173962925420836
1000,1000,0.2,baseline,-0.007072387607507306,-0.0185486235418458,2.655218664831049
1000,1000,0.2,N_ch,-0.015433327848705658,-0.00977987165493862,0.4405218437244454
1000,1000,0.5,k_on,-0.0065892150078316215,-6.6165318200499e-4,0.10457353725158956
1000,1000,0.5,k_off,-0.015032826060334788,-3.0499877938692e-4,0.03348559984417511
1000,1000,0.5,i,0.001347821491479998,4.5216487345474e-4,0.4756406377021015
1000,1000,0.5,S,-0.006813930928807292,-0.0012282252298608,0.1890595353380788
1000,1000,0.5,baseline,-0.0024362641181376278,-0.0065216862471213204,2.682686835815446
1000,1000,0.5,N_ch,0.0010085017023142746,-2.1830784545606e-4,0.48734806813517567
1000,1000,1,k_on,-0.00966249128199198,-4.1315836274715e-4,0.1067140079027246
1000,1000,1,k_off,0.0077319113772489345,9.959321273852602e-5,0.03479386296887513
1000,1000,1,i,-0.02178094926334051,-0.00812771041646326,0.5358676652074731
1000,1000,1,S,0.016266799333622264,0.00615326825850581,0.31080763643073456
1000,1000,1,baseline,7.122661748246072e-4,0.00139311853693471,2.723553742935858
1000,1000,1,N_ch,-0.0035949461478620437,0.008230652118611,0.5469680843902135
1000,10000,0.01,k_on,0.01913819909268627,0.00362310165056643,0.2373973804712556
1000,10000,0.01,k_off,0.009893575111758694,2.7449498743865e-4,0.07785841604060263
1000,10000,0.01,i,0.002395532916473167,4.2618607186361e-4,1.7675472367169909
1000,10000,0.01,S,0.012367747614082653,2.4112831353761e-4,0.01952782629679376
1000,10000,0.01,baseline,0.0011561228010364163,0.01060373668418452,8.152950889758404
1000,10000,0.01,N_ch,0.0015840877880325815,-0.00216150359243165,1.7835673499219935
1000,10000,0.02,k_on,-0.01267425855525874,-0.00272755331156011,0.23749580193746542
1000,10000,0.02,k_off,0.004478525692978041,7.3476473685527e-4,0.07786157646717885
1000,10000,0.02,i,-0.008188454013233551,0.0020367160739147,1.776213290223349
1000,10000,0.02,S,0.0029676916094121993,7.607594079678602e-5,0.027764841312332582
1000,10000,0.02,baseline,-0.012754053336740411,-0.1047691844156074,8.15335432380643
1000,10000,0.02,N_ch,-0.009773466996800761,-6.7530869246793e-4,1.7919691896790395
1000,10000,0.05,k_on,-0.008788691357399514,-0.00157995454219588,0.23760531410929375
1000,10000,0.05,k_off,0.012347016264452892,6.7882733571528e-4,0.07788180115113177
1000,10000,0.05,i,-0.01337272133854095,-0.02027427455410149,1.8047091697499473
1000,10000,0.05,S,0.0019783068016250237,1.8440123073088e-4,0.04459630798632719
1000,10000,0.05,baseline,4.0691609470688253e-4,0.00157762494536645,8.153945900854426
1000,10000,0.05,N_ch,0.0027734257102172144,0.02128712983273652,1.820807096912853
1000,10000,0.1,k_on,-0.0066289206534329015,-9.9251190753564e-4,0.23798267756090644
1000,10000,0.1,k_off,-0.012156391977636072,-6.631925608365e-4,0.07790750460199364
1000,10000,0.1,i,-0.009920864443862532,-0.01701791993527723,1.8440741172332145
1000,10000,0.1,S,-0.012533781982049269,-6.1676398715552e-4,0.06464993787362769
1000,10000,0.1,baseline,-5.908075372948246e-5,-8.9626069831559e-4,8.158600378964497
1000,10000,0.1,N_ch,0.0032354135640045856,0.01717947639233309,1.8595904511653238
1000,10000,0.2,k_on,-0.01454026108230555,-8.1085694674874e-4,0.23956142727161706
1000,10000,0.2,k_off,0.002210422094193143,-4.8170698213401e-4,0.07813106898047946
1000,10000,0.2,i,-9.757828814644931e-4,0.01914972386883214,1.9127515975514793
1000,10000,0.2,S,0.007676626481011697,3.2856046085711e-4,0.09554552894268868
1000,10000,0.2,baseline,0.011714756378626701,0.09534793997001124,8.172228628184762
1000,10000,0.2,N_ch,-0.014894422204210445,-0.01897067814051012,1.928450148516178
1000,10000,0.5,k_on,-0.005629386458240959,-0.00232529534637252,0.24732886893458178
1000,10000,0.5,k_off,-0.001735233601929509,3.9713788123146e-4,0.07939353358265734
1000,10000,0.5,i,-0.014048181209272759,-0.0426556228725487,2.167571660297467
1000,10000,0.5,S,-0.010987201652775287,8.219813012011001e-5,0.1688001367436615
1000,10000,0.5,baseline,-0.007214107231119028,-0.06135964235916149,8.254830790542485
1000,10000,0.5,N_ch,0.014305307012863588,0.0439774680833642,2.1827635253790563
1000,10000,1,k_on,-0.006051736298652188,-0.00179305178902452,0.25527067674815185
1000,10000,1,k_off,-6.960999023044034e-4,2.4116936678926e-4,0.08218708928033094
1000,10000,1,i,0.0079628814183339,0.01354160710478716,2.542624089633811
1000,10000,1,S,0.0020578578087005637,-4.6055892301566e-4,0.27099930159471464
1000,10000,1,baseline,-9.457253361489093e-4,-0.00843541482082572,8.398091931314566
1000,10000,1,N_ch,5.339386714489636e-4,-0.01239399398425968,2.556707943808063
1000,100000,0.01,k_on,-0.01852207399501427,-0.01099768261264352,0.7167988325288146
1000,100000,0.01,k_off,-0.012321993566159579,-6.7133760610319e-4,0.2348075705109605
1000,100000,0.01,i,-0.004393902728985186,0.0027593028752374,14.932850787247453
1000,100000,0.01,S,-0.002424755466590543,-4.787614835760345e-5,0.019515820830335578
1000,100000,0.01,baseline,-0.006484094957821803,-0.1692175965860527,25.689972021144982
1000,100000,0.01,N_ch,-0.004496857878657997,0.00215962314912091,14.948802861132476
1000,100000,0.02,k_on,0.0035888830227377433,0.00324814925717271,0.7167712296900178
1000,100000,0.02,k_off,-0.00856103549778453,-0.00185746168399469,0.2348058266100369
1000,100000,0.02,i,0.003454600113880657,0.07740268103891185,14.997678424155824
1000,100000,0.02,S,-0.006543126340634445,-1.9884581745026e-4,0.02773052683600566
1000,100000,0.02,baseline,0.0015435636968486228,0.04262435182849195,25.690285190935192
1000,100000,0.02,N_ch,-0.0039345604021510105,-0.0798958970202668,15.014630742508128
1000,100000,0.05,k_on,-2.10757211111523e-5,0.00690828641846267,0.7171375550643244
1000,100000,0.05,k_off,-0.019365251629001934,-0.00634863663259183,0.23484036331990724
1000,100000,0.05,i,0.003731337846684557,0.05011020266258113,15.172199664341502
1000,100000,0.05,S,0.022980827951514616,9.6902250717984e-4,0.04445245931099246
1000,100000,0.05,baseline,0.022869648585203527,0.5904877072284349,25.693644954741224
1000,100000,0.05,N_ch,-0.00101481230333067,-0.05545014661176366,15.187805753680335
1000,100000,0.1,k_on,4.5447297149614485e-5,-0.00318534570117062,0.7184634260785543
1000,100000,0.1,k_off,0.002977484676171427,0.00246071427191005,0.23503090734735482
1000,100000,0.1,i,-0.014088024111963637,-0.1703225607704504,15.63279948533781
1000,100000,0.1,S,-0.021497661338029345,-0.00111865202659358,0.06429202011558666
1000,100000,0.1,baseline,-0.017944623118389194,-0.461952440441105,25.704170373789854
1000,100000,0.1,N_ch,0.00126586857163824,0.1718351202842377,15.649241186528767
1000,100000,0.2,k_on,-0.001867564401761057,0.00125730378362302,0.7232908714973473
1000,100000,0.2,k_off,-0.018622000969963692,-0.0035379789191912,0.2356408945214889
1000,100000,0.2,i,-0.004933582997271979,-0.03701915232483369,16.32323513490648
1000,100000,0.2,S,-0.008661163535205548,-6.6899939170412e-4,0.0946571758154709
1000,100000,0.2,baseline,0.0013922278253867767,0.03825388177659824,25.74874888043602
1000,100000,0.2,N_ch,-0.0017979217956210491,0.03461062317113046,16.338502568401914
1000,100000,0.5,k_on,-0.0027753642242815957,-0.00563256865066781,0.7482376263188318
1000,100000,0.5,k_off,-0.0018361944336136027,0.00132893182882232,0.23958656794689764
1000,100000,0.5,i,0.0025734803002075424,-0.07299097413167026,18.511280403284957
1000,100000,0.5,S,0.004724532221772442,0.00100047154804288,0.16530877351952683
1000,100000,0.5,baseline,-0.0064298215687319015,-0.1692851103552186,26.008689697369945
1000,100000,0.5,N_ch,0.008210966899080852,0.07666122971287086,18.527717871456154
1000,100000,1,k_on,0.01494974350617262,0.01781029270254412,0.7751945987352113
1000,100000,1,k_off,4.459507275843544e-4,-0.00441472475905769,0.24799707662283096
1000,100000,1,i,-1.3418844721901912e-4,0.06067360504166341,22.21769409436698
1000,100000,1,S,-0.020695662869074056,-0.00449137241199119,0.2643096608930548
1000,100000,1,baseline,0.022663410341602012,0.6053477880417627,26.468108414436607
1000,100000,1,N_ch,-0.003998420557396742,-0.0711788969923647,22.232461870393305
1000,1000000,0.01,k_on,0.0014259861117447703,3.8020324035298e-4,2.2554274965868175
1000,1000000,0.01,k_off,-3.151823722540026e-4,0.00165765254266502,0.7387533249283521
1000,1000000,0.01,i,-0.0029690613007585798,0.06519443125160385,146.46654276178234
1000,1000000,0.01,S,-0.014075908148005512,-2.7421123923804e-4,0.019514503626301645
1000,1000000,0.01,baseline,-0.006823079997335578,-0.550818384575865,81.20753393514352
1000,1000000,0.01,N_ch,-0.0036142213298454573,-0.06637583915340926,146.48240040660448
1000,1000000,0.02,k_on,0.007247633656247213,0.02037291168716183,2.2556115498215616
1000,1000000,0.02,k_off,0.013312454145763555,0.00164672195803455,0.7388044921881673
1000,1000000,0.02,i,-8.287205259744634e-4,-0.05731275595184168,147.134397372706
1000,1000000,0.02,S,0.005503950471536379,1.5281288533848e-4,0.027726932360599504
1000,1000000,0.02,baseline,0.008931167976383794,0.7258244331341226,81.2082131043919
1000,1000000,0.02,N_ch,-3.069992253752485e-4,0.04840177660765815,147.15473828659643
1000,1000000,0.05,k_on,-4.0998772228117986e-4,-0.02110551183347989,2.2567454699592036
1000,1000000,0.05,k_off,-0.0019984508834975934,0.00935976763349971,0.738926139195017
1000,1000000,0.05,i,-0.006419078999395644,-1.447659227552085,149.7737262007904
1000,1000000,0.05,S,-0.002863675631745132,-3.327719606223484e-5,0.04445070056989417
1000,1000000,0.05,baseline,-0.022604058761499665,-1.83752089376547,81.21926457838211
1000,1000000,0.05,N_ch,0.007274326827864996,1.45985195555663,149.79113421860066
1000,1000000,0.1,k_on,-8.827241970719157e-4,-0.00804993559152255,2.2607473370858027
1000,1000000,0.1,k_off,0.014567660899778456,0.00967142424632603,0.7394314696302989
1000,1000000,0.1,i,-0.006822619564151644,-1.547396143464513,153.1965474021156
1000,1000000,0.1,S,-3.326309316206157e-4,1.6927525487865e-4,0.0642455594167702
1000,1000000,0.1,baseline,-0.003994893531803689,-0.333044921435464,81.25307439394152
1000,1000000,0.1,N_ch,0.007495722948168471,1.55545719470784,153.21111542609898
1000,1000000,0.2,k_on,0.003940557366492126,0.00748411754508553,2.276116103422928
1000,1000000,0.2,k_off,-0.0045396297950734965,-3.5470993363414e-4,0.7414332886281519
1000,1000000,0.2,i,-0.006193534457308747,0.6328672994428731,160.14357069530897
1000,1000000,0.2,S,-0.01035811104514414,-0.00104594445420184,0.09454341828520456
1000,1000000,0.2,baseline,-0.01205673141559151,-0.97005517834523,81.39248460573523
1000,1000000,0.2,N_ch,-0.01182880171241596,-0.6407392021625405,160.15575875399043
1000,1000000,0.5,k_on,-7.535135135656734e-4,0.02268875969756944,2.355068751701623
1000,1000000,0.5,k_off,0.0016083639938118122,-0.01063636423754747,0.7538265202368697
1000,1000000,0.5,i,8.012983372180926e-4,0.4391392692349972,182.04602726652428
1000,1000000,0.5,S,-0.0023424501016212572,-5.3921105248688e-4,0.1649856299124669
1000,1000000,0.5,baseline,0.024383252414432285,2.004075655375523,82.21615425880053
1000,1000000,0.5,N_ch,-0.0026321285606272227,-0.4525654216067824,182.06177830146336
1000,1000000,1,k_on,0.014970087515665753,0.02964996174320691,2.44096251130461
1000,1000000,1,k_off,-0.016195599897956825,-0.01164332523313965,0.7803067409832646
1000,1000000,1,i,-0.005415950033192729,-4.47376896360477,218.4441620361036
1000,1000000,1,S,0.004953803674479234,0.00460768479492237,0.26333621771920407
1000,1000000,1,baseline,0.007033582554873095,0.6004953862527186,83.67146729585923
1000,1000000,1,N_ch,0.02349470931218889,4.455921458870836,218.45753930549898
2000,0.05,0.01,k_on,0.010539006644627029,2.4436459477133e-4,0.04611281975776411
2000,0.05,0.01,k_off,-0.010735185079739782,-1.0491215538113e-4,0.013822279440943162
2000,0.05,0.01,i,0.009864793611785272,-1.703608970876445e-5,0.03128224722320601
2000,0.05,0.01,S,0.013450849316638334,4.6681726930972e-4,0.03459119265202618
2000,0.05,0.01,baseline,0.003580599467604144,7.83967711640946e-5,0.021709336146286923
2000,0.05,0.01,N_ch,0.00966542496270051,-7.528417983037256e-5,0.04679632220470686
2000,0.05,0.02,k_on,0.014221730874222589,3.7715642721994e-4,0.046396603806151376
2000,0.05,0.02,k_off,0.0033275414717929583,6.11282035041454e-5,0.013859241539231503
2000,0.05,0.02,i,0.011742987320638403,-1.426681213262704e-5,0.037531730577870244
2000,0.05,0.02,S,0.02161578200243178,0.00118227774172509,0.055063949992574815
2000,0.05,0.02,baseline,-0.014833614825713309,-3.2205612436977e-4,0.02171122787298913
2000,0.05,0.02,N_ch,0.00956529785909248,-8.675561402881928e-5,0.05140463983045071
2000,0.05,0.05,k_on,-0.001317465427732976,-1.2220561616564e-4,0.04663133322957065
2000,0.05,0.05,k_off,-0.002132993043425956,-2.503933878613217e-6,0.013919659698892067
2000,0.05,0.05,i,-6.748742575324873e-4,-1.1636373184808e-4,0.052253661269503406
2000,0.05,0.05,S,-0.017752603150874718,-0.00168399489392325,0.09539003790573217
2000,0.05,0.05,baseline,0.002328509905807049,5.069220264811531e-5,0.021712655459478005
2000,0.05,0.05,N_ch,0.0038840752881756646,1.9551660657932e-4,0.06323961842586648
2000,0.05,0.1,k_on,8.916506113292311e-4,4.735635783195964e-5,0.04677259154638665
2000,0.05,0.1,k_off,0.0019297077563645883,1.542647182685714e-5,0.013995417189134806
2000,0.05,0.1,i,0.005021935285486452,3.7409871973264e-4,0.07065706829869535
2000,0.05,0.1,S,-0.001520808995032399,-2.1582153880639e-4,0.13706502843917281
2000,0.05,0.1,baseline,0.002095035907977229,4.538139055949801e-5,0.021713220286427345
2000,0.05,0.1,N_ch,-0.0023805258572504456,-3.8806065261239e-4,0.07940508064317188
2000,0.05,0.2,k_on,0.009916534596353471,-6.368298636773138e-5,0.046931905322968405
2000,0.05,0.2,k_off,0.01969470230850348,3.5345777268079e-4,0.01413950764392523
2000,0.05,0.2,i,0.009065692415523463,-8.9815722916993e-4,0.09814039322624987
2000,0.05,0.2,S,0.01814464952108329,0.00352883163158034,0.19419803598599225
2000,0.05,0.2,baseline,0.008528326731499034,1.8425463923045e-4,0.021713558787801922
2000,0.05,0.2,N_ch,0.023119413565395958,0.00118700361206461,0.10498645684621627
2000,0.05,0.5,k_on,0.008722234400606044,5.2528659221187e-4,0.047467348032712235
2000,0.05,0.5,k_off,9.25689910357283e-4,-5.033742127677896e-5,0.014535222373072936
2000,0.05,0.5,i,-0.01589705562471644,-0.00171216576448568,0.15407450991408816
2000,0.05,0.5,S,0.008991787356441893,0.00276257946373116,0.3070919607696534
2000,0.05,0.5,baseline,-0.0022237994598895646,-4.764178164870468e-5,0.02171386143007687
2000,0.05,0.5,N_ch,-0.0014197889207480108,0.00135469247340355,0.15913275889613843
2000,0.05,1,k_on,0.01981885215438199,7.3923691831509e-4,0.04982781969529382
2000,0.05,1,k_off,-0.006794541785645543,-1.0276094707698e-4,0.015130723604416281
2000,0.05,1,i,0.0033172110096094526,-0.00110777120340989,0.21769826825646152
2000,0.05,1,S,0.004935464049608809,0.00214362948686038,0.4342944515193442
2000,0.05,1,baseline,0.0077220642382254245,1.6876038035768e-4,0.02171410079840701
2000,0.05,1,N_ch,0.009669824804045074,7.2734255926734e-4,0.22200652325266618
2000,0.1,0.01,k_on,-0.0036482164024815647,-1.9339439663059e-4,0.046204653197176586
2000,0.1,0.01,k_off,0.001849146378537378,6.760318526211963e-5,0.013836110557969317
2000,0.1,0.01,i,-0.014454961115579854,-5.2014247887353e-4,0.033967154440535934
2000,0.1,0.01,S,0.01490943789437894,5.3903352219828e-4,0.032369664056464964
2000,0.1,0.01,baseline,0.006973125173943578,2.131768730412e-4,0.030695425136099026
2000,0.1,0.01,N_ch,0.004998045288565123,6.3085414672137e-4,0.04872751142363388
2000,0.1,0.02,k_on,-0.005878733882059126,9.823360996278476e-6,0.046422620584823514
2000,0.1,0.02,k_off,0.0026968342247405633,-1.553750149534318e-5,0.01386665092140961
2000,0.1,0.02,i,-0.011448794505663364,-1.593636102423955e-5,0.03950511500529457
2000,0.1,0.02,S,-0.0026078214056328665,-1.347754992461e-4,0.05207904688157868
2000,0.1,0.02,baseline,-0.003437193475170829,-1.0559530994856e-4,0.030699822553330012
2000,0.1,0.02,N_ch,-0.011659646845207981,-8.056697000752388e-5,0.05291095409711688
2000,0.1,0.05,k_on,-0.01278889707704256,-4.8491088946077e-4,0.04663831833467369
2000,0.1,0.05,k_off,0.012454204964465733,1.3916196661978e-4,0.013922510696719898
2000,0.1,0.05,i,0.014538926866272547,9.6826979116522e-4,0.053605390871472994
2000,0.1,0.05,S,-0.005404198262930069,-5.7380405759402e-4,0.09325194211396967
2000,0.1,0.05,baseline,-0.024158707025215023,-7.4402855198127e-4,0.030703542959645065
2000,0.1,0.05,N_ch,-0.008651240124734894,-6.6061155192359e-4,0.06439011219145048
2000,0.1,0.1,k_on,-0.006627658872301215,-3.0166295032818e-4,0.046764969939246726
2000,0.1,0.1,k_off,-0.004615887737062049,-4.240266483556447e-5,0.013996634293139546
2000,0.1,0.1,i,0.0018953731862144177,7.601511888449206e-5,0.07142401399039891
2000,0.1,0.1,S,0.008190622927807633,0.0011156951062966,0.1364823197948953
2000,0.1,0.1,baseline,0.013790394454322168,4.2300151752446e-4,0.03070505375381535
2000,0.1,0.1,N_ch,9.66644869480851e-4,7.831815321689928e-5,0.08010145182245294
2000,0.1,0.2,k_on,3.006691902919939e-4,1.6020240935078e-4,0.04693902698767551
2000,0.1,0.2,k_off,0.004950813175763194,2.226486043530282e-5,0.014138162731396184
2000,0.1,0.2,i,0.0017228794575656486,7.8114007996981e-4,0.09845384955686974
2000,0.1,0.2,S,0.003626138251453241,6.9543093942554e-4,0.1941311851900141
2000,0.1,0.2,baseline,0.010965413412448957,3.365564006396e-4,0.030705982048075096
2000,0.1,0.2,N_ch,-0.009945598817492601,-8.938286117563e-4,0.10528728060993725
2000,0.1,0.5,k_on,3.620358501121926e-4,-3.619011430183034e-5,0.047458685490348554
2000,0.1,0.5,k_off,-5.454825840580865e-4,7.84294878316111e-6,0.014536834926507902
2000,0.1,0.5,i,0.007201272157358274,8.249578681991e-4,0.15414952892184725
2000,0.1,0.5,S,-0.0036722518774058863,-0.00112899952989957,0.3070901354136352
2000,0.1,0.5,baseline,-0.003525827644344862,-1.0836126852589e-4,0.030706818662118354
2000,0.1,0.5,N_ch,-1.4159885445369502e-4,-7.7862478861979e-4,0.1592053176802039
2000,0.1,1,k_on,1.4404097656495196e-4,-8.590540218496082e-5,0.0498316415203223
2000,0.1,1,k_off,-0.009914521064899123,-1.2098811824393e-4,0.015132354564859363
2000,0.1,1,i,-0.008839271276279037,-0.00316594378358107,0.21772361811111945
2000,0.1,1,S,0.0029434620330883758,0.0012795384257822,0.4342943607256553
2000,0.1,1,baseline,0.002600166773973048,8.051914700156902e-5,0.030707495725779885
2000,0.1,1,N_ch,0.011640303914293382,0.00318185846314853,0.22203263889948574
2000,0.2,0.01,k_on,0.023417251154045082,9.9085284062074e-4,0.04631567292443132
2000,0.2,0.01,k_off,-0.001370705344363031,-7.909001460207202e-5,0.01385121666490565
2000,0.2,0.01,i,0.01425428062851751,4.1104702850542e-4,0.03771451055895383
2000,0.2,0.01,S,-0.004041564834225511,-1.7163167884555e-4,0.030161291174261588
2000,0.2,0.01,baseline,-0.008234810455310389,-3.5307940126678e-4,0.04339535453187772
2000,0.2,0.01,N_ch,-0.0031530323304822527,-9.3503847889776e-4,0.051515776338587484
2000,0.2,0.02,k_on,0.013959458376554865,7.7356375763603e-4,0.04645552601537668
2000,0.2,0.02,k_off,-0.009195331216552027,-2.0605866313661e-4,0.013869578004573174
2000,0.2,0.02,i,0.00945836817809148,5.5069779078671e-4,0.04227754361764138
2000,0.2,0.02,S,-2.8900313372488254e-4,-8.435444487090707e-5,0.04893357937040484
2000,0.2,0.02,baseline,0.008335476270838334,3.6607478631562e-4,0.04340433134362653
2000,0.2,0.02,N_ch,-0.011059132433140412,-0.00105342123933171,0.055068214199025196
2000,0.2,0.05,k_on,-0.010069501893182467,-1.9502457435424e-4,0.04664110362939475
2000,0.2,0.05,k_off,-0.005161358860955721,-1.3231756672999e-4,0.01392381539640626
2000,0.2,0.05,i,0.012805969686120244,0.00109970149526476,0.05552159875691621
2000,0.2,0.05,S,0.013503273789323918,0.0011012502912235,0.08987164349190539
2000,0.2,0.05,baseline,0.008499671350527507,3.6814574585684e-4,0.04341374444605971
2000,0.2,0.05,N_ch,-0.01577254590106017,-0.00107628897096271,0.0660298994268208
2000,0.2,0.1,k_on,-0.008539130037127236,-2.1889561479853e-4,0.04677963418091446
2000,0.2,0.1,k_off,-0.002650143528412044,-5.606020343245213e-5,0.013996780671553726
2000,0.2,0.1,i,-0.0012080674738632405,3.8424911080369e-4,0.07269794684699638
2000,0.2,0.1,S,-0.010310759536501764,-0.00141034945603796,0.13502691414295245
2000,0.2,0.1,baseline,0.0029541993913169114,1.2781797331659e-4,0.04341774831881232
2000,0.2,0.1,N_ch,-0.007800411389343065,-3.264357924594e-4,0.08126814572834426
2000,0.2,0.2,k_on,-0.0010974403339969376,-1.040143678626027e-5,0.046944514047360206
2000,0.2,0.2,k_off,0.007723974778929228,9.07520871930828e-5,0.014139140077812017
2000,0.2,0.2,i,-0.0037289322965026565,-1.805250298099e-4,0.09904821810001455
2000,0.2,0.2,S,0.02347687887749985,0.00455461865388748,0.19389711001865795
2000,0.2,0.2,baseline,0.00352905702883042,1.5224173813198e-4,0.04342023481498263
2000,0.2,0.2,N_ch,-0.0016205697752280299,1.9955093376218e-4,0.10585641289093878
2000,0.2,0.5,k_on,2.3933826867952868e-4,-1.138427470475e-4,0.04746374939762134
2000,0.2,0.5,k_off,0.009547783691461878,1.5129669616694e-4,0.01453979776386625
2000,0.2,0.5,i,-0.003355490355948426,-0.00118398095053751,0.1542989215788059
2000,0.2,0.5,S,-0.001086844078827999,-3.2985318624171e-4,0.30708295275995906
2000,0.2,0.5,baseline,0.012600205582333058,5.4564773337899e-4,0.04342256282691499
2000,0.2,0.5,N_ch,0.007874124619640238,0.00132108178141915,0.15935402276577876
2000,0.2,1,k_on,3.8869975356221886e-4,1.060365619390705e-5,0.04983301448508599
2000,0.2,1,k_off,-0.00868154368607979,-1.1040870608135e-4,0.015131834328139467
2000,0.2,1,i,0.006384772856784071,0.00119945843089062,0.21777414293427583
2000,0.2,1,S,0.00792857596562583,0.00344240514306306,0.43429399606452124
2000,0.2,1,baseline,-4.711600883900918e-4,-1.944646270649219e-5,0.04342446695769736
2000,0.2,1,N_ch,-0.0014578510962692248,-0.00122993342947323,0.22208312180827844
2000,0.5,0.01,k_on,0.012013401834277071,7.7470951049194e-4,0.04646486683269005
2000,0.5,0.01,k_off,-0.006231938231166342,-1.7316040842176e-4,0.013874193076750446
2000,0.5,0.01,i,0.0017383077580224449,4.7245227861382e-4,0.044426171700921294
2000,0.5,0.01,S,-0.010525014613845562,-3.2961010080589e-4,0.0273141698077075
2000,0.5,0.01,baseline,-0.006960228060843105,-4.6905711135062e-4,0.06856199522145072
2000,0.5,0.01,N_ch,-0.01467138827923839,-0.00100146642889699,0.05678329136297649
2000,0.5,0.02,k_on,0.01726991318226627,9.0184838841784e-4,0.04652502557243574
2000,0.5,0.02,k_off,-0.02081183585987797,-3.1787704560614e-4,0.013887485562269002
2000,0.5,0.02,i,-0.0065676134893078025,-6.947283761662232e-5,0.047831705277992964
2000,0.5,0.02,S,-0.010271867069561513,-4.2883274654171e-4,0.04479727115386204
2000,0.5,0.02,baseline,-0.002198706401241602,-1.3932667401563e-4,0.06858034671106067
2000,0.5,0.02,N_ch,-0.006058836950027582,-5.5998541876174e-4,0.05955769452396214
2000,0.5,0.05,k_on,-0.0015134585360263644,4.044433438733199e-5,0.046676412044929824
2000,0.5,0.05,k_off,0.017145415701917396,1.7234139581441e-4,0.013937912442238975
2000,0.5,0.05,i,0.009255288880850684,8.3008285142354e-4,0.0592214901150877
2000,0.5,0.05,S,-0.002391346775413035,-3.040946150541e-4,0.08399226777382363
2000,0.5,0.05,baseline,0.005193095277167415,3.5351110608474e-4,0.06860882203929128
2000,0.5,0.05,N_ch,-0.010225296717747884,-8.0839072075621e-4,0.0692553263756655
2000,0.5,0.1,k_on,-0.006759895489712009,-8.909055917829754e-5,0.046789239621232256
2000,0.5,0.1,k_off,-0.006970784579847157,-1.3745865684971e-4,0.014003601142269085
2000,0.5,0.1,i,0.008716972306136994,0.00107987028128064,0.07542181688499622
2000,0.5,0.1,S,0.02499223295607163,0.00316328006618819,0.13074605073782283
2000,0.5,0.1,baseline,0.001905360920237086,1.300231634644e-4,0.06862336404548425
2000,0.5,0.1,N_ch,-0.01349820177606445,-0.00111307927417228,0.08376803122567558
2000,0.5,0.2,k_on,-0.015201199387261666,-3.8662447641348e-4,0.04695743891118382
2000,0.5,0.2,k_off,-0.00158012453058487,-4.621064375607269e-5,0.014142715653530267
2000,0.5,0.2,i,-0.027700136973282025,-0.00158923619718708,0.10060225143705442
2000,0.5,0.2,S,-0.001930692749880447,-3.082174409008e-4,0.19273739192227485
2000,0.5,0.2,baseline,-0.0326817533984304,-0.0022445064012068,0.06863226798867622
2000,0.5,0.2,N_ch,-0.005468842829341541,0.00166029987413788,0.10734556176957294
2000,0.5,0.5,k_on,-0.006647868993532105,-4.4109842677497e-4,0.04746428275434287
2000,0.5,0.5,k_off,-0.0012753787783581633,3.674882598840465e-5,0.014541966678106507
2000,0.5,0.5,i,-0.0029613527979107657,-0.00138112895077088,0.15473864602741105
2000,0.5,0.5,S,-0.007582579640868778,-0.00231667320831605,0.30703486468938235
2000,0.5,0.5,baseline,-0.012274221135394142,-8.4535597321443e-4,0.06864096020767324
2000,0.5,0.5,N_ch,0.01048630968257716,0.00166037240457976,0.15978781470090228
2000,0.5,1,k_on,-0.007629449337570704,-5.5426966677414e-4,0.049843158994712304
2000,0.5,1,k_off,0.011519883479912903,2.3202153187394e-4,0.015139987283603643
2000,0.5,1,i,0.014024294296465317,0.00181868416359439,0.21792580621003085
2000,0.5,1,S,0.00980334392360397,0.00425439290566706,0.4342914506505723
2000,0.5,1,baseline,0.019574840361691433,0.00133743177905102,0.06864830012471962
2000,0.5,1,N_ch,0.0033458002037275447,-0.00137194943054078,0.22223645755354746
2000,1,0.01,k_on,-0.022001403121944842,-7.2791142244631e-4,0.04654890417157089
2000,1,0.01,k_off,-0.00565417969695628,-9.613391731241358e-5,0.013901515083080693
2000,1,0.01,i,0.002084932900916693,5.6199904079356e-4,0.050881233665899354
2000,1,0.01,S,-5.988611816778674e-4,-7.038686636058645e-5,0.025412242429025424
2000,1,0.01,baseline,0.0011806141237323297,1.0854572952787e-4,0.09686809114870087
2000,1,0.01,N_ch,-0.011402528106515646,-2.5919138470781e-4,0.06212795198818958
2000,1,0.02,k_on,-0.02277435332496347,-0.00109593377899619,0.04658407789069491
2000,1,0.02,k_off,0.004878099727127161,1.396642563713e-4,0.013912206062890242
2000,1,0.02,i,-0.004273869517483084,-3.2224762875426e-4,0.053866949722004495
2000,1,0.02,S,-0.0032238862279479006,-8.34535157678618e-5,0.041660560572078356
2000,1,0.02,baseline,0.016784863822232564,0.00161036213888391,0.09689421836095315
2000,1,0.02,N_ch,0.008005918186765437,9.7267010948397e-4,0.06466105334433395
2000,1,0.05,k_on,-0.01225951499682855,-4.6388202510364e-4,0.04669193860148334
2000,1,0.05,k_off,-0.007464615578947259,-6.991090734483926e-5,0.013948614856358319
2000,1,0.05,i,-0.01658432993049941,-8.2484273223333e-4,0.06329746127781462
2000,1,0.05,S,-1.5570685626457728e-4,1.0418737067349e-4,0.0790724303600533
2000,1,0.05,baseline,0.004712290845926757,4.5262430789052e-4,0.09695280025131775
2000,1,0.05,N_ch,0.0025249738746376538,0.00100549865359277,0.07285211512356171
2000,1,0.1,k_on,-0.007102817512171233,-3.9646355854661e-4,0.046806183365833406
2000,1,0.1,k_off,-0.0031698034455215976,5.105637688713027e-6,0.014015933402687813
2000,1,0.1,i,-0.01076025430710395,-0.00107917980331176,0.0785028944636921
2000,1,0.1,S,-0.0015311454794814262,-7.245003128410423e-5,0.1255169044832903
2000,1,0.1,baseline,0.0096602621335144,9.3270669983752e-4,0.09698936101582406
2000,1,0.1,N_ch,0.009644719059609702,0.00129815168969142,0.08661897696910821
2000,1,0.2,k_on,-0.011749934954200483,-6.4568724367728e-4,0.0469507090661828
2000,1,0.2,k_off,-0.009664127287823218,-6.55033606164393e-5,0.014149553236117033
2000,1,0.2,i,0.008659335124936,3.0163790557807e-4,0.10269021134011888
2000,1,0.2,S,-0.0018106527334916251,-3.5645632920697e-4,0.19027215721263122
2000,1,0.2,baseline,0.010474722031552346,0.0010106796602348,0.09701266386515732
2000,1,0.2,N_ch,0.006244235162683019,7.130266334877579e-5,0.1093434980895577
2000,1,0.5,k_on,0.0053923106952225575,5.6604781418404e-4,0.047492994333228136
2000,1,0.5,k_off,-0.015673986234292715,-3.0054678184995e-4,0.014543657772542299
2000,1,0.5,i,-0.011432127629541683,-4.791722117668247e-5,0.15544752310207927
2000,1,0.5,S,-0.0015394716920706316,-4.7420968052729e-4,0.306874981824544
2000,1,0.5,baseline,-0.005223958338228225,-4.9475743828327e-4,0.09703557138852643
2000,1,0.5,N_ch,-0.012588958561316206,-4.5402625921467e-4,0.1604925118841804
2000,1,1,k_on,0.019590400552471243,7.3235362071694e-4,0.049854874971170575
2000,1,1,k_off,0.007819168164905688,8.368980808981551e-5,0.015144787676093712
2000,1,1,i,-0.008734459350097035,-0.00351523647173404,0.21817707661137428
2000,1,1,S,0.009263828074664648,0.00403590429902616,0.4342825725568787
2000,1,1,baseline,-0.002164162569752732,-2.0500240478167e-4,0.09705581148891096
2000,1,1,N_ch,0.01323041842528272,0.00318005271896478,0.2224890284465825
2000,10,0.01,k_on,-0.0067609375475288155,-3.2919193112237e-4,0.04703581861536546
2000,10,0.01,k_off,0.01896030870975409,2.6140250320406e-4,0.014098819753648885
2000,10,0.01,i,-0.005460415026577944,-4.2189717707436e-4,0.08402521168336376
2000,10,0.01,S,-0.0019357255929324368,-2.539810255649318e-5,0.02154578134968189
2000,10,0.01,baseline,0.006368749743996154,0.00189291415131603,0.3034068729759302
2000,10,0.01,N_ch,0.0026553025353619752,6.8389152070356e-4,0.0919195561013363
2000,10,0.02,k_on,-0.00439006038460291,-5.5333952199609e-4,0.0470227755465971
2000,10,0.02,k_off,0.02092986865462964,3.5304934037194e-4,0.014100988584618456
2000,10,0.02,i,0.022449273494399145,8.8405015808292e-4,0.08632525092985499
2000,10,0.02,S,-0.0065977979403159855,-2.8388393085698e-4,0.03315754703297184
2000,10,0.02,baseline,0.006311698887720317,0.00186909268964686,0.3034376122487484
2000,10,0.02,N_ch,0.011145284880445333,-3.4509139280739e-4,0.09408371314960236
2000,10,0.05,k_on,-0.01340098327572764,-4.3427945808458e-4,0.04706240194803789
2000,10,0.05,k_off,0.005513209579319556,5.448769790778564e-5,0.014113487767782634
2000,10,0.05,i,0.005895283062061232,0.0011196541924804,0.09198686934569666
2000,10,0.05,S,0.007464612654975956,2.944798764164e-4,0.06262765530294193
2000,10,0.05,baseline,-0.00267495240627567,-8.3023187738143e-4,0.30367112716168737
2000,10,0.05,N_ch,-0.011420023876633087,-9.0270784925485e-4,0.09936995334581757
2000,10,0.1,k_on,-0.004833789425652983,-3.354420721642e-4,0.047106096070646954
2000,10,0.1,k_off,-0.005359915185079413,-2.25971076102433e-5,0.014157293975597526
2000,10,0.1,i,0.0018135155226199212,-3.9504440641149e-4,0.10045226170072762
2000,10,0.1,S,0.00984952981114824,0.0010514217761561,0.10266943818082751
2000,10,0.1,baseline,-0.007548197773169812,-0.00230942159995317,0.3040658720114445
2000,10,0.1,N_ch,0.006644764166071099,5.9628419138832e-4,0.10737679336657005
2000,10,0.2,k_on,-0.012137073770084772,-4.8671614005706e-4,0.04724090765339157
2000,10,0.2,k_off,0.0014950061305775836,3.8896721167971947e-05,0.014273415570012316
2000,10,0.2,i,-0.012554497428278383,-0.00118935960282877,0.11896332058094604
2000,10,0.2,S,0.0021008512969646403,5.1222616687392e-4,0.1657521109893455
2000,10,0.2,baseline,-0.0050035922747148,-0.00155361382718853,0.3045243299582441
2000,10,0.2,N_ch,0.001972255535979045,0.00142573729080139,0.12511494560574943
2000,10,0.5,k_on,-0.01452649519110083,-6.8652968089319e-4,0.04771056370011467
2000,10,0.5,k_off,-0.003266197497741319,1.750457701238077e-5,0.014653005957858272
2000,10,0.5,i,0.01085030901351594,0.00184311495699672,0.16494078906321993
2000,10,0.5,S,-0.005800653456273105,-0.00186167329450064,0.2981519243173105
2000,10,0.5,baseline,-0.012259009057049793,-0.00376439661019582,0.3049926178979269
2000,10,0.5,N_ch,-0.003323374506182253,-0.00145156039255314,0.169915951474097
2000,10,1,k_on,0.004000036985372997,2.9596370503749e-4,0.0500365081694916
2000,10,1,k_off,-0.015893565012460278,-2.5558807030944e-4,0.015242223784467279
2000,10,1,i,-0.0046934182213133405,-4.8416129250076e-4,0.22250222552034354
2000,10,1,S,-0.021858972798243587,-0.00945416952780517,0.4332974454804504
2000,10,1,baseline,-4.74058880860483e-5,1.707979385496865e-5,0.30545608331055973
2000,10,1,N_ch,-0.001585966413937788,2.0707542795892e-4,0.22683275204620004
5000,0.05,0.01,k_on,-0.002494953136387826,1.3010369034874e-4,0.029470069685199423
5000,0.05,0.01,k_off,-0.002543176863602635,-6.890944257761166e-5,0.008761066490271101
5000,0.05,0.01,i,-0.006253210475216264,1.6541242275873e-4,0.027151900260491163
5000,0.05,0.01,S,-0.007748752629955175,-3.0740471513326e-4,0.03753104391687713
5000,0.05,0.01,baseline,-0.012623766174598568,-2.7382786418825e-4,0.021712504474742197
5000,0.05,0.01,N_ch,-0.015363419664646591,-3.1368491874365e-4,0.03506958959907886
5000,0.05,0.02,k_on,0.002918329759953625,1.5735269554071e-4,0.029555117224865816
5000,0.05,0.02,k_off,-0.008739307335287268,-9.379314201670582e-5,0.008776642396513594
5000,0.05,0.02,i,4.202761230016616e-4,1.5721705026025e-4,0.03430205902969937
5000,0.05,0.02,S,-0.008004304183866306,-4.7821271304968e-4,0.0583664388068162
5000,0.05,0.02,baseline,0.0055536957438068624,1.2099031204334e-4,0.021713367494876283
5000,0.05,0.02,N_ch,-0.006287433382022013,-2.8976600796971e-4,0.040929943838854704
5000,0.05,0.05,k_on,-3.0610961612187806e-4,2.352518076637831e-5,0.029632389799543676
5000,0.05,0.05,k_off,-0.004008609584121994,-4.005556207650458e-5,0.00880773514316842
5000,0.05,0.05,i,6.460156448846281e-4,1.0969684481455e-4,0.050201074592673416
5000,0.05,0.05,S,0.006158251662536126,5.9187278468404e-4,0.0966754265471674
5000,0.05,0.05,baseline,-0.021979469204175768,-4.771705789111e-4,0.021713946246203843
5000,0.05,0.05,N_ch,-0.0028002009649453277,-1.4276568164991e-4,0.0550504172917186
5000,0.05,0.1,k_on,0.003103015663966327,2.3593508837265e-4,0.02968925807411866
5000,0.05,0.1,k_off,-0.008282702498584024,-1.1033110142288e-4,0.008854100240251113
5000,0.05,0.1,i,4.6093673942346203e-4,6.4361664298681e-4,0.06948454302701933
5000,0.05,0.1,S,3.943394906465098e-4,4.808781037561782e-5,0.1372880642641089
5000,0.05,0.1,baseline,0.017455545956401707,3.7942838425934e-4,0.021714158938677085
5000,0.05,0.1,N_ch,-0.01382045933111864,-8.4309640961034e-4,0.07318192803011464
5000,0.05,0.2,k_on,0.019951746024476594,6.1478456073379e-4,0.02977867202448776
5000,0.05,0.2,k_off,0.004335136226945563,-8.515231611803256e-6,0.008942844862830398
5000,0.05,0.2,i,-0.011722186177077168,-8.7390315407427e-4,0.09752418671381126
5000,0.05,0.2,S,0.012210671543515917,0.0023732150292024,0.19421857424476413
5000,0.05,0.2,baseline,-0.0077370071759640564,-1.6739598538929e-4,0.02171427838504402
5000,0.05,0.2,N_ch,-9.819748056604377e-4,5.1764288005371e-4,0.10034859996518691
5000,0.05,0.5,k_on,-0.007731809764599751,-2.267157829992214e-5,0.030089877862866942
5000,0.05,0.5,k_off,-0.0026966954418290445,-5.644744024114806e-5,0.009197029826022699
5000,0.05,0.5,i,0.00619409363556922,0.00321088647961958,0.15375825359786519
5000,0.05,0.5,S,-0.015209096804025194,-0.00467163625188147,0.30709247714383286
5000,0.05,0.5,baseline,4.8048053733866204e-5,1.06383256988496e-6,0.02171438633829678
5000,0.05,0.5,N_ch,-0.023467325913896664,-0.00326517316286836,0.15581422133428838
5000,0.05,1,k_on,-0.011374195488069783,-2.9957574022746e-4,0.03158519287606805
5000,0.05,1,k_off,-0.012377448878803626,-9.01561008157813e-5,0.009577961066020522
5000,0.05,1,i,0.008397151243893897,0.00235701120916981,0.21736865292695684
5000,0.05,1,S,0.00740694825741184,0.00321662052296174,0.4342944770787076
5000,0.05,1,baseline,0.012488093041303954,2.7118094793697e-4,0.021714477508216725
5000,0.05,1,N_ch,-0.006596547654431517,-0.00222880933209576,0.21911304599432804
5000,0.1,0.01,k_on,0.008748591893240211,2.2370668067477e-4,0.029479168537868226
5000,0.1,0.01,k_off,-0.009192207378574091,-8.038441239187784e-5,0.008762804550150684
5000,0.1,0.01,i,0.003744279250021146,2.481035587198244e-5,0.02892159962976737
5000,0.1,0.01,S,0.005304954788343218,1.8335992935078e-4,0.035318658106615684
5000,0.1,0.01,baseline,-0.0031267321787335437,-9.53173205967619e-5,0.030703284999381908
5000,0.1,0.01,N_ch,0.0010226650355860956,-1.6069196139633e-4,0.0364733248841151
5000,0.1,0.02,k_on,-0.012854371223689046,-5.4848258598737e-4,0.029547494877373952
5000,0.1,0.02,k_off,5.096169923931755e-4,6.344205194058102e-5,0.008778723303609534
5000,0.1,0.02,i,0.014676337225242052,1.1212356567117e-4,0.03564904512983342
5000,0.1,0.02,S,0.005219222952649613,2.8316782595235e-4,0.05599801067106438
5000,0.1,0.02,baseline,-0.0020567874794121047,-6.430856819475934e-5,0.03070550002554575
5000,0.1,0.02,N_ch,0.013435566406389286,2.6454127423951e-4,0.0420750588635568
5000,0.1,0.05,k_on,0.0063843245077949,8.984660958458311e-6,0.029628970294368482
5000,0.1,0.05,k_off,-0.0012517268759078826,1.813036581969395e-5,0.008809085483767952
5000,0.1,0.05,i,0.01816482414960227,4.0017911607574e-4,0.05098027943944825
5000,0.1,0.05,S,-0.012400823793006359,-0.00120535895425084,0.09587162075534532
5000,0.1,0.05,baseline,-0.0018694108524841514,-5.738596611946749e-5,0.03070707457148564
5000,0.1,0.05,N_ch,0.008489285056756737,-3.3839149431269e-4,0.05576748064685368
5000,0.1,0.1,k_on,0.013601265634643875,2.7334261426028e-4,0.02968966027433625
5000,0.1,0.1,k_off,-0.002366064946224121,-1.067866909896385e-5,0.00885392446747974
5000,0.1,0.1,i,0.0022058683568526444,-3.8015640746838e-4,0.06983842224438765
5000,0.1,0.1,S,0.006886716998930553,9.5031243358123e-4,0.13716317991101293
5000,0.1,0.1,baseline,-0.0030547020365418627,-9.319712514110876e-5,0.03070766342690404
5000,0.1,0.1,N_ch,0.009035146247572269,2.6057282737194e-4,0.07352064784919778
5000,0.1,0.2,k_on,-0.0032164629455428105,-1.6654361450913e-4,0.029769935618014023
5000,0.1,0.2,k_off,-0.0010856040044561824,1.489823398818137e-5,0.008942357623153796
5000,0.1,0.2,i,0.008425851468290134,3.785527678817e-4,0.097653678003785
5000,0.1,0.2,S,0.005708651965980902,0.00110718322428804,0.1942075149749587
5000,0.1,0.2,baseline,0.001589305573869245,4.848879748167339e-5,0.030707997739583902
5000,0.1,0.2,N_ch,0.003601274720815048,-2.5737663603903e-4,0.10047428222300277
5000,0.1,0.5,k_on,-0.017524904102058744,-2.8233066376418e-4,0.030092790830388263
5000,0.1,0.5,k_off,1.0369883291047599e-5,-2.672661100650328e-5,0.009197318495343696
5000,0.1,0.5,i,-0.01761787328056369,-7.0247847038417e-4,0.1537881189887901
5000,0.1,0.5,S,-0.0017078532796513737,-5.2400560168512e-4,0.30709219192130305
5000,0.1,0.5,baseline,-0.0123442139742933,-3.7950030087028e-4,0.030708302156293988
5000,0.1,0.5,N_ch,-0.0109954244624966,7.7434475670338e-4,0.15584439496390326
5000,0.1,1,k_on,0.002943127979247784,2.168335475666837e-5,0.031585431876278186
5000,0.1,1,k_off,-0.012092395508192029,-8.92591424796213e-5,0.009577899195240583
5000,0.1,1,i,0.008348539242970299,7.6878365909736e-4,0.2173786950970123
5000,0.1,1,S,0.004479858648904196,0.00194545915908872,0.4342944626267748
5000,0.1,1,baseline,0.008392168017898853,2.5814172146751e-4,0.030708559750272563
5000,0.1,1,N_ch,0.0033116361113834925,-7.8631026752871e-4,0.21912308382679616
5000,0.2,0.01,k_on,0.010398894557316404,2.9062556245137e-4,0.029499969779435538
5000,0.2,0.01,k_off,-0.009682520286606622,-8.726188034155401e-5,0.008767062794262658
5000,0.2,0.01,i,-0.002627406519074508,-1.4388696493627e-4,0.03144469860416411
5000,0.2,0.01,S,0.008705735049386957,3.0372730974672e-4,0.033094651813013985
5000,0.2,0.01,baseline,0.013411633157899392,5.8352146365738e-4,0.04341383527886853
5000,0.2,0.01,N_ch,0.0010906280824726621,-4.107905183021692e-5,0.03853208032743807
5000,0.2,0.02,k_on,-0.004021339000455634,-1.6343932826935e-4,0.029563568869281836
5000,0.2,0.02,k_off,0.01333118813977291,1.2934849668947e-4,0.008781703750869702
5000,0.2,0.02,i,-0.008411492127889178,-4.3001863315775e-4,0.03749493745371953
5000,0.2,0.02,S,0.015332929631399622,8.5569346923413e-4,0.05308649709908038
5000,0.2,0.02,baseline,0.004830512953082043,2.0825952408374e-4,0.04341912602639521
5000,0.2,0.02,N_ch,0.006522043498319516,5.6343805552653e-4,0.04367077281876438
5000,0.2,0.05,k_on,-0.0033762660548223716,-3.891572229577999e-5,0.029633447536678886
5000,0.2,0.05,k_off,-0.007883687871525942,-6.727470662800752e-5,0.008809758197537475
5000,0.2,0.05,i,-0.008729955914610864,-3.0590766368159e-4,0.05219218431542878
5000,0.2,0.05,S,3.8565889950062696e-4,5.75809523766952e-5,0.09413979988358946
5000,0.2,0.05,baseline,-0.008244748468228416,-3.5765432824209e-4,0.04342335498603568
5000,0.2,0.05,N_ch,-7.281931273747724e-4,2.8268185673647e-4,0.05688864579876551
5000,0.2,0.1,k_on,-0.0024893126803604004,-8.247718458956683e-5,0.029690808954032224
5000,0.2,0.1,k_off,0.011079027016172568,9.908657430258289e-5,0.008856605014254296
5000,0.2,0.1,i,-0.01282801336993053,-9.4736306533209e-4,0.07048502550159325
5000,0.2,0.1,S,0.01537950906962106,0.00213026594965177,0.13676421066689531
5000,0.2,0.1,baseline,-0.005198087387745311,-2.2644551585438e-4,0.04342495390915965
5000,0.2,0.1,N_ch,0.005898682069641892,0.001014633807215,0.07414191381196482
5000,0.2,0.2,k_on,0.014650365000772797,1.5528858570155e-4,0.0297712012516205
5000,0.2,0.2,k_off,0.009281310912774988,1.1476988084286e-4,0.008943879126878482
5000,0.2,0.2,i,0.019177761805571084,3.7237771612959e-4,0.09790703789129007
5000,0.2,0.2,S,0.01886646909551422,0.00366008628246713,0.19416567261202652
5000,0.2,0.2,baseline,0.025220936541294803,0.0010950721826369,0.04342589130183283
5000,0.2,0.2,N_ch,0.013970691074837116,-3.3456635340153e-4,0.10072278097610918
5000,0.2,0.5,k_on,0.0064949735663056285,1.402063881111e-4,0.030091893702229842
5000,0.2,0.5,k_off,-3.7429433585778327e-4,-6.049780886926341e-6,0.009196402258281179
5000,0.2,0.5,i,-0.016170965094301937,-0.00332515596995765,0.1538476170680729
5000,0.2,0.5,S,-0.0048643957533064976,-0.00148960776888495,0.30709106255992535
5000,0.2,0.5,baseline,-0.010009994582367546,-4.3420167908438e-4,0.04342674891803461
5000,0.2,0.5,N_ch,0.014028177634046846,0.00324753198501131,0.1559031804884196
5000,0.2,1,k_on,0.03097869171546796,0.00104683611455301,0.03158594694795741
5000,0.2,1,k_off,-0.0032041686479413467,-1.1984403655281e-4,0.009580572186335125
5000,0.2,1,i,-0.012020717778526369,-0.00121919011878174,0.21739877121583695
5000,0.2,1,S,0.021773737101568155,0.00945650137182567,0.43429440510710854
5000,0.2,1,baseline,0.011492300444239094,5.0198228730381e-4,0.04342747736293486
5000,0.2,1,N_ch,-0.005788904011355539,5.7487539308106e-4,0.21914324464436177
5000,0.5,0.01,k_on,-0.005062726870337472,-2.49541620830904e-5,0.029536098576418486
5000,0.5,0.01,k_off,-0.002279940494267642,-5.50023654550086e-5,0.008775644156064156
5000,0.5,0.01,i,0.011430123055008096,6.3853812009831e-4,0.036363497753245905
5000,0.5,0.01,S,1.5346821000854856e-4,-8.801061236011709e-5,0.030165810348958304
5000,0.5,0.01,baseline,-6.636834722223442e-4,-4.483827943261005e-5,0.06861568877848455
5000,0.5,0.01,N_ch,-0.01321102728048204,-6.6099255224666e-4,0.04269180113369416
5000,0.5,0.02,k_on,0.00789606647246565,1.2375867602427e-4,0.029578017715164415
5000,0.5,0.02,k_off,0.0059741714724195795,5.953464656141631e-5,0.008785005684629957
5000,0.5,0.02,i,0.0022728330311353392,-2.0071399102373e-4,0.04109096786821661
5000,0.5,0.02,S,0.010493264839965448,5.3063509061502e-4,0.04894426261613398
5000,0.5,0.02,baseline,0.020575967781190935,0.00141192484782423,0.06862978460346514
5000,0.5,0.02,N_ch,0.007442257344643648,1.8168468267122e-4,0.04682558223295339
5000,0.5,0.05,k_on,0.005750917668856437,8.811917652160837e-5,0.02964017479747159
5000,0.5,0.05,k_off,-0.0034231986788923197,-1.098812188299767e-5,0.008811388722907617
5000,0.5,0.05,i,-0.006737557819310069,-6.6689799215225e-4,0.054649072619099674
5000,0.5,0.05,S,0.0060859209641712046,6.1061493271942e-4,0.08995354295917748
5000,0.5,0.05,baseline,-0.014325914559638638,-9.8279740963352e-4,0.06864445162754285
5000,0.5,0.05,N_ch,0.009503727824517055,6.2815937193383e-4,0.05917275380780677
5000,0.5,0.1,k_on,-0.012379523967209902,-3.7077325013201e-4,0.0296897327571787
5000,0.5,0.1,k_off,0.015530245307708187,1.4833950449685e-4,0.008859624501577285
5000,0.5,0.1,i,-6.689013762818663e-4,-2.332738086111654e-5,0.07205941097161855
5000,0.5,0.1,S,0.001171318984416087,1.6227588600616e-4,0.1350836249881682
5000,0.5,0.1,baseline,-0.009060170671128364,-6.2551118893378e-4,0.06865049057242709
5000,0.5,0.1,N_ch,0.0012126550669119343,2.7378570983829e-4,0.07565314744813986
5000,0.5,0.2,k_on,0.005991906863929086,2.0875895779943e-4,0.029778377382849622
5000,0.5,0.2,k_off,0.009006187640128047,5.147481389878915e-5,0.00894542304665871
5000,0.5,0.2,i,0.0073664850132978965,0.00114317725183174,0.09862106941254535
5000,0.5,0.2,S,0.002225669111798552,4.0877715617391e-4,0.1939116912036956
5000,0.5,0.2,baseline,0.008258264580401482,5.6724902525513e-4,0.06865402861203208
5000,0.5,0.2,N_ch,-0.009485713706043342,-0.00124315170955918,0.10142416112865626
5000,0.5,0.5,k_on,-0.008082724917471945,-1.7540562652342e-4,0.03009368619553045
5000,0.5,0.5,k_off,0.013762220927645025,1.1311053402667e-4,0.009199694713442409
5000,0.5,0.5,i,-0.0018838390064026128,5.3668775358377e-4,0.154025443241802
5000,0.5,0.5,S,3.417842640770351e-4,1.0339292735504e-4,0.3070831826240905
5000,0.5,0.5,baseline,-0.0036005685137515397,-2.4933916044381e-4,0.06865732374582169
5000,0.5,0.5,N_ch,-0.00640642958999138,-4.2267377475791e-4,0.15608052444499226
5000,0.5,1,k_on,0.0053799239114412645,1.0922739826326e-4,0.03158777486003343
5000,0.5,1,k_off,0.0014806714299677726,2.54902370071287e-5,0.009580736137360914
5000,0.5,1,i,0.025307382607772544,0.00570293243628845,0.21745901362770634
5000,0.5,1,S,-0.020138190416921078,-0.00875023957369555,0.4342940020445492
5000,0.5,1,baseline,-8.308720571235838e-4,-5.674832245937012e-5,0.06866019676443769
5000,0.5,1,N_ch,-0.011710578413305583,-0.00572249662586965,0.21920363416193892
5000,1,0.01,k_on,0.0016927313765831356,8.831686374597978e-5,0.029569733392593008
5000,1,0.01,k_off,0.0070901365292562945,4.132837898542375e-5,0.00878597973569916
5000,1,0.01,i,-0.0010118667087450316,5.656502084837085e-5,0.04143033394461514
5000,1,0.01,S,0.005028649564615919,1.2528333384688e-4,0.027986800360736308
5000,1,0.01,baseline,-0.005699082922696216,-5.5265937637649e-4,0.09698675452361528
5000,1,0.01,N_ch,-0.0041786417744484015,-1.0278748955564e-4,0.04713313592061958
5000,1,0.02,k_on,0.004816279532577426,-5.833036436683365e-5,0.02959167208615931
5000,1,0.02,k_off,0.012708068329561534,1.4489736103607e-4,0.008793123845015554
5000,1,0.02,i,0.0035582033495570042,-3.2338092714479e-4,0.045168917768182805
5000,1,0.02,S,-6.522790578339138e-4,1.937967444410929e-5,0.04580602683380845
5000,1,0.02,baseline,-0.002427957324566506,-2.3832316922894e-4,0.09701164624698011
5000,1,0.02,N_ch,0.014672279704967955,4.5293619950246e-4,0.05048155172294518
5000,1,0.05,k_on,-0.017242133829162655,-4.9079550298178e-4,0.029642150899993915
5000,1,0.05,k_off,0.012619333425733043,1.2847992504285e-4,0.008818216160439641
5000,1,0.05,i,-0.0028004178005090197,-1.660582946932e-4,0.057328877545364254
5000,1,0.05,S,0.017535168283536427,0.0015111802480455,0.0855613852063244
5000,1,0.05,baseline,-0.02670883817119312,-0.00259873986332123,0.09704632833552797
5000,1,0.05,N_ch,0.001194638944445825,4.6713046701065e-4,0.061681583329915586
5000,1,0.1,k_on,-0.00396620427870094,-1.0754257093212e-4,0.029697556118892847
5000,1,0.1,k_off,0.017829090110452542,1.461940576495e-4,0.008862871676045846
5000,1,0.1,i,-8.95190347143515e-4,8.632066157564618e-5,0.07401842252483905
5000,1,0.1,S,-0.0011073699210596539,-1.5163994392026e-4,0.13215003820551813
5000,1,0.1,baseline,0.005439530708362879,5.2477139628487e-4,0.09706249283466296
5000,1,0.1,N_ch,-0.0019063716804578502,1.600200840904837e-5,0.07753956196768086
5000,1,0.2,k_on,0.013755877337822284,4.2144157841951e-4,0.029782030677852206
5000,1,0.2,k_off,-0.008158681093778972,-9.6018481327541e-5,0.008945940295198868
5000,1,0.2,i,0.0029918683164665283,4.2054073216157e-4,0.09968521762958885
5000,1,0.2,S,0.011533827982619475,0.00221028566872796,0.19320817722519745
5000,1,0.2,baseline,0.002386567838644804,2.363690360978e-4,0.09707216643421424
5000,1,0.2,N_ch,-0.004620093990756552,-6.8331213203989e-4,0.10246783324037978
5000,1,0.5,k_on,-1.2585174841237695e-4,4.713081079376052e-5,0.03009621909558076
5000,1,0.5,k_off,-0.004980542315166512,-5.514372449209265e-5,0.009199200610327371
5000,1,0.5,i,-0.0013734055474826923,1.7414469359717e-4,0.15431686053559054
5000,1,0.5,S,-0.004615955484656765,-0.00141856615042622,0.3070563334346031
5000,1,0.5,baseline,0.0198268301920969,0.00192587997253325,0.09708121566553697
5000,1,0.5,N_ch,-0.0031443960883040453,-2.3002818126051e-4,0.15637037551442712
5000,1,1,k_on,-0.008781325372709398,-2.9817986347311e-4,0.031591054557007905
5000,1,1,k_off,-0.00850077666000841,-4.775506764017655e-5,0.009582244486090997
5000,1,1,i,-0.00303567623442208,-0.0015544729606316,0.21755922440030837
5000,1,1,S,-0.0028443558821046547,-0.00123282787145286,0.43429257514276604
5000,1,1,baseline,-0.008365517081433857,-8.1338831617916e-4,0.09708920777369522
5000,1,1,N_ch,0.007431674443817038,0.00170657548093569,0.21930412281240372
5000,10,0.01,k_on,0.0036306069926533395,1.6386531180068e-4,0.029717528422425206
5000,10,0.01,k_off,-0.0020641599247324498,-3.400587047987684e-5,0.008850973088234723
5000,10,0.01,i,-0.0030309045150185634,6.874091161977761e-5,0.067489241885148335
5000,10,0.01,S,0.009755154205028227,2.0982568260765e-4,0.022672027102070075
5000,10,0.01,baseline,-0.018607584473951094,-0.00567023087266972,0.30515613029089417
5000,10,0.01,N_ch,-0.006020995895313019,-1.914977386534e-4,0.07132538332982116
5000,10,0.02,k_on,0.02358765504415054,6.8544675283221e-4,0.02972693828100499
5000,10,0.02,k_off,0.0016593084192319434,-2.447699899949473e-5,0.008853272117990372
5000,10,0.02,i,-0.0063323800362419394,-3.3823548187227e-4,0.07018572750637155
5000,10,0.02,S,-0.007549201171790017,-2.2812248413142e-4,0.0359544941049925
5000,10,0.02,baseline,4.753818259612196e-4,1.6646732562982e-4,0.30521402511401186
5000,10,0.02,N_ch,-0.0012118445888553656,-4.81993856864524e-5,0.07389334199778726
5000,10,0.05,k_on,0.023761406273792935,5.19736784539e-4,0.029742322584014012
5000,10,0.05,k_off,0.0037593371090730195,3.262149963231833e-5,0.008866491843895121
5000,10,0.05,i,0.0032936137787691194,-4.1007311382222e-4,0.07658982659881709
5000,10,0.05,S,-0.01032445892022378,-6.3215952898467e-4,0.06914986699973283
5000,10,0.05,baseline,0.004782955873101594,0.00147485321483083,0.305461920084758
5000,10,0.05,N_ch,0.01118547357116241,1.8476595446668e-4,0.08004806444530536
5000,10,0.1,k_on,-0.003891053132425243,-1.2082096548741e-4,0.029774406559581
5000,10,0.1,k_off,-0.006204563325256228,-3.716001049771442e-5,0.008900505464795908
5000,10,0.1,i,-0.007009401886704347,-6.9116589691624e-4,0.08810702714971848
5000,10,0.1,S,-0.003998512873181819,-3.3840820800268e-4,0.11207045581214824
5000,10,0.1,baseline,-0.008485384848093115,-0.00259750611884284,0.30574868741313976
5000,10,0.1,N_ch,0.004870849131863281,7.3880631146932e-4,0.09120433681588266
5000,10,0.2,k_on,0.018912153951215982,5.5195369906313e-4,0.02985512440162124
5000,10,0.2,k_off,0.008885994557627761,3.398685531461411e-5,0.0089817743729233325
5000,10,0.2,i,4.373908852770697e-4,2.3297030547154e-4,0.10988909080031566
5000,10,0.2,S,-0.006026105273229665,-0.0011030516763941,0.17820226175214712
5000,10,0.2,baseline,0.014308118167967343,0.00439397085074088,0.30597853351565535
5000,10,0.2,N_ch,-0.003173704139241215,-5.1864285532805e-4,0.11251142655248479
5000,10,0.5,k_on,-0.004291574268722648,-5.761482687928105e-5,0.030156485555589863
5000,10,0.5,k_off,6.508928555594429e-4,-1.778203529714731e-6,0.009228179367350016
5000,10,0.5,i,-0.012056825283921657,-0.00122591271988167,0.1588906669587689
5000,10,0.5,S,-0.009325180428584401,-0.00278064949402137,0.30467975179104656
5000,10,0.5,baseline,-0.01530948835252336,-0.0046893666736371,0.30619933526508214
5000,10,0.5,N_ch,-7.789187014901611e-4,0.00122543855165461,0.1609277993746231
5000,10,1,k_on,-0.016373937822349107,-5.5488622864483e-4,0.03163850194919933
5000,10,1,k_off,0.011764561152777095,1.4239976670513e-4,0.009610173590241536
5000,10,1,i,0.005154457132701159,3.5442371643872e-4,0.21933440516594738
5000,10,1,S,-0.010221189532511417,-0.00443965868382033,0.4341165675050701
5000,10,1,baseline,0.020840141775512463,0.00636328245664095,0.3064145266094941
5000,10,1,N_ch,0.004003213072450321,1.805817116830301e-5,0.22108284301780204
10000,0.05,0.01,k_on,0.005229175369590194,1.9023578797993e-4,0.020915095547604606
10000,0.05,0.01,k_off,-0.013941102390397135,-1.128370688182e-4,0.0061991546988221895
10000,0.05,0.01,i,0.009316275959041914,3.7373971957157e-4,0.025220134386133828
10000,0.05,0.01,S,-5.810345700122987e-4,-6.103104014963345e-5,0.03959035204958501
10000,0.05,0.01,baseline,-0.0029164018246547662,-6.298313873804997e-5,0.02171360276081701
10000,0.05,0.01,N_ch,-0.012807671359315737,-5.2651427150632e-4,0.029727938795217707
10000,0.05,0.02,k_on,-0.002124075303566092,6.577677199510851e-5,0.0209508483934792
10000,0.05,0.02,k_off,-0.0023292249483620533,-4.385553922051689e-5,0.006209471532970997
10000,0.05,0.02,i,0.004885831609503816,4.7420618842245e-4,0.03283205175280704
10000,0.05,0.02,S,-0.00846549938528787,-5.3652375757925e-4,0.05998368680953314
10000,0.05,0.02,baseline,0.013013248986899229,2.826499687308e-4,0.0217140549541441
10000,0.05,0.02,N_ch,-0.015622563247228466,-5.4765976633028e-4,0.036442942822588295
10000,0.05,0.05,k_on,0.0167753131194414,3.1389310136357e-4,0.02098715164331668
10000,0.05,0.05,k_off,8.25952390058865e-4,-1.004401238448576e-5,0.006229942063340161
10000,0.05,0.05,i,0.008337657086359446,3.2391772352586e-4,0.049416282013827084
10000,0.05,0.05,S,0.008879620253395927,8.5501886247234e-4,0.09697998197779101
10000,0.05,0.05,baseline,-0.007639456727355742,-1.6563259101608e-4,0.021714344427395914
10000,0.05,0.05,N_ch,-0.002453200502554098,-4.8528530098724e-4,0.05193880902756358
10000,0.05,0.1,k_on,-0.020933266461995375,-3.1245714767938e-4,0.021020551840791907
10000,0.05,0.1,k_off,0.032642035659831425,1.797487477718e-4,0.006262758068051646
10000,0.05,0.1,i,-0.007559399559704097,3.9300807916564e-4,0.0690805831817183
10000,0.05,0.1,S,0.006852906776465344,9.3946212350379e-4,0.13732344122265558
10000,0.05,0.1,baseline,0.0018915222614311483,4.039037879714611e-5,0.02171444660773583
10000,0.05,0.1,N_ch,-0.014332938845955677,-2.0125539913242e-4,0.0709673644433226
10000,0.05,0.2,k_on,0.01825100722039191,4.0713214836309e-4,0.021076177838462315
10000,0.05,0.2,k_off,0.0031010680576246744,-1.309327478108855e-5,0.006323706346099479
10000,0.05,0.2,i,-0.009050052548838353,-5.5026042220481e-4,0.09731793608123715
10000,0.05,0.2,S,0.008758642916365168,0.00170163330125461,0.19422144014377965
10000,0.05,0.2,baseline,-0.011443432352075492,-2.4813330932121e-4,0.021714504371814245
10000,0.05,0.2,N_ch,-0.0024455119492881178,3.1144589677111e-4,0.09874507982281765
10000,0.05,0.5,k_on,-0.00716802055415558,-2.0884527154541e-4,0.021293113410680225
10000,0.05,0.5,k_off,0.006784891755573161,6.54272095986537e-5,0.0065044705939326505
10000,0.05,0.5,i,0.011552519090667068,0.00118585147123194,0.15365239434421726
10000,0.05,0.5,S,-0.011659489637438125,-0.00358072208566931,0.3070925494962177
10000,0.05,0.5,baseline,0.004604242438423022,9.970082264044788e-5,0.021714556341744125
10000,0.05,0.5,N_ch,0.0012653455799949143,-0.00103003106467518,0.15468598046130416
10000,0.05,1,k_on,-0.00303664689929406,-2.824921183864697e-5,0.022351475851328476
10000,0.05,1,k_off,0.0011372323374599924,-5.988306470725202e-7,0.0067763567600553016
10000,0.05,1,i,-0.01186712595177386,-0.00231933514130469,0.21725811680091037
10000,0.05,1,S,-0.013265119577920637,-0.00576087969456411,0.43429448070701143
10000,0.05,1,baseline,-0.002050738491879511,-4.455728983734794e-5,0.021714601188380134
10000,0.05,1,N_ch,0.0032087072676059147,0.0023201634555417602,0.21813397263299703
10000,0.1,0.01,k_on,-0.012554136999602936,-2.0093781999955e-4,0.020915339236081017
10000,0.1,0.01,k_off,-0.0049936815312510915,-1.875797672692529e-5,0.006201388086379499
10000,0.1,0.01,i,-0.015230402354018915,-2.4862834084934e-4,0.026524229065792094
10000,0.1,0.01,S,-0.009854844635667062,-3.347574759552e-4,0.03753347427667268
10000,0.1,0.01,baseline,-0.009354584924718806,-2.8741307708062e-4,0.030706173549221335
10000,0.1,0.01,N_ch,-2.8398051180184014e-5,3.2737685344474e-4,0.03084876561117203
10000,0.1,0.02,k_on,-0.00354646157069749,7.004362375119995e-5,0.02095260060119364
10000,0.1,0.02,k_off,-0.002796955198720849,-5.025495846123709e-5,0.006209631905305985
10000,0.1,0.02,i,-0.0037815955785118205,2.58433728555e-4,0.0338104995460425
10000,0.1,0.02,S,0.008468420530571074,4.6908073596161e-4,0.058380850055001515
10000,0.1,0.02,baseline,0.01595747449444963,4.9013695127204e-4,0.0307073862345876
10000,0.1,0.02,N_ch,-0.016316896117819266,-3.500875841853e-4,0.037331275474827806
10000,0.1,0.05,k_on,-0.014807089001833036,-2.8071254203203e-4,0.020982451275635552
10000,0.1,0.05,k_off,-0.011238753372640797,-5.234945718897176e-5,0.006229564339244152
10000,0.1,0.05,i,0.0052011279710408795,2.9179552906792e-4,0.0498778891109305
10000,0.1,0.05,S,0.010964322874243577,0.00105214018967746,0.09668208925528698
10000,0.1,0.05,baseline,-0.016041738864756176,-4.9289246467044e-4,0.03070818703089829
10000,0.1,0.05,N_ch,-0.002023416308980959,-1.5833126959594e-4,0.05237949763681463
10000,0.1,0.1,k_on,0.005014436136580994,1.0027428515534e-4,0.0210186061011255
10000,0.1,0.1,k_off,-1.848137505474079e-4,-5.175032523536493e-6,0.006261643936781544
10000,0.1,0.1,i,-0.008528500662037558,-6.6251584587676e-4,0.06926725244948713
10000,0.1,0.1,S,0.003698982013036043,5.1347120299383e-4,0.13728844044618796
10000,0.1,0.1,baseline,0.0065379583457199275,2.0096815243745e-4,0.030708473386863437
10000,0.1,0.1,N_ch,0.004440477583826208,6.0259262074337e-4,0.07114923331453228
10000,0.1,0.2,k_on,0.002327979180293132,4.11799416652836e-5,0.021071945035251255
10000,0.1,0.2,k_off,-2.720961567879484e-4,-2.860245532737695e-6,0.006324906492587867
10000,0.1,0.2,i,-8.212161817411565e-4,-1.5075861830442e-4,0.09738331165481805
10000,0.1,0.2,S,-0.00707243974349163,-0.001373280267792,0.1942186343670421
10000,0.1,0.2,baseline,0.008750995497984639,2.6880242797311e-4,0.030708636298840918
10000,0.1,0.2,N_ch,0.001255360796868922,1.2893077077505e-4,0.09880951422700786
10000,0.1,0.5,k_on,0.015680404359718653,2.5779015331134e-4,0.021292814910690412
10000,0.1,0.5,k_off,-0.006112592226182673,-3.973747908369455e-5,0.006504293880352004
10000,0.1,0.5,i,0.0033224318310418194,-4.4721068550791e-4,0.1536672751744624
10000,0.1,0.5,S,-0.0016053308980847293,-4.9285873782361e-4,0.30709247852919536
10000,0.1,0.5,baseline,0.012611406997729127,3.8776025846067e-4,0.03070878312261754
10000,0.1,0.5,N_ch,0.006937696611037311,3.1368514855887e-4,0.15470073733028017
10000,0.1,1,k_on,0.013495454141167618,2.3830919106601e-4,0.022350957695366436
10000,0.1,1,k_off,0.023142559804186558,1.3278185779514e-4,0.006778138256523611
10000,0.1,1,i,6.368419900656501e-4,-1.561767638536e-4,0.21726312506524745
10000,0.1,1,S,-0.005608904437329232,-0.00243590636894074,0.43429447711263947
10000,0.1,1,baseline,-0.00718674044831142,-2.2083803262021e-4,0.030708909402681006
10000,0.1,1,N_ch,0.0014741745797466205,8.310902813696529e-5,0.21813896217212464
10000,0.2,0.01,k_on,-0.0219766402783846,-3.4895951101858e-4,0.020919022388497747
10000,0.2,0.01,k_off,-0.019420041779972,-1.0487909886008e-4,0.006201712184421125
10000,0.2,0.01,i,-0.008763224439156045,-5.115387401997385e-5,0.028337718645504086
10000,0.2,0.01,S,5.151148741955304e-4,2.872274369049635e-5,0.03532829714124246
10000,0.2,0.01,baseline,5.878104707458065e-4,2.517539945543113e-5,0.0434211250075997
10000,0.2,0.01,N_ch,-0.004459002377500916,1.7731555625863e-4,0.03242932405740444
10000,0.2,0.02,k_on,0.015215948771858084,3.4259390779269e-4,0.020954496065981876
10000,0.2,0.02,k_off,-0.011248022438796208,-8.434341458969443e-5,0.006210186122796501
10000,0.2,0.02,i,-0.010380584085110792,-3.2369943638362e-4,0.0351747826837729
10000,0.2,0.02,S,0.009255468425066504,5.4573644687557e-4,0.05601277294880517
10000,0.2,0.02,baseline,0.002283608630896393,1.0026432887587e-4,0.043424244693076236
10000,0.2,0.02,N_ch,-9.570732815506744e-4,9.65314335539206e-5,0.03857642530268986
10000,0.2,0.05,k_on,0.013567998779639105,2.9324055950222e-4,0.020989674508340047
10000,0.2,0.05,k_off,0.013017039510826455,5.261578237012959e-5,0.006231096491310035
10000,0.2,0.05,i,-0.0022807781176678726,-1.862101188888468e-5,0.05066129883352015
10000,0.2,0.05,S,0.0294947129797177,0.00282363938063596,0.09588585246163955
10000,0.2,0.05,baseline,-0.008611332560985112,-3.7370002555964e-4,0.04342643837664597
10000,0.2,0.05,N_ch,-0.004621399132905088,-1.2959199028927e-4,0.05313065505375122
10000,0.2,0.1,k_on,-0.02120409063511758,-3.8906227247347e-4,0.021015165259881494
10000,0.2,0.1,k_off,-0.0055044530181432155,-1.470344897210202e-5,0.0062621161572381364
10000,0.2,0.1,i,-0.011372475991860892,-6.6494362007151e-4,0.06962132088750399
10000,0.2,0.1,S,-0.004263460036403908,-5.7283132138037e-4,0.13716487325724067
10000,0.2,0.1,baseline,-0.015396627516711926,-6.693884149531e-4,0.04342723768599483
10000,0.2,0.1,N_ch,0.0034866233439379,8.5388591317797e-4,0.07149524049399072
10000,0.2,0.2,k_on,0.002852018014771529,1.074013989870411e-5,0.02107292709061131
10000,0.2,0.2,k_off,-0.006180832163608624,-2.590948353692913e-5,0.0063238712256245885
10000,0.2,0.2,i,-0.010784158766326213,-0.0017509021797047,0.09751226394012524
10000,0.2,0.2,S,0.007611819665416986,0.00148587351658575,0.19420778495643637
10000,0.2,0.2,baseline,-0.008907869731621765,-3.8660390327769e-4,0.04342769450908775
10000,0.2,0.2,N_ch,0.01446261055994924,0.00174460211110315,0.09893710873600815
10000,0.2,0.5,k_on,0.023666557862490917,4.739076762101e-4,0.021293731517002368
10000,0.2,0.5,k_off,-0.004685340511791716,-5.446614299378312e-5,0.006504176865539817
10000,0.2,0.5,i,0.005066875153017791,8.4103503974375e-4,0.1536969855380418
10000,0.2,0.5,S,-0.01999670179299456,-0.00614143648008619,0.3070921968899039
10000,0.2,0.5,baseline,-0.004799648499413954,-2.0718423156134e-4,0.04342810851650334
10000,0.2,0.5,N_ch,-0.0036585575727349218,-0.00111047276556621,0.15473040883450623
10000,0.2,1,k_on,-0.009569748219234675,-1.058969713787e-4,0.02235255288383544
10000,0.2,1,k_off,-0.008483510039043546,-6.430890035009986e-5,0.006776084517809534
10000,0.2,1,i,-0.01215034733336573,-0.00132136978154045,0.21727315479730305
10000,0.2,1,S,4.601883651786032e-4,2.0005872041632e-4,0.43429446273537253
10000,0.2,1,baseline,-0.010903843361053784,-4.7347564716061e-4,0.04342846606557927
10000,0.2,1,N_ch,-0.0035652288388345887,0.00132701600848476,0.2181490942028155
10000,0.5,0.01,k_on,-0.006272263459260366,-1.8378470260542e-4,0.02093147592195615
10000,0.5,0.01,k_off,-0.0016499624337259766,1.702121735307505e-5,0.006205640372946971
10000,0.5,0.01,i,-0.006226798252150834,-3.6329251276859e-4,0.03194808102685402
10000,0.5,0.01,S,0.0018741178219291946,1.1532114201112e-4,0.032388550072721685
10000,0.5,0.01,baseline,0.007440880651103692,5.0967486616167e-4,0.06863848909052107
10000,0.5,0.01,N_ch,0.010823269462066992,4.7871302718831e-4,0.03564697872338356
10000,0.5,0.02,k_on,-0.006998432966146495,-1.422087247555853e-5,0.02095617518268279
10000,0.5,0.02,k_off,0.00716848669217246,3.495713047155498e-6,0.006212570255529847
10000,0.5,0.02,i,0.01826523153576548,0.001104633554823,0.03778765076427073
10000,0.5,0.02,S,0.010113434111993195,3.7655232050269e-4,0.05210183510432814
10000,0.5,0.02,baseline,0.0010619752789725692,7.281781501541933e-5,0.0686481513420591
10000,0.5,0.02,N_ch,-0.02425985363812716,-0.00111647168314577,0.04098606542217391
10000,0.5,0.05,k_on,0.0026615959262936556,-8.784668472431539e-5,0.020985581003089
10000,0.5,0.05,k_off,-4.1982571820523007e-4,3.209663067146365e-5,0.006231502524020089
10000,0.5,0.05,i,0.0012029284995964118,-6.8658689614983e-4,0.05238540466373081
10000,0.5,0.05,S,0.015771983735182033,0.00152293463775497,0.09333624461673418
10000,0.5,0.05,baseline,2.1775130009772474e-4,1.42760616799926e-5,0.06865624524900106
10000,0.5,0.05,N_ch,0.019313158334254565,7.8208143551301e-4,0.054783669086749934
10000,0.5,0.1,k_on,-0.009171556084387938,-8.05809807896741e-5,0.02101992823098785
10000,0.5,0.1,k_off,0.003292825136880499,3.683850131446201e-6,0.006263060821743482
10000,0.5,0.1,i,-0.01474693655828821,-4.4169362213745e-4,0.07056159079887238
10000,0.5,0.1,S,0.012483223786862497,0.00171843073957821,0.13652925254900197
10000,0.5,0.1,baseline,0.012858251389069965,8.8236335524139e-4,0.0686593119026892
10000,0.5,0.1,N_ch,-0.006375975799775446,4.5120749062834e-4,0.0724157653809822
10000,0.5,0.2,k_on,0.01319748955738373,2.8300443764228e-4,0.021076650797211355
10000,0.5,0.2,k_off,0.0043390335372748695,5.009253144787944e-6,0.006324665170638422
10000,0.5,0.2,i,-0.009124943165934374,-7.8958308247839e-4,0.097888151087569375
10000,0.5,0.2,S,-0.010129900040815808,-0.00195889734994797,0.19413693944664623
10000,0.5,0.2,baseline,0.012630607755691418,8.6839175160717e-4,0.06866106834893185
10000,0.5,0.2,N_ch,0.0014460813912107184,6.2995296644692e-4,0.09930965597588524
10000,0.5,0.5,k_on,1.926441760723525e-4,6.849365876574541e-5,0.021294756577243844
10000,0.5,0.5,k_off,8.145581134331656e-5,-1.630156162845251e-5,0.006504935351280701
10000,0.5,0.5,i,-0.006025470971144632,-2.489530198968158e-5,0.1537859646601446
10000,0.5,0.5,S,-0.015603915255222568,-0.00479180662144795,0.3070902265770724
10000,0.5,0.5,baseline,-0.009559390506539613,-6.5602340456076e-4,0.06866269276912412
10000,0.5,0.5,N_ch,-0.006022604217799797,-3.793223182530604e-5,0.1548192984240763
10000,0.5,1,k_on,0.009992714972988342,1.8464232031719e-4,0.02235114755627885
10000,0.5,1,k_off,1.4121431993718847e-4,-6.904584597432934e-6,0.006776844362451066
10000,0.5,1,i,-0.0028803454407771434,-0.00134208085649793,0.21730320449564056
10000,0.5,1,S,0.0068073191542337005,0.00295687595793288,0.4342943625862141
10000,0.5,1,baseline,0.009192253097611382,6.3184534161675e-4,0.068664103407067
10000,0.5,1,N_ch,0.00558128175992989,0.0012463693609991,0.21817899885997943
10000,1,0.01,k_on,-0.022093878570968766,-3.7492827311156e-4,0.020943551657365566
10000,1,0.01,k_off,-4.0473964391463113e-4,2.073375337804083e-6,0.006209083929664612
10000,1,0.01,i,0.004661241738411731,4.9002031049064e-4,0.03590469988448337
10000,1,0.01,S,-0.01926292113047674,-6.3144389427403e-4,0.030169539273806285
10000,1,0.01,baseline,-0.009493788163617197,-9.2324197287544e-4,0.09703803132365789
10000,1,0.01,N_ch,-0.009567625659432685,-3.028985084972e-4,0.03925230427268519
10000,1,0.02,k_on,-0.015477060302122772,-3.2222765258649e-4,0.02095855565508821
10000,1,0.02,k_off,-0.006451384181962526,-1.426527960343993e-5,0.006214153864828657
10000,1,0.02,i,-0.003888835660616749,-2.2703225063563e-4,0.04068811037615018
10000,1,0.02,S,0.0019367306157888277,1.3003593412367e-4,0.048957976022671115
10000,1,0.02,baseline,-0.004920204721872681,-4.7960879418272e-4,0.0970578739125745
10000,1,0.02,N_ch,0.005490454030395386,3.9668991085629e-4,0.04368750347338344
10000,1,0.05,k_on,0.01961257238806717,3.6037508248057e-4,0.0209942879300354
10000,1,0.05,k_off,0.023340678836107395,1.1857804756109e-4,0.006233863642382101
10000,1,0.05,i,2.0149144830268473e-4,8.179212089901064e-5,0.0543582334111484
10000,1,0.05,S,-0.02527950488652791,-0.00227302124678518,0.08997852358606659
10000,1,0.05,baseline,-0.009751322391052218,-9.4508644817214e-4,0.09707845169559746
10000,1,0.05,N_ch,-7.563180890723664e-4,-2.3076747444363e-4,0.056683943824563404
10000,1,0.1,k_on,-0.009317342763169173,-2.6249121409992e-4,0.021018031935104438
10000,1,0.1,k_off,0.004704120378218032,5.585460513742307e-5,0.006264502421554367
10000,1,0.1,i,-8.830685251469406e-4,-6.3385097176664e-4,0.07184496706059347
10000,1,0.1,S,0.01246376062212652,0.0017187935315175,0.13509645389735972
10000,1,0.1,baseline,0.017247065883827482,0.00167207448960144,0.0970868684421073
10000,1,0.1,N_ch,0.012144155074398005,8.1348420005104e-4,0.07367238763986307
10000,1,0.2,k_on,7.997172073377634e-4,-3.250265199649204e-5,0.021075989763447173
10000,1,0.2,k_off,-0.003402217214309819,-8.491065153865686e-6,0.006324422187594861
10000,1,0.2,i,0.014086577168867132,0.00107639823468665,0.09847743818994364
10000,1,0.2,S,-0.007186855259541901,-0.00141389723758125,0.19391648670177344
10000,1,0.2,baseline,0.0019521884586580576,1.8944655435738e-4,0.09709173670232987
10000,1,0.2,N_ch,-9.620748111782151e-4,-0.0010416226561395,0.09989278090650751
10000,1,0.5,k_on,-0.007560961239257244,-2.2435401133605e-4,0.021293946530330867
10000,1,0.5,k_off,0.007445701983798285,7.155382224063926e-5,0.006506373756747143
10000,1,0.5,i,0.008608818116437697,5.4189480966975e-4,0.15393339065456954
10000,1,0.5,S,0.001788600286663573,5.4775888654284e-4,0.3070833341681586
10000,1,0.5,baseline,-0.0048200014783139,-4.7006557338126e-4,0.09709624368225868
10000,1,0.5,N_ch,0.00427977304120207,-3.7512995041324e-4,0.15496631665632757
10000,1,1,k_on,-0.005305578588852972,-7.316861243960596e-5,0.022353176194065353
10000,1,1,k_off,0.0024639760438407987,1.131509522959249e-5,0.006777159500767868
10000,1,1,i,-0.009313017881558805,-0.001479208627048,0.21735328883628963
10000,1,1,S,0.01661346498577309,0.00721626154431596,0.43429400351696
10000,1,1,baseline,-0.023440748348461292,-0.00227665184971452,0.09710022143071306
10000,1,1,N_ch,3.5859079133432337e-4,0.00150736123956026,0.2182292222468787
10000,10,0.01,k_on,0.009002525028400505,9.269537759851029e-5,0.021005125661570798
10000,10,0.01,k_off,-0.010789547031169433,-4.772038661902314e-5,0.006238059662656641
10000,10,0.01,i,0.00612422418274015,-1.4287870535671e-4,0.05759237368421916
10000,10,0.01,S,-0.0043226221158488565,-8.632399579183435e-5,0.0238682693314463
10000,10,0.01,baseline,-0.00215402369760462,-6.5510178404547e-4,0.30589618574085475
10000,10,0.01,N_ch,0.009764022428860611,1.043964782923e-4,0.05981864578480024
10000,10,0.02,k_on,0.009409234224245194,1.8487178052735e-4,0.021007515449847466
10000,10,0.02,k_off,-0.01825994354931046,-1.1322682906483e-4,0.0062405563883679935
10000,10,0.02,i,0.011659383479334373,6.0425377852178e-4,0.060421435562513
10000,10,0.02,S,0.007616487879514054,2.0094752174954e-4,0.03863659126202802
10000,10,0.02,baseline,-0.011662225926958338,-0.00355770419357663,0.30596983060529565
10000,10,0.02,N_ch,-0.004442811240339489,-7.3352005413909e-4,0.06255198942175916
10000,10,0.05,k_on,1.379368342604454e-4,4.620231569245068e-5,0.021023467952715126
10000,10,0.05,k_off,0.002962706552983899,6.646692319823131e-6,0.00625358915827267
10000,10,0.05,i,-0.002903715386281546,4.317434934382872e-5,0.06815838515148198
10000,10,0.05,S,0.010692559880215599,7.6435201933721e-4,0.0741213663139846
10000,10,0.05,baseline,-0.012849696442538075,-0.00393374142541902,0.30619665117830513
10000,10,0.05,N_ch,-0.005781320624141752,-8.089967048275509e-5,0.0700846969963699
10000,10,0.1,k_on,0.00986972148782067,1.2900157510254e-4,0.021048746959360314
10000,10,0.1,k_off,0.00702651136653018,4.602364693913118e-5,0.0062803149681524475
10000,10,0.1,i,0.009889107715075951,4.1400937316414e-4,0.0819891979878649
10000,10,0.1,S,0.0031558234330613813,3.1760249517906e-4,0.11911235474638393
10000,10,0.1,baseline,-0.007402325639833517,-0.00226587813998772,0.30638506572337293
10000,10,0.1,N_ch,0.0021472321753603363,-4.4658161014672e-4,0.08364087060190604
10000,10,0.2,k_on,-0.017794913557518915,-3.75127356821e-4,0.021099654765221635
10000,10,0.2,k_off,0.010953235114877072,8.601859363162637e-5,0.006338996616606607
10000,10,0.2,i,-0.005998092232461061,-8.847975102357e-4,0.10528453937946317
10000,10,0.2,S,0.0019720694124326517,4.4835409370603e-4,0.1856073524801297
10000,10,0.2,baseline,0.009774893094596194,0.00298330089658377,0.3065139878852761
10000,10,0.2,N_ch,0.006919308767822541,0.00111748395339535,0.10664106516757833
10000,10,0.5,k_on,0.009292876277186002,1.4088114813907e-4,0.021316180115985135
10000,10,0.5,k_off,0.001073432325374435,7.825577256915551e-6,0.006515930991850913
10000,10,0.5,i,0.012826201949844962,0.00169559339827627,0.15639755663653476
10000,10,0.5,S,-0.015272584786038167,-0.00472335341716932,0.30634507459886395
10000,10,0.5,baseline,0.0019518413349231861,6.022008734803e-4,0.3066347573720877
10000,10,0.5,N_ch,-0.0022577557266596493,-0.00175040991557694,0.1574256205187908
10000,10,1,k_on,0.0028727213405758123,7.041392825494835e-5,0.022370047050376315
10000,10,1,k_off,0.017966125424326573,9.757935510810555e-5,0.0067881897929007355
10000,10,1,i,-0.018314669719545984,-0.00413067271501273,0.21824746735240155
10000,10,1,S,-0.0031159151496168323,-0.00132246510740218,0.43424858494982455
10000,10,1,baseline,2.718293107299293e-4,7.98937003937376e-5,0.3067499606699365
10000,10,1,N_ch,0.008406356268364945,0.00411457141239982,0.21912435470561833
10000,100,0.01,k_on,8.785602273832377e-4,-6.086456140446047e-5,0.021256678143138686
10000,100,0.01,k_off,0.003907256659735486,3.824197091659227e-5,0.006370349055169021
10000,100,0.01,i,0.00292955672324402,-5.2955017287611e-4,0.09829849533430067
10000,100,0.01,S,-0.004220105698917827,-6.855685128443697e-5,0.020953347118673665
10000,100,0.01,baseline,0.008259421145875917,0.00785756703700107,0.9529573881594354
10000,100,0.01,N_ch,0.011143858984527244,6.0118862841996e-4,0.09978776708067849
10000,100,0.02,k_on,0.010190054122884373,1.7310648048096e-4,0.021256525833819127
10000,100,0.02,k_off,-0.004107198827333014,-3.161689187194738e-5,0.006370559589085639
10000,100,0.02,i,0.021060640949080556,0.00181892716106798,0.10020434215977823
10000,100,0.02,S,0.017046606957702527,4.1234725402087e-4,0.03161553403253502
10000,100,0.02,baseline,0.009202893604172967,0.00879826777152307,0.9530492084710204
10000,100,0.02,N_ch,-0.005927412317506042,-0.00189868034134326,0.10165367691496303
10000,100,0.05,k_on,0.006403549200972469,1.0819555075968e-4,0.02126473301180925
10000,100,0.05,k_off,0.003523312246811988,1.759109647350788e-5,0.006376111698925035
10000,100,0.05,i,-0.004756478654822316,-6.9712706144587e-4,0.10577186143822558
10000,100,0.05,S,-0.011009707795587478,-5.3142583835107e-4,0.058186658085723056
10000,100,0.05,baseline,0.003524133171896378,0.00336102288214674,0.953606303434354
10000,100,0.05,N_ch,0.005662567584154898,6.4956707181099e-4,0.10716504069756587
10000,100,0.1,k_on,0.0051336580816701005,2.0664209368996e-4,0.021285702154604624
10000,100,0.1,k_off,0.0018471772206048696,-2.140423341275493e-5,0.006391941332703314
10000,100,0.1,i,-0.010676241155746988,-3.6607490539611e-4,0.11293395304743782
10000,100,0.1,S,0.014299493513100312,0.00136576110728711,0.09564330030820874
10000,100,0.1,baseline,1.6902507379995416e-4,1.756536707238e-4,0.9549336239489534
10000,100,0.1,N_ch,-0.009095769050379884,2.1551528708052e-4,0.11426355908685634
10000,100,0.2,k_on,0.003706503853919907,-2.894846648458297e-5,0.021326297988897652
10000,100,0.2,k_off,0.0059139796633426445,5.513592231003866e-5,0.006438601435087779
10000,100,0.2,i,-0.0034735245855063157,-0.00183795435699056,0.12823026583306812
10000,100,0.2,S,-5.567039105515269e-4,1.9996792795665e-4,0.15575702341087028
10000,100,0.2,baseline,0.001121506800084571,0.00105638725107447,0.9569432605395348
10000,100,0.2,N_ch,0.017242589455765067,0.0018986366365727,0.12945324724442353
10000,100,0.5,k_on,-0.005366353243995259,-1.9675436015146e-4,0.02151548547672792
10000,100,0.5,k_off,0.009418948800806931,8.418644370167941e-5,0.006605870553179408
10000,100,0.5,i,-0.0011372734196500867,-0.00171956433697372,0.17145195693208937
10000,100,0.5,S,0.009548701338807754,0.00293270573899819,0.288432543157185
10000,100,0.5,baseline,-0.002049538086845483,-0.00199536835358302,0.9593458755010451
10000,100,0.5,N_ch,0.012543788730395078,0.00187506745466383,0.17246165882439235
10000,100,1,k_on,0.01346791622773414,3.9999775483737e-4,0.02252936021862161
10000,100,1,k_off,0.008854899753605958,6.653756004186591e-6,0.006875045192590615
10000,100,1,i,-0.012856495372053335,-4.0078279446566e-4,0.22641627241727286
10000,100,1,S,2.1546479147988918e-4,1.0992106386018e-4,0.43098419767013213
10000,100,1,baseline,-0.004567353020162796,-0.00436832299073296,0.9615161260789554
10000,100,1,N_ch,-0.01104830489972359,1.4911535040903e-4,0.22730044540642397
10000,1000,0.01,k_on,-0.008540021709919535,-1.7424683257719e-4,0.022869941840458843
10000,1000,0.01,k_off,-0.0036024711588267117,6.370078032643798e-7,0.007046730908714625
10000,1000,0.01,i,-6.125425901289672e-4,8.8916202935003e-4,0.1778638986129024
10000,1000,0.01,S,0.006529510456415841,1.1844664587605e-4,0.019931107568465684
10000,1000,0.01,baseline,-0.013842801986353164,-0.03953453475237273,2.8557523803617273
10000,1000,0.01,N_ch,-0.0077116302188536545,-8.1655695039829e-4,0.17902059661609535
10000,1000,0.02,k_on,3.5149708002477076e-4,-4.622827818366598e-6,0.02286976541773636
10000,1000,0.02,k_off,-0.015299472660190078,-8.333111881112773e-5,0.007045651744776337
10000,1000,0.02,i,-0.0024980930407696167,-6.0656439308482e-4,0.1793498943451105
10000,1000,0.02,S,0.0010950196929398314,4.52147414013271e-5,0.028886096013682083
10000,1000,0.02,baseline,-0.006777545412217756,-0.01933273935109075,2.8559703621989394
10000,1000,0.02,N_ch,0.002051920787888767,5.7528784747875e-4,0.1804775673713747
10000,1000,0.05,k_on,-0.009321671937907117,-9.154328022679798e-5,0.022877930428777424
10000,1000,0.05,k_off,-0.009442721826804779,-7.568398266544627e-5,0.007048008475595379
10000,1000,0.05,i,0.003381425478767519,0.00222862462795337,0.18311236284689092
10000,1000,0.05,S,-0.006332762648490739,-4.1644339079592e-4,0.04879215497485041
10000,1000,0.05,baseline,0.004393982245736461,0.01257940225781816,2.856667978196386
10000,1000,0.05,N_ch,-0.013429392241533278,-0.00222519130999472,0.18422721789300442
10000,1000,0.1,k_on,0.0033100755129571446,2.386383849189e-4,0.02290288826407316
10000,1000,0.1,k_off,-0.008129359536395153,-1.0763007916741e-4,0.007056131684458534
10000,1000,0.1,i,0.0011564271526207648,0.0022998363566772,0.1895645996808648
10000,1000,0.1,S,4.2096338914362065e-4,-1.8246830731396e-4,0.0757252698883067
10000,1000,0.1,baseline,0.013137081399962162,0.03764120046390673,2.8589649158426362
10000,1000,0.1,N_ch,-0.01648187362766218,-0.00248930813928609,0.19064758986767136
10000,1000,0.2,k_on,-0.012040964853253303,-3.0214820447382e-4,0.02297324903542444
10000,1000,0.2,k_off,-0.010988669258108874,-3.249224306176267e-5,0.007083729409691192
10000,1000,0.2,i,0.006441360464942286,9.5616073381189e-4,0.2003769767860449
10000,1000,0.2,S,-0.0015574764293969506,-3.1261315930665e-4,0.1228677204037593
10000,1000,0.2,baseline,-0.0071271332117184135,-0.02045592014373151,2.866615909067106
10000,1000,0.2,N_ch,2.6488127549803564e-4,-7.9952672828706e-4,0.2014382627221785
10000,1000,0.5,k_on,-0.00431708379717477,-1.5985532739075e-4,0.02316466420445179
10000,1000,0.5,k_off,0.0045631030760258096,6.321975991839373e-5,0.007230724964743126
10000,1000,0.5,i,0.008164380294822915,0.00187799117468013,0.22789673204940186
10000,1000,0.5,S,0.001584835383448449,2.517376269208652e-5,0.23715515110395524
10000,1000,0.5,baseline,-0.011297181752343465,-0.03266004503935738,2.890159494313283
10000,1000,0.5,N_ch,-0.0037048643957874328,-0.0017665076488375,0.22891759547539298
10000,1000,1,k_on,0.019266418783069672,5.2717561856279e-4,0.023932562550350308
10000,1000,1,k_off,-0.002787519234958284,-7.686606724966022e-5,0.007518265040222018
10000,1000,1,i,-0.004635151248124525,1.3146408112883e-4,0.27427684299869265
10000,1000,1,S,0.01234315249639791,0.00457999489517134,0.3844144316030825
10000,1000,1,baseline,0.004848589725405427,0.01422144578596943,2.9117492869898074
10000,1000,1,N_ch,-0.008224751951597636,-4.6240675126086e-4,0.2752120523233054
10000,10000,0.01,k_on,0.0012439417012813925,3.178578877336664e-5,0.03222672903569892
10000,10000,0.01,k_off,-2.7176260836137e-4,1.672470658020957e-5,0.01041228406476408
10000,10000,0.01,i,0.0035893616860516175,0.00391653528843903,0.3950157706917301
10000,10000,0.01,S,0.019384804804238598,3.6198906322892e-4,0.01960753599211155
10000,10000,0.01,baseline,-0.007708856150485976,-0.06451209174329599,8.384540595989954
10000,10000,0.01,N_ch,-0.010713531824880551,-0.00395187458201128,0.3962861473349968
10000,10000,0.02,k_on,0.018763380550602227,5.1052783161759e-4,0.03222788927398706
10000,10000,0.02,k_off,0.009848344257112396,3.323066444095152e-5,0.010412296593106633
10000,10000,0.02,i,-0.0034896750851719505,-0.00387194159195259,0.39815388247980754
10000,10000,0.02,S,-7.709669158569063e-4,1.110950358639186e-5,0.027991738111899554
10000,10000,0.02,baseline,0.006183328040618016,0.05188939506779185,8.384398829572158
10000,10000,0.02,N_ch,0.010017743065968365,0.00363646203562652,0.39935543957271347
10000,10000,0.05,k_on,-0.02099013023147539,-6.7182973112882e-4,0.0322429098155976
10000,10000,0.05,k_off,-0.012146008733260216,-2.867702487064907e-5,0.010412439161086608
10000,10000,0.05,i,0.01291224052761697,0.00411502665669549,0.40161641976006096
10000,10000,0.05,S,0.0014086474818941525,-1.816218966458908e-5,0.045447968845888705
10000,10000,0.05,baseline,-0.0022596994514590177,-0.01906001603632913,8.385840116750929
10000,10000,0.05,N_ch,-0.001096365350099826,-0.00374964606926712,0.40290105888589617
10000,10000,0.1,k_on,-0.013290054044017618,-2.6719997486546e-4,0.03229340639306374
10000,10000,0.1,k_off,0.001305706918114713,5.200244199187807e-6,0.010420877171927035
10000,10000,0.1,i,0.005951035013962214,0.00630118718121626,0.40952880782359524
10000,10000,0.1,S,-2.2408172714240412e-4,-2.5083963035814e-4,0.06695332314531527
10000,10000,0.1,baseline,9.947125352854837e-4,0.0083577324170928,8.389849767394344
10000,10000,0.1,N_ch,-0.015593969228070215,-0.0061770521182655,0.41077715621639926
10000,10000,0.2,k_on,0.01601514184890407,2.7661812531749e-4,0.03246607468928204
10000,10000,0.2,k_off,0.002418705958468159,4.387219510406966e-5,0.01044819974900461
10000,10000,0.2,i,0.033446235370131916,0.01141477447080726,0.42578497253106246
10000,10000,0.2,S,0.0029476827823916095,-5.0473671141367e-4,0.10172150282975169
10000,10000,0.2,baseline,4.660339540252465e-4,0.00419853076722646,8.405736928343272
10000,10000,0.2,N_ch,-0.004760812308478801,-0.01148725252010467,0.4270219481571363
10000,10000,0.5,k_on,-0.013641064674330239,-2.6596952213617e-4,0.03320076506931625
10000,10000,0.5,k_off,-0.008983316875406447,-8.93563499475819e-5,0.010618729410700698
10000,10000,0.5,i,-0.007172926205758878,-0.0012013854039391,0.4723066033350534
10000,10000,0.5,S,-0.0016420357008911787,-1.0504976831945e-4,0.1889181166411776
10000,10000,0.5,baseline,0.0031588427208762222,0.0267290802646351,8.492419612851368
10000,10000,0.5,N_ch,-0.0031605906576073206,0.00128944266500732,0.4735071258603974
10000,10000,1,k_on,-0.024119166367225886,-6.3983409261756e-4,0.03386277330626126
10000,10000,1,k_off,4.1941135427520093e-4,2.932746990976835e-5,0.011030626400753949
10000,10000,1,i,0.0033187636376125207,0.00410431864507036,0.5329594218841205
10000,10000,1,S,0.001956545313888079,-3.2101225668894e-4,0.3107197828749075
10000,10000,1,baseline,0.0020290316904876173,0.0173073544603004,8.622478691983366
10000,10000,1,N_ch,-0.0076768785705759734,-0.00375884968104168,0.5341063165845212
10000,100000,0.01,k_on,-0.0028589243610048776,-5.4798537598666e-4,0.0751630659550465
10000,100000,0.01,k_off,0.005864790317850477,2.1836332194516e-4,0.02463917565854
10000,100000,0.01,i,0.010874764823968208,0.0048286558700446,1.7627340431367209
10000,100000,0.01,S,0.013466896224763264,2.5678835634554e-4,0.01952766484384244
10000,100000,0.01,baseline,-5.94952015291108e-4,-0.01561651923739961,25.792148168410243
10000,100000,0.01,N_ch,0.007150986825047778,-0.004374981461255,1.7644166375054555
10000,100000,0.02,k_on,-0.002544252407856773,-4.1233260760618e-4,0.07517267089953508
10000,100000,0.02,k_off,-0.001265340690613348,1.4179070108025e-4,0.024641793331906466
10000,100000,0.02,i,-0.005675528781828976,-0.00625567508540331,1.7735042098042346
10000,100000,0.02,S,0.014744057820967634,4.1832431523224e-4,0.027765002913540997
10000,100000,0.02,baseline,-0.012572774750224919,-0.3243831708844681,25.79347117672074
10000,100000,0.02,N_ch,-8.236790090550006e-4,0.00645516178716634,1.7752751642215252
10000,100000,0.05,k_on,-0.004187129609045659,-1.9153989195262e-4,0.07520861448339977
10000,100000,0.05,k_off,-0.00830964878087359,-8.721737881594196e-5,0.02464420452204676
10000,100000,0.05,i,0.010747228450968649,0.04014916765409988,1.7855769897667506
10000,100000,0.05,S,-0.012078429093947017,-7.2632329743786e-4,0.044576686248354085
10000,100000,0.05,baseline,-0.006779389601259582,-0.1742784477731909,25.796717633770317
10000,100000,0.05,N_ch,-0.021073061450894492,-0.04015748439975757,1.7871315383449473
10000,100000,0.1,k_on,-0.014615219089824993,-8.7661745518946e-4,0.0753371033879769
10000,100000,0.1,k_off,-0.008016606393151715,-1.0597981536741e-4,0.024660616908856316
10000,100000,0.1,i,0.023496141382064906,0.04659326915414453,1.824064379504618
10000,100000,0.1,S,-0.005472489148853345,-7.8703571193472e-4,0.06459302443324132
10000,100000,0.1,baseline,0.005755637075731713,0.1487011263759428,25.807979346189875
10000,100000,0.1,N_ch,-0.01232816765770206,-0.04610698716165343,1.8257320436521407
10000,100000,0.2,k_on,0.005493722471960338,2.2512468618916e-4,0.07583857233071355
10000,100000,0.2,k_off,0.008171001484853113,2.2415131487044e-4,0.024728662979157608
10000,100000,0.2,i,-0.0048455693147830825,0.00643743122848809,1.911922987173416
10000,100000,0.2,S,-0.0037931285559272233,-4.5417713907729e-4,0.09557174027755647
10000,100000,0.2,baseline,-0.012251860040789382,-0.3164916853469453,25.852548255886926
10000,100000,0.2,N_ch,-0.009724119161772737,-0.006571165417792,1.9133997466769528
10000,100000,0.5,k_on,-0.00990292015536387,-0.00137028099982361,0.0783000281099431
10000,100000,0.5,k_off,0.012751812444270039,4.9800057599402e-4,0.025130645086700223
10000,100000,0.5,i,0.016419451504494198,0.01031564995547467,2.1538525801803754
10000,100000,0.5,S,0.006327117028970817,5.0401258834321e-4,0.1685365457036947
10000,100000,0.5,baseline,-0.005711231014249449,-0.1497620496645816,26.11325180913742
10000,100000,0.5,N_ch,0.009636389672179613,-0.00929410279779997,2.1556974184726077
10000,100000,1,k_on,-0.007862242323914748,-7.5706070111489e-4,0.08081757584813763
10000,100000,1,k_off,0.005892813394237306,1.6697382508651e-4,0.026013910897686836
10000,100000,1,i,0.0035756153559622916,-0.01913076134598192,2.545448447893396
10000,100000,1,S,-0.004771018581691919,2.5302919230795e-4,0.271347859865639
10000,100000,1,baseline,0.0054006037360967395,0.1427468175708242,26.56785362560326
10000,100000,1,N_ch,0.014721348331691697,0.01970580369916413,2.5469140422605197
10000,1000000,0.01,k_on,-0.013630014776484956,7.9381620521242e-4,0.22669454150602494
10000,1000000,0.01,k_off,-0.013889674329097712,-0.00175711079122268,0.0742622240626485
10000,1000000,0.01,i,-0.024877513093908732,-0.1708718785791789,14.958672610144648
10000,1000000,0.01,S,0.014654633345515103,3.0623858073027e-4,0.01951618455459058
10000,1000000,0.01,baseline,0.015572610357711887,1.264866637549938,81.2417515264146
10000,1000000,0.01,N_ch,-0.00873702860981762,0.169513699492793,14.959677673874989
10000,1000000,0.02,k_on,0.004204651792004022,0.00120757754308203,0.22670137696779255
10000,1000000,0.02,k_off,-0.010452782978373598,-7.5455083223811e-4,0.07426308388298206
10000,1000000,0.02,i,-0.006757804408031198,-0.1560418582097292,15.06474843336788
10000,1000000,0.02,S,0.018280617837951756,5.4145106919307e-4,0.02773299619355705
10000,1000000,0.02,baseline,0.0036494694891815475,0.2965184430487484,81.24306381645935
10000,1000000,0.02,N_ch,0.0078625301637274,0.155132542038031,15.066636490473154
10000,1000000,0.05,k_on,0.004991056889293688,0.0031951417237715,0.22682097653598784
10000,1000000,0.05,k_off,0.02664069493938559,-3.432385463468963e-5,0.07428424226836854
10000,1000000,0.05,i,-0.0013919415032561666,-0.05515391441242732,15.245278886769789
10000,1000000,0.05,S,-0.01650685232989735,-6.8287609788046e-4,0.04446252078756253
10000,1000000,0.05,baseline,0.030636808803401323,2.48824283681324,81.25142310111454
10000,1000000,0.05,N_ch,0.0037916783934832665,0.05391063267605838,15.247499976173838
10000,1000000,0.1,k_on,0.0011875176034905621,-7.349969682370007e-5,0.22722392660765947
10000,1000000,0.1,k_off,0.012025878789705846,7.8814509149319e-4,0.0743316828829187
10000,1000000,0.1,i,-0.012343191346719351,-0.1612245668141112,15.615702228260428
10000,1000000,0.1,S,0.007690822062093584,6.6593727781218e-4,0.06428721115161669
10000,1000000,0.1,baseline,-0.007212495205848121,-0.5870052851791061,81.28785657145966
10000,1000000,0.1,N_ch,0.002231520358292549,0.1613956056053704,15.61718121777344
10000,1000000,0.2,k_on,0.012008074292769066,0.00237021836117356,0.22876398605727674
10000,1000000,0.2,k_off,0.010181273083862408,4.4320182996404e-4,0.07453419702157332
10000,1000000,0.2,i,0.0022872025950793073,0.2296465750861075,16.269334356241085
10000,1000000,0.2,S,-0.025165324510779748,-0.00271047553799431,0.09461069156701292
10000,1000000,0.2,baseline,-0.007323263867244299,-0.5942594879076399,81.42698101523432
10000,1000000,0.2,N_ch,-0.01770538350434414,-0.2309870547820271,16.270797199959425
10000,1000000,0.5,k_on,0.010934730059902531,-3.8450018514947e-4,0.23664965306293576
10000,1000000,0.5,k_off,0.017874901990530656,0.00178164752396434,0.07577443792856704
10000,1000000,0.5,i,-7.598031229942848e-4,-0.125991421912002,18.532056743005782
10000,1000000,0.5,S,9.697213773642596e-4,7.4977060548885e-4,0.16537866347429336
10000,1000000,0.5,baseline,-0.018516264288598504,-1.523248467836046,82.25020654002023
10000,1000000,0.5,N_ch,0.008839852730445408,0.126813276891852,18.53374794465631
10000,1000000,1,k_on,3.2737713482333675e-5,-0.00105931876302749,0.24517248675384834
10000,1000000,1,k_off,-0.0052324548625950484,2.7521325756912e-4,0.07843262516490666
10000,1000000,1,i,0.017056364477497254,0.5265513984059799,22.05040418138204
10000,1000000,1,S,0.017870830908621287,-6.8566820613059e-4,0.2634186013710371
10000,1000000,1,baseline,-0.011370877850027397,-0.9499051903435546,83.70314069350763
10000,1000000,1,N_ch,-0.01687431942850992,-0.5260351427947172,22.051526998095152
10000,10000000,0.01,k_on,-0.01850088678859585,-0.00617260149397622,0.7132508726356358
10000,10000000,0.01,k_off,0.0138124561367583,0.0010473572537109,0.23362464852378811
10000,10000000,0.01,i,-0.02022374826701423,-2.014597194758342,146.95087850241399
10000,10000000,0.01,S,-0.0013837540690541002,-8.724323855133215e-7,0.019515115071926683
10000,10000000,0.01,baseline,0.007528912235881161,1.92549037447726,256.8010616033021
10000,10000000,0.01,N_ch,-8.11322052925334e-4,2.01793240491104,146.95420646153707
10000,10000000,0.02,k_on,-0.008462452843205348,-0.00648457912811416,0.7132900370709278
10000,10000000,0.02,k_off,0.005594760304517443,0.00199434154938343,0.23362362194280925
10000,10000000,0.02,i,-0.004368655090278395,-0.5438726495997952,147.45151801796968
10000,10000000,0.02,S,0.002153375138054367,7.306798970153275e-5,0.027728069740485722
10000,10000000,0.02,baseline,-0.005912466536630279,-1.521407203405278,256.80531243683987
10000,10000000,0.02,N_ch,8.648031074480755e-4,0.5478060353764826,147.4532566994486
10000,10000000,0.05,k_on,-0.008011392201808132,-0.00662062146947406,0.7136530134835263
10000,10000000,0.05,k_off,0.005236067862918414,0.00206351567760462,0.2336724125073462
10000,10000000,0.05,i,7.462909904374371e-4,0.32863042245276203,149.2444911180595
10000,10000000,0.05,S,0.013761956991575897,5.7681641644607e-4,0.04444361504834795
10000,10000000,0.05,baseline,-0.006332265524402492,-1.628814881124037,256.83723605000444
10000,10000000,0.05,N_ch,-0.002358164190867207,-0.3245464006488348,149.2476366273489
10000,10000000,0.1,k_on,-0.0029406988658919886,-0.00588553684482914,0.7149269107847096
10000,10000000,0.1,k_off,0.005628936840535559,0.00319039266188684,0.2338354550113191
10000,10000000,0.1,i,-0.010475561845417758,-1.670162880449493,153.2116947515006
10000,10000000,0.1,S,-0.005693712499239033,-1.447744818286e-4,0.06424616558534042
10000,10000000,0.1,baseline,-0.0165536127026137,-4.256850899539161,256.94917414529135
10000,10000000,0.1,N_ch,0.004935673448414946,1.673754942053581,153.214751740289
10000,10000000,0.2,k_on,-0.0066875950540286055,-0.00138848169717978,0.719782232158442
10000,10000000,0.2,k_off,-0.0019404987500868387,-0.00109774878149955,0.2344669146376282
10000,10000000,0.2,i,0.002391049943096135,1.139848958921571,160.072938683963
10000,10000000,0.2,S,-0.023217032329751322,-0.00228254198556805,0.09453705008344866
10000,10000000,0.2,baseline,0.005792696340296949,1.48990308535155,257.38671725032196
10000,10000000,0.2,N_ch,-0.007671760962047358,-1.13952293452701,160.07352044370148
10000,10000000,0.5,k_on,0.008073252283391952,0.00427249144945343,0.744748983550192
10000,10000000,0.5,k_off,0.0056903888300258165,0.00123654829873679,0.23838387433906524
10000,10000000,0.5,i,-0.006531408741440092,-0.07457523583985852,181.78942048272654
10000,10000000,0.5,S,-0.002985391170909583,-3.719330241616e-4,0.16491529403764588
10000,10000000,0.5,baseline,-0.00877458667760146,-2.278553451890366,259.9908938695095
10000,10000000,0.5,N_ch,-0.005967573210982735,0.07201295771704377,181.7911392057743
10000,10000000,1,k_on,-0.001601737119198532,0.00636262853278369,0.7719266006998664
10000,10000000,1,k_off,-0.01313656870401303,-0.00535594891419743,0.24676354408915618
10000,10000000,1,i,0.006319869607406048,1.578294242995991,217.99794512021862
10000,10000000,1,S,0.004452351670326863,-4.1634751759475e-4,0.26309329198202247
10000,10000000,1,baseline,0.02154232019962057,5.702794626017885,264.59178868927734
10000,10000000,1,N_ch,-0.0039157661244075825,-1.582976149992935,217.99801599252586
