nch,z,interval,k,loglam,beta,share,mag
5,0.1,0.01,1,0.48098881315635267,-0.021396855222143477,0.005049436707616239,0.3011122899443667
5,0.1,0.01,2,0.338725808731809,-0.12775147317625712,0.18000098039118007,0.3011122899443667
5,0.1,0.01,3,0.16595623032452983,0.18098236155080588,0.36125639044273744,0.3011122899443667
5,0.1,0.01,4,0.023385245211379784,-0.00869110847916015,8.330927940094939e-4,0.3011122899443667
5,0.1,0.01,5,-0.014528673093496026,-0.20254694089459752,0.4524748172813798,0.3011122899443667
5,0.1,0.01,6,-0.1441157278610279,0.005910416108556624,3.852823830769689e-4,0.3011122899443667
5,0.1,0.02,1,0.48631214805841055,-0.00920922729817321,0.0014932567067055546,0.23831751140741542
5,0.1,0.02,2,0.2975152714299636,0.10229695229288581,0.18425253842701778,0.23831751140741542
5,0.1,0.02,3,0.03233896115676592,-0.15704998391650854,0.4342740532403641,0.23831751140741542
5,0.1,0.02,4,-2.7256477048435003e-4,0.018446127531951788,0.005990988741849437,0.23831751140741542
5,0.1,0.02,5,-0.03677124391273584,0.14432355768911392,0.36674359826181474,0.23831751140741542
5,0.1,0.02,6,-0.20792592303738236,-0.020285796864742387,0.007245564622248436,0.23831751140741542
5,0.1,0.05,1,0.4244686588813669,-0.02792501932273798,0.014470771012479738,0.23213875273527895
5,0.1,0.05,2,0.27217584832988473,-0.1107093022268094,0.22744318779064612,0.23213875273527895
5,0.1,0.05,3,-0.010262080985130545,0.059804649048461715,0.06637042504876922,0.23213875273527895
5,0.1,0.05,4,-0.057474099077747705,-0.19108245244928135,0.6775577541862741,0.23213875273527895
5,0.1,0.05,5,-0.18761180678428824,-0.014077204121186316,0.0036773716412405798,0.23213875273527895
5,0.1,0.05,6,-0.43707351413120976,0.023765034400513155,0.010480490320590192,0.23213875273527895
5,0.1,0.1,1,0.39348601544108863,-0.02157722074771888,0.010405043587711615,0.21153077120129768
5,0.1,0.1,2,0.2559185348832687,-0.07632653583860799,0.13019790566089606,0.21153077120129768
5,0.1,0.1,3,-0.018553761341579236,-0.03337903017592749,0.024900055940588688,0.21153077120129768
5,0.1,0.1,4,-0.08302737687438831,-0.18495276334227925,0.7644948133126901,0.21153077120129768
5,0.1,0.1,5,-0.18890618212753807,0.009416890678614367,0.001981837089628716,0.21153077120129768
5,0.1,0.1,6,-0.4127110442806234,0.05516872740252433,0.06802034440848483,0.21153077120129768
5,0.1,0.2,1,0.31041279699260815,-0.061445637153119674,0.06580316207424891,0.23953427760943408
5,0.1,0.2,2,0.15467856932372012,-0.06033120120369004,0.06343787168499808,0.23953427760943408
5,0.1,0.2,3,-0.054067247470527685,-0.06977766410511088,0.08485892254199454,0.23953427760943408
5,0.1,0.2,4,-0.09690748805732538,0.1925983314931129,0.6465017436013203,0.23953427760943408
5,0.1,0.2,5,-0.20665231128796577,0.010250870892496315,0.0018314125546175495,0.23953427760943408
5,0.1,0.2,6,-0.4340417398533249,0.08884328860465011,0.13756688754282065,0.23953427760943408
5,0.1,0.5,1,0.16884414925411265,-0.060445076473442244,0.04803203661824278,0.27580074219196354
5,0.1,0.5,2,0.07893620394142745,-0.09468391730603257,0.11785868029009848,0.27580074219196354
5,0.1,0.5,3,-0.08351960665965494,0.050029695673634154,0.03290522472441947,0.27580074219196354
5,0.1,0.5,4,-0.0895710037317501,-0.12592276203662414,0.20845754611068953,0.27580074219196354
5,0.1,0.5,5,-0.13214447616406805,-0.12254045620583526,0.1974095345668124,0.27580074219196354
5,0.1,0.5,6,-0.34276003694583806,0.1734120009459527,0.39533697768973725,0.27580074219196354
5,0.1,1,1,0.2703405701974981,-0.20232905858365446,0.6164295973866032,0.2577012465823682
5,0.1,1,2,0.03640011637520313,0.01804189279274615,0.004901524265115591,0.2577012465823682
5,0.1,1,3,-0.043442913058865336,0.08568189512015942,0.11054652333031185,0.2577012465823682
5,0.1,1,4,-0.09613864176595259,0.03336678972317051,0.016764700921750492,0.2577012465823682
5,0.1,1,5,-0.15329359614701757,-0.09724670699472535,0.14240222308201886,0.2577012465823682
5,0.1,1,6,-0.31436716350853827,0.08506305201486414,0.1089554310142,0.2577012465823682
5,1,0.01,1,0.13819640886216275,-0.031632634689862056,0.06700702667346743,0.12220112167605478
5,1,0.01,2,0.10712288611883596,-0.04192307705701763,0.11769443222508952,0.12220112167605478
5,1,0.01,3,-0.00818038585312373,-0.07003109245632298,0.3284213771496651,0.12220112167605478
5,1,0.01,4,-0.032349611218797945,0.052495783126708336,0.18454337256488598,0.12220112167605478
5,1,0.01,5,-0.08979879403961977,0.06244584910951033,0.2611299983875061,0.12220112167605478
5,1,0.01,6,-0.20085155512351915,0.024805260406108604,0.041203792999385896,0.12220112167605478
5,1,0.02,1,0.14993848680119765,-0.022745122677035316,0.051649560616616186,0.10008176779140417
5,1,0.02,2,0.07961246316095104,-0.03548783696655292,0.1257329550709086,0.10008176779140417
5,1,0.02,3,0.002816075377250296,-0.004289352114395446,0.0018368490262544112,0.10008176779140417
5,1,0.02,4,-0.024948344634897212,-0.06671874978317774,0.44441208823180245,0.10008176779140417
5,1,0.02,5,-0.11243877552773429,-0.05898398617598469,0.3473428012141526,0.10008176779140417
5,1,0.02,6,-0.24102594339798855,0.01705087466067992,0.029025745840265762,0.10008176779140417
5,1,0.05,1,0.10616660028569373,-0.032352219957335414,0.09187148005153728,0.10673668983705034
5,1,0.05,2,0.06542533167556983,-0.03256915450924951,0.09310768072144346,0.10673668983705034
5,1,0.05,3,0.010463879250132237,-0.015943651622653352,0.022312494795203287,0.10673668983705034
5,1,0.05,4,-0.021139401474828304,-0.06549296100808533,0.37649723517818123,0.10673668983705034
5,1,0.05,5,-0.10797739061236462,-0.06860070778101202,0.4130757810767893,0.10673668983705034
5,1,0.05,6,-0.2125434554770557,0.005976614344976813,0.0031353281768455054,0.10673668983705034
5,1,0.1,1,0.1668737047209269,0.021004008327403824,0.05661464739421397,0.08827501060299252
5,1,0.1,2,0.08385789297002408,-0.011686573883467569,0.017526647871239226,0.08827501060299252
5,1,0.1,3,0.0013291486724625776,-0.025699149693481048,0.08475434099434132,0.08827501060299252
5,1,0.1,4,-0.04847821552277955,0.06444873544007808,0.5330319531171471,0.08827501060299252
5,1,0.1,5,-0.12629969796763216,-0.04030834795501102,0.2085040239765105,0.08827501060299252
5,1,0.1,6,-0.13453206837290368,-0.027854701799726416,0.09956838664654792,0.08827501060299252
5,1,0.2,1,0.13789368569624488,-0.0324755000258357,0.09583435797213345,0.10490476803193573
5,1,0.2,2,0.08325741419894844,0.04081545569350459,0.151376633878883,0.10490476803193573
5,1,0.2,3,-0.018482503831956997,-0.061325647357361755,0.3417384356940387,0.10490476803193573
5,1,0.2,4,-0.04839024548958784,-0.04322615511241886,0.16978634507257145,0.10490476803193573
5,1,0.2,5,-0.13233920850757142,-0.05113758314394537,0.23762380272705247,0.10490476803193573
5,1,0.2,6,-0.16190178419642712,0.006329526920034511,0.0036404246553209682,0.10490476803193573
5,1,0.5,1,0.11611769923434268,0.04154574510419232,0.1559630902408685,0.1051999749515148
5,1,0.5,2,0.08068611924921697,-0.007786765844718081,0.005478768595277323,0.1051999749515148
5,1,0.5,3,-0.017857603766917945,0.03364145363322216,0.10226293042244353,0.1051999749515148
5,1,0.5,4,-0.0698244253465885,-0.08665530476285163,0.6785143470566163,0.1051999749515148
5,1,0.5,5,-0.07915716903512121,0.02407707750096311,0.05238129952067971,0.1051999749515148
5,1,0.5,6,-0.14976752162349335,-0.0077302758120287906,0.0053995641641147035,0.1051999749515148
5,1,1,1,0.3108261749821133,-0.027611017263923867,0.0877751863929989,0.09319584004654548
5,1,1,2,0.05140304518244156,0.029075070399225644,0.0973303971012774,0.09319584004654548
5,1,1,3,-0.004669492619112053,-0.03867091504386772,0.17217727995677995,0.09319584004654548
5,1,1,4,-0.047798969481776754,0.07334285804992094,0.6193306948374159,0.09319584004654548
5,1,1,5,-0.10223663439492674,0.010357366607392695,0.012351100137517359,0.09319584004654548
5,1,1,6,-0.17271735895851695,-0.009790151613322414,0.011035341574010359,0.09319584004654548
10,0.05,0.01,1,0.5754488896632807,0.07035509904877789,0.1007133367545627,0.22169305407977938
10,0.05,0.01,2,0.29452052855807664,-0.06997785644271927,0.09963618663127602,0.22169305407977938
10,0.05,0.01,3,0.020251942310359948,0.020831172699105067,0.008829238861584286,0.22169305407977938
10,0.05,0.01,4,-0.021272712453832426,0.19683856090523238,0.7883447681619016,0.22169305407977938
10,0.05,0.01,5,-0.06148781611157733,0.0037720621142288196,2.8950328667380013e-4,0.22169305407977938
10,0.05,0.01,6,-0.393820530318601,-0.010367478231585143,0.002186966304001528,0.22169305407977938
10,0.05,0.02,1,0.5725378908109244,0.05210176503182345,0.05770425685532819,0.21689448525522617
10,0.05,0.02,2,0.3271405173315438,-0.10082306014265684,0.21608405942765585,0.21689448525522617
10,0.05,0.02,3,-0.007709668660384867,-0.11236181037644143,0.2683739981908572,0.21689448525522617
10,0.05,0.02,4,-0.03323288627903458,-0.14609936283122799,0.45373222427778653,0.21689448525522617
10,0.05,0.02,5,-0.0942696658992456,-0.0130377915017958,0.003613358427244158,0.21689448525522617
10,0.05,0.02,6,-0.43898684955912576,0.004811455098190965,4.921028211280835e-4,0.21689448525522617
10,0.05,0.05,1,0.48456420488780877,0.05202058476079346,0.08265572176124544,0.18094174256665219
10,0.05,0.05,2,0.3168093431099002,-0.06604716109785322,0.13323881858793982,0.18094174256665219
10,0.05,0.05,3,-0.009445598248836907,-0.011404085581124792,0.003972312423759391,0.18094174256665219
10,0.05,0.05,4,-0.03867642861581376,-0.01992732076079428,0.012128868458259712,0.18094174256665219
10,0.05,0.05,5,-0.07739126868122166,-0.1548374833354848,0.7322757810840029,0.18094174256665219
10,0.05,0.05,6,-0.4245242007693168,-0.03420157816247986,0.035728497684792665,0.18094174256665219
10,0.05,0.1,1,0.43277043203305227,-0.04724101395236152,0.05048766336460142,0.21024543494907988
10,0.05,0.1,2,0.24112740081386153,-0.044620473777513076,0.04504174474361359,0.21024543494907988
10,0.05,0.1,3,-0.02018614710068003,-0.01632173453747368,0.006026698572371028,0.21024543494907988
10,0.05,0.1,4,-0.035054913775582335,-0.05086003388239954,0.05851943721242104,0.21024543494907988
10,0.05,0.1,5,-0.10866721571546431,0.18073701054317123,0.7389942168020106,0.21024543494907988
10,0.05,0.1,6,-0.4742812888024932,-0.06679396524116421,0.10093023930498225,0.21024543494907988
10,0.05,0.2,1,0.3164023926990669,0.06125305614701471,0.06667906355307701,0.23721001239505718
10,0.05,0.2,2,0.16758733319224278,-0.054265422417632984,0.05233356782507925,0.23721001239505718
10,0.05,0.2,3,-0.011310691181083646,0.035891543643897884,0.02289381883550128,0.23721001239505718
10,0.05,0.2,4,-0.04061157382049561,0.07273805616038138,0.09402803261691478,0.23721001239505718
10,0.05,0.2,5,-0.1185693279466251,0.17968475616762417,0.5737945736729616,0.23721001239505718
10,0.05,0.2,6,-0.4436141859637126,0.10347114430989213,0.190270943496466,0.23721001239505718
10,0.05,0.5,1,0.1176730407552171,-0.10700347094827879,0.18931664824675204,0.24592544277379086
10,0.05,0.5,2,0.05686811076817552,-0.05561216659426671,0.051136700929598336,0.24592544277379086
10,0.05,0.5,3,-0.04524192917231936,0.09279759495928558,0.14238574682420135,0.24592544277379086
10,0.05,0.5,4,-0.0658265900730003,0.033430743310619446,0.01847928408266758,0.24592544277379086
10,0.05,0.5,5,-0.11795947712708242,0.09498353810357173,0.14917284127806202,0.24592544277379086
10,0.05,0.5,6,-0.335841324910081,0.16488173578658327,0.4495087786387187,0.24592544277379086
10,0.05,1,1,0.23488723240260972,-0.19313474356465288,0.7191062064011293,0.2277528859329193
10,0.05,1,2,0.026467994371663237,0.020349993828766816,0.007983637072628542,0.2277528859329193
10,0.05,1,3,-0.006036322238625898,-0.01751633002407041,0.005915050553059802,0.2277528859329193
10,0.05,1,4,-0.05942373571907849,0.04845650435821508,0.0452664445811683,0.2277528859329193
10,0.05,1,5,-0.11630148371764623,-0.04287455579165745,0.03543818650761155,0.2277528859329193
10,0.05,1,6,-0.29397621298780147,0.09830128922703132,0.18629047488440248,0.2277528859329193
10,0.1,0.01,1,0.4296286863860671,0.039645766437185995,0.03687795790770225,0.2064492863567502
10,0.1,0.01,2,0.20298065774569946,-0.07201761261620532,0.12168881693511993,0.2064492863567502
10,0.1,0.01,3,-0.01329432404719989,-0.13719552141654903,0.4416244374445329,0.2064492863567502
10,0.1,0.01,4,-0.01821605910287978,0.12230885295102432,0.35098537021275117,0.2064492863567502
10,0.1,0.01,5,-0.07428617552897682,-0.0425568984554512,0.0424925864092414,0.2064492863567502
10,0.1,0.01,6,-0.35891975345745075,0.01642645125339259,0.006330831090652352,0.2064492863567502
10,0.1,0.02,1,0.42279414840230356,0.056597336654175844,0.0963879423070728,0.18229914853937573
10,0.1,0.02,2,0.23039432581099606,0.04702259812920542,0.06653405033845101,0.18229914853937573
10,0.1,0.02,3,0.008883964050270426,0.02614302613720845,0.02056564968585577,0.18229914853937573
10,0.1,0.02,4,-0.018819125612202097,-0.16463900770174922,0.815635649206892,0.18229914853937573
10,0.1,0.02,5,-0.04324360287089856,0.005177447099600567,8.066071362103663e-4,0.18229914853937573
10,0.1,0.02,6,-0.38320877638303297,-0.0015263275919493967,7.010132551814839e-5,0.18229914853937573
10,0.1,0.05,1,0.3823364161933774,0.056018893397134964,0.10871667264665814,0.16989728917365537
10,0.1,0.05,2,0.252273347866305,0.057818453098775764,0.11581372688503662,0.16989728917365537
10,0.1,0.05,3,-0.013183565357203919,0.0834910040350861,0.24149406871842824,0.16989728917365537
10,0.1,0.05,4,-0.03306805257425186,0.12299529512514974,0.5240878589291909,0.16989728917365537
10,0.1,0.05,5,-0.08558887557262286,-0.00864591441117361,0.0025896970678225837,0.16989728917365537
10,0.1,0.05,6,-0.39498465423416385,-0.014514018005603443,0.007297975752863646,0.16989728917365537
10,0.1,0.1,1,0.3563418373730238,-0.04536440778170838,0.07365947596066036,0.16714790333298085
10,0.1,0.1,2,0.23191391335781564,-0.04484021924666251,0.07196703134111052,0.16714790333298085
10,0.1,0.1,3,0.013063611975993825,-0.0309541359752203,0.03429537101562674,0.16714790333298085
10,0.1,0.1,4,-0.0528623149059141,-0.026265038937604623,0.02469188419273801,0.16714790333298085
10,0.1,0.1,5,-0.07936039612753022,-0.14719511611633895,0.775505593248487,0.16714790333298085
10,0.1,0.1,6,-0.3574222606148984,-0.023567643502667015,0.019880644241377376,0.16714790333298085
10,0.1,0.2,1,0.2666567838054628,0.06018592553780368,0.07494019098738565,0.21985560687126637
10,0.1,0.2,2,0.10267050754303376,-0.05358561871648979,0.05940478217592679,0.21985560687126637
10,0.1,0.2,3,-0.024089622061721605,-0.010965526897042818,0.0024876193000691682,0.21985560687126637
10,0.1,0.2,4,-0.05260174225667535,0.029516665301425,0.018024344938139772,0.21985560687126637
10,0.1,0.2,5,-0.09213390723504318,0.190311160575146,0.7492960170134783,0.21985560687126637
10,0.1,0.2,6,-0.3773998899422799,0.06806547991865364,0.09584704558500036,0.21985560687126637
10,0.1,0.5,1,0.11206794905907076,-0.1172053083685998,0.280473922089504,0.22130999992473613
10,0.1,0.5,2,0.04334360076939669,-0.041665341995774374,0.03544441605841206,0.22130999992473613
10,0.1,0.5,3,-0.04915978391140466,-0.06636241897770617,0.0899171100533214,0.22130999992473613
10,0.1,0.5,4,-0.07784801028367477,-0.004660769474083878,4.4351996024051294e-4,0.22130999992473613
10,0.1,0.5,5,-0.14014733751393088,0.12265397534652757,0.3071575404783489,0.22130999992473613
10,0.1,0.5,6,-0.278793378287165,0.11847084004223796,0.2865634913601732,0.22130999992473613
10,0.1,1,1,0.2887754797207064,0.1421560128461771,0.6377998415138173,0.17800124113828006
10,0.1,1,2,0.008969828902764557,0.005918552242810668,0.0011055666001720098,0.17800124113828006
10,0.1,1,3,-0.022560816478912223,-0.06344651772667151,0.12704849374051533,0.17800124113828006
10,0.1,1,4,-0.0520758804171938,-0.028297375889035713,0.02527238718857397,0.17800124113828006
10,0.1,1,5,-0.08790644830611963,0.003304741586124642,3.4469021117301493e-4,0.17800124113828006
10,0.1,1,6,-0.2569642951909049,-0.0812647351992086,0.20842902074574843,0.17800124113828006
10,0.2,0.01,1,0.3138040964635561,0.042633852506662545,0.07553392735301245,0.15512562536147917
10,0.2,0.01,2,0.1544340046586501,-0.06760686172794493,0.18993913804542925,0.15512562536147917
10,0.2,0.01,3,0.020426794118375398,0.0221919507326458,0.020465571111746357,0.15512562536147917
10,0.2,0.01,4,-0.04737813472900559,-0.12942490235993315,0.696095139737362,0.15512562536147917
10,0.2,0.01,5,-0.0774469063172686,-0.019562542298545444,0.01590316252384252,0.15512562536147917
10,0.2,0.01,6,-0.33224445306879363,-0.007045950762521499,0.0020630612286074426,0.15512562536147917
10,0.2,0.02,1,0.33038785535492377,0.06168545362028587,0.15255907944711464,0.1579296718701334
10,0.2,0.02,2,0.1905017735386717,-0.04383933076481294,0.07705491849611475,0.1579296718701334
10,0.2,0.02,3,0.015907449112587277,-0.06469572412510294,0.16781226155992354,0.1579296718701334
10,0.2,0.02,4,-0.014787731574356092,-0.11108249228281222,0.4947248941289629,0.1579296718701334
10,0.2,0.02,5,-0.06073275932052357,-0.0514066405465628,0.10595244441657507,0.1579296718701334
10,0.2,0.02,6,-0.2925406633308562,-0.006877473565555415,0.001896401951309052,0.1579296718701334
10,0.2,0.05,1,0.28182567139727654,0.021707428661459516,0.027386871532635755,0.13117080086671642
10,0.2,0.05,2,0.12573781024647446,-0.0390998546810926,0.08885378779311054,0.13117080086671642
10,0.2,0.05,3,-0.005818700828626024,-0.037134470231960495,0.08014568125088065,0.13117080086671642
10,0.2,0.05,4,-0.042410815577800076,-0.11675331413858217,0.7922533680300065,0.13117080086671642
10,0.2,0.05,5,-0.09447040888866391,0.013450416458716002,0.010514705722579168,0.13117080086671642
10,0.2,0.05,6,-0.31076495589185854,-0.0038143099214862294,8.455856707874109e-4,0.13117080086671642
10,0.2,0.1,1,0.2670934236784128,0.034645366271696364,0.059368144497857794,0.14218979211034663
10,0.2,0.1,2,0.15498852342470995,-0.04909632363195023,0.11922329150159716,0.14218979211034663
10,0.2,0.1,3,-0.004697703313014258,-0.0140389854068319,0.00974842841010278,0.14218979211034663
10,0.2,0.1,4,-0.05993607397719682,-0.04807704613395245,0.1143243431418757,0.14218979211034663
10,0.2,0.1,5,-0.08340616425775897,-0.11816116159030264,0.6905778824969266,0.14218979211034663
10,0.2,0.1,6,-0.29859074295193094,0.011688926277522823,0.006757909951639944,0.14218979211034663
10,0.2,0.2,1,0.20660296412621182,0.037896629640545035,0.05799973293273239,0.1573575519522696
10,0.2,0.2,2,0.0946202283162725,-0.05104801899792141,0.10524042793993024,0.1573575519522696
10,0.2,0.2,3,-0.010419636688548254,-0.014165377643549072,0.00810365854194493,0.1573575519522696
10,0.2,0.2,4,-0.04424716501167125,-0.001553750155842696,9.749608782329782e-5,0.1573575519522696
10,0.2,0.2,5,-0.08840854356281534,-0.14120977919900204,0.8052938210588955,0.1573575519522696
10,0.2,0.2,6,-0.2847897430551188,0.024001470161729616,0.023264863438673684,0.1573575519522696
10,0.2,0.5,1,0.1296756789230735,-0.05163093190722205,0.10729377137185055,0.15762413212615733
10,0.2,0.5,2,0.06086686191381512,-0.0797295241498109,0.2558544220279463,0.15762413212615733
10,0.2,0.5,3,-0.02412095971844205,-0.020103977038344493,0.016267414858241618,0.15762413212615733
10,0.2,0.5,4,-0.04445387938904369,0.061650262284786594,0.1529764014119588,0.15762413212615733
10,0.2,0.5,5,-0.10748889728408192,0.05081252096634191,0.1039192652694851,0.15762413212615733
10,0.2,0.5,6,-0.24773663546733607,0.09505777116188148,0.36368872506051764,0.15762413212615733
10,0.2,1,1,0.25403280710287013,-0.12487448595540883,0.6403833438973582,0.1560463805124072
10,0.2,1,2,0.02572862650144514,0.022348577104923016,0.020511260757036243,0.1560463805124072
10,0.2,1,3,-0.022837653457791193,0.01944642647361934,0.015530027059305986,0.1560463805124072
10,0.2,1,4,-0.03512485461649768,-0.05930879199389015,0.14445439422904952,0.1560463805124072
10,0.2,1,5,-0.09753148686219892,0.03741433025983588,0.05748685523301966,0.1560463805124072
10,0.2,1,6,-0.2244925945628451,-0.054422865696508574,0.12163411882423049,0.1560463805124072
10,0.5,0.01,1,0.1909477348817468,0.019367624964502922,0.023278932389200754,0.12693893120444055
10,0.5,0.01,2,0.10316942988664675,-0.04981246675442317,0.1539878385668024,0.12693893120444055
10,0.5,0.01,3,0.009164933209755637,0.03678452041687292,0.08397316490173787,0.12693893120444055
10,0.5,0.01,4,-0.023098780048691755,0.1058895293231208,0.6958511688592006,0.12693893120444055
10,0.5,0.01,5,-0.038365576338238644,0.019347644919240677,0.02323092710069096,0.12693893120444055
10,0.5,0.01,6,-0.19270557155680879,-0.0178067624206963,0.01967796818236737,0.12693893120444055
10,0.5,0.02,1,0.20782995358562878,0.023964306055673155,0.05672779485313493,0.10061596725231636
10,0.5,0.02,2,0.10345824096527893,-0.03827578092453019,0.14471525268373364,0.10061596725231636
10,0.5,0.02,3,-0.007865942952712777,0.008375061713857029,0.006928547819876774,0.10061596725231636
10,0.5,0.02,4,-0.036871552827127514,-0.08591264654490012,0.7290887252909543,0.10061596725231636
10,0.5,0.02,5,-0.10552102370084056,0.0028986447627312975,8.299581157388836e-4,0.10061596725231636
10,0.5,0.02,6,-0.2493988890875693,-0.02499445657513351,0.0617097212365616,0.10061596725231636
10,0.5,0.05,1,0.20057438389291235,-0.04155282664151965,0.15460331428441992,0.10567960277933854
10,0.5,0.05,2,0.09593471502725928,0.02091866650017335,0.03918191407447353,0.10567960277933854
10,0.5,0.05,3,0.03129450169892039,-0.019948090754927202,0.035630369516068225,0.10567960277933854
10,0.5,0.05,4,-0.02686403311599783,0.0908686989575067,0.7393435278572829,0.10567960277933854
10,0.5,0.05,5,-0.10164984257244902,0.003612683839268083,0.001168631445890753,0.10567960277933854
10,0.5,0.05,6,-0.2149812799401585,-0.01832627005240887,0.03007224282186478,0.10567960277933854
10,0.5,0.1,1,0.1802279676024636,0.026435507547867016,0.06755080961142615,0.10171204208781655
10,0.5,0.1,2,0.07052460886501488,-0.02881604495348337,0.08026459124959333,0.10171204208781655
10,0.5,0.1,3,5.490565283655799e-4,-0.06064011502163473,0.35544735364367364,0.10171204208781655
10,0.5,0.1,4,-0.014550923166555502,0.05195197886811468,0.26089120679246913,0.10171204208781655
10,0.5,0.1,5,-0.05136698331168913,0.043430313831381455,0.18232288640288957,0.10171204208781655
10,0.5,0.1,6,-0.2101851515377691,-0.023531153434475885,0.053523152299948064,0.10171204208781655
10,0.5,0.2,1,0.16676025086151808,-0.023112378852989023,0.036574285217399416,0.1208528020031332
10,0.5,0.2,2,0.048049035890026535,0.03402241924879634,0.0792532235471122,0.1208528020031332
10,0.5,0.2,3,-0.012362122795376497,0.05144147034532628,0.18118126968248013,0.1208528020031332
10,0.5,0.2,4,-0.05631989571232076,-0.025637229732536754,0.04500168153689049,0.1208528020031332
10,0.5,0.2,5,-0.06768713393002282,0.09390851143051776,0.6038046660025812,0.1208528020031332
10,0.5,0.2,6,-0.18449106128546905,-0.02813168579164639,0.05418487401353656,0.1208528020031332
10,0.5,0.5,1,0.12642634321845997,0.02732388979433211,0.04258520692263539,0.13240767025243866
10,0.5,0.5,2,0.0803936648376294,-0.06714768208431576,0.25717915373617994,0.13240767025243866
10,0.5,0.5,3,-0.016231874963526887,0.022150192616071592,0.027985220047636185,0.13240767025243866
10,0.5,0.5,4,-0.05694111775120164,-0.025139040415829015,0.03604716414435784,0.13240767025243866
10,0.5,0.5,5,-0.07594753296353515,-0.06805585800723513,0.26418292185161807,0.13240767025243866
10,0.5,0.5,6,-0.10769433123002932,0.0807600320940419,0.37202033329757256,0.13240767025243866
10,0.5,1,1,0.2765028331158738,-0.0527232857496542,0.21778947728536427,0.11297543485822538
10,0.5,1,2,0.03268979710805381,0.008793146729657966,0.006057879036279926,0.11297543485822538
10,0.5,1,3,-8.058709018076046e-4,0.03428576717985818,0.09210001481841075,0.11297543485822538
10,0.5,1,4,-0.043319200947143144,-0.0677687261132595,0.35982439242616227,0.11297543485822538
10,0.5,1,5,-0.09773388026432389,-0.043883466869721055,0.15088074409977964,0.11297543485822538
10,0.5,1,6,-0.20006684464144395,0.04703734534521284,0.17334749233400312,0.11297543485822538
10,1,0.01,1,0.16465271324557965,-0.010128613173189369,0.01699977560982489,0.07768342958402422
10,1,0.01,2,0.0495050565553256,-0.02035420048656859,0.06865170294282733,0.07768342958402422
10,1,0.01,3,0.006650923339077504,0.010434603377824347,0.018042433398729275,0.07768342958402422
10,1,0.01,4,-0.01503107972602796,-0.06561123026032112,0.7133449335755659,0.07768342958402422
10,1,0.01,5,-0.09374898493417787,0.010297083407218818,0.017569996697458866,0.07768342958402422
10,1,0.01,6,-0.19167119757285742,0.03159253929420541,0.16539115777559357,0.07768342958402422
10,1,0.02,1,0.1220616489697571,-0.021015442364705563,0.06387521388196192,0.08315193355566566
10,1,0.02,2,0.05388809689456915,-0.04770764352156332,0.32917832124377516,0.08315193355566566
10,1,0.02,3,0.011756176112893372,-0.015981326566789883,0.03693864388326536,0.08315193355566566
10,1,0.02,4,-0.011761034177074114,0.06106476647752575,0.5393077935646198,0.08315193355566566
10,1,0.02,5,-0.07980200879017087,0.013279294012512093,0.025503821978565426,0.08315193355566566
10,1,0.02,6,-0.1593688497611076,-0.005993983034772237,0.0051962054478123885,0.08315193355566566
10,1,0.05,1,0.13931485105950028,0.03032050556794169,0.26945493618270205,0.05841082853039242
10,1,0.05,2,0.08468519564721325,-0.018773575191400053,0.1033016455624013,0.05841082853039242
10,1,0.05,3,0.022023143988852294,-0.013897181144958795,0.056606552219053065,0.05841082853039242
10,1,0.05,4,-0.03201751576214203,0.0366346123145263,0.393365680496654,0.05841082853039242
10,1,0.05,5,-0.08430975293887354,-0.015265688822161812,0.06830399060777297,0.05841082853039242
10,1,0.05,6,-0.16670514546011284,-0.019281519333746878,0.10896719493141661,0.05841082853039242
10,1,0.1,1,0.13215817197665128,0.011169856230111897,0.022391790859952302,0.07464542046141077
10,1,0.1,2,0.06599957723177217,-0.023287711256705014,0.09733012429686665,0.07464542046141077
10,1,0.1,3,0.008858507111653363,-0.006459973335202044,0.0074895394620131325,0.07464542046141077
10,1,0.1,4,-0.0193097012574775,0.0683340186599137,0.8380454770397459,0.07464542046141077
10,1,0.1,5,-0.07757918802676557,8.793751653174637e-4,1.3878484845375087e-4,0.07464542046141077
10,1,0.1,6,-0.16956631419044296,-0.013885710269821817,0.034604283492968194,0.07464542046141077
10,1,0.2,1,0.09680094405930743,0.02651805936473869,0.18713909292743564,0.06129985940814851
10,1,0.2,2,0.05325606833466115,-0.00991148594061523,0.026143190143196497,0.06129985940814851
10,1,0.2,3,-0.0030447273337670462,-0.049554234779445754,0.6534954848798856,0.06129985940814851
10,1,0.2,4,-0.013253658084654205,-0.001973956213415607,0.0010369458379594291,0.06129985940814851
10,1,0.2,5,-0.058193501366334596,0.01028536877715575,0.02815274707016169,0.06129985940814851
10,1,0.2,6,-0.13326937191120625,0.019771702982923633,0.10403253914136107,0.06129985940814851
10,1,0.5,1,0.08437672529312092,0.0020392190120753573,6.033318560979212e-4,0.08302057617145835
10,1,0.5,2,0.04526348373361492,0.029673136302824442,0.12774838451124107,0.08302057617145835
10,1,0.5,3,-0.003956792519964666,-0.028164447564443078,0.1150882504484017,0.08302057617145835
10,1,0.5,4,-0.031931292607772,0.036060577783397184,0.1886661015924107,0.08302057617145835
10,1,0.5,5,-0.053875471854179985,0.05799232612648095,0.4879435391679183,0.08302057617145835
10,1,0.5,6,-0.13028067041826283,-0.0234744833675394,0.07995039242393027,0.08302057617145835
10,1,1,1,0.23699030269592652,-0.04300760203563426,0.3076597211743045,0.07753716312834197
10,1,1,2,0.037556278166294976,0.020926065529884137,0.07283755303372566,0.07753716312834197
10,1,1,3,0.01569439008179727,-0.032660139333043195,0.17742558739329164,0.07753716312834197
10,1,1,4,-0.06279971408141183,0.04584242021459173,0.3495547926194451,0.07753716312834197
10,1,1,5,-0.09364397766706296,-0.017154371175819742,0.04894741839947558,0.07753716312834197
10,1,1,6,-0.1360041056009815,0.016185579129330444,0.04357492737975743,0.07753716312834197
10,10,0.01,1,0.05327283288149467,-0.004796966255912134,0.07611892764754004,0.01738682699482055
10,10,0.01,2,0.03784629929293939,-0.0038067700740460745,0.04793719604779828,0.01738682699482055
10,10,0.01,3,0.024409169196462844,-0.015006981958221446,0.7449824729704982,0.01738682699482055
10,10,0.01,4,-0.002005312369459901,0.0032388992437652154,0.03470197644892127,0.01738682699482055
10,10,0.01,5,-0.014212500452245638,0.00531282690865143,0.09337071150282988,0.01738682699482055
10,10,0.01,6,-0.02925426674950147,-9.344858072065804e-4,0.0028887153824121744,0.01738682699482055
10,10,0.02,1,0.03411306459376152,-0.010356775714832251,0.07176923873552361,0.03865942599884974
10,10,0.02,2,0.022472794139358963,0.002745479024631973,0.005043423725520722,0.03865942599884974
10,10,0.02,3,0.017518122131751374,-0.03264340537985661,0.7129845411520688,0.03865942599884974
10,10,0.02,4,-0.01076772524277224,-0.008387942084390079,0.047076053023359286,0.03865942599884974
10,10,0.02,5,-0.019745823621736935,-0.00913358504122196,0.05581767601486477,0.03865942599884974
10,10,0.02,6,-0.02986736089731785,0.012664079017778551,0.10730906734866279,0.03865942599884974
10,10,0.05,1,0.08402245744247824,0.009755329430081616,0.11417401838612133,0.028870765322424188
10,10,0.05,2,0.04144708612018024,0.018334788444485293,0.4033064924392433,0.028870765322424188
10,10,0.05,3,0.023349252309835682,-0.006546048378102921,0.051409316293260225,0.028870765322424188
10,10,0.05,4,-0.01248128213651873,-0.011034302259298223,0.14607407990764548,0.028870765322424188
10,10,0.05,5,-0.02612886758747418,0.015254994099043786,0.27919490900632976,0.028870765322424188
10,10,0.05,6,-0.048893545197227155,-0.002206524422970352,0.005841183967399959,0.028870765322424188
10,10,0.1,1,0.05353063433733097,-0.014682159269586713,0.5070645928274745,0.020618557964529525
10,10,0.1,2,0.014401612664445018,0.0014890476628616396,0.005215556116748078,0.020618557964529525
10,10,0.1,3,0.011033893376193187,0.008877322310853315,0.18537339351174736,0.020618557964529525
10,10,0.1,4,-0.008141474780424323,-0.00866449292771014,0.17659147217356988,0.020618557964529525
10,10,0.1,5,-0.03099464773037786,0.004705575194573545,0.052084543194549596,0.020618557964529525
10,10,0.1,6,-0.06338522495307188,0.005596350753837738,0.07367044217591066,0.020618557964529525
10,10,0.2,1,0.10714558339673334,0.0018673064899174005,0.0040857464851636925,0.029213251576114648
10,10,0.2,2,0.01106227482993132,0.014395090971278637,0.2428113760090089,0.029213251576114648
10,10,0.2,3,0.00592379973628365,-0.0059858242812767404,0.04198441727708128,0.029213251576114648
10,10,0.2,4,-0.01075626434176726,0.020921694140787855,0.5129014183306362,0.029213251576114648
10,10,0.2,5,-0.018320132146529746,-0.004648967404824415,0.025325218730750713,0.029213251576114648
10,10,0.2,6,-0.05036585901267505,-0.012146946697527356,0.1728918231673592,0.029213251576114648
10,10,0.5,1,0.08258671202089726,-0.01612905173400353,0.40381651112311967,0.02538147161182618
10,10,0.5,2,0.03527973752971439,-0.005541707803028863,0.0476709326342651,0.02538147161182618
10,10,0.5,3,0.011455244983943394,-0.004980580335701509,0.03850581337135932,0.02538147161182618
10,10,0.5,4,-0.012166462638650259,-0.016643577795058276,0.42999141334358704,0.02538147161182618
10,10,0.5,5,-0.03423617952602378,0.006897767251693305,0.07385560746528604,0.02538147161182618
10,10,0.5,6,-0.06268411127568829,-0.001992036799499162,0.006159722062382899,0.02538147161182618
10,10,1,1,0.16442697109462662,-0.002355236114357609,0.007531901044298807,0.02713826939343121
10,10,1,2,-0.00439223809987911,0.009417219891375346,0.12041514806915317,0.02713826939343121
10,10,1,3,-0.004970895281967594,0.01268580974559024,0.21851038846059967,0.02713826939343121
10,10,1,4,-0.0167906217201456,0.016020837188623384,0.3485026745099324,0.02713826939343121
10,10,1,5,-0.027969303212701465,-0.01380675118702454,0.2588324352068287,0.02713826939343121
10,10,1,6,-0.07587351562368447,-0.005833620365387301,0.04620745270918735,0.02713826939343121
10,100,0.01,1,0.05491682203562201,-0.012980142826038026,0.33914357490845093,0.022288850659025885
10,100,0.01,2,0.03707854667867076,-0.004957389202197156,0.049468721267469394,0.022288850659025885
10,100,0.01,3,0.015093256314181484,0.003498846752695949,0.024641917171810912,0.022288850659025885
10,100,0.01,4,-0.0037244011391681154,-0.01450857266602679,0.42371518632027355,0.022288850659025885
10,100,0.01,5,-0.01790224916882912,-9.464881147340548e-4,0.0018032460141640691,0.022288850659025885
10,100,0.01,6,-0.041400777393488825,0.008949670332385865,0.16122735431783114,0.022288850659025885
10,100,0.02,1,0.02455671753869829,-0.0038200740901086693,0.1858338329944443,0.00886154390896418
10,100,0.02,2,0.007966821862073356,0.00461140942647704,0.27079994917167155,0.00886154390896418
10,100,0.02,3,-0.0016507180795100372,-0.004068215727030063,0.2107604713936095,0.00886154390896418
10,100,0.02,4,-0.010826356166982572,-9.681580170099238e-4,0.011936409362125235,0.00886154390896418
10,100,0.02,5,-0.018589556680285817,0.0041228246379965226,0.21645665257075283,0.00886154390896418
10,100,0.02,6,-0.05472804878782076,-0.002860682672851496,0.10421268450739656,0.00886154390896418
10,100,0.05,1,0.054453349975230055,-0.0052182184912567915,0.07513316734959534,0.019037346326881973
10,100,0.05,2,0.040170495719615736,-0.01639422594619955,0.7415987877653156,0.019037346326881973
10,100,0.05,3,0.023223694773893154,-0.006609573532658783,0.12054079621166679,0.019037346326881973
10,100,0.05,4,7.177562084951941e-4,0.0011688111131485201,0.003769431393260826,0.019037346326881973
10,100,0.05,5,-0.02305249874504619,6.387680931085023e-4,0.001125832050509604,0.019037346326881973
10,100,0.05,6,-0.042170670001846294,-0.004578154671206859,0.05783198522965175,0.019037346326881973
10,100,0.1,1,0.05962317312679619,0.020897995877563257,0.30562047370503775,0.03780188154691354
10,100,0.1,2,0.0362004367238435,0.007059707147933604,0.03487759562258994,0.03780188154691354
10,100,0.1,3,0.007905772913209996,0.014165264351084611,0.140417919360844,0.03780188154691354
10,100,0.1,4,-0.007999360465789428,0.01633876667100816,0.1868149843095113,0.03780188154691354
10,100,0.1,5,-0.025704510287949928,-0.0056420192209418255,0.02227626055060069,0.03780188154691354
10,100,0.1,6,-0.027157270425260376,-0.021046951333112688,0.30999276645141643,0.03780188154691354
10,100,0.2,1,0.023855029052942386,-0.007820473587955746,0.05102883827242193,0.03461985248338871
10,100,0.2,2,0.012501127954761503,0.008768522502152789,0.06415085007227485,0.03461985248338871
10,100,0.2,3,0.006252414601330845,-0.016737297991630738,0.23373312779856356,0.03461985248338871
10,100,0.2,4,-0.007350344901936652,-0.026761569665747324,0.5975479209164756,0.03461985248338871
10,100,0.2,5,-0.025157968026082004,-0.006695012872250515,0.0373983469843741,0.03461985248338871
10,100,0.2,6,-0.06280244250155012,0.0043983450940130505,0.01614091595589009,0.03461985248338871
10,100,0.5,1,0.05695400734424442,0.0033529273450207536,0.020255780278599957,0.023558609529115815
10,100,0.5,2,0.048679142156250715,-0.02261166766762356,0.921225348643077,0.023558609529115815
10,100,0.5,3,0.03244982493034962,-0.0011145266863659886,0.0022381110704369172,0.023558609529115815
10,100,0.5,4,0.019765578143027544,0.00490221229173567,0.043299703358754084,0.023558609529115815
10,100,0.5,5,-0.011456814767522104,-0.002169556349443982,0.008480912076871877,0.023558609529115815
10,100,0.5,6,-0.03580399948296468,-0.001580384956909878,0.004500144572260194,0.023558609529115815
10,100,1,1,0.059765952117672466,-0.0027661195204620286,0.015922901886476947,0.02192097324211986
10,100,1,2,0.04772431956719281,-0.012678731216651931,0.33452757805625016,0.02192097324211986
10,100,1,3,0.014957350402601674,-0.0013217311353934053,0.003635520327561736,0.02192097324211986
10,100,1,4,-0.01511354953328367,0.015095834189545871,0.4742360558598875,0.02192097324211986
10,100,1,5,-0.02996327301313477,9.41316259279369e-4,0.0018439598334596078,0.02192097324211986
10,100,1,6,-0.03751051916114635,0.00903383451495739,0.16983398403636402,0.02192097324211986
10,1000,0.01,1,0.05122218279423221,-0.005822797049986844,0.07295012709111708,0.02155850430445586
10,1000,0.01,2,0.025044484501354245,0.004706454000006298,0.04765959888528346,0.02155850430445586
10,1000,0.01,3,0.017986342095625312,0.005215001049711664,0.05851558438249196,0.02155850430445586
10,1000,0.01,4,-0.0023787019428433533,0.011448564490802693,0.28201019966178925,0.02155850430445586
10,1000,0.01,5,-0.011334443821600015,0.012684127392270992,0.346165622860053,0.02155850430445586
10,1000,0.01,6,-0.05509811386758538,0.009463639920971725,0.19269886711926523,0.02155850430445586
10,1000,0.02,1,0.057184379431559365,-0.014444780761504149,0.22730547642209323,0.03029744494950727
10,1000,0.02,2,0.04503613087190146,-0.013047436843246428,0.18545493587704331,0.03029744494950727
10,1000,0.02,3,0.026197867954630385,-0.017629331612730566,0.33857873966526747,0.03029744494950727
10,1000,0.02,4,1.4004780840199728e-4,0.00941713018630391,0.09661067992475068,0.03029744494950727
10,1000,0.02,5,-0.01242014714500782,-0.009749613243711349,0.10355301927634503,0.03029744494950727
10,1000,0.02,6,-0.027867410258062386,-0.006672123993349455,0.04849714883450023,0.03029744494950727
10,1000,0.05,1,0.032328906815392265,8.44399034407697e-4,0.0012409367191562395,0.02397026913567055
10,1000,0.05,2,0.01749043293122034,-0.0011516339161238773,0.0023082512135826757,0.02397026913567055
10,1000,0.05,3,0.00276314185365466,-0.010058515896665328,0.1760848503959663,0.02397026913567055
10,1000,0.05,4,-0.011537648824149064,-0.011658622290021684,0.23656399425975738,0.02397026913567055
10,1000,0.05,5,-0.02897116312031585,-0.018166255324511226,0.5743610848874646,0.02397026913567055
10,1000,0.05,6,-0.05493399266438781,-0.002329052118397662,0.009440882524072826,0.02397026913567055
10,1000,0.1,1,0.046999390361780344,-0.005586726271575844,0.048155699812503096,0.025458542918131915
10,1000,0.1,2,0.03770616211331567,0.014377773377245785,0.31894528056977817,0.025458542918131915
10,1000,0.1,3,0.016276235704339587,-0.0036311365459369494,0.02034314400368366,0.025458542918131915
10,1000,0.1,4,-0.01631475238466885,0.002221349262033405,0.007613188942233661,0.025458542918131915
10,1000,0.1,5,-0.02359412581177082,-0.018240820427918247,0.513359553122515,0.025458542918131915
10,1000,0.1,6,-0.046870920296703346,0.007704443831366179,0.09158313354928647,0.025458542918131915
10,1000,0.2,1,0.05091639136386603,0.006572898365472745,0.061330442686421245,0.026541096880099674
10,1000,0.2,2,0.011654699511738382,-0.011265272753060147,0.18015473784527158,0.026541096880099674
10,1000,0.2,3,0.0019500862423451194,-0.008077730407956979,0.09262772011877746,0.026541096880099674
10,1000,0.2,4,-0.009866160722740805,-0.0038007566625654376,0.02050701251436825,0.026541096880099674
10,1000,0.2,5,-0.023854265693102842,0.021221828610305703,0.6393341032387451,0.026541096880099674
10,1000,0.2,6,-0.038733497057747306,-0.0020637274912897255,0.006045983596416286,0.026541096880099674
10,1000,0.5,1,0.05479660229235988,0.0015108779050501016,0.0027542692299073546,0.028788973172987065
10,1000,0.5,2,0.02450066425218823,-0.019507730167382116,0.4591569152456486,0.028788973172987065
10,1000,0.5,3,0.017954746984391666,0.016699463454868124,0.33647490982370487,0.028788973172987065
10,1000,0.5,4,0.006493584996615303,-0.0067407267999887365,0.054822785924762606,0.028788973172987065
10,1000,0.5,5,-0.023438851888253603,-0.011020111196996437,0.14652765639543347,0.028788973172987065
10,1000,0.5,6,-0.04070220379826353,4.6728980395617124e-4,2.6346338054306713e-4,0.028788973172987065
10,1000,1,1,0.04045291627446037,-0.009731571142696752,0.5507496389755937,0.01311311443882606
10,1000,1,2,0.013760357119163529,-0.001230885031760994,0.008810960986174041,0.01311311443882606
10,1000,1,3,0.004175714128637409,0.005233562488226668,0.1592880241745034,0.01311311443882606
10,1000,1,4,-0.01217582305728586,0.005406348955335447,0.16997946005071773,0.01311311443882606
10,1000,1,5,-0.051328078849922416,-2.0048232064119164e-5,2.337439930679367e-6,0.01311311443882606
10,1000,1,6,-0.06299393219178963,0.004372188026872607,0.11116957837308042,0.01311311443882606
10,10000,0.01,1,0.03773539078044261,0.005573252129135433,0.04932812616220383,0.02509350816556079
10,10000,0.01,2,0.030660928024293762,-0.015257975697710063,0.36971840824025043,0.02509350816556079
10,10000,0.01,3,0.018630996520667322,8.778759020374692e-4,0.00122389311667273,0.02509350816556079
10,10000,0.01,4,-0.019245155614095052,-0.015846601651118664,0.39879482923253984,0.02509350816556079
10,10000,0.01,5,-0.029875767020975726,0.002947775722246071,0.013799587746180808,0.02509350816556079
10,10000,0.01,6,-0.039950545555094266,-0.010258769841991993,0.16713515550215233,0.02509350816556079
10,10000,0.02,1,0.06156423695602039,0.004134069125653805,0.11984145168686555,0.011941921268072635
10,10000,0.02,2,0.021712389250313952,0.001467795703099212,0.01510715958056198,0.011941921268072635
10,10000,0.02,3,0.008261750485156096,-4.846130610234527e-4,0.0016468036559052425,0.011941921268072635
10,10000,0.02,4,-0.002203693840410451,-0.006354197120974463,0.2831215711651884,0.011941921268072635
10,10000,0.02,5,-0.018276409566475794,0.0029582022827986765,0.0613631052207357,0.011941921268072635
10,10000,0.02,6,-0.03550483617191426,0.008602493835746412,0.5189199086907431,0.011941921268072635
10,10000,0.05,1,0.01914326937562771,0.0027056987925758013,0.04021369825189455,0.013492500425385209
10,10000,0.05,2,0.004304629365530952,-0.0030638842429799315,0.05156557031486377,0.013492500425385209
10,10000,0.05,3,-0.00383398311605493,0.00789173244626343,0.34210531774920855,0.013492500425385209
10,10000,0.05,4,-0.014112765942981094,-7.150830737919145e-4,0.0028088472084660523,0.013492500425385209
10,10000,0.05,5,-0.025198916476196494,-0.004894925796920888,0.13161559287090713,0.013492500425385209
10,10000,0.05,6,-0.04070543423165117,0.008865003765103597,0.43169097360465997,0.013492500425385209
10,10000,0.1,1,0.06129035288185325,-0.024279970357689303,0.526183025540096,0.03347185143916164
10,10000,0.1,2,0.05023774598309062,-0.017758370387610398,0.2814794858888097,0.03347185143916164
10,10000,0.1,3,0.011882230127052458,-0.010423050907192552,0.09696840391175937,0.03347185143916164
10,10000,0.1,4,-0.005360210943671364,0.008760843177047945,0.06850658867285779,0.03347185143916164
10,10000,0.1,5,-0.01332423728664761,-0.0031271061226762235,0.008728221704329634,0.03347185143916164
10,10000,0.1,6,-0.016923820325914985,0.0045074386609519025,0.018134274282147356,0.03347185143916164
10,10000,0.2,1,0.05309888440404383,0.020941078910036423,0.3145872886733772,0.03733605847930676
10,10000,0.2,2,0.032780011946172236,-0.0034329110472844475,0.008454115254854927,0.03733605847930676
10,10000,0.2,3,0.0209614909648284,0.003876566085423892,0.010780463852716731,0.03733605847930676
10,10000,0.2,4,0.013131092167169409,0.006701594495572108,0.03221805771896205,0.03733605847930676
10,10000,0.2,5,-0.02014435295494002,-0.01351554696877351,0.13104194062272295,0.03733605847930676
10,10000,0.2,6,-0.04225657729818126,-0.026477508480452057,0.5029181338773662,0.03733605847930676
10,10000,0.5,1,0.020035939662110775,0.005639594619673021,0.11236517360138933,0.016824107085956136
10,10000,0.5,2,0.019305238919949196,0.00994687804783425,0.3495501869815744,0.016824107085956136
10,10000,0.5,3,0.013025901113209672,0.0015918988231810012,0.008952964767116257,0.016824107085956136
10,10000,0.5,4,0.001098310407387082,0.008125077548210773,0.23323352787958146,0.016824107085956136
10,10000,0.5,5,-0.004742774886958693,-0.008714864050047707,0.26832255780862324,0.016824107085956136
10,10000,0.5,6,-0.03772352816258739,-0.002793794270967342,0.027575588961715344,0.016824107085956136
10,10000,1,1,0.06307114312969371,0.027970397707658367,0.7692104976595561,0.031891580319376896
10,10000,1,2,0.03261188389504732,0.011987856554364115,0.14129636669773482,0.031891580319376896
10,10000,1,3,0.03058393405056646,-0.008795651461745872,0.07606483763013136,0.031891580319376896
10,10000,1,4,3.321611473838924e-4,7.561268005281032e-4,5.621305425965822e-4,0.031891580319376896
10,10000,1,5,-0.0019876796745854283,-3.4101311445584393e-4,1.1433786582260233e-4,0.031891580319376896
10,10000,1,6,-0.01816514842506779,-0.003601324791719912,0.012751829604158623,0.031891580319376896
20,0.05,0.01,1,0.4997378195301976,-0.07183826160195547,0.1547854500988576,0.18259578459545103
20,0.05,0.01,2,0.33160528419199814,-0.03484490033791169,0.03641639566446925,0.18259578459545103
20,0.05,0.01,3,0.05515564998504198,0.018679005430332577,0.010464681199116085,0.18259578459545103
20,0.05,0.01,4,-8.683814056190444e-4,0.07191432329490706,0.1551133944509955,0.18259578459545103
20,0.05,0.01,5,-0.02265265037363137,-0.1464041320901061,0.6428729823975585,0.18259578459545103
20,0.05,0.01,6,-0.36107172289310774,0.0034018539930922385,3.47096189003002e-4,0.18259578459545103
20,0.05,0.02,1,0.5018657776281108,-0.06095727490895807,0.1312454893995106,0.16826095531735535
20,0.05,0.02,2,0.2821938705024114,-0.057512474684660336,0.11683081587449083,0.16826095531735535
20,0.05,0.02,3,0.01207017541714685,-0.08632316754079034,0.2632013031792951,0.16826095531735535
20,0.05,0.02,4,0.010583130113026452,-0.04458502483507443,0.07021199692130276,0.16826095531735535
20,0.05,0.02,5,-0.027163051668872513,-0.1081623371459777,0.41322389309263907,0.16826095531735535
20,0.05,0.02,6,-0.3803464656118166,0.012233973390904672,0.005286501532761667,0.16826095531735535
20,0.05,0.05,1,0.43991915110979907,-0.04335733751419016,0.07521632890729539,0.1580907787345231
20,0.05,0.05,2,0.24746847214907097,-0.028112072724731697,0.031620785767787776,0.1580907787345231
20,0.05,0.05,3,0.02560255919876789,-0.05222196693611547,0.10911724024878353,0.1580907787345231
20,0.05,0.05,4,-0.002601699855485307,-0.019607494527817636,0.015382648894204522,0.1580907787345231
20,0.05,0.05,5,-0.053205730289522336,-0.13858895730561593,0.7685005402160838,0.1580907787345231
20,0.05,0.05,6,-0.38764661807982936,-0.002014996847383599,1.6245596584488577e-4,0.1580907787345231
20,0.05,0.1,1,0.37850729088354834,0.047684823085966235,0.09713616284355239,0.1529993916194296
20,0.05,0.1,2,0.15776053498839027,-0.012162514751751006,0.00631927641116101,0.1529993916194296
20,0.05,0.1,3,0.012686641512153358,-0.010737069395229438,0.00492483984904413,0.1529993916194296
20,0.05,0.1,4,-0.023900416599847735,-0.015345588461739518,0.01005976154484901,0.1529993916194296
20,0.05,0.1,5,-0.08233219264244547,-0.1385850467137697,0.8204523008846654,0.1529993916194296
20,0.05,0.1,6,-0.42253317053265643,0.037821393430125624,0.06110765846672814,0.1529993916194296
20,0.05,0.2,1,0.28333736948270855,0.06842492760026946,0.1257139669011443,0.19298456760815072
20,0.05,0.2,2,0.11659050693343877,-0.0454012305651391,0.05534649030405788,0.19298456760815072
20,0.05,0.2,3,0.01210512356367749,0.023593356751668466,0.014946321056684439,0.19298456760815072
20,0.05,0.2,4,-0.024846772277851287,0.03187695229272577,0.027284023980939515,0.19298456760815072
20,0.05,0.2,5,-0.09893969285927585,0.1640182785772573,0.7223361277308321,0.19298456760815072
20,0.05,0.2,6,-0.36648124049037967,0.04500020670222374,0.0543730700263417,0.19298456760815072
20,0.05,0.5,1,0.08169420168387578,0.07572381533753009,0.1951403821764561,0.17141898219061558
20,0.05,0.5,2,0.028019514830156977,-0.017828869511116438,0.01081757185248718,0.17141898219061558
20,0.05,0.5,3,-0.017854483068099496,0.06798233267184155,0.1572802897496992,0.17141898219061558
20,0.05,0.5,4,-0.031148372315616592,-0.03729250818805533,0.04732878583126791,0.17141898219061558
20,0.05,0.5,5,-0.08611668272800492,0.04218765564966658,0.060569356648178814,0.17141898219061558
20,0.05,0.5,6,-0.29685980415932395,0.12466104301775215,0.5288636137419107,0.17141898219061558
20,0.05,1,1,0.20767747618824847,0.11199165931000905,0.7519925659433493,0.12914538928927277
20,0.05,1,2,0.02195898191168624,0.010074516993970007,0.006085421381813172,0.12914538928927277
20,0.05,1,3,-0.006472581643883029,-0.016164769809272048,0.01566683384666019,0.12914538928927277
20,0.05,1,4,-0.03512499320161597,-0.0032186663320541925,6.211465865992652e-4,0.12914538928927277
20,0.05,1,5,-0.0564609290024677,-0.017149313875654167,0.017633384874974272,0.12914538928927277
20,0.05,1,6,-0.26335753809733237,0.05889945131032484,0.20800064736660379,0.12914538928927277
20,0.1,0.01,1,0.3872349673655747,0.04128384428543038,0.07202083445518526,0.15383354805832725
20,0.1,0.01,2,0.21339908615198447,-0.05248311344322647,0.11639573515812855,0.15383354805832725
20,0.1,0.01,3,0.033655767344509153,0.05261331495148029,0.11697396680701136,0.15383354805832725
20,0.1,0.01,4,0.01779837509616455,0.032273741570820205,0.04401457579165303,0.15383354805832725
20,0.1,0.01,5,-0.012477036123481755,0.1227713753231605,0.6369306206800107,0.15383354805832725
20,0.1,0.01,6,-0.3547111160150758,-0.01798225816273765,0.013664267108011129,0.15383354805832725
20,0.1,0.02,1,0.3761390103399546,-0.049413314014149605,0.1090581901003523,0.14962867797659335
20,0.1,0.02,2,0.23180852908544172,-0.04730899065398593,0.09996723663048163,0.14962867797659335
20,0.1,0.02,3,0.002355029826123772,-0.12817668898847415,0.7338181007899799,0.14962867797659335
20,0.1,0.02,4,2.2653341637275724e-4,-0.02881521878311792,0.03708635619097657,0.14962867797659335
20,0.1,0.02,5,-0.037291525321431734,0.0075783834496403095,0.0025652132475613414,0.14962867797659335
20,0.1,0.02,6,-0.3151982984969556,0.019796786233791337,0.017504903040648324,0.14962867797659335
20,0.1,0.05,1,0.3285575741991381,-0.042839551920840366,0.12141143184118751,0.12294620539466318
20,0.1,0.05,2,0.2266840425894222,-0.03188535450161541,0.06725928422041325,0.12294620539466318
20,0.1,0.05,3,0.009500132070598164,-0.04791499690772956,0.1518842253234069,0.12294620539466318
20,0.1,0.05,4,-0.025371140944944574,0.010678471721296011,0.007543761427354246,0.12294620539466318
20,0.1,0.05,5,-0.0466795816123676,-0.09903971155028475,0.6489159890445904,0.12294620539466318
20,0.1,0.05,6,-0.3435325700158043,0.0067175315064973325,0.0029853081430477467,0.12294620539466318
20,0.1,0.1,1,0.2907297731653264,0.031527700331295025,0.06918620715176872,0.11986227944659174
20,0.1,0.1,2,0.17243359823318186,-0.02414773375693706,0.04058706926783047,0.11986227944659174
20,0.1,0.1,3,0.019053352207195756,-0.016514984409696114,0.01898415499866307,0.11986227944659174
20,0.1,0.1,4,-0.026712359172165884,0.0011575958766285909,9.327148198192259e-5,0.11986227944659174
20,0.1,0.1,5,-0.045982600308048086,-0.11112995291938657,0.8596015614239239,0.11986227944659174
20,0.1,0.1,6,-0.33106661641027824,0.01288044743888277,0.011547735675831948,0.11986227944659174
20,0.1,0.2,1,0.23925863179507287,0.05144473233617479,0.09560088174213237,0.16638338784870876
20,0.1,0.2,2,0.0717145961176658,-0.029343897155068976,0.031103958062736442,0.16638338784870876
20,0.1,0.2,3,0.036495061097824,0.021499660024603816,0.01669718499188316,0.16638338784870876
20,0.1,0.2,4,-0.04802286763526348,-0.04480510731273106,0.07251621328195013,0.16638338784870876
20,0.1,0.2,5,-0.059100903267067705,0.144639197097636,0.7557046223334258,0.16638338784870876
20,0.1,0.2,6,-0.29728065729384173,0.02802813955827655,0.02837713958787207,0.16638338784870876
20,0.1,0.5,1,0.09437135563218252,0.06737486269519398,0.19996484136667322,0.150668016747123
20,0.1,0.5,2,0.02980447558937225,0.02071726659757965,0.01890700618054495,0.150668016747123
20,0.1,0.5,3,-0.011600469903099288,-0.05897242268104891,0.15319895256042335,0.150668016747123
20,0.1,0.5,4,-0.05658469708580851,0.010269588757596957,0.004645836933311895,0.150668016747123
20,0.1,0.5,5,-0.08672301753471774,0.07117185976462394,0.223138487715452,0.150668016747123
20,0.1,0.5,6,-0.21177841306679585,0.09530807573108457,0.40014487524359454,0.150668016747123
20,0.1,1,1,0.23073991548615583,-0.09329703268729272,0.6792064967790413,0.11320534055434056
20,0.1,1,2,0.03096503439859755,0.011669913913735133,0.01062677471325825,0.11320534055434056
20,0.1,1,3,-0.004352610466035403,-0.03162487093644477,0.07804115576438628,0.11320534055434056
20,0.1,1,4,-0.047334265218721396,-0.009039091693511652,0.006375522060502058,0.11320534055434056
20,0.1,1,5,-0.07026365342579444,-0.01910430298725646,0.028479251013827422,0.11320534055434056
20,0.1,1,6,-0.2109227771808282,0.05028035300191389,0.1972707996689846,0.11320534055434056
20,0.2,0.01,1,0.28294818221773566,0.04221587349496113,0.10079133891498482,0.13297321603351436
20,0.2,0.01,2,0.16949257189079042,-0.04599378636921644,0.11963823085104698,0.13297321603351436
20,0.2,0.01,3,0.007971534809014818,-0.06471275988459294,0.23683806224556858,0.13297321603351436
20,0.2,0.01,4,-0.010751824079199286,0.0071410402026001844,0.0028839957168239464,0.13297321603351436
20,0.2,0.01,5,-0.026243791946439693,-0.09065979484214891,0.46483745933308607,0.13297321603351436
20,0.2,0.01,6,-0.2824400021576407,-0.03641886427250765,0.07501091293848962,0.13297321603351436
20,0.2,0.02,1,0.2748407411992511,-0.0263517264165925,0.04567800480288364,0.12329785182061857
20,0.2,0.02,2,0.1297333167939501,-0.042904927415336476,0.12108861812237368,0.12329785182061857
20,0.2,0.02,3,0.009823122138626014,-0.05624213466883256,0.2080714874048357,0.12329785182061857
20,0.2,0.02,4,-0.015226748106352939,-0.0127744849054864,0.01073435057261821,0.12329785182061857
20,0.2,0.02,5,-0.0231103396740294,-0.0945814042524379,0.5884377080442199,0.12329785182061857
20,0.2,0.02,6,-0.2512743199125381,-0.019877292945929805,0.025989831053068832,0.12329785182061857
20,0.2,0.05,1,0.22852777036388428,-0.0312962979756319,0.0872864157692545,0.10593016234151513
20,0.2,0.05,2,0.1329130399078201,0.00577851019164812,0.0029757229295204646,0.10593016234151513
20,0.2,0.05,3,9.399551829457068e-4,0.009111607839034766,0.007398620703490485,0.10593016234151513
20,0.2,0.05,4,-0.003933751094347313,0.023108431738510755,0.047588462109681116,0.10593016234151513
20,0.2,0.05,5,-0.03662895210385421,-0.09764540532442109,0.8496975172986891,0.10593016234151513
20,0.2,0.05,6,-0.27682032396342543,-0.0075301826597350425,0.005053261189364235,0.10593016234151513
20,0.2,0.1,1,0.2083028072457695,0.029306697572629593,0.06581249234384033,0.11423855831365498
20,0.2,0.1,2,0.0954440256929307,-0.02700771000013196,0.055892057342461145,0.11423855831365498
20,0.2,0.1,3,0.023930524681350526,-0.026729510463278497,0.054746528115478844,0.11423855831365498
20,0.2,0.1,4,-0.020230245896178622,0.009204894572764546,0.006492503763929484,0.11423855831365498
20,0.2,0.1,5,-0.05789412306218474,-0.10243891628658298,0.804089745015872,0.11423855831365498
20,0.2,0.1,6,-0.2966118803380556,-0.013008493373399066,0.012966673418418142,0.11423855831365498
20,0.2,0.2,1,0.19738400874317702,0.015765769185479398,0.021189211385555365,0.1083073094545681
20,0.2,0.2,2,0.07800073086555373,0.009348474531114736,0.007450166243361345,0.1083073094545681
20,0.2,0.2,3,-0.0017451299512931525,0.019484916722604745,0.03236544430756071,0.1083073094545681
20,0.2,0.2,4,-0.030704501127637143,-0.015365995303386755,0.020128242569747976,0.1083073094545681
20,0.2,0.2,5,-0.041721512679923516,-0.10315826367377469,0.9071780062926805,0.1083073094545681
20,0.2,0.2,6,-0.22001322355957845,-0.011709682817236979,0.011688929201093969,0.1083073094545681
20,0.2,0.5,1,0.07560631673361715,0.05129702482171795,0.18536990654531418,0.11914410567243992
20,0.2,0.5,2,0.03667939270195423,-0.0431831497309465,0.13136616112836078,0.11914410567243992
20,0.2,0.5,3,-0.019789467153929235,-0.03795620222904898,0.10148932881449294,0.11914410567243992
20,0.2,0.5,4,-0.06160922909431474,-0.014928719369564733,0.015700012026951097,0.11914410567243992
20,0.2,0.5,5,-0.07739025202107282,-0.06693149095380674,0.3155846531691222,0.11914410567243992
20,0.2,0.5,6,-0.1811658786067592,0.05963039752737731,0.2504899383157588,0.11914410567243992
20,0.2,1,1,0.20605866969117276,-0.06580783617612371,0.5413147134557669,0.0894443052603747
20,0.2,1,2,0.03800616846840797,-0.0035594304963897407,0.001583637013987834,0.0894443052603747
20,0.2,1,3,-0.020043957457567263,0.007334974553935059,0.006724992941720682,0.0894443052603747
20,0.2,1,4,-0.030457380791319908,0.033805596570932656,0.1428472284428132,0.0894443052603747
20,0.2,1,5,-0.036960035530357906,-0.025855674435189865,0.08356152380729669,0.0894443052603747
20,0.2,1,6,-0.1984766435293138,-0.04232973876776075,0.22396790433841482,0.0894443052603747
20,0.5,0.01,1,0.17207157128513342,0.01452952901738117,0.06113390334112694,0.05876388141342885
20,0.5,0.01,2,0.07532278717745779,-0.026853024455705046,0.20881681503884647,0.05876388141342885
20,0.5,0.01,3,0.005192234343312598,0.03576189253850313,0.3703565589642494,0.05876388141342885
20,0.5,0.01,4,0.002524177800912055,-0.02777577054218967,0.22341446298884476,0.05876388141342885
20,0.5,0.01,5,-0.040094411227460665,0.021190213356614748,0.13003184109153332,0.05876388141342885
20,0.5,0.01,6,-0.18636903599578156,-0.004644361488863964,0.006246418575399094,0.05876388141342885
20,0.5,0.02,1,0.1797448081313544,-0.017799771345759285,0.04739537171322427,0.0817610493252837
20,0.5,0.02,2,0.0890932659465182,-0.018389347452062853,0.05058709307010572,0.0817610493252837
20,0.5,0.02,3,0.01856341070776155,0.018104759319102638,0.04903346660115269,0.0817610493252837
20,0.5,0.02,4,-0.002262132980335743,-0.03935033855429536,0.2316349207553458,0.0817610493252837
20,0.5,0.02,5,-0.028869999862945146,0.06408579253100564,0.6143708559704233,0.0817610493252837
20,0.5,0.02,6,-0.19296899422596012,-0.006830005009520515,0.006978291889748244,0.0817610493252837
20,0.5,0.05,1,0.19167114690792164,-0.021936854054991097,0.06546085334449572,0.08574000701116909
20,0.5,0.05,2,0.0920370848393554,-0.021400811041855282,0.06230077303738336,0.08574000701116909
20,0.5,0.05,3,0.00359118530400456,-0.02498361149584368,0.08490698240057139,0.08574000701116909
20,0.5,0.05,4,-0.018999545637215745,0.07084898522427718,0.6828105756260988,0.08574000701116909
20,0.5,0.05,5,-0.04941953272105409,-0.009388220414132578,0.011989457297558207,0.08574000701116909
20,0.5,0.05,6,-0.1870551517543406,-0.026081224855568342,0.09253135829389254,0.08574000701116909
20,0.5,0.1,1,0.1665569815680475,-0.03594779057715509,0.23344593906113173,0.07440104597799656
20,0.5,0.1,2,0.07006141001103762,-0.03168787939475813,0.18139623575546185,0.07440104597799656
20,0.5,0.1,3,0.010176904071560675,-0.010407503586870603,0.01956748709673205,0.07440104597799656
20,0.5,0.1,4,-0.02584851922490705,0.03310713512469256,0.19800908658364408,0.07440104597799656
20,0.5,0.1,5,-0.035762131133305085,0.03833921102124663,0.26553896630955554,0.07440104597799656
20,0.5,0.1,6,-0.1892125962433949,-0.023766713401250215,0.10204228519347477,0.07440104597799656
20,0.5,0.2,1,0.128719007591895,-0.0394631124296828,0.19624426835287176,0.08908259181608419
20,0.5,0.2,2,0.01384065767803651,9.678585322572819e-5,1.1804241272801993e-6,0.08908259181608419
20,0.5,0.2,3,-0.026749053613627668,0.0128034900634907,0.020657180733497885,0.08908259181608419
20,0.5,0.2,4,-0.0446858193269632,0.032290404600830526,0.1313896891933595,0.08908259181608419
20,0.5,0.2,5,-0.058169583384678494,-0.07191115997424964,0.6516387474861819,0.08908259181608419
20,0.5,0.2,6,-0.15930397045384878,-7.396205774141303e-4,6.893380996163257e-5,0.08908259181608419
20,0.5,0.5,1,0.07124111901711828,0.04805977999576541,0.3431946060768,0.08203733648500432
20,0.5,0.5,2,0.02251941254734846,0.026946090429268682,0.10788682751044051,0.08203733648500432
20,0.5,0.5,3,0.008030837903376959,-0.017853453406818542,0.047361054743699005,0.08203733648500432
20,0.5,0.5,4,-0.051472126548180626,-0.05159113980139402,0.3954823830281019,0.08203733648500432
20,0.5,0.5,5,-0.05924622497528646,-0.006547139803333963,0.00636913018629143,0.08203733648500432
20,0.5,0.5,6,-0.11541068114597483,0.02590431992408406,0.09970599845466714,0.08203733648500432
20,0.5,1,1,0.1697975924220656,0.04237684287963389,0.37538593530782804,0.06916551257817707
20,0.5,1,2,0.02176479661739492,0.01903810266965702,0.07576491311960544,0.06916551257817707
20,0.5,1,3,-0.011971476943455772,-0.016705227214093527,0.058334512716325455,0.06916551257817707
20,0.5,1,4,-0.040914560748753596,-0.009102735886310873,0.01732066987649877,0.06916551257817707
20,0.5,1,5,-0.058129403291190845,-0.042989757998855745,0.3863232101095051,0.06916551257817707
20,0.5,1,6,-0.14195899147916857,0.0203857365529379,0.08687075887023728,0.06916551257817707
20,1,0.01,1,0.15672374832286645,-0.03148903885865851,0.19920176292598746,0.07055256638445304
20,1,0.01,2,0.0478067492381406,-0.03290152613528542,0.21747355515574265,0.07055256638445304
20,1,0.01,3,-0.002661209535339194,-0.028417382503086668,0.16223423822592584,0.07055256638445304
20,1,0.01,4,-0.015799622377468434,0.03237555629912089,0.2105759879328134,0.07055256638445304
20,1,0.01,5,-0.03237578884546214,-0.031713454998047716,0.2020512236157096,0.07055256638445304
20,1,0.01,6,-0.1587991620189327,-0.006490541675561165,0.008463232143821093,0.07055256638445304
20,1,0.02,1,0.15369385983283673,-0.01539368557382798,0.06402944509839521,0.06083489215816179
20,1,0.02,2,0.055253346511513805,-0.03506278996670996,0.3321906889642061,0.06083489215816179
20,1,0.02,3,0.012161712680720173,-0.03996613898639323,0.43159748336851544,0.06083489215816179
20,1,0.02,4,-0.008680450559840692,-0.019967307684999273,0.10772922496216697,0.06083489215816179
20,1,0.02,5,-0.024623907221740297,-0.0023684140673673392,0.0015156878834977929,0.06083489215816179
20,1,0.02,6,-0.1612074528033329,-0.015261857070423735,0.06293746972321843,0.06083489215816179
20,1,0.05,1,0.13258946913082165,0.009737604981622103,0.040231574092832796,0.048547697852079665
20,1,0.05,2,0.052346678205562644,0.019042992943614584,0.15386262314209379,0.048547697852079665
20,1,0.05,3,8.34892427746185e-4,-0.017094764438648272,0.12399065685476303,0.048547697852079665
20,1,0.05,4,-0.018150968109216317,0.017815447359677213,0.13466544914050776,0.048547697852079665
20,1,0.05,5,-0.06783608406124385,0.029005534941723865,0.3569640482728741,0.048547697852079665
20,1,0.05,6,-0.12642574756978472,-0.021177352115273686,0.19028564849692858,0.048547697852079665
20,1,0.1,1,0.11823858219469176,0.004648533687619297,0.011031189935364435,0.04425932655203438
20,1,0.1,2,0.07230310564477986,-0.02406706220526006,0.29568994607310406,0.04425932655203438
20,1,0.1,3,0.009966976092028158,-0.025807706064457252,0.340008053949006,0.04425932655203438
20,1,0.1,4,-0.01841126398547466,0.012243188470625008,0.07652079390669003,0.04425932655203438
20,1,0.1,5,-0.04862645940561816,0.0011106148446950433,6.296762967274176e-4,0.04425932655203438
20,1,0.1,6,-0.11219890644458307,-0.023257016503259842,0.276120339839108,0.04425932655203438
20,1,0.2,1,0.10803866018170473,-0.008255933065549701,0.022967025036094622,0.054477076268911226
20,1,0.2,2,0.03273630539892069,-0.013419879541430414,0.06068336461002426,0.054477076268911226
20,1,0.2,3,-0.005261688553152483,0.014006794329522558,0.06610737623813395,0.054477076268911226
20,1,0.2,4,-0.029386759755681155,0.037587767686953745,0.4760641577954528,0.054477076268911226
20,1,0.2,5,-0.04910810687853276,-0.022246490781695192,0.1667613665092362,0.054477076268911226
20,1,0.2,6,-0.12359482819997379,-0.024810508296716393,0.20741670981105811,0.054477076268911226
20,1,0.5,1,0.08419943205028244,0.006877325745870329,0.010931040010868497,0.0657792402832455
20,1,0.5,2,0.05038625808065059,-0.0042435660429706295,0.004161828927008374,0.0657792402832455
20,1,0.5,3,-0.01489654450738235,-0.012970827124548088,0.03888280932030768,0.0657792402832455
20,1,0.5,4,-0.02553551270209065,-0.006046959094263564,0.008450771420587623,0.0657792402832455
20,1,0.5,5,-0.06293938226589182,0.062209020839257105,0.8943943040382177,0.0657792402832455
20,1,0.5,6,-0.08811317285393146,-0.01366867388239802,0.04317924628301006,0.0657792402832455
20,1,1,1,0.1784444090357901,-0.031308117679538415,0.2967115597904365,0.05747642193031547
20,1,1,2,0.03436485514837839,-0.040226425778883336,0.4898278158001818,0.05747642193031547
20,1,1,3,0.025282521936823326,0.004521313982296146,0.0061879940404486865,0.05747642193031547
20,1,1,4,-0.023415700995101128,-0.005323306361725309,0.008577949269696218,0.05747642193031547
20,1,1,5,-0.04970524690107456,0.01818751971968438,0.10013075848432716,0.05747642193031547
20,1,1,6,-0.14197408459157318,0.018044660429905948,0.09856392261490958,0.05747642193031547
20,10,0.01,1,0.04217217526715889,0.02618112292269626,0.8851322195213419,0.027828140981452622
20,10,0.01,2,0.026579059330822864,0.005026845304290962,0.03263041905257809,0.027828140981452622
20,10,0.01,3,0.009240378442887833,-0.006670083843766677,0.057450550747163535,0.027828140981452622
20,10,0.01,4,-0.0034916985342390823,-0.004183883882933408,0.02260428924799563,0.027828140981452622
20,10,0.01,5,-0.025067559390526677,-0.001170778657354838,0.0017700323507049847,0.027828140981452622
20,10,0.01,6,-0.052909093283372434,-5.651847341660281e-4,4.124890802158283e-4,0.027828140981452622
20,10,0.02,1,0.06678550248791602,-0.012958701672076963,0.39729894084876627,0.02055903795255056
20,10,0.02,2,0.02270635566620239,0.006876691562865297,0.11188027227579925,0.02055903795255056
20,10,0.02,3,0.01704299110401708,-0.008074576012157457,0.15425309190841355,0.02055903795255056
20,10,0.02,4,-0.0211602078162455,0.004840033088844226,0.05542313461234791,0.02055903795255056
20,10,0.02,5,-0.04110844072256246,-0.00837455035910444,0.16592713728663186,0.02055903795255056
20,10,0.02,6,-0.07850058707358243,-0.006978496533161667,0.11521742306804113,0.02055903795255056
20,10,0.05,1,0.06288306573390541,-0.010675086433636313,0.169671991874402,0.025915901518649025
20,10,0.05,2,0.023701379681649586,0.006803120052911812,0.06891021865301768,0.025915901518649025
20,10,0.05,3,0.009053323994445028,-0.009868238867063898,0.1449928761290518,0.025915901518649025
20,10,0.05,4,-0.0021485385928255185,-0.014254692065518593,0.302540164060486,0.025915901518649025
20,10,0.05,5,-0.029945443954832538,-0.012257068644466351,0.2236869226372355,0.025915901518649025
20,10,0.05,6,-0.050705495652551884,-0.007783310525029083,0.09019782664580699,0.025915901518649025
20,10,0.1,1,0.030405783950924442,-0.007101113015275669,0.24369734927888478,0.01438470705490265
20,10,0.1,2,0.02185713394068445,0.010207399905075904,0.5035333221125522,0.01438470705490265
20,10,0.1,3,0.009037949314575723,-0.006332018419125233,0.19376810643890705,0.01438470705490265
20,10,0.1,4,0.0016733276889466819,-0.0017167635099579954,0.01424357162081831,0.01438470705490265
20,10,0.1,5,-0.009865861221609831,0.0025966293416667813,0.032585011361676325,0.01438470705490265
20,10,0.1,6,-0.05292795332440868,0.0015870601848183416,0.012172639187161377,0.01438470705490265
20,10,0.2,1,0.043651887223467856,0.0030488882235542728,0.016155684610230727,0.023987159319092705
20,10,0.2,2,0.03324299845241915,2.908221274888984e-4,1.4699320356937435e-4,0.023987159319092705
20,10,0.2,3,-0.004007933019172063,-0.014251345255797462,0.3529832388289505,0.023987159319092705
20,10,0.2,4,-0.02361958979707097,0.012427607352797247,0.2684215670317475,0.023987159319092705
20,10,0.2,5,-0.04059208445424556,0.011433122639513427,0.22718104075688467,0.023987159319092705
20,10,0.2,6,-0.05940325984838067,0.008817083184623778,0.1351114755686171,0.023987159319092705
20,10,0.5,1,0.13110254781544367,-0.013959371508223932,0.21153714019296618,0.030350968301722677
20,10,0.5,2,0.03290358121446813,-0.011030842837836622,0.13209071522692037,0.030350968301722677
20,10,0.5,3,0.028148388067049755,0.018831585259644516,0.3849715710713138,0.030350968301722677
20,10,0.5,4,-0.014295210514610636,-0.008505719410248858,0.07853748714162587,0.030350968301722677
20,10,0.5,5,-0.03613948935162515,-0.0012274509948845991,0.001635547728446686,0.030350968301722677
20,10,0.5,6,-0.0879000905914615,0.013272348255396301,0.19122753863872716,0.030350968301722677
20,10,1,1,0.16054788447656762,0.007637477957523571,0.13697679055939335,0.020636045497609345
20,10,1,2,0.032940189487285186,0.0074693395026682605,0.13101211150625278,0.020636045497609345
20,10,1,3,0.016134437289837683,0.006915180141659271,0.11229335116135172,0.020636045497609345
20,10,1,4,-0.03439027619523717,-0.006858274913491304,0.11045282450471144,0.020636045497609345
20,10,1,5,-0.03933399971967037,-0.014144547519711543,0.46981314590462464,0.020636045497609345
20,10,1,6,-0.0751180582048231,-0.004098828601396152,0.03945177636366602,0.020636045497609345
50,0.05,0.01,1,0.44261162847832813,-0.059966131787783525,0.3374183362482452,0.1032337479857358
50,0.05,0.01,2,0.2589458562107923,-0.03844969617460102,0.13872107150771876,0.1032337479857358
50,0.05,0.01,3,0.051177889070737476,0.017223908589974465,0.02783684644780991,0.1032337479857358
50,0.05,0.01,4,-0.002445695810383013,0.03848181100846222,0.1389528998503652,0.1032337479857358
50,0.05,0.01,5,-0.029928272230191247,0.058055562086123315,0.3162600085258785,0.1032337479857358
50,0.05,0.01,6,-0.34256081772167624,0.020854964179565047,0.04081083741998245,0.1032337479857358
50,0.05,0.02,1,0.403258610928995,-0.05680955193782049,0.35400735468575234,0.09548061805311811
50,0.05,0.02,2,0.22306599002220862,-0.004784362785641103,0.0025108326310049594,0.09548061805311811
50,0.05,0.02,3,0.059323895800104685,0.03437971096983125,0.12965044130986586,0.09548061805311811
50,0.05,0.02,4,-0.0028058848090862566,0.06406836824193037,0.45025327770597046,0.09548061805311811
50,0.05,0.02,5,-0.017006552105317558,0.014320847086040447,0.02249608642742732,0.09548061805311811
50,0.05,0.02,6,-0.31599468825960975,0.019352677033175367,0.04108200723997897,0.09548061805311811
50,0.05,0.05,1,0.3819326066362704,0.03605608645698852,0.1823397796478623,0.08443798747305697
50,0.05,0.05,2,0.15382664793885462,-0.008476924841493684,0.01007861644768485,0.08443798747305697
50,0.05,0.05,3,0.010272712076045675,-0.05364918611312889,0.40369235829965516,0.08443798747305697
50,0.05,0.05,4,-0.010456120411791458,0.05250129602696014,0.3866021825478541,0.08443798747305697
50,0.05,0.05,5,-0.04192765504162156,0.010992983922923161,0.01694944329671863,0.08443798747305697
50,0.05,0.05,6,-0.3709756746792167,0.0015515000794955533,3.376197602249988e-4,0.08443798747305697
50,0.05,0.1,1,0.317543398108649,-0.021266870297352317,0.06400166765531537,0.08406359083360661
50,0.05,0.1,2,0.1217526985470036,0.001755690981746605,4.3619459739096676e-4,0.08406359083360661
50,0.05,0.1,3,0.021165177530503926,-0.030282118581998245,0.12976472092035302,0.08406359083360661
50,0.05,0.1,4,0.001506173353133824,0.0017569381045763662,4.368145031173254e-4,0.08406359083360661
50,0.05,0.1,5,-0.040201060844229516,-0.07533252014395454,0.8030620780624514,0.08406359083360661
50,0.05,0.1,6,-0.337044667626334,0.004030254609252957,0.0022985242613718453,0.08406359083360661
50,0.05,0.2,1,0.20254021758419813,-0.04981651110335278,0.2859015863992548,0.0931676252497334
50,0.05,0.2,2,0.031738162595518586,-0.01686873040052269,0.03278194692468258,0.0931676252497334
50,0.05,0.2,3,-0.00301035138923286,-0.007366118070440602,0.006250968348052123,0.0931676252497334
50,0.05,0.2,4,-0.021964022098893577,-0.027188644066990387,0.08516184207958448,0.0931676252497334
50,0.05,0.2,5,-0.05812202489310937,-0.06664286259987706,0.5116550152806018,0.0931676252497334
50,0.05,0.2,6,-0.26316361316351167,-0.02606174118710257,0.07824864096782434,0.0931676252497334
50,0.05,0.5,1,0.0684390004699143,0.021803347285128154,0.06385390442168704,0.08628383574106277
50,0.05,0.5,2,0.024738027100873923,-0.018084423569241507,0.0439289127060669,0.08628383574106277
50,0.05,0.5,3,0.005837731941415079,-0.0391026941181034,0.20537826211064367,0.08628383574106277
50,0.05,0.5,4,-0.027699987210598517,-0.01136758961190421,0.017357128799668574,0.08628383574106277
50,0.05,0.5,5,-0.06425042368949989,0.027518906581512213,0.10171932301167348,0.08628383574106277
50,0.05,0.5,6,-0.15068461541297162,0.06501488276696676,0.5677624689502603,0.08628383574106277
50,0.05,1,1,0.15345212045340256,-0.033577205211243695,0.39727347395037155,0.05327209310313802
50,0.05,1,2,0.007838594545157429,-0.00900499301129655,0.028573749853171102,0.05327209310313802
50,0.05,1,3,-0.010275792218156816,0.021586618132952238,0.16419869307209797,0.05327209310313802
50,0.05,1,4,-0.029872098272691314,-0.02425535868800214,0.20730791364871973,0.05327209310313802
50,0.05,1,5,-0.05532628821121907,0.01691110903407122,0.10077310902713137,0.05327209310313802
50,0.05,1,6,-0.13991392761141874,-0.01700315201349875,0.10187306044850834,0.05327209310313802
50,0.1,0.01,1,0.3418609255123314,-0.03748248212742442,0.20247439803966066,0.0832996706591548
50,0.1,0.01,2,0.20351264206364433,-0.012620883641163285,0.022955827722573936,0.0832996706591548
50,0.1,0.01,3,0.018248044242108342,-0.019778832102850294,0.05637865605898728,0.0832996706591548
50,0.1,0.01,4,-0.0018354240192005585,-0.04962157355684218,0.3548579142526009,0.0832996706591548
50,0.1,0.01,5,-0.013817413616915927,-0.04133031574173095,0.24617892871560557,0.0832996706591548
50,0.1,0.01,6,-0.29386385398994574,0.02851165026241321,0.11715427521057166,0.0832996706591548
50,0.1,0.02,1,0.33607389369704815,0.033627153448666874,0.17677059984143995,0.07998067919973677
50,0.1,0.02,2,0.13606158437438917,-0.007915611152553452,0.009794871159680224,0.07998067919973677
50,0.1,0.02,3,0.021475738993007525,-0.0491382826353144,0.37745898890660573,0.07998067919973677
50,0.1,0.02,4,-0.008982743348918217,0.04529691784344181,0.32075034232958094,0.07998067919973677
50,0.1,0.02,5,-0.03430135432937304,-0.022078035081488995,0.07619924398038978,0.07998067919973677
50,0.1,0.02,6,-0.2702939919861788,-0.01580017331390931,0.03902595378230337,0.07998067919973677
50,0.1,0.05,1,0.314599175499116,-0.02170517771231405,0.07827079249140398,0.07758244826068711
50,0.1,0.05,2,0.12726018259385213,-0.026073450350191353,0.11294579094578644,0.07758244826068711
50,0.1,0.05,3,0.058015648977282404,0.01359857312783561,0.030722724131974185,0.07758244826068711
50,0.1,0.05,4,-0.02641589850395108,-0.03246391631646022,0.17509544948795822,0.07758244826068711
50,0.1,0.05,5,-0.0384679951286468,-0.05875687630276434,0.5735752956676669,0.07758244826068711
50,0.1,0.05,6,-0.2532358323622439,-0.013300344313648014,0.029389947275210267,0.07758244826068711
50,0.1,0.1,1,0.26013879299926057,-0.016916939660318518,0.05246747376275019,0.07385445935136667
50,0.1,0.1,2,0.13624129266177154,0.002453630481472211,0.0011037351411249347,0.07385445935136667
50,0.1,0.1,3,0.030984482676710022,0.04266902018439514,0.33378890274982487,0.07385445935136667
50,0.1,0.1,4,-0.00243766337114351,0.03850095089452365,0.27176246001177495,0.07385445935136667
50,0.1,0.1,5,-0.033469257286813735,0.04293163443829563,0.33791027586720174,0.07385445935136667
50,0.1,0.1,6,-0.2591261592957226,0.004022968711028086,0.0029671524673233578,0.07385445935136667
50,0.1,0.2,1,0.17965774217106242,0.029256533424574595,0.10228218755237638,0.09147930612478761
50,0.1,0.2,2,0.0712005523641508,-0.03487690265158344,0.1453550399031533,0.09147930612478761
50,0.1,0.2,3,0.013788047792473163,-0.005620685305379146,0.0037751378726050494,0.09147930612478761
50,0.1,0.2,4,-0.032484836816212954,-0.033868141805177776,0.13706829650582356,0.09147930612478761
50,0.1,0.2,5,-0.05984589520700494,0.06991954274571052,0.5841863906702028,0.09147930612478761
50,0.1,0.2,6,-0.21711442780976498,0.015123980034182435,0.027332947495838963,0.09147930612478761
50,0.1,0.5,1,0.07204536109869444,0.022555933450544643,0.15563743258712745,0.0571746843401782
50,0.1,0.5,2,0.03368928130827019,-0.011692356342794516,0.04182120425029694,0.0571746843401782
50,0.1,0.5,3,-0.0060744069965213785,0.007960578849815242,0.019385711520707945,0.0571746843401782
50,0.1,0.5,4,-0.01673932903654012,-0.003175133097825921,0.003084013845521896,0.0571746843401782
50,0.1,0.5,5,-0.035303145083863466,0.03671990527821574,0.4124730265426146,0.0571746843401782
50,0.1,0.5,6,-0.16936438241322488,-0.03466496025199742,0.3675986112537311,0.0571746843401782
50,0.1,1,1,0.09519978739433226,-0.039963753313147846,0.6149561512029647,0.05096173374720876
50,0.1,1,2,0.03399457320482479,0.004298972771546932,0.007116082916112615,0.05096173374720876
50,0.1,1,3,0.013141328935211461,0.012080709369684028,0.05619484580475934,0.05096173374720876
50,0.1,1,4,-6.62546133310578e-4,-0.024529843657415687,0.2316867360570586,0.05096173374720876
50,0.1,1,5,-0.037646341593124126,-0.0037883126743701433,0.005525902844246159,0.05096173374720876
50,0.1,1,6,-0.1301766237388117,-0.01481578479547869,0.0845202811748586,0.05096173374720876
50,0.2,0.01,1,0.25314347937868137,-0.012210630337891897,0.019440114388296393,0.08757672001872828
50,0.2,0.01,2,0.11528734228578537,-0.014170538217791436,0.0261815491544225,0.08757672001872828
50,0.2,0.01,3,0.0255736586496701,-0.01744005452317672,0.039656860110213334,0.08757672001872828
50,0.2,0.01,4,0.003067511788333675,-1.486512924869874e-5,2.8811112477893393e-8,0.08757672001872828
50,0.2,0.01,5,-0.013733674354633399,-0.07926970436864869,0.8192890033039776,0.08757672001872828
50,0.2,0.01,6,-0.23633296406453852,0.027054324777598573,0.09543244423197773,0.08757672001872828
50,0.2,0.02,1,0.24991607240011637,-0.02730703846717921,0.17455517443816648,0.06535942734642274
50,0.2,0.02,2,0.12293737647108875,-0.00617328674221712,0.008921059233957897,0.06535942734642274
50,0.2,0.02,3,0.021661707027817653,-0.010314944313993426,0.024906763595796355,0.06535942734642274
50,0.2,0.02,4,-7.794126989355925e-4,0.051442320863155186,0.6194762076336371,0.06535942734642274
50,0.2,0.02,5,-0.026364121053933327,-0.020047363015697345,0.09408015676019633,0.06535942734642274
50,0.2,0.02,6,-0.21204301208892642,0.0182609886953288,0.07806063833824575,0.06535942734642274
50,0.2,0.05,1,0.21993576996621772,-0.006585728806368014,0.011476102422562513,0.06147614625494973
50,0.2,0.05,2,0.10347031760433281,-0.0019073269753380891,9.625804387317598e-4,0.06147614625494973
50,0.2,0.05,3,0.02381344380284655,0.0216331822377812,0.12383047741736081,0.06147614625494973
50,0.2,0.05,4,-0.003991855883808724,-0.006602789908642987,0.011535639818591029,0.06147614625494973
50,0.2,0.05,5,-0.024460146079266394,-0.05505216063020071,0.8019281643262525,0.06147614625494973
50,0.2,0.05,6,-0.22249774397226885,0.013783143324145675,0.050267035576501425,0.06147614625494973
50,0.2,0.1,1,0.22329832299381402,-0.029900388754021474,0.28160126103583755,0.05634553894326724
50,0.2,0.1,2,0.09562814243665743,0.0029636696778269685,0.002766562711128785,0.05634553894326724
50,0.2,0.1,3,0.0015192932259543456,0.02225972628266714,0.15607040771518194,0.05634553894326724
50,0.2,0.1,4,-0.001574352778804695,0.008202883861302005,0.021194054703530068,0.05634553894326724
50,0.2,0.1,5,-0.041625355659241574,-0.0412755276174709,0.536619181411627,0.05634553894326724
50,0.2,0.1,6,-0.24330778316937704,0.002356114446389645,0.0017485324226946207,0.05634553894326724
50,0.2,0.2,1,0.18443842144721717,0.021106960893738248,0.12640543302317217,0.059366689958233666
50,0.2,0.2,2,0.05273237753080089,-0.02532129725577597,0.18192242352611473,0.059366689958233666
50,0.2,0.2,3,0.008445045429563855,0.02012276355034783,0.11489194402265264,0.059366689958233666
50,0.2,0.2,4,0.0018664773740561644,-0.011122231560364723,0.035099278974183426,0.059366689958233666
50,0.2,0.2,5,-0.0400964462074937,0.043675928226226776,0.541250881912083,0.059366689958233666
50,0.2,0.2,6,-0.17855189366154964,0.0012311090543834263,4.300385417939835e-4,0.059366689958233666
50,0.2,0.5,1,0.07143616447936046,-0.009453260745359923,0.036206065331502085,0.0496810735257688
50,0.2,0.5,2,0.012888981325884409,-0.014376162067480444,0.08373441236445214,0.0496810735257688
50,0.2,0.5,3,-0.007224483811321011,0.024529196854101896,0.243772501459267,0.0496810735257688
50,0.2,0.5,4,-0.036271796593903935,-0.02419173011223325,0.2371111157986459,0.0496810735257688
50,0.2,0.5,5,-0.03822664791991263,0.014974800990692287,0.09085318895336579,0.0496810735257688
50,0.2,0.5,6,-0.08425925346920968,0.027586317683253155,0.3083227160927672,0.0496810735257688
50,0.2,1,1,0.15287226995949113,-0.026205422514135483,0.6987738372372918,0.03134893910110274
50,0.2,1,2,0.04926108826546933,-0.004162891231770483,0.017633739922702365,0.03134893910110274
50,0.2,1,3,0.03301957282642103,0.009825521876013953,0.09823484346993644,0.03134893910110274
50,0.2,1,4,0.014541363901817985,-0.011604757326409648,0.13703339889726165,0.03134893910110274
50,0.2,1,5,-0.014583638831297747,0.004775151842188935,0.023202173800880396,0.03134893910110274
50,0.2,1,6,-0.1281319419835064,0.004968782784132344,0.025122006671927308,0.03134893910110274
50,0.5,0.01,1,0.17817461912421267,-0.03162767160190866,0.3950124762675859,0.050322454325480485
50,0.5,0.01,2,0.0989699307863192,-0.01943387725849622,0.14914039267461074,0.050322454325480485
50,0.5,0.01,3,0.012674292426704883,-0.033118579702335935,0.43313150920425886,0.050322454325480485
50,0.5,0.01,4,-0.006058260283259514,-8.881572089556255e-5,3.1149857318679177e-6,0.050322454325480485
50,0.5,0.01,5,-0.032931384962523486,-0.006893168784436218,0.01876351490654226,0.050322454325480485
50,0.5,0.01,6,-0.1954421272598836,0.003162313624644456,0.003948991961270469,0.050322454325480485
50,0.5,0.02,1,0.16572107926508264,-0.018339953530874455,0.1331414724486881,0.05026220684875561
50,0.5,0.02,2,0.07658806904640479,-0.026894994698577212,0.28632536286402055,0.05026220684875561
50,0.5,0.02,3,0.015528475783672056,0.00430006688221092,0.007319262361005324,0.05026220684875561
50,0.5,0.02,4,-0.011318023352499079,-0.032768780840853565,0.4250474953259924,0.05026220684875561
50,0.5,0.02,5,-0.03651954406062324,-0.014925804376088586,0.08818452588343866,0.05026220684875561
50,0.5,0.02,6,-0.14993762910022584,0.012309816923712583,0.059981881116855006,0.05026220684875561
50,0.5,0.05,1,0.16316699164803916,-0.01442751663145707,0.13921433804745506,0.038667812164718755
50,0.5,0.05,2,0.08392272306754577,0.005066322896691823,0.01716668866014443,0.038667812164718755
50,0.5,0.05,3,0.014617989486740712,-0.03351430691097308,0.7512098681676539,0.038667812164718755
50,0.5,0.05,4,-0.008593297041201932,0.002725854257727273,0.004969424115231459,0.038667812164718755
50,0.5,0.05,5,-0.03001167809394214,-9.501131193705974e-4,6.037420560246919e-4,0.038667812164718755
50,0.5,0.05,6,-0.16589135392463092,0.011394607043008965,0.08683593895349043,0.038667812164718755
50,0.5,0.1,1,0.1432370756410364,0.006440093775577026,0.011344395625123644,0.06046464528073443
50,0.5,0.1,2,0.0684558407076657,-0.011492111009586588,0.03612406425719007,0.06046464528073443
50,0.5,0.1,3,0.02590180004167645,-0.04136066986922061,0.4679205393803157,0.06046464528073443
50,0.5,0.1,4,-0.014939118768996215,0.023028187879243198,0.14504959125553735,0.06046464528073443
50,0.5,0.1,5,-0.026978681817639988,-0.03472441521240423,0.32981231080205525,0.06046464528073443
50,0.5,0.1,6,-0.1729870735873579,0.005970129375007448,0.009749098679778035,0.06046464528073443
50,0.5,0.2,1,0.13974677294770768,-0.010828975361709287,0.026317627723817856,0.06675195596919231
50,0.5,0.2,2,0.05090376889245703,-0.02591699459605463,0.15074443364765044,0.06675195596919231
50,0.5,0.2,3,0.015145743459803728,-0.012758377293122078,0.036531111827301455,0.06675195596919231
50,0.5,0.2,4,-0.0134972882533771,-0.019785087351899003,0.08785125139679129,0.06675195596919231
50,0.5,0.2,5,-0.06297063383704898,-0.05498889869151827,0.6786128072612424,0.06675195596919231
50,0.5,0.2,6,-0.16027107466496066,0.009426635532074597,0.0199427681431965,0.06675195596919231
50,0.5,0.5,1,0.04369674225568889,-0.005647541207055042,0.013905941234410512,0.04789158533401874
50,0.5,0.5,2,0.01586965370659187,-0.013156171843522298,0.0754641436211408,0.04789158533401874
50,0.5,0.5,3,-0.001397917358327528,0.004992151206901012,0.010865683117670891,0.04789158533401874
50,0.5,0.5,4,-0.014862023474186,-4.546083733907591e-4,9.010656505668075e-5,0.04789158533401874
50,0.5,0.5,5,-0.025256337377765146,-0.0448100096777922,0.8754506073273123,0.04789158533401874
50,0.5,0.5,6,-0.06389695693722984,0.00745380149818692,0.024223518134408838,0.04789158533401874
50,0.5,1,1,0.08769745801405146,0.03649501921500956,0.5220940318217446,0.050507890736371616
50,0.5,1,2,0.007269246500218975,-0.0024690465745299305,0.002389681931984562,0.050507890736371616
50,0.5,1,3,-0.017102763883700432,-0.015160908507847928,0.09010149338027851,0.050507890736371616
50,0.5,1,4,-0.03846383715952152,-0.013721387201605508,0.0738036048612425,0.050507890736371616
50,0.5,1,5,-0.048053657736728886,-0.019318459270118174,0.14629399798370807,0.050507890736371616
50,0.5,1,6,-0.12627938392690524,0.02053611272990106,0.16531719002104173,0.050507890736371616
50,1,0.01,1,0.13983184287778963,0.007606680769789687,0.11393932187499596,0.022535042184245613
50,1,0.01,2,0.04194174685027355,0.009839435923564392,0.1906442244734641,0.022535042184245613
50,1,0.01,3,0.014949949431461988,-0.01241194394699001,0.3033631746278597,0.022535042184245613
50,1,0.01,4,-0.00870787415334206,-0.009538797807771036,0.17917216261769178,0.022535042184245613
50,1,0.01,5,-0.0374763329318742,0.008846341406581791,0.15410283959722218,0.022535042184245613
50,1,0.01,6,-0.14521196525493907,-0.0054634478285921755,0.05877827680876623,0.022535042184245613
50,1,0.02,1,0.12547602669724003,-0.018901927015282784,0.15832560325362302,0.04750403565219726
50,1,0.02,2,0.039590825621306364,0.009396886624572703,0.0391297399515971,0.04750403565219726
50,1,0.02,3,0.027392746218418515,-0.023091673106716015,0.2362924195399256,0.04750403565219726
50,1,0.02,4,0.015405102155090989,0.009048178509170427,0.036279501232268516,0.04750403565219726
50,1,0.02,5,-0.01569146741142019,-0.03349507526189224,0.49716540807488285,0.04750403565219726
50,1,0.02,6,-0.14808081777391605,0.00860430776518408,0.03280732794770288,0.04750403565219726
50,1,0.05,1,0.12647716428820965,0.01155300298630338,0.37962308558682856,0.0187507471806209
50,1,0.05,2,0.03832728987758269,-0.0036374089626442386,0.03763111692506135,0.0187507471806209
50,1,0.05,3,0.01297121140551977,-0.009716798701711625,0.2685401672798713,0.0187507471806209
50,1,0.05,4,-0.017474337461383504,5.406389526149032e-4,8.313377653770866e-4,0.0187507471806209
50,1,0.05,5,-0.04273232618686002,0.008030952994133561,0.18344125440265333,0.0187507471806209
50,1,0.05,6,-0.13089872849313053,-0.006758936631442188,0.1299330380402084,0.0187507471806209
50,1,0.1,1,0.11708349768890448,0.008722778442267874,0.1734936833434941,0.020941751791751183
50,1,0.1,2,0.04406802411565747,0.00538455717319783,0.06611103701433282,0.020941751791751183
50,1,0.1,3,0.024189826962001542,-0.0032114728140074027,0.023517030591530635,0.020941751791751183
50,1,0.1,4,0.01657518603550533,-0.013560557534550263,0.4193040677051807,0.020941751791751183
50,1,0.1,5,-0.017572493082048304,0.003153858298736846,0.022680798372532774,0.020941751791751183
50,1,0.1,6,-0.11776553454022166,-0.011372227044493824,0.294893382972929,0.020941751791751183
50,1,0.2,1,0.0747606366440964,0.02140525896605007,0.1891532991658589,0.04921681733828478
50,1,0.2,2,0.031504623496686056,0.02083902565544196,0.17927831694444762,0.04921681733828478
50,1,0.2,3,0.012532970361885554,-0.008142389043709647,0.02737011650448895,0.04921681733828478
50,1,0.2,4,-0.031964597746009675,0.010815265252714144,0.04828889843203148,0.04921681733828478
50,1,0.2,5,-0.04055160115445427,-0.034515525646803234,0.49181518234215754,0.04921681733828478
50,1,0.2,6,-0.10556312758560327,0.012460137829792791,0.06409418661101551,0.04921681733828478
50,1,0.5,1,0.05423576449505307,-0.01355206930575386,0.1272416744206258,0.037991892370019265
50,1,0.5,2,0.03214110274685583,0.006025521634129632,0.02515402265410101,0.037991892370019265
50,1,0.5,3,-5.173101753612034e-4,0.02865385251781691,0.568832222777919,0.037991892370019265
50,1,0.5,4,-0.003705812022668834,0.004790206153043123,0.015897416628742445,0.037991892370019265
50,1,0.5,5,-0.033450741071742056,-0.00902732612866269,0.05645942000035292,0.037991892370019265
50,1,0.5,6,-0.05553812110844721,0.01726083532999249,0.20641524351825888,0.037991892370019265
50,1,1,1,0.10135305436498893,-0.022665205874338262,0.6525687055077303,0.02805734334329906
50,1,1,2,0.03218980628154415,-0.005565195522547659,0.039343026068506384,0.02805734334329906
50,1,1,3,0.01891541544366462,-0.001081538333250245,0.0014859039604609998,0.02805734334329906
50,1,1,4,-0.025246902405679696,0.00165515372519735,0.0034800347302426644,0.02805734334329906
50,1,1,5,-0.033306053349302915,0.005220567501420566,0.03462121759802655,0.02805734334329906
50,1,1,6,-0.10203618716754007,0.014538499678310448,0.26850111213503314,0.02805734334329906
50,10,0.01,1,0.0483810339556238,0.005193273153133972,0.018866167122872327,0.037809360109800294
50,10,0.01,2,0.004358088969203827,0.013399919722360392,0.12560465598274914,0.037809360109800294
50,10,0.01,3,0.002399061590036451,0.020260591274374247,0.2871478547841282,0.037809360109800294
50,10,0.01,4,-0.019355097207205373,-0.002720924874687323,0.005178863295011923,0.037809360109800294
50,10,0.01,5,-0.041649589680242995,0.0262951974400265,0.48367564275621033,0.037809360109800294
50,10,0.01,6,-0.08407013654312691,-0.010662428331898632,0.0795268160590282,0.037809360109800294
50,10,0.02,1,0.04355083066374473,-0.008739210958738352,0.09797374128589534,0.02792012618517754
50,10,0.02,2,0.01780818673123771,0.018659861396541185,0.4466651546987965,0.02792012618517754
50,10,0.02,3,0.0052631607378387894,0.017809346143229123,0.4068751784763142,0.02792012618517754
50,10,0.02,4,-0.009764996802926043,-4.5438652538579323e-4,2.648598536209554e-4,0.02792012618517754
50,10,0.02,5,-0.0395011335113306,0.003730194573674797,0.01784958891163492,0.02792012618517754
50,10,0.02,6,-0.04853164635009443,0.004865756051786912,0.030371476773738026,0.02792012618517754
50,10,0.05,1,0.04328779903182666,0.01661091883207193,0.3624598336776297,0.027590763125365722
50,10,0.05,2,0.03707260234450709,-0.003997461296117524,0.020991385759112444,0.027590763125365722
50,10,0.05,3,0.018767242299071427,0.005021147506018976,0.033119100594400215,0.027590763125365722
50,10,0.05,4,-0.002374531207941684,0.010471574648431046,0.14404446028422774,0.027590763125365722
50,10,0.05,5,-0.018134683263900515,0.012568191789007255,0.20750003455297686,0.027590763125365722
50,10,0.05,6,-0.038536813022602236,-0.013286182515691539,0.231885185131653,0.027590763125365722
50,10,0.1,1,0.037424308824505856,-0.007645326980993498,0.07857784484458888,0.027273822374350346
50,10,0.1,2,0.021378764297262234,0.010271278660065664,0.14182637675454865,0.027273822374350346
50,10,0.1,3,-0.007655397409930137,0.010479454597220248,0.14763364598307877,0.027273822374350346
50,10,0.1,4,-0.022288649693868113,-0.016148099187042624,0.35055066971362064,0.027273822374350346
50,10,0.1,5,-0.04853543273003348,-0.009809212769237392,0.12935293704675163,0.027273822374350346
50,10,0.1,6,-0.058319954037193644,-0.010635340417055252,0.1520585256574114,0.027273822374350346
50,10,0.2,1,0.02736281476926445,-5.860839592736638e-4,0.0014842678914485947,0.015212608504633362
50,10,0.2,2,0.00712145327240021,-0.001286454012285167,0.007151236713398408,0.015212608504633362
50,10,0.2,3,0.0028162247370204564,-8.732285072300732e-4,0.0032949469946841332,0.015212608504633362
50,10,0.2,4,-0.01182991497744348,0.002928300348002735,0.03705304129573005,0.015212608504633362
50,10,0.2,5,-0.04242910044229243,0.009829951965665468,0.41753742980408864,0.015212608504633362
50,10,0.2,6,-0.07028642149764078,-0.011111236320993187,0.5334790773006501,0.015212608504633362
50,10,0.5,1,0.04122914233588148,1.795669986051191e-4,7.193147685126565e-5,0.021172251055827727
50,10,0.5,2,0.02027231347951054,0.015633132287563967,0.5452026217290784,0.021172251055827727
50,10,0.5,3,-0.008841354130991212,-0.0024759234816533146,0.013675410360681954,0.021172251055827727
50,10,0.5,4,-0.025708405850728564,0.005715631077367843,0.07287764121269905,0.021172251055827727
50,10,0.5,5,-0.03804441687586974,0.009780705869358131,0.21340585340225496,0.021172251055827727
50,10,0.5,6,-0.046872192634403294,-0.008329243803675297,0.1547665418184343,0.021172251055827727
50,10,1,1,0.09817293919032087,-0.008375220325762338,0.19184926181998047,0.019121245369953584
50,10,1,2,0.007535679130743334,-0.0024804462393904227,0.016827797928623493,0.019121245369953584
50,10,1,3,0.002320808083377906,-0.0036739253514752645,0.03691716194270878,0.019121245369953584
50,10,1,4,-0.026214136093390412,-0.003250199931404758,0.028892678466535072,0.019121245369953584
50,10,1,5,-0.030476572373362328,-0.0056894582290998395,0.08853387589305765,0.019121245369953584
50,10,1,6,-0.06713254227914883,0.015260852971685909,0.6369792239490946,0.019121245369953584
100,0.05,0.01,1,0.3775950916822676,-0.024755237095588845,0.1637402274088835,0.06117717176453014
100,0.05,0.01,2,0.16758009554792672,0.0013735643141386319,5.041029130475537e-4,0.06117717176453014
100,0.05,0.01,3,0.05908595450155677,0.011639845209226899,0.036200587499243216,0.06117717176453014
100,0.05,0.01,4,0.03887342481680836,-0.011870411116035087,0.03764893796281667,0.06117717176453014
100,0.05,0.01,5,-0.020889893295480005,-0.04993312813910916,0.6661909931769228,0.06117717176453014
100,0.05,0.01,6,-0.2840965468233754,0.018926911005438366,0.09571515103908629,0.06117717176453014
100,0.05,0.02,1,0.3606002444399814,-0.0383031333537253,0.4786264924684319,0.05536508049890586
100,0.05,0.02,2,0.17703494104071968,-0.0048361882269234565,0.0076301753661010925,0.05536508049890586
100,0.05,0.02,3,0.01598635690222016,-0.006155847288681579,0.012362428808581228,0.05536508049890586
100,0.05,0.02,4,-0.0097730932831844,0.03531236669849729,0.4068007829094519,0.05536508049890586
100,0.05,0.02,5,-0.025175116448729894,0.013677543498019945,0.06103013601261461,0.05536508049890586
100,0.05,0.02,6,-0.278877663562801,0.010141030694159843,0.0335499844348192,0.05536508049890586
100,0.05,0.05,1,0.3245750995793344,0.022492045932871654,0.13909185223155288,0.06030844302612001
100,0.05,0.05,2,0.1157965222355159,0.005229643050812546,0.007519480912115444,0.06030844302612001
100,0.05,0.05,3,0.006872125790455822,0.022310242457430022,0.13685237760920818,0.06030844302612001
100,0.05,0.05,4,-0.00653556950181786,0.02525763958839386,0.17539987949658337,0.06030844302612001
100,0.05,0.05,5,-0.042011327811743555,-0.042962259463038575,0.5074789051649383,0.06030844302612001
100,0.05,0.05,6,-0.2709307840222966,0.0110641759428112,0.03365750458560185,0.06030844302612001
100,0.05,0.1,1,0.28076274460064804,-0.015418862790920246,0.11561753770750241,0.04534615683542867
100,0.05,0.1,2,0.07598211316050564,-0.01301696117509067,0.08240209388393598,0.04534615683542867
100,0.05,0.1,3,0.02004145171488107,0.009753034584179842,0.046259246767521196,0.04534615683542867
100,0.05,0.1,4,0.013272497303608355,-0.013626107248053968,0.09029477792178218,0.04534615683542867
100,0.05,0.1,5,-0.02957604642269599,0.0345990831310606,0.5821678378414348,0.04534615683542867
100,0.05,0.1,6,-0.21740329519485113,0.013084429521325425,0.08325850587782348,0.04534615683542867
100,0.05,0.2,1,0.16833368720890363,0.0030105026163583576,0.006309205687169202,0.03790108702103523
100,0.05,0.2,2,0.0326166382663262,0.004327346952029642,0.013035872433049598,0.03790108702103523
100,0.05,0.2,3,0.02004992086271049,0.004592422691032969,0.014681836264249216,0.03790108702103523
100,0.05,0.2,4,0.002483002200859976,-0.032517349865855194,0.7360832846939204,0.03790108702103523
100,0.05,0.2,5,-0.013763581017942266,-0.016857862368822994,0.19783433881396026,0.03790108702103523
100,0.05,0.2,6,-0.157952375412873,-0.006785825492305136,0.03205546210765129,0.03790108702103523
100,0.05,0.5,1,0.04975296148934131,0.002748865283673651,0.022311446195834396,0.01840304108551585
100,0.05,0.5,2,0.02773036069475334,0.002733492537396049,0.022062595049601456,0.01840304108551585
100,0.05,0.5,3,0.015913657105224282,0.008462612819299546,0.2114607419376205,0.01840304108551585
100,0.05,0.5,4,-0.017236387312050468,0.003902243411297413,0.04496240369522135,0.01840304108551585
100,0.05,0.5,5,-0.030419634457664647,-0.01535266446421153,0.6959664837842336,0.01840304108551585
100,0.05,0.5,6,-0.09226714299456545,0.001046925916360673,0.0032363293374886963,0.01840304108551585
100,0.05,1,1,0.0764147899737251,0.03767754012296953,0.876448879833021,0.04024567778641662
100,0.05,1,2,0.028830315842824313,0.0015992149524414034,0.0015789747742725835,0.04024567778641662
100,0.05,1,3,-1.3448327046050267e-4,0.009994671980385186,0.06167350050364791,0.04024567778641662
100,0.05,1,4,-0.011743166819305009,-0.0020047253102022135,0.0024812541776059946,0.04024567778641662
100,0.05,1,5,-0.03472140330610936,0.007334062694450507,0.03320861357556129,0.04024567778641662
100,0.05,1,6,-0.09170825432549362,-0.0063134139049316595,0.024608777135891224,0.04024567778641662
100,0.1,0.01,1,0.3137364448028402,-0.016100668654574827,0.12236027263167325,0.04602816852272923
100,0.1,0.01,2,0.11856438242233053,-0.01015363711946761,0.04866266476694218,0.04602816852272923
100,0.1,0.01,3,0.03638569742881397,-0.004252010151114769,0.00853377516100341,0.04602816852272923
100,0.1,0.01,4,0.02314184235817929,-0.032706075403065325,0.5049047754514152,0.04602816852272923
100,0.1,0.01,5,-0.01579971329941179,-0.00863613828167224,0.03520398167508513,0.04602816852272923
100,0.1,0.01,6,-0.23139587065352427,0.02437036266989436,0.28033453031388084,0.04602816852272923
100,0.1,0.02,1,0.2988524965335054,-0.02823570451024574,0.24685962048236806,0.05682946922123043
100,0.1,0.02,2,0.1256754451250913,-0.0014009729002681943,6.077322307623235e-4,0.05682946922123043
100,0.1,0.02,3,0.03144777354459174,-0.009144002512812444,0.025889607945757995,0.05682946922123043
100,0.1,0.02,4,0.004555657822232792,0.02138986193946825,0.14166702153980096,0.05682946922123043
100,0.1,0.02,5,-0.022410434197845004,-0.03603299140824432,0.4020253480881978,0.05682946922123043
100,0.1,0.02,6,-0.24703747710977844,0.024307517194052084,0.1829506697131129,0.05682946922123043
100,0.1,0.05,1,0.26571123747190045,6.400272547625844e-4,2.0685238029168488e-4,0.04450083980100256
100,0.1,0.05,2,0.09023374196782395,4.61888259196148e-4,1.0773019159506666e-4,0.04450083980100256
100,0.1,0.05,3,0.024331410409534075,-0.009377539139345878,0.04440596958708419,0.04450083980100256
100,0.1,0.05,4,-0.025044584569182116,-0.011576139398633653,0.06766920619997066,0.04450083980100256
100,0.1,0.05,5,-0.03763193286573863,-0.041911351933665464,0.8870067533728976,0.04450083980100256
100,0.1,0.05,6,-0.2475134654192822,0.0010932075509919982,6.034882681608979e-4,0.04450083980100256
100,0.1,0.1,1,0.21227030660996873,-0.00850857215022534,0.09084083883405056,0.028230340600038328
100,0.1,0.1,2,0.07467233866524578,0.006415417694160003,0.05164373444887427,0.028230340600038328
100,0.1,0.1,3,0.006257306589973942,0.010024949618245876,0.12610495789585385,0.028230340600038328
100,0.1,0.1,4,-0.005290158764470429,0.0028796310683550617,0.010404985159816759,0.028230340600038328
100,0.1,0.1,5,-0.03861016356907866,-0.022280488000207183,0.6228983229919305,0.028230340600038328
100,0.1,0.1,6,-0.2351034687857131,0.008842324960238722,0.09810716066947407,0.028230340600038328
100,0.1,0.2,1,0.12957450356302247,0.009129064072053545,0.03052629211035062,0.052250352813234466
100,0.1,0.2,2,0.027169490047625772,0.01657894901656856,0.1006782220472206,0.052250352813234466
100,0.1,0.2,3,0.0195112341264667,-0.03905868849261566,0.558800593130765,0.052250352813234466
100,0.1,0.2,4,0.002382151751368011,0.013245302304235694,0.06426067677820291,0.052250352813234466
100,0.1,0.2,5,-0.043636004784391204,0.025687417558016318,0.24169208940391068,0.052250352813234466
100,0.1,0.2,6,-0.1947718842925675,0.00332195832125836,0.0040421265295502206,0.052250352813234466
100,0.1,0.5,1,0.03210386382288528,0.001126034560974798,8.951284915536379e-4,0.037636482710816994
100,0.1,0.5,2,0.01360410112754959,-0.0028230624609804824,0.005626300373336485,0.037636482710816994
100,0.1,0.5,3,0.006767426355811927,0.021276551860882276,0.3195835617587291,0.037636482710816994
100,0.1,0.5,4,-0.011209854342848111,-0.014328342451567177,0.144935190434473,0.037636482710816994
100,0.1,0.5,5,-0.036315528948932224,0.013993200290045747,0.13823437103352107,0.037636482710816994
100,0.1,0.5,6,-0.11516377570479669,0.023525825904630596,0.3907254479083867,0.037636482710816994
100,0.1,1,1,0.09793438110539383,-0.003249352310551747,0.0269482565922529,0.01979390425729657
100,0.1,1,2,0.030566026127149076,-0.007365730584842212,0.13847415665522933,0.01979390425729657
100,0.1,1,3,0.01009597324703769,0.0028926155089135253,0.021355930075903345,0.01979390425729657
100,0.1,1,4,-0.00886236811382991,-0.008330104440453625,0.17710791178606927,0.01979390425729657
100,0.1,1,5,-0.02182230192952678,-0.006823281774054982,0.11882933918615933,0.01979390425729657
100,0.1,1,6,-0.09340110715132581,0.014236268107233444,0.5172844057043858,0.01979390425729657
100,0.2,0.01,1,0.21139041856927612,-0.005825976878720009,0.03635647290387174,0.030554690209204847
100,0.2,0.01,2,0.1118258655883105,0.009533683476633996,0.0973566649805101,0.030554690209204847
100,0.2,0.01,3,0.02304003897689687,-0.01133588134337482,0.13764321657905848,0.030554690209204847
100,0.2,0.01,4,0.007559474198649048,-0.025424986545419404,0.6924137665502308,0.030554690209204847
100,0.2,0.01,5,-0.007396550778964839,0.005632662347665668,0.03398377866041212,0.030554690209204847
100,0.2,0.01,6,-0.21464839542064246,0.0014480796828257054,0.002246100325916685,0.030554690209204847
100,0.2,0.02,1,0.22690062686832924,-0.02445665858978771,0.3721013348225117,0.04009281102230891
100,0.2,0.02,2,0.09628819782643462,-0.010466297343893146,0.06814800138595244,0.04009281102230891
100,0.2,0.02,3,0.022929164384131805,-0.0036916177385468087,0.008478137082659353,0.04009281102230891
100,0.2,0.02,4,3.110569083752261e-5,0.003430683747858613,0.007321976933740133,0.04009281102230891
100,0.2,0.02,5,-0.02569824915459587,-0.02645837629974089,0.43550521891212146,0.04009281102230891
100,0.2,0.02,6,-0.22304028563433384,0.013202979106182369,0.10844533086301493,0.04009281102230891
100,0.2,0.05,1,0.21213448382150446,0.006209091078724039,0.022342833079332453,0.04153927476445272
100,0.2,0.05,2,0.07674694400001,-0.012332712048948632,0.08814534118387009,0.04153927476445272
100,0.2,0.05,3,0.003313006395449257,-0.028998748181369202,0.4873496758408839,0.04153927476445272
100,0.2,0.05,4,-0.013886643990240583,0.017929440941346176,0.18630121027595095,0.04153927476445272
100,0.2,0.05,5,-0.043823825754564505,0.009735347888387941,0.05492690536064673,0.04153927476445272
100,0.2,0.05,6,-0.18063029168817368,0.016664138213148064,0.16093403425931582,0.04153927476445272
100,0.2,0.1,1,0.17895672162466875,-0.029186011063994065,0.7698541101326397,0.0332636977958836
100,0.2,0.1,2,0.08282434540876919,-1.5468435319542385e-4,2.1624781031288463e-5,0.0332636977958836
100,0.2,0.1,3,0.015104286025896137,0.0024415616517441995,0.005387587509955177,0.0332636977958836
100,0.2,0.1,4,0.006275116199775323,-0.001128445148108564,0.0011508530005443752,0.0332636977958836
100,0.2,0.1,5,-0.029727912107591615,-0.014150955075866514,0.1809799449149986,0.0332636977958836
100,0.2,0.1,6,-0.19690434365644385,0.006866023643158658,0.042605879660830744,0.0332636977958836
100,0.2,0.2,1,0.14823370960494797,-0.013288073999471042,0.43121172342384684,0.020235631317345765
100,0.2,0.2,2,0.0354227372541495,0.011373714039927853,0.3159156156271022,0.020235631317345765
100,0.2,0.2,3,0.019535195889656274,-8.272620975412178e-4,0.001671293550578191,0.020235631317345765
100,0.2,0.2,4,-0.009156826631780468,-0.0054046574483049715,0.07133502701552195,0.020235631317345765
100,0.2,0.2,5,-0.05421310618080245,-0.007885706366087666,0.15186150050823424,0.020235631317345765
100,0.2,0.2,6,-0.1639197527760124,-0.0033863613998467725,0.02800483987471659,0.020235631317345765
100,0.2,0.5,1,0.02772304732986377,0.01722423152145367,0.14335840234580444,0.04549129271988374
100,0.2,0.5,2,0.019131442375747185,-0.029442060324316212,0.4188705623500998,0.04549129271988374
100,0.2,0.5,3,-0.010768795873817998,-0.014346295819695857,0.09945417218282929,0.04549129271988374
100,0.2,0.5,4,-0.025427632431681946,-0.013440833341964845,0.08729629978092837,0.04549129271988374
100,0.2,0.5,5,-0.04909487610188245,0.020731997179792273,0.20769484889454018,0.04549129271988374
100,0.2,0.5,6,-0.10510788039715796,-0.009468935206517289,0.043325714445797935,0.04549129271988374
100,0.2,1,1,0.08482473928869232,-0.01426207798586983,0.10863496704714225,0.04327110526005238
100,0.2,1,2,0.01748278361731126,-0.012072662639226905,0.07784131299424112,0.04327110526005238
100,0.2,1,3,0.006890176029047216,0.007269719463040107,0.028225349412260136,0.04327110526005238
100,0.2,1,4,-0.03763998489725313,-0.006207429430718494,0.020579158171295398,0.04327110526005238
100,0.2,1,5,-0.046907386306248515,0.015830501717764574,0.13384229709109202,0.04327110526005238
100,0.2,1,6,-0.1034688841931628,0.034369269891956,0.6308769152839692,0.04327110526005238
100,0.5,0.01,1,0.1520923530670201,-0.005428058607609276,0.014250467941678578,0.04547052466996997
100,0.5,0.01,2,0.05389270645519781,-0.02322707985537607,0.2609331729147772,0.04547052466996997
100,0.5,0.01,3,0.014051922319581257,0.009150554018047513,0.0404981185532883,0.04547052466996997
100,0.5,0.01,4,-0.0034261198312378516,0.03158558893980665,0.48252300892642047,0.04547052466996997
100,0.5,0.01,5,-0.010102749320356695,-0.008103535458546847,0.031760632508553856,0.04547052466996997
100,0.5,0.01,6,-0.14285045584648823,0.018749885345439365,0.17003459915528155,0.04547052466996997
100,0.5,0.02,1,0.17264218123480649,0.004423937281183454,0.023587202063244023,0.02880519022123339
100,0.5,0.02,2,0.06544806301705512,-0.017657170923838797,0.3757515208582242,0.02880519022123339
100,0.5,0.02,3,0.05451499765893154,-0.015196028055367794,0.2783035065255914,0.02880519022123339
100,0.5,0.02,4,-0.004853894337032179,0.01607355940872789,0.3113741997749696,0.02880519022123339
100,0.5,0.02,5,-0.02472958792493129,6.732356164080213e-4,5.462515370668694e-4,0.02880519022123339
100,0.5,0.02,6,-0.15299828135587426,0.0029428303823540967,0.010437319240903926,0.02880519022123339
100,0.5,0.05,1,0.14503706592187643,-0.007890741919779598,0.06790851843347102,0.030279988891756877
100,0.5,0.05,2,0.05701631744537526,-0.006644776045275901,0.04815587441808571,0.030279988891756877
100,0.5,0.05,3,0.037469810111949914,-0.017727261407272914,0.34274558935177696,0.030279988891756877
100,0.5,0.05,4,-0.0036637591593787476,-0.00401697221614357,0.01759892873944259,0.030279988891756877
100,0.5,0.05,5,-0.01636990817406669,0.019105814469728248,0.3981252196327412,0.030279988891756877
100,0.5,0.05,6,-0.15525542250363422,0.010725523819830246,0.12546586942448246,0.030279988891756877
100,0.5,0.1,1,0.15178469195638064,0.020393252538348557,0.4601789611340292,0.030062363214575446
100,0.5,0.1,2,0.04579406341174748,-0.008838500740149892,0.08643924600210187,0.030062363214575446
100,0.5,0.1,3,0.013659939313148043,0.006048656583760303,0.04048290043884573,0.030062363214575446
100,0.5,0.1,4,-0.013422608608741848,0.017230658979463378,0.3285167661268663,0.030062363214575446
100,0.5,0.1,5,-0.036137678582598316,-0.0036248540319190536,0.01453900916349242,0.030062363214575446
100,0.5,0.1,6,-0.135669275158265,0.00794483577747333,0.06984311713466443,0.030062363214575446
100,0.5,0.2,1,0.1026925829639343,0.022237105801533624,0.45630057393996304,0.03291946396472923
100,0.5,0.2,2,0.0350723596998888,-7.913244094567828e-4,5.778346952727502e-4,0.03291946396472923
100,0.5,0.2,3,0.01778642839430013,-0.010510606728195149,0.10194127552332388,0.03291946396472923
100,0.5,0.2,4,0.0016441576400896573,-0.003982380661035589,0.014634572173137373,0.03291946396472923
100,0.5,0.2,5,-0.022546895461846333,0.021337129376608567,0.4201133392981746,0.03291946396472923
100,0.5,0.2,6,-0.12246497019643111,0.0026402157898929783,0.006432404370128347,0.03291946396472923
100,0.5,0.5,1,0.05249497613284887,0.001086788408179681,0.001216394605741345,0.03116073943214835
100,0.5,0.5,2,0.026187017293003375,-0.008293611145140642,0.07083890326236486,0.03116073943214835
100,0.5,0.5,3,0.014634870581940606,0.011416032269447578,0.13421926799026146,0.03116073943214835
100,0.5,0.5,4,-0.008318357553461872,0.016138369344182203,0.268227802491556,0.03116073943214835
100,0.5,0.5,5,-0.019911386755966834,-0.01599212075821458,0.26338838024805594,0.03116073943214835
100,0.5,0.5,6,-0.07891143682309773,-0.015953241140146547,0.2621092514020204,0.03116073943214835
100,0.5,1,1,0.07890554852746196,-0.003898715444667114,0.045313661010618844,0.018315001679181164
100,0.5,1,2,0.014694555923938616,0.005884641898632853,0.10323480781156856,0.018315001679181164
100,0.5,1,3,4.584290032902318e-4,0.009135260939607042,0.2487871748815508,0.018315001679181164
100,0.5,1,4,-0.02334201900511414,-0.0037694677426342318,0.04235904270683517,0.018315001679181164
100,0.5,1,5,-0.04849983304188243,0.010538658144521318,0.33109811508110676,0.018315001679181164
100,0.5,1,6,-0.09591819234516154,-0.00876841485846912,0.22920719850831983,0.018315001679181164
100,1,0.01,1,0.12327196167348743,0.006223462460817272,0.02749700097385932,0.03753093722309058
100,1,0.01,2,0.051939584658991504,0.002132771818005467,0.003229311709587165,0.03753093722309058
100,1,0.01,3,0.03197692967725809,-0.0165344541278419,0.19408899161484316,0.03753093722309058
100,1,0.01,4,0.013221574224658325,-0.009210099675798313,0.06022126044939656,0.03753093722309058
100,1,0.01,5,-0.015478692450734612,0.006068361382191986,0.02614351946705733,0.03753093722309058
100,1,0.01,6,-0.12517517663576355,-0.03114886721866397,0.6888199157852565,0.03753093722309058
100,1,0.02,1,0.11905137145195999,-0.0012550166306085494,0.0011326531913094253,0.03729074023366449
100,1,0.02,2,0.04880086030041821,-0.022218292941652666,0.35499265582410894,0.03729074023366449
100,1,0.02,3,0.03557419475380181,0.0058449456590418045,0.024567385860822303,0.03729074023366449
100,1,0.02,4,3.5021723916716297e-7,-0.007909108805107963,0.04498348429220109,0.03729074023366449
100,1,0.02,5,-0.009317211508952435,0.02683713825478526,0.5179292021724021,0.03729074023366449
100,1,0.02,6,-0.09867884862497575,-0.00885563761881666,0.056394618659156175,0.03729074023366449
100,1,0.05,1,0.07229728861616111,-0.010123425962843184,0.3567526743524835,0.016948992686875074
100,1,0.05,2,0.04164561864542773,5.37134433907612e-4,0.001004334090323809,0.016948992686875074
100,1,0.05,3,0.025857815228647593,0.0030278947704196605,0.03191492081117402,0.016948992686875074
100,1,0.05,4,-0.00376949980524424,8.45859462175828e-4,0.0024906266981102308,0.016948992686875074
100,1,0.05,5,-0.03030495725264201,-0.004864831050329799,0.0823849229923196,0.016948992686875074
100,1,0.05,6,-0.08836454477592671,0.012286003433002448,0.5254525210555889,0.016948992686875074
100,1,0.1,1,0.10337809214442395,-0.016282231864201458,0.5284316166553179,0.022398531088083137
100,1,0.1,2,0.03262715844792957,0.005243439176647682,0.054801619549283746,0.022398531088083137
100,1,0.1,3,0.020328717531704815,-0.0056094682381348255,0.06271974887147218,0.022398531088083137
100,1,0.1,4,-0.0048133384755355,0.00266420262942686,0.014148012320544502,0.022398531088083137
100,1,0.1,5,-0.020495224990341496,-0.005791144470941914,0.06684820080437667,0.022398531088083137
100,1,0.1,6,-0.1308420984778461,-0.011704187377874476,0.2730508017990051,0.022398531088083137
100,1,0.2,1,0.07551055549187473,1.1122758503588973e-4,6.15971075551333e-5,0.014172039310881764
100,1,0.2,2,0.06343209117993362,-0.0071939676309368625,0.2576749866005459,0.014172039310881764
100,1,0.2,3,0.010197913938086372,-0.004075633338429745,0.08270380970050145,0.014172039310881764
100,1,0.2,4,0.002824250001515791,0.0014097507887141031,0.009895095631655826,0.014172039310881764
100,1,0.2,5,-0.01512220575240069,0.008102201014497558,0.32684461262300485,0.014172039310881764
100,1,0.2,6,-0.08557535939276825,0.008052161865214368,0.32281989833673685,0.014172039310881764
100,1,0.5,1,0.0699176536278045,-0.01181579248349749,0.11487346742634613,0.03486205549209479
100,1,0.5,2,0.04191745445880305,-0.0023712941460643146,0.004626631162094213,0.03486205549209479
100,1,0.5,3,0.00751345706051936,0.01036683832902472,0.08842736254228284,0.03486205549209479
100,1,0.5,4,-0.002486919299629193,-0.013510756123747292,0.15019425807940914,0.03486205549209479
100,1,0.5,5,-0.023873125720211982,-0.015665094590018774,0.20191103896816068,0.03486205549209479
100,1,0.5,6,-0.08219994856648803,0.023124010653515867,0.43996724182170704,0.03486205549209479
100,1,1,1,0.10472451406635176,-0.008174905327961174,0.3443008801663143,0.013932006403965642
100,1,1,2,0.047244531385174725,-0.006911569793750219,0.24610818921582028,0.013932006403965642
100,1,1,3,0.029533265668596036,-0.0038336591147765803,0.07571809092773876,0.013932006403965642
100,1,1,4,0.013511959768367868,0.003950070176550272,0.08038634669984863,0.013932006403965642
100,1,1,5,-0.009876730559877077,0.00640373284460468,0.21127060697090871,0.013932006403965642
100,1,1,6,-0.06860287624492621,0.002862540366891102,0.04221588601936925,0.013932006403965642
100,10,0.01,1,0.056153351309089106,1.499388407142271e-4,4.050915967277279e-5,0.023557951946287195
100,10,0.01,2,0.024783489521693645,-0.01153927677714144,0.23992865392573945,0.023557951946287195
100,10,0.01,3,0.017752785941871668,-0.008624787400621873,0.1340360849462978,0.023557951946287195
100,10,0.01,4,-0.008726459618395008,0.002766866255971659,0.013794350937659813,0.023557951946287195
100,10,0.01,5,-0.013589482257013619,0.01395487462632171,0.3508947051512431,0.023557951946287195
100,10,0.01,6,-0.043361273694088605,-0.012042370085968469,0.26130569587938707,0.023557951946287195
100,10,0.02,1,0.03913097894671658,-6.79680278589217e-4,0.0013488834224200988,0.01850620889469958
100,10,0.02,2,0.025268801062033875,0.011809773354281296,0.4072379154972208,0.01850620889469958
100,10,0.02,3,0.013819410623855034,0.007479472215537327,0.16334542915092795,0.01850620889469958
100,10,0.02,4,-0.0027080570837207532,0.003246808333950072,0.03078069232997677,0.01850620889469958
100,10,0.02,5,-0.018428782487894885,0.008829298646070275,0.2276237078629342,0.01850620889469958
100,10,0.02,6,-0.03408700305260797,-0.007622747020055262,0.16966337173652007,0.01850620889469958
100,10,0.05,1,0.057596373869639235,0.00490473104135599,0.03114525151940768,0.027791966391852902
100,10,0.05,2,0.02165726522915822,0.01671642117719257,0.36178291845481686,0.027791966391852902
100,10,0.05,3,-0.012340505070918046,-0.013786308474008215,0.24606929880942308,0.027791966391852902
100,10,0.05,4,-0.013049017614539334,0.0013287038034813232,0.0022856925068208992,0.027791966391852902
100,10,0.05,5,-0.021582064261081862,-0.012473816978566409,0.20144671204529896,0.027791966391852902
100,10,0.05,6,-0.030252895886812563,0.011021542868939903,0.15727012666423248,0.027791966391852902
100,10,0.1,1,0.05853058451703883,-0.0020236289703156173,0.02593377766686469,0.01256602723109469
100,10,0.1,2,0.02116342776527733,0.0035385005267573235,0.07929440344852647,0.01256602723109469
100,10,0.1,3,0.006588560039364186,0.008119655714642057,0.41752187750780606,0.01256602723109469
100,10,0.1,4,-0.00321069680252682,0.0025372476434395953,0.04076896841892267,0.01256602723109469
100,10,0.1,5,-0.01241710359259986,0.004176104246390599,0.11044515511074415,0.01256602723109469
100,10,0.1,6,-0.01894781191615577,0.007175144526772264,0.3260358178471359,0.01256602723109469
100,10,0.2,1,0.041188154995794486,-0.014937560646871103,0.3687338833750646,0.02459932316439797
100,10,0.2,2,0.014797217578088181,-0.006899636798186197,0.07866945539729292,0.02459932316439797
100,10,0.2,3,-0.0015341620679008886,-0.0071046696633704975,0.08341448330308009,0.02459932316439797
100,10,0.2,4,-0.01727695008721175,0.003196213637752952,0.016882053982554338,0.02459932316439797
100,10,0.2,5,-0.025612764408959796,0.015540136714332489,0.39908311605104224,0.02459932316439797
100,10,0.2,6,-0.04661435939363845,-0.005674771570444902,0.053217007890965846,0.02459932316439797
100,10,0.5,1,0.03453593278347138,-0.012386081981164587,0.2934483959975045,0.022864835446803393
100,10,0.5,2,0.03323645582521985,-0.007624592609266177,0.11119803867177584,0.022864835446803393
100,10,0.5,3,0.02234569719120257,0.016166447209224322,0.49991137227616417,0.022864835446803393
100,10,0.5,4,-0.011932812849502265,-0.0019396098922686072,0.0071960242863458625,0.022864835446803393
100,10,0.5,5,-0.0232517871846713,0.006625587999927538,0.08396778417472424,0.022864835446803393
100,10,0.5,6,-0.044968531084616833,0.0014955742911616126,0.004278384593485349,0.022864835446803393
100,10,1,1,0.09394229574353279,-4.837286303065614e-4,7.319116518487277e-4,0.017880203695578568
100,10,1,2,0.0304615053657979,0.007802544711650011,0.19042659762809297,0.017880203695578568
100,10,1,3,0.007065409588018594,-0.008195924760742683,0.21011207010940544,0.017880203695578568
100,10,1,4,-0.011463104326798122,0.0022131011421974867,0.01531995891082821,0.017880203695578568
100,10,1,5,-0.032292203554358516,0.011780220489635871,0.43407214176459313,0.017880203695578568
100,10,1,6,-0.08806626528984031,0.006909659376301992,0.1493373199352315,0.017880203695578568
100,100,0.01,1,0.03140907252591628,-0.009236778477467435,0.40897983761301854,0.014443404663713822
100,100,0.01,2,0.015461990957533017,0.005091518014623589,0.12426688475741923,0.014443404663713822
100,100,0.01,3,0.010482161881415736,0.005017592649679167,0.12068454090267862,0.014443404663713822
100,100,0.01,4,9.496226683977664e-4,0.008311255961463948,0.33112666622331094,0.014443404663713822
100,100,0.01,5,-0.033852382815373026,6.588655426873853e-4,0.002080915440028763,0.014443404663713822
100,100,0.01,6,-0.044092817296408675,0.0016379836648522566,0.012861155063543895,0.014443404663713822
100,100,0.02,1,0.036919122121263845,0.0024520447934500787,0.01669888372608093,0.018975126469272283
100,100,0.02,2,0.019353252667884457,-0.009735193398831585,0.2632205601060338,0.018975126469272283
100,100,0.02,3,0.008105233296386556,0.0020138502911122135,0.011263801955947285,0.018975126469272283
100,100,0.02,4,-0.002251745670418366,-0.012648085849749238,0.44430402867482327,0.018975126469272283
100,100,0.02,5,-0.013684631305844425,0.005030751024178237,0.070290444591043,0.018975126469272283
100,100,0.02,6,-0.046949402650616284,0.008362462903847638,0.19422228094607163,0.018975126469272283
100,100,0.05,1,0.02599720648632033,-0.015316231514692991,0.5982987457964016,0.01980126227252711
100,100,0.05,2,0.021887437623603342,-0.0014883307862320618,0.005649541175196793,0.01980126227252711
100,100,0.05,3,0.0016017455300973808,-0.0012481549881620882,0.0039732993032232464,0.01980126227252711
100,100,0.05,4,-0.011009202683299395,-0.007685468429149146,0.15064507344141842,0.01980126227252711
100,100,0.05,5,-0.018291849624355715,0.008280648244506063,0.17488111790741798,0.01980126227252711
100,100,0.05,6,-0.03301456642586098,0.005108273685436309,0.06655222237634194,0.01980126227252711
100,100,0.1,1,0.050290936059448794,-0.018301980367988212,0.4737374623570162,0.026590666337159816
100,100,0.1,2,0.03635487082115914,0.0058249928767985125,0.04798796752341161,0.026590666337159816
100,100,0.1,3,0.008276684683800934,8.651998407204211e-4,0.0010587036751299212,0.026590666337159816
100,100,0.1,4,-2.6293072500644196e-4,-0.0028265236197007938,0.011299176612969376,0.026590666337159816
100,100,0.1,5,-0.030877771653577673,0.008463916969831382,0.10131747261599466,0.026590666337159816
100,100,0.1,6,-0.053532431698743145,0.01605598990532431,0.36459921721547817,0.026590666337159816
100,100,0.2,1,0.03424765020964295,0.003528025119663291,0.01637788913672909,0.027567837818376743
100,100,0.2,2,0.022389589509329084,-0.015934567457778756,0.33409897855559306,0.027567837818376743
100,100,0.2,3,0.001060827011256357,-0.011280883258057178,0.16744832185563413,0.027567837818376743
100,100,0.2,4,-0.0071862690114426996,0.014806441558817185,0.28846689724918373,0.027567837818376743
100,100,0.2,5,-0.032193976557339445,-0.010777979884262979,0.15285136699270746,0.027567837818376743
100,100,0.2,6,-0.03928781727016716,0.005565464182499538,0.040756546210152435,0.027567837818376743
100,100,0.5,1,0.030211435389890736,-0.012549202583766475,0.7395992074544407,0.014592103845990089
100,100,0.5,2,0.015496956212903904,-0.0070622764837718075,0.23423598132665097,0.014592103845990089
100,100,0.5,3,0.013624660747766732,-0.001575341332582433,0.011655033128203762,0.014592103845990089
100,100,0.5,4,-0.002721644419415424,-8.048042450234565e-4,0.003041898323507852,0.014592103845990089
100,100,0.5,5,-0.023315995219777775,-0.0012717511083077597,0.007595710890706413,0.014592103845990089
100,100,0.5,6,-0.04844842024715603,9.080192520419814e-4,0.0038721688764902177,0.014592103845990089
100,100,1,1,0.06795196942488266,-0.0015674228408815518,0.0232694252433786,0.010275272376737891
100,100,1,2,0.05822037585012103,0.0025509974044766568,0.06163584403291634,0.010275272376737891
100,100,1,3,0.007035425568732832,0.004550332911639165,0.19610996286001373,0.010275272376737891
100,100,1,4,-0.002301415624022025,-0.006206662809129242,0.36486282640666373,0.010275272376737891
100,100,1,5,-0.026240860512067334,-0.0018391333397609262,0.032036107974657314,0.010275272376737891
100,100,1,6,-0.059626370695801574,0.005831484889973914,0.32208583348237024,0.010275272376737891
100,1000,0.01,1,0.04866984302289046,-0.004928274113463058,0.022175758020433322,0.033094484340645325
100,1000,0.01,2,0.023224114769193324,-0.0017242148674853916,0.0027143855462459145,0.033094484340645325
100,1000,0.01,3,0.016024811891096818,0.009246610371297278,0.07806455327449897,0.033094484340645325
100,1000,0.01,4,7.465119756418134e-5,-0.012478443857197218,0.14217054284615968,0.033094484340645325
100,1000,0.01,5,-0.015054761384642523,-0.0203962434691284,0.37982989011597373,0.033094484340645325
100,1000,0.01,6,-0.05954813556471484,-0.02026736240902507,0.3750448701966884,0.033094484340645325
100,1000,0.02,1,0.04987236563274356,-0.015948112331573873,0.37756364817772975,0.02595459157171704
100,1000,0.02,2,0.03883387216509335,0.011227719768663467,0.1871348748131457,0.02595459157171704
100,1000,0.02,3,0.02990726480403915,-0.01590428981001197,0.37549154605649065,0.02595459157171704
100,1000,0.02,4,0.01617304287763391,0.005429880328601755,0.04376753805237259,0.02595459157171704
100,1000,0.02,5,-0.0073341767390905565,0.0024317991339489553,0.008778635172067053,0.02595459157171704
100,1000,0.02,6,-0.014768579214465633,-0.002212049669164007,0.0072637577281942835,0.02595459157171704
100,1000,0.05,1,0.020403207607065616,0.021564610704816065,0.44412659311097846,0.03235848896420462
100,1000,0.05,2,0.007412307235981114,0.009443249599076426,0.0851660433459903,0.03235848896420462
100,1000,0.05,3,0.0015899659963035978,0.016800889720734586,0.26958026492461495,0.03235848896420462
100,1000,0.05,4,-0.01407051741592531,-0.010620645679051174,0.10772720053497369,0.03235848896420462
100,1000,0.05,5,-0.023538105745881818,-0.0027671725226008958,0.007313007294239908,0.03235848896420462
100,1000,0.05,6,-0.0655201703312845,-0.009494164333302666,0.08608689078920262,0.03235848896420462
100,1000,0.1,1,0.054339387996704604,-0.022548741372060158,0.23117643794758103,0.04689758957251271
100,1000,0.1,2,0.03203864689133314,-0.00718376359068861,0.023464052431206757,0.04689758957251271
100,1000,0.1,3,0.024786873693932704,0.03324633031771504,0.5025582281105918,0.04689758957251271
100,1000,0.1,4,-0.004348350710838802,0.006900077494016787,0.021647457388632777,0.04689758957251271
100,1000,0.1,5,-0.014678709373853491,0.017280048000592907,0.1357653194859673,0.04689758957251271
100,1000,0.1,6,-0.03492534421741731,-0.013704090739631058,0.08538850463602018,0.04689758957251271
100,1000,0.2,1,0.029671894247802352,-0.004623968257937567,0.05587523969487555,0.019561634701714164
100,1000,0.2,2,0.015544321010036907,6.709190242852427e-4,0.001176332035147459,0.019561634701714164
100,1000,0.2,3,-0.006184680272310148,-8.891469891324193e-4,0.0020660310079629795,0.019561634701714164
100,1000,0.2,4,-0.008511758254131698,-0.01290489194073076,0.43520958894718537,0.019561634701714164
100,1000,0.2,5,-0.020149314222906403,0.0012310761198949106,0.003960586702781943,0.019561634701714164
100,1000,0.2,6,-0.03138016825800354,0.013855828038502402,0.5017122216120466,0.019561634701714164
100,1000,0.5,1,0.04565283766048935,-0.014245874325671806,0.7010587550174017,0.017014214360143217
100,1000,0.5,2,0.02452770316616785,-0.0011000039306989153,0.004179888277320269,0.017014214360143217
100,1000,0.5,3,0.013288090209323193,0.004286865618122213,0.06348278034524181,0.017014214360143217
100,1000,0.5,4,0.0070299724876687,7.255816008461283e-4,0.0018186483068645517,0.017014214360143217
100,1000,0.5,5,-0.008301904153847682,-3.099720580824867e-4,3.3191073071101436e-4,0.017014214360143217
100,1000,0.5,6,-0.013054691906308806,0.00814424816532495,0.22912801732246066,0.017014214360143217
100,1000,1,1,0.03212508335802972,-0.027950788645209515,0.8443119258922946,0.030418836906539296
100,1000,1,2,0.022679590678416142,0.0034004769642190184,0.012496674720200622,0.030418836906539296
100,1000,1,3,0.017860194748179826,-3.3374819207821816e-4,1.2037952764057336e-4,0.030418836906539296
100,1000,1,4,-0.007416564504097101,-0.0014682333927924958,0.0023297267469708236,0.030418836906539296
100,1000,1,5,-0.016263446869534726,0.01073205487225494,0.12447454868761283,0.030418836906539296
100,1000,1,6,-0.03071185866525139,0.0038796533789453988,0.016266744425280474,0.030418836906539296
100,10000,0.01,1,0.018355130949583662,0.004760058822137727,0.14630209547529985,0.012444774920508167
100,10000,0.01,2,0.010366030038733435,0.0017411579475190338,0.019575021446464447,0.012444774920508167
100,10000,0.01,3,-0.0015076003494936515,0.0029297542220426322,0.05542277731030165,0.012444774920508167
100,10000,0.01,4,-0.018465126003628773,0.007149516449776444,0.3300496275204322,0.012444774920508167
100,10000,0.01,5,-0.031989522234084355,-0.0012817230242185532,0.010607530255395679,0.012444774920508167
100,10000,0.01,6,-0.05257579834799859,-0.008236551017001995,0.4380429479921062,0.012444774920508167
100,10000,0.02,1,0.03787870640682601,0.007838424010171216,0.11348757681554841,0.02326776082262637
100,10000,0.02,2,0.02041672733489984,-0.01280863474281777,0.30303758812175885,0.02326776082262637
100,10000,0.02,3,0.008444757387786326,0.017555738987358148,0.5692840928880419,0.02326776082262637
100,10000,0.02,4,-0.007453159172345185,0.001986548053291841,0.00728935275887399,0.02326776082262637
100,10000,0.02,5,-0.02147264970922812,6.317072408739697e-4,7.370934096279963e-4,0.02326776082262637
100,10000,0.02,6,-0.023651661791268878,0.0018268224222245787,0.006164296006148697,0.02326776082262637
100,10000,0.05,1,0.044417229959291704,0.0010532135360079014,0.0038249991940030414,0.01702945534436802
100,10000,0.05,2,0.024117642919294698,-0.009130276989796907,0.2874526985874717,0.01702945534436802
100,10000,0.05,3,0.006401178352435617,-0.0036135547106725093,0.04502645470762295,0.01702945534436802
100,10000,0.05,4,-0.014848375798111445,0.012601237542704227,0.5475513835553547,0.01702945534436802
100,10000,0.05,5,-0.02010365711475997,-0.004092409269930068,0.05775061364690184,0.01702945534436802
100,10000,0.05,6,-0.031680950537727265,0.004115137151503919,0.05839385030864577,0.01702945534436802
100,10000,0.1,1,0.028902990845609287,-0.0034039995864897513,0.03184273370133884,0.019075868775046665
100,10000,0.1,2,0.014720158641433377,-0.002188577668435184,0.013163011919973707,0.019075868775046665
100,10000,0.1,3,0.00667438590750901,-0.007494725048093244,0.1543628390075851,0.019075868775046665
100,10000,0.1,4,-0.01391350795341647,0.004103278264561894,0.0462693381235859,0.019075868775046665
100,10000,0.1,5,-0.02544613701231049,0.016309417939267674,0.7309846738785916,0.019075868775046665
100,10000,0.1,6,-0.06422569752940606,0.002916637541168979,0.02337740336892484,0.019075868775046665
100,10000,0.2,1,0.041533742341019836,-0.00701869693527346,0.16077143470508007,0.017504594170338304
100,10000,0.2,2,0.028450261452295508,0.005628981930685596,0.10340835183024293,0.017504594170338304
100,10000,0.2,3,0.011437315746142582,0.003922877620244379,0.05022332099975073,0.017504594170338304
100,10000,0.2,4,4.551317771718434e-4,0.0013766013830798674,0.00618460988430234,0.017504594170338304
100,10000,0.2,5,-0.004246342518843209,4.2643708877117877e-4,5.934796702661387e-4,0.017504594170338304
100,10000,0.2,6,-0.027431665760339556,0.014422115796270963,0.6788188029103578,0.017504594170338304
100,10000,0.5,1,0.02502014464606367,-0.001914215960264494,0.018942962534146887,0.013908073681350025
100,10000,0.5,2,0.009124926919393858,0.010056831824915822,0.5228636012834277,0.013908073681350025
100,10000,0.5,3,0.0068868412462572,-0.005218191256699575,0.14076867408594818,0.013908073681350025
100,10000,0.5,4,-0.008734160678353161,6.746858880652623e-4,0.002353256609987305,0.013908073681350025
100,10000,0.5,5,-0.024161581012087905,-0.00702538788892165,0.2551565079579676,0.013908073681350025
100,10000,0.5,6,-0.03101032194330764,0.0034043543293601035,0.05991499752852226,0.013908073681350025
100,10000,1,1,0.041023189019159155,0.004987218729423854,0.10974367336917083,0.015054580887472049
100,10000,1,2,0.028790392909790827,0.00640673248250761,0.18110725215173754,0.015054580887472049
100,10000,1,3,0.014519896248914928,0.004121966187603175,0.07496723807680628,0.015054580887472049
100,10000,1,4,0.011732937361978057,0.002329199894335337,0.023937356320365318,0.015054580887472049
100,10000,1,5,-0.012181337804582425,-0.011266598619934348,0.560077732265289,0.015054580887472049
100,10000,1,6,-0.05744248079414372,-0.0033719151943194465,0.05016674781663102,0.015054580887472049
100,100000,0.01,1,0.04332035270079278,-0.010140657413861116,0.24799579958305046,0.020363102553824532
100,100000,0.01,2,0.01885350693756829,-0.008680327382049068,0.18171229486973792,0.020363102553824532
100,100000,0.01,3,0.004409517988313264,-0.007022481470458486,0.11893051703258288,0.020363102553824532
100,100000,0.01,4,-0.011321808855682099,0.01332375843003264,0.4281200850441672,0.020363102553824532
100,100000,0.01,5,-0.016022877439199737,-0.002362452434252522,0.013459788924027693,0.020363102553824532
100,100000,0.01,6,-0.027956424260981858,-0.002013942194757242,0.009781514546433903,0.020363102553824532
100,100000,0.02,1,0.05338780548234644,0.02519803004888993,0.398609994547053,0.0399109897177468
100,100000,0.02,2,0.023764515068648087,0.017706939168216758,0.19683485079243981,0.0399109897177468
100,100000,0.02,3,0.014904471498573237,-0.0073963588203802355,0.034344005793773696,0.0399109897177468
100,100000,0.02,4,-0.010609422510190291,0.010320577556582783,0.0668687197508957,0.0399109897177468
100,100000,0.02,5,-0.021432631290932178,-0.007121811848938476,0.031841681688374,0.0399109897177468
100,100000,0.02,6,-0.05530543540720905,-0.020795913980526683,0.2715007474274638,0.0399109897177468
100,100000,0.05,1,0.03705375055620783,0.001389973416350477,0.004035012704169081,0.021881850226177037
100,100000,0.05,2,0.008387264607723155,-0.016770136492125554,0.5873610079881747,0.021881850226177037
100,100000,0.05,3,-0.0032204433561402387,-0.00384713287707272,0.030910518588504972,0.021881850226177037
100,100000,0.05,4,-0.02406894065901982,-0.013194591642300295,0.3635999589027433,0.021881850226177037
100,100000,0.05,5,-0.02847320178255295,0.0013666798805220134,0.003900906310657881,0.021881850226177037
100,100000,0.05,6,-0.03287562611809264,0.0022091562600738885,0.010192595505749975,0.021881850226177037
100,100000,0.1,1,0.04036361698089263,-0.004384294160911513,0.02625195993569412,0.027059440882789006
100,100000,0.1,2,0.016683893783445158,0.012111251819505234,0.20032743524905886,0.027059440882789006
100,100000,0.1,3,-0.005850770372150047,-0.0014635391805871045,0.0029253044345143044,0.027059440882789006
100,100000,0.1,4,-0.014585712102089097,0.0012955691604505173,0.0022923639269836252,0.027059440882789006
100,100000,0.1,5,-0.0378608719535157,-0.01892241593781689,0.4890075131503945,0.027059440882789006
100,100000,0.1,6,-0.05609874763873339,-0.01429792340369435,0.2791954233033547,0.027059440882789006
100,100000,0.2,1,0.05914501209473291,0.001349155898081088,0.002488710309156004,0.02704425130463862
100,100000,0.2,2,0.016470683641257866,0.006812291536401047,0.06345071573900685,0.02704425130463862
100,100000,0.2,3,0.0075566118821762986,0.01893637841216928,0.49027971111630864,0.02704425130463862
100,100000,0.2,4,-0.0017151815042329877,-0.008718296760630436,0.103923405496582,0.02704425130463862
100,100000,0.2,5,-0.012740075480797777,0.0140757820616284,0.2708913528407985,0.02704425130463862
100,100000,0.2,6,-0.029937457766122853,0.007102198574557719,0.06896610449814794,0.02704425130463862
100,100000,0.5,1,0.02548954091445107,0.013509857329426238,0.4067910093480547,0.021181908602194138
100,100000,0.5,2,0.007258002454817093,0.009527425165222042,0.2023116596941503,0.021181908602194138
100,100000,0.5,3,-0.001263954320781271,0.0033062771601823308,0.024363985618582967,0.021181908602194138
100,100000,0.5,4,-0.009523610249088876,0.00683964115190738,0.10426449732635075,0.021181908602194138
100,100000,0.5,5,-0.021164903508762434,-0.0017601083034849054,0.0069047602592043735,0.021181908602194138
100,100000,0.5,6,-0.03305282878924237,0.01070397289348881,0.2553640877536569,0.021181908602194138
100,100000,1,1,0.04924457174428326,0.0041682913934011755,0.01347302074974159,0.0359108415201148
100,100000,1,2,0.028136610839750442,-0.023434241068889798,0.4258440874759655,0.0359108415201148
100,100000,1,3,-0.0030482634488303243,-0.0037390040010571194,0.010840784095522915,0.0359108415201148
100,100000,1,4,-0.013182448439359973,-0.0018551429459212725,0.002668723586297299,0.0359108415201148
100,100000,1,5,-0.021613184598246363,0.0047101524725366856,0.017203577458282927,0.0359108415201148
100,100000,1,6,-0.06092359959690181,-0.026142742558564726,0.5299698066341897,0.0359108415201148
200,0.05,0.01,1,0.31202232346393005,-0.012814849594509944,0.5673105637740322,0.017013868743601102
200,0.05,0.01,2,0.14616762167156472,0.003611931598940131,0.045068476608565645,0.017013868743601102
200,0.05,0.01,3,0.015427035756437541,-0.005732821447022699,0.11353523809070214,0.017013868743601102
200,0.05,0.01,4,-0.0026314962977660766,0.007758233384029159,0.20793113482669093,0.017013868743601102
200,0.05,0.01,5,-0.022969703188291654,0.0025371123410640106,0.02223684861913645,0.017013868743601102
200,0.05,0.01,6,-0.22870736318991153,0.0035655215051189062,0.04391773808087267,0.017013868743601102
200,0.05,0.02,1,0.3058636434208983,-0.02584495627003492,0.7353616484224316,0.030138755379173345
200,0.05,0.02,2,0.1349853614465607,0.0056742485454541886,0.035445906116664996,0.030138755379173345
200,0.05,0.02,3,0.03830044146358982,-0.0024812390795605375,0.006777766426884769,0.030138755379173345
200,0.05,0.02,4,0.008570968859989059,-0.005977252418564284,0.03933259186751268,0.030138755379173345
200,0.05,0.02,5,-0.004628327966849873,-0.0059712616620989055,0.03925378847077648,0.030138755379173345
200,0.05,0.02,6,-0.22280400818636245,0.011430033025657486,0.14382829869572952,0.030138755379173345
200,0.05,0.05,1,0.289645121694931,-9.142610244095419e-4,0.001265113980456636,0.025704276151045685
200,0.05,0.05,2,0.07640164845521094,0.010917260879243763,0.18039172850127352,0.025704276151045685
200,0.05,0.05,3,0.018783699689605683,-0.019724261822239197,0.5888311284345364,0.025704276151045685
200,0.05,0.05,4,0.006238918855837078,-0.004804610295546518,0.034938606415575106,0.025704276151045685
200,0.05,0.05,5,-0.03501642863949208,0.00368843050195429,0.020590763617261185,0.025704276151045685
200,0.05,0.05,6,-0.23809164114296288,-0.010721569382834499,0.17398265905089716,0.025704276151045685
200,0.05,0.1,1,0.23001676486834874,-0.0271381295525574,0.8518837400164894,0.02940287156862756
200,0.05,0.1,2,0.048394624510818364,-0.006235387860877564,0.04497254369718596,0.02940287156862756
200,0.05,0.1,3,0.015360232507650954,0.0032851637626490965,0.0124834479109806,0.02940287156862756
200,0.05,0.1,4,-0.010969729702088121,-0.0022628997253707215,0.005923128104624697,0.02940287156862756
200,0.05,0.1,5,-0.024135025951045466,-0.007079498114948521,0.05797295623370457,0.02940287156862756
200,0.05,0.1,6,-0.19025797738994885,0.004810240058476597,0.026764184037014756,0.02940287156862756
200,0.05,0.2,1,0.13488407918738443,0.0017927867623122953,0.006839965340048865,0.021677125214534243
200,0.05,0.2,2,0.040898951632653245,-0.006899653692937325,0.1013097430577051,0.021677125214534243
200,0.05,0.2,3,0.00448238955655708,-0.0034747721820541618,0.025695040086387833,0.021677125214534243
200,0.05,0.2,4,-0.011514585658692109,-0.0019123655232733943,0.007782846024938553,0.021677125214534243
200,0.05,0.2,5,-0.032790107324923184,-0.0069592285934745035,0.10306680939921119,0.021677125214534243
200,0.05,0.2,6,-0.13894413154505275,0.018839225193223712,0.7553055960917084,0.021677125214534243
200,0.05,0.5,1,0.04001167007794733,-0.0016031956169035954,0.004484877272640781,0.02393928831532228
200,0.05,0.5,2,0.025925091062177566,-0.0121145547259876,0.2560898948513293,0.02393928831532228
200,0.05,0.5,3,0.002731802834621333,-0.014042925977884814,0.34410639420632955,0.02393928831532228
200,0.05,0.5,4,-0.011351169774953384,0.0021887150251201047,0.008359031620439496,0.02393928831532228
200,0.05,0.5,5,-0.027873468245079032,0.006094762739972013,0.0648173299864293,0.02393928831532228
200,0.05,0.5,6,-0.05172421318588152,0.013587364582987708,0.32214247206283153,0.02393928831532228
200,0.05,1,1,0.07044611515851595,0.009056226477106754,0.056810525700842336,0.037995561833752675
200,0.05,1,2,0.02480798483756138,-0.007623276318820829,0.040254791556044604,0.037995561833752675
200,0.05,1,3,-0.011563217612976646,-0.02159484028675872,0.3230235988316195,0.037995561833752675
200,0.05,1,4,-0.029090874483115665,0.0027017170091869214,0.005056080413623122,0.037995561833752675
200,0.05,1,5,-0.05529738707169891,-0.028701961468146863,0.5706336952816397,0.037995561833752675
200,0.05,1,6,-0.07199603950310375,0.002468632272624813,0.004221308216230816,0.037995561833752675
200,0.1,0.01,1,0.28045777888141066,0.01801934944928465,0.370158335358,0.029617291577316383
200,0.1,0.01,2,0.09029885054576132,-0.0074505893610674,0.06328351216484886,0.029617291577316383
200,0.1,0.01,3,0.027271872256192247,-2.022065326693235e-4,4.6612208728297355e-5,0.029617291577316383
200,0.1,0.01,4,5.281579815822244e-4,0.017799621781059982,0.3611859653852539,0.029617291577316383
200,0.1,0.01,5,-0.03366884185869331,-0.011276010057085215,0.14495067004305223,0.029617291577316383
200,0.1,0.01,6,-0.21955742708305895,-0.007277355160699812,0.06037490484011671,0.029617291577316383
200,0.1,0.02,1,0.23896911889797717,-0.006088783499659887,0.2775112435140047,0.011558200935805738
200,0.1,0.02,2,0.07637569613056339,-9.598210839721512e-4,0.006896045062972236,0.011558200935805738
200,0.1,0.02,3,0.01791621463856769,-0.003869279692708471,0.11206752160377483,0.011558200935805738
200,0.1,0.02,4,0.005251136935493508,0.00671181072813162,0.3372088168332741,0.011558200935805738
200,0.1,0.02,5,-0.022528094150031507,0.001961559505424442,0.028801989922873077,0.011558200935805738
200,0.1,0.02,6,-0.2138054739774364,0.005632940934316887,0.23751438306310102,0.011558200935805738
200,0.1,0.05,1,0.20725300768023983,0.004799749389130199,0.0741606535772032,0.017625108034562152
200,0.1,0.05,2,0.07370776193063237,0.013305496988600252,0.5698999601341016,0.017625108034562152
200,0.1,0.05,3,0.03188638738427105,7.663072238774691e-4,0.0018903501835232854,0.017625108034562152
200,0.1,0.05,4,0.011518172066385807,0.007074730455322408,0.16112251069508227,0.017625108034562152
200,0.1,0.05,5,-0.023202215774748423,-0.005837042659921063,0.1096786659251468,0.017625108034562152
200,0.1,0.05,6,-0.196700520538146,-0.005085320454731413,0.08324785948494287,0.017625108034562152
200,0.1,0.1,1,0.1843947514223094,2.765307351540881e-5,2.583610870510692e-6,0.017204016746621396
200,0.1,0.1,2,0.04591427572904949,0.004360458369429684,0.0642398585147219,0.017204016746621396
200,0.1,0.1,3,0.024665651739378774,0.005093918700019271,0.0876686472336167,0.017204016746621396
200,0.1,0.1,4,0.006364414481187593,0.014282421373845411,0.6891979397921681,0.017204016746621396
200,0.1,0.1,5,-0.0010756997541450928,0.004080908083164041,0.056267019736932974,0.017204016746621396
200,0.1,0.1,6,-0.19668903283199318,0.005511302162675296,0.10262395111168984,0.017204016746621396
200,0.1,0.2,1,0.10300217984855456,0.017617475803732935,0.48768131299097467,0.02522758199563019
200,0.1,0.2,2,0.0207148018425125,0.01208027187814199,0.22929900194275246,0.02522758199563019
200,0.1,0.2,3,0.015429666592842893,0.011394303474289758,0.2039972493817624,0.02522758199563019
200,0.1,0.2,4,-0.002123321580205003,-0.004415761676134659,0.030637970884627296,0.02522758199563019
200,0.1,0.2,5,-0.02187741636103913,-0.005233755108823698,0.04304032507773894,0.02522758199563019
200,0.1,0.2,6,-0.14232200990097857,-0.0018442276479684922,0.005344139722144221,0.02522758199563019
200,0.1,0.5,1,0.033751774750193475,0.0031703241383473136,0.017610615558254397,0.0238900137174306
200,0.1,0.5,2,0.005467302460389517,0.0012461485568907582,0.0027208640315392737,0.0238900137174306
200,0.1,0.5,3,-3.680411849908191e-4,0.017209761000205753,0.5189396803881628,0.0238900137174306
200,0.1,0.5,4,-0.024030752436964557,-0.0027891872103238463,0.013630837235761062,0.0238900137174306
200,0.1,0.5,5,-0.04110359409007883,0.009665507322018528,0.1636878747626898,0.0238900137174306
200,0.1,0.5,6,-0.05160741332047941,0.012718154083064212,0.28341012802359267,0.0238900137174306
200,0.1,1,1,0.11364146415983914,0.0055584744094427235,0.10208674322297402,0.01739686270224463
200,0.1,1,2,0.03200807815017936,-0.010355218717363628,0.35430450997963464,0.01739686270224463
200,0.1,1,3,0.01408356065796032,-0.0015125266326547412,0.007558997278392742,0.01739686270224463
200,0.1,1,4,-0.017474828219953976,0.00831219298398337,0.22829130114602175,0.01739686270224463
200,0.1,1,5,-0.025346139413371962,-0.00819965883268061,0.22215172697377114,0.01739686270224463
200,0.1,1,6,-0.07861004698452857,0.005090083049033014,0.08560672139920568,0.01739686270224463
200,0.2,0.01,1,0.2000243486369689,-0.01021011467642957,0.0876376415577646,0.03448937140937892
200,0.2,0.01,2,0.07782058552942024,-0.021454470635996897,0.3869590857443598,0.03448937140937892
200,0.2,0.01,3,0.014056985326185005,-0.00578909775985343,0.028174175057938542,0.03448937140937892
200,0.2,0.01,4,-0.007688182388352286,0.005485809184343146,0.02529943580416313,0.03448937140937892
200,0.2,0.01,5,-0.018743520284784387,0.02343745083253264,0.4617960243489484,0.03448937140937892
200,0.2,0.01,6,-0.1606911277919309,0.003471906022610621,0.010133637486825492,0.03448937140937892
200,0.2,0.02,1,0.18816396908891986,0.001745056427844175,0.028949708837019524,0.010256221101796926
200,0.2,0.02,2,0.05040882337563559,-0.0019237356034165446,0.03518163479219322,0.010256221101796926
200,0.2,0.02,3,0.007306894938540482,0.004124029639605917,0.1616846557849572,0.010256221101796926
200,0.2,0.02,4,-0.017563589611701645,0.0030049286376041466,0.08584076430835653,0.010256221101796926
200,0.2,0.02,5,-0.03619154194859254,-0.00849368173621608,0.6858311678291711,0.010256221101796926
200,0.2,0.02,6,-0.18051781446318121,5.14047331633612e-4,0.002512068448302389,0.010256221101796926
200,0.2,0.05,1,0.192637479859957,0.003462412223237487,0.009824432466358337,0.0349321274851914
200,0.2,0.05,2,0.04790241587483593,0.004135700409670632,0.01401677393185313,0.0349321274851914
200,0.2,0.05,3,0.02604341257974047,0.023233899748111447,0.44237864013508277,0.0349321274851914
200,0.2,0.05,4,0.0036969565483187675,0.021695101940332143,0.3857210295912031,0.0349321274851914
200,0.2,0.05,5,-0.022993166864257893,0.012374186740541523,0.12548252772460813,0.0349321274851914
200,0.2,0.05,6,-0.14988964552106293,0.005248730433447702,0.02257659615089456,0.0349321274851914
200,0.2,0.1,1,0.1763133081470073,-0.014447761952550181,0.5058671926215532,0.02031338594811967
200,0.2,0.1,2,0.03519586277458403,-0.007416078656837056,0.13328584040757674,0.02031338594811967
200,0.2,0.1,3,0.003124375432166091,0.0019206967757442652,0.008940318164018088,0.02031338594811967
200,0.2,0.1,4,-0.012559385782817166,-0.005182200676963528,0.0650824379989563,0.02031338594811967
200,0.2,0.1,5,-0.03155081451021907,-0.010852739473205919,0.2854395283827254,0.02031338594811967
200,0.2,0.1,6,-0.18096622852600938,7.558879290988293e-4,0.0013846824251703273,0.02031338594811967
200,0.2,0.2,1,0.10515841529679305,0.010379990459226322,0.10206554454320084,0.03249057339386209
200,0.2,0.2,2,0.05014993840401352,-0.01648526281930564,0.2574405763358921,0.03249057339386209
200,0.2,0.2,3,0.007573865138844724,-0.013513799665910806,0.1729976490254705,0.03249057339386209
200,0.2,0.2,4,-0.01425752570121932,-0.013831271904646338,0.18122140220365757,0.03249057339386209
200,0.2,0.2,5,-0.04514736129514912,0.012679072305520268,0.15228607919915815,0.03249057339386209
200,0.2,0.2,6,-0.12586083729842115,-0.011893003357751463,0.13398874869262078,0.03249057339386209
200,0.2,0.5,1,0.045409100689527616,-0.008877083493769629,0.12172919419408339,0.0254432702626529
200,0.2,0.5,2,0.017963023797330436,0.015178003892927212,0.3558635096137397,0.0254432702626529
200,0.2,0.5,3,-0.005016750620465388,0.006414031541158461,0.06355011200195293,0.0254432702626529
200,0.2,0.5,4,-0.01780990078014301,0.005612907270554906,0.0486664729781571,0.0254432702626529
200,0.2,0.5,5,-0.020566148977640943,0.0016991480357890503,0.004459812222147873,0.0254432702626529
200,0.2,0.5,6,-0.061554714655815315,0.016206602217706742,0.40573089898991915,0.0254432702626529
200,0.2,1,1,0.05961751533686902,0.012026813207502998,0.21405666117536684,0.02599478275692532
200,0.2,1,2,0.015355418508058046,0.005652318478056515,0.04728036966841518,0.02599478275692532
200,0.2,1,3,0.0017927786848636015,0.00490318708151492,0.035578246814677535,0.02599478275692532
200,0.2,1,4,-0.01613655325343628,-0.013527946835524591,0.2708266458165398,0.02599478275692532
200,0.2,1,5,-0.048263324675837584,0.01706799301998467,0.4311143992357856,0.02599478275692532
200,0.2,1,6,-0.07018563554612185,-8.790993134078317e-4,0.0011436772892149836,0.02599478275692532
200,0.5,0.01,1,0.16112005138238414,0.002681085898088016,0.009052336980189474,0.02817931112621845
200,0.5,0.01,2,0.07928568325359918,0.005096557582124557,0.03271094768514182,0.02817931112621845
200,0.5,0.01,3,0.03414582030915571,-0.01322248306587174,0.22017362598492407,0.02817931112621845
200,0.5,0.01,4,0.011281609783368304,0.00865220429142114,0.09427418491895226,0.02817931112621845
200,0.5,0.01,5,-0.0023842103770523497,0.01424623468716966,0.25558740274388064,0.02817931112621845
200,0.5,0.01,6,-0.1406253381719676,-0.01755735044013515,0.38820150168691164,0.02817931112621845
200,0.5,0.02,1,0.1405167258886468,-0.005269950017032072,0.038691192796972765,0.02679171019673554
200,0.5,0.02,2,0.0429462345751797,-0.00956657038042048,0.12750043549595733,0.02679171019673554
200,0.5,0.02,3,0.020188244944843926,0.001089213987498578,0.0016528199490111605,0.02679171019673554
200,0.5,0.02,4,-0.012062247829030927,-0.01703679842751232,0.40436643239762365,0.02679171019673554
200,0.5,0.02,5,-0.03029588929561338,0.00457233019761066,0.02912556094839282,0.02679171019673554
200,0.5,0.02,6,-0.14184570120462214,0.01691623486577546,0.3986635584120423,0.02679171019673554
200,0.5,0.05,1,0.1368294074138134,0.009202843410670849,0.1521916388423011,0.023589929099413997
200,0.5,0.05,2,0.052500850705215193,0.008597451033717965,0.13282693483385363,0.023589929099413997
200,0.5,0.05,3,0.02237375629949131,-0.01780233928000264,0.5695093729719822,0.023589929099413997
200,0.5,0.05,4,-0.0027714928435652324,0.0046158630308637425,0.03828710729539122,0.023589929099413997
200,0.5,0.05,5,-0.029073537272668808,-0.0024802662296653597,0.011054607544377145,0.023589929099413997
200,0.5,0.05,6,-0.10458191265434884,0.007314032257710891,0.0961303385120947,0.023589929099413997
200,0.5,0.1,1,0.13139112926700963,-0.009547297419008456,0.12798016850742017,0.02668757501815209
200,0.5,0.1,2,0.04023773466414656,0.012364375664668113,0.21464765935891625,0.02668757501815209
200,0.5,0.1,3,0.007834444578190294,0.0013226215770409686,0.002456139222864712,0.02668757501815209
200,0.5,0.1,4,6.894658589797195e-4,-0.018603049784256177,0.4859035480442318,0.02668757501815209
200,0.5,0.1,5,-0.018448091270076142,-0.005731552922853489,0.04612393881935038,0.02668757501815209
200,0.5,0.1,6,-0.11671301418377035,0.009355452888364858,0.12288854604721672,0.02668757501815209
200,0.5,0.2,1,0.07657840816424202,-0.003387633133188258,0.01045424107637253,0.033132187963180716
200,0.5,0.2,2,0.013498091370095614,-0.01627568408545027,0.24131163934073777,0.033132187963180716
200,0.5,0.2,3,0.00751655251920904,0.027307672463993553,0.6793117667383655,0.033132187963180716
200,0.5,0.2,4,-0.0029469580460239294,0.008218806479536487,0.06153430166625682,0.033132187963180716
200,0.5,0.2,5,-0.020693773739600487,-0.0017652479809719382,0.0028386458540857096,0.033132187963180716
200,0.5,0.2,6,-0.07386349874380554,0.0022347422110693084,0.004549405324181662,0.033132187963180716
200,0.5,0.5,1,0.05231801393372273,0.005845430929643142,0.07922081325101699,0.020768105677025354
200,0.5,0.5,2,0.02538234937333176,-0.011827322673411005,0.3243240247390838,0.020768105677025354
200,0.5,0.5,3,0.011560511043427755,0.007665590211186716,0.1362377391205956,0.020768105677025354
200,0.5,0.5,4,-0.010672668579816911,0.01039576944441238,0.25056448171839457,0.020768105677025354
200,0.5,0.5,5,-0.02515756377966217,-0.006206093617380254,0.08929823499901396,0.020768105677025354
200,0.5,0.5,6,-0.07589645501508742,0.007204907731746084,0.12035470617189513,0.020768105677025354
200,0.5,1,1,0.06477546324914377,0.0015138128769874675,0.0068861088336565285,0.01824253776498635
200,0.5,1,2,0.057469380702236735,0.0019487845483182114,0.011411878706564486,0.01824253776498635
200,0.5,1,3,0.020232250314913408,-0.001121333984820227,0.003778326301561541,0.01824253776498635
200,0.5,1,4,0.006933939458680456,-0.007366467903657589,0.16306024626669158,0.01824253776498635
200,0.5,1,5,-0.013569262507284697,-0.013892830557660076,0.5799772653204913,0.01824253776498635
200,0.5,1,6,-0.07720594962007381,0.00884125631794897,0.23488617457103458,0.01824253776498635
200,1,0.01,1,0.11853090433390455,-2.855895822822113e-4,1.8823322847191258e-4,0.020815853163681165
200,1,0.01,2,0.04831727536562186,0.015863106470252884,0.5807484333682318,0.020815853163681165
200,1,0.01,3,0.01686323695595214,-7.760372893354105e-4,0.0013898782177067975,0.020815853163681165
200,1,0.01,4,0.0013073038896678905,-0.003219486871353899,0.02392130594097379,0.020815853163681165
200,1,0.01,5,-0.03789453798154505,-0.013028351531854082,0.39173331257717336,0.020815853163681165
200,1,0.01,6,-0.09440396085345198,-9.352868057576347e-4,0.002018836667442314,0.020815853163681165
200,1,0.02,1,0.10562097276137436,-0.0011792604353023347,9.257325986029077e-4,0.03875849896803619
200,1,0.02,2,0.05514421116358007,0.010659934632158507,0.07564412162837945,0.03875849896803619
200,1,0.02,3,0.010427392837432065,1.1898057225576825e-4,9.423629606686518e-6,0.03875849896803619
200,1,0.02,4,-0.016136080097657768,-0.00445563015590387,0.013215523471359968,0.03875849896803619
200,1,0.02,5,-0.031508447965068354,-0.014742052744057769,0.1446711795809183,0.03875849896803619
200,1,0.02,6,-0.10548475811511436,0.03391167151804442,0.7655340190911327,0.03875849896803619
200,1,0.05,1,0.1201056401392897,-0.011116563268001999,0.11804301480736541,0.03235567002236736
200,1,0.05,2,0.048022631397928534,-0.0013709312979670177,0.001795273364110757,0.03235567002236736
200,1,0.05,3,0.01438280445007783,-0.026333662653483816,0.6624021604151521,0.03235567002236736
200,1,0.05,4,6.245342834804604e-4,0.004735529781259099,0.021420832689673926,0.03235567002236736
200,1,0.05,5,-0.019715906413396867,-0.013626066924178719,0.1773536945820675,0.03235567002236736
200,1,0.05,6,-0.12217050442319023,0.004458163321616597,0.018985024141630225,0.03235567002236736
200,1,0.1,1,0.08645456390608128,0.01136666309751995,0.3240078820234943,0.019968948653481405
200,1,0.1,2,0.05053385304307724,-0.009850297109796924,0.24332585589648906,0.019968948653481405
200,1,0.1,3,0.0215518790348533,-0.009634136262728767,0.2327636552449437,0.019968948653481405
200,1,0.1,4,-0.022490665767931704,0.0035262910568366252,0.03118357557798408,0.019968948653481405
200,1,0.1,5,-0.041362991169691506,0.00802075630297145,0.1613318975597626,0.019968948653481405
200,1,0.1,6,-0.10437385410564302,-0.0017162999107305605,0.007387133697326358,0.019968948653481405
200,1,0.2,1,0.0685993116569883,-0.0026723381715697296,0.01625608985306881,0.0209596183122522
200,1,0.2,2,0.02828630382235368,0.012145838797095018,0.33580587216224606,0.0209596183122522
200,1,0.2,3,0.019947857080984826,0.009070209404123748,0.18726986105569665,0.0209596183122522
200,1,0.2,4,-0.011761513319844466,-0.0027015641849784918,0.016613603489141378,0.0209596183122522
200,1,0.2,5,-0.04434855148448508,0.012806124395788787,0.3733092000576228,0.0209596183122522
200,1,0.2,6,-0.10657928080146968,-0.005574839790202077,0.07074537338222431,0.0209596183122522
200,1,0.5,1,0.04959431704965328,-1.007050900046928e-4,1.8991394191940386e-5,0.02310856608603388
200,1,0.5,2,0.03795345455794558,0.019212948122186404,0.6912609510815312,0.02310856608603388
200,1,0.5,3,0.026767641312669396,0.002597426598630173,0.012633991240930823,0.02310856608603388
200,1,0.5,4,-0.003550690490954739,-0.009260303744322103,0.16058481232444002,0.02310856608603388
200,1,0.5,5,-0.025379051696997394,-0.00826227091657092,0.12783590984299895,0.02310856608603388
200,1,0.5,6,-0.04978731611117562,0.0020232000445890236,0.007665344115907071,0.02310856608603388
200,1,1,1,0.08703462121361412,0.005417043202816858,0.02950007410055362,0.03153920527774309
200,1,1,2,0.033784231181584815,0.012788996263140012,0.16442635493967472,0.03153920527774309
200,1,1,3,0.024277458878338005,0.021629432253885843,0.47031491120455865,0.03153920527774309
200,1,1,4,0.012728123473998437,-0.010014413851908158,0.10082066977251047,0.03153920527774309
200,1,1,5,-0.011065742444889058,0.01458480067477433,0.21384519911768077,0.03153920527774309
200,1,1,6,-0.08152952472860468,0.004580551487124596,0.021092790865021725,0.03153920527774309
200,10,0.01,1,0.04777069126373878,0.01367006703178503,0.2036440137097211,0.030292479320084546
200,10,0.01,2,0.024700453471512594,-0.011722822105489184,0.14975961296792256,0.030292479320084546
200,10,0.01,3,0.006484914794993344,0.015990944174864824,0.27866252892678944,0.030292479320084546
200,10,0.01,4,0.004082689418465842,-0.005556871440699141,0.03365046412875794,0.030292479320084546
200,10,0.01,5,-0.005977839830687671,-0.014468104513183259,0.22811489003674015,0.030292479320084546
200,10,0.01,6,-0.06082259455787461,-0.00987035199832373,0.1061684902300688,0.030292479320084546
200,10,0.02,1,0.05358107042653881,0.006049494909083717,0.25737998997557254,0.011924267930188968
200,10,0.02,2,0.04210553658279818,0.007392272366963026,0.38431954227352494,0.011924267930188968
200,10,0.02,3,0.015307697590704222,0.006618181268443881,0.3080447876608015,0.011924267930188968
200,10,0.02,4,-0.0020723677369353264,0.0022191941214278503,0.03463595247425495,0.011924267930188968
200,10,0.02,5,-0.018017094021043574,-0.0011561701277650195,0.00940112953865501,0.011924267930188968
200,10,0.02,6,-0.04543963145120276,-9.403249723582698e-4,0.006218598077191008,0.011924267930188968
200,10,0.05,1,0.06350679886236035,0.004174755541330184,0.0830091703936635,0.014489987576137004
200,10,0.05,2,0.03733757793335901,-0.0023988600136429293,0.02740777525369541,0.014489987576137004
200,10,0.05,3,0.005135425489184477,0.0022824604678780354,0.02481249876048982,0.014489987576137004
200,10,0.05,4,-0.0011806048886243913,-0.008646926759044563,0.3561127594830062,0.014489987576137004
200,10,0.05,5,-0.024210991040162166,0.009701446947483882,0.4482672387301347,0.014489987576137004
200,10,0.05,6,-0.05003725704329553,-0.0035608405922101373,0.060390557379010404,0.014489987576137004
200,10,0.1,1,0.04653292552773088,0.009128293670345459,0.1470769025900928,0.023802214571692053
200,10,0.1,2,0.015102257375107545,0.0056770741248450655,0.0568871789720875,0.023802214571692053
200,10,0.1,3,0.010296853896916881,0.0038276449621565513,0.02586000253020523,0.023802214571692053
200,10,0.1,4,-0.0064581469554572226,0.004499192791556316,0.035730119976231996,0.023802214571692053
200,10,0.1,5,-0.03078028740366927,4.3568327681968444e-4,3.350480146803723e-4,0.023802214571692053
200,10,0.1,6,-0.06102122542300454,-0.02039380006070963,0.73411074791670206,0.023802214571692053
200,10,0.2,1,0.045897078325817665,6.099864898708308e-4,0.0020174213770949275,0.013580692225236932
200,10,0.2,2,0.02632680289463136,-0.0028190236656299053,0.04308773146694174,0.013580692225236932
200,10,0.2,3,0.002783800053985325,-0.0062343216091555005,0.2107339903062353,0.013580692225236932
200,10,0.2,4,-0.006380085820729279,-0.01073897366193055,0.6252903702133538,0.013580692225236932
200,10,0.2,5,-0.017388632913498084,0.002798467186801762,0.04246162630398497,0.013580692225236932
200,10,0.2,6,-0.03996692691574959,0.0037539956763130438,0.07640886033238932,0.013580692225236932
200,10,0.5,1,0.05235179646439247,0.0034528923400750393,0.06921118746396078,0.013124866272893793
200,10,0.5,2,0.016580328638161574,0.0041420455724688115,0.0995955585251296,0.013124866272893793
200,10,0.5,3,0.012191138075710501,0.00900839950076746,0.4710917529112142,0.013124866272893793
200,10,0.5,4,0.003875408263765241,-0.003360891485953379,0.06557211724266124,0.013124866272893793
200,10,0.5,5,-0.02125647484476561,0.005985144069356469,0.20795024835970052,0.013124866272893793
200,10,0.5,6,-0.03201693564039774,-0.0038619043188630924,0.08657913549733369,0.013124866272893793
200,10,1,1,0.04916850140765177,-0.008851770213672464,0.14324987541302506,0.023387457156796857
200,10,1,2,0.012535254240804697,0.016801573088054047,0.5161000262376965,0.023387457156796857
200,10,1,3,0.009295264420148256,-6.645731714513253e-4,8.074573649313584e-4,0.023387457156796857
200,10,1,4,-0.02251273886719193,0.0021171730484725324,0.008194957464821826,0.023387457156796857
200,10,1,5,-0.03445649719917071,0.005858769123839042,0.06275477234039847,0.023387457156796857
200,10,1,6,-0.0414796141231599,0.012127539043362685,0.2688929111791267,0.023387457156796857
500,0.05,0.01,1,0.21711646940487864,0.006909939586217212,0.07939007594321895,0.024523990637274576
500,0.05,0.01,2,0.08455191307739515,0.016481067584394663,0.45163583879088537,0.024523990637274576
500,0.05,0.01,3,0.038615401928556344,-0.007967970834434642,0.105563355909148,0.024523990637274576
500,0.05,0.01,4,0.02428029608395721,0.0029579342241836623,0.014547713560366117,0.024523990637274576
500,0.05,0.01,5,0.011506189980402577,-0.001730976600801847,0.004981958563056285,0.024523990637274576
500,0.05,0.01,6,-0.20110765776743947,0.014381204709100457,0.3438810572333253,0.024523990637274576
500,0.05,0.02,1,0.2370212675191639,-0.012462786521974592,0.25030576074386296,0.02491034448789996
500,0.05,0.02,2,0.07050204588472977,0.007739863536656658,0.09653996571252044,0.02491034448789996
500,0.05,0.02,3,0.022489356680716013,-0.017275159788405936,0.4809331122310994,0.02491034448789996
500,0.05,0.02,4,-3.823073998595819e-4,0.0012000348965890404,0.002320749597229971,0.02491034448789996
500,0.05,0.02,5,-0.026337549601812713,-0.010263933723248617,0.1697728389813096,0.02491034448789996
500,0.05,0.02,6,-0.18137070362744032,2.813576091738524e-4,1.2757273397757957e-4,0.02491034448789996
500,0.05,0.05,1,0.22320492909451634,-0.024317986883646035,0.7802813165528176,0.027529734044652535
500,0.05,0.05,2,0.05082694387362111,-0.0011590168266638083,0.0017724559494858867,0.027529734044652535
500,0.05,0.05,3,0.024457796277129823,0.0019133030933693768,0.004830182227696975,0.027529734044652535
500,0.05,0.05,4,-0.004938990479798486,-0.010295479268789837,0.13985857700322216,0.027529734044652535
500,0.05,0.05,5,-0.01237719765385224,0.006621842750756411,0.05785670479661972,0.027529734044652535
500,0.05,0.05,6,-0.19115960813227825,-0.0034164348339617194,0.015400763470157685,0.027529734044652535
500,0.05,0.1,1,0.16785616275583776,-0.019528847089298237,0.6142662046984679,0.024917145820369333
500,0.05,0.1,2,0.03035396222494523,-0.01274460771129795,0.2616112142869794,0.024917145820369333
500,0.05,0.1,3,0.01527314505451665,0.004178093018820771,0.02811639407735252,0.024917145820369333
500,0.05,0.1,4,-0.009197103031658,-0.0037294439333473263,0.02240224680599866,0.024917145820369333
500,0.05,0.1,5,-0.02283881691872366,0.006453967625015042,0.06708987419127073,0.024917145820369333
500,0.05,0.1,6,-0.14486236714913123,0.0020110569486812687,0.00651406593993081,0.024917145820369333
500,0.05,0.2,1,0.08073616983084948,0.012058111711906662,0.3214008963396277,0.02126942558525143
500,0.05,0.2,2,0.020241080869477675,0.0073813464131238255,0.12043692339385724,0.02126942558525143
500,0.05,0.2,3,0.001808729424116084,0.0017327239162082948,0.006636624060728444,0.02126942558525143
500,0.05,0.2,4,-0.015363930796385799,-0.006120740251243676,0.08281259170885305,0.02126942558525143
500,0.05,0.2,5,-0.0356641722546109,-0.005722510144910048,0.07238717366145228,0.02126942558525143
500,0.05,0.2,6,-0.07541654582538213,-0.01339004167460275,0.3963257908354813,0.02126942558525143
500,0.05,0.5,1,0.030321136245894224,0.01087924472594592,0.18610942225603497,0.025218227933136488
500,0.05,0.5,2,0.023652571932566403,7.308532468428774e-4,8.399070561923606e-4,0.025218227933136488
500,0.05,0.5,3,0.007094865584284063,-0.021904954138806932,0.7544936083414967,0.025218227933136488
500,0.05,0.5,4,-0.01188710587050339,0.0036152459967680036,0.0205516443737935,0.025218227933136488
500,0.05,0.5,5,-0.023840054353590105,-0.004565340174163219,0.03277307223814027,0.025218227933136488
500,0.05,0.5,6,-0.08156213962335875,-0.0018241593861205996,0.005232345734342121,0.025218227933136488
500,0.05,1,1,0.0502226920704085,0.008026823929975687,0.36901544555841964,0.013213609393930072
500,0.05,1,2,0.04054757223241498,0.005095543084606182,0.14870926497614517,0.013213609393930072
500,0.05,1,3,0.010412034299841142,-0.0050356191373640054,0.14523216840012937,0.013213609393930072
500,0.05,1,4,-1.2784355621159275e-4,0.006771331769401509,0.26260637037977796,0.013213609393930072
500,0.05,1,5,-0.012187080784278046,-0.002246546518596167,0.028905993628007397,0.013213609393930072
500,0.05,1,6,-0.08074924095552659,0.0028195116948399918,0.04553075705752052,0.013213609393930072
500,0.1,0.01,1,0.20404500424888714,0.006871780784734838,0.026742867941064057,0.04202089583758936
500,0.1,0.01,2,0.06525980550901418,0.022223677551905883,0.27970565099637923,0.04202089583758936
500,0.1,0.01,3,0.02498989244378496,-0.0036960524768499528,0.0077365198437436425,0.04202089583758936
500,0.1,0.01,4,0.01918251546430667,0.025748188255574483,0.3754591891323928,0.04202089583758936
500,0.1,0.01,5,-0.01747296719347845,0.008260416629553726,0.03864321853607462,0.04202089583758936
500,0.1,0.01,6,-0.18632273710988717,0.02190383497607344,0.2717125535503456,0.04202089583758936
500,0.1,0.02,1,0.19693026752859635,-0.018082432763487057,0.19029800779448386,0.041451451048232134
500,0.1,0.02,2,0.0740603454899837,0.024710724026236773,0.35537875765104016,0.041451451048232134
500,0.1,0.02,3,0.03011232190795747,-0.02595758379137411,0.3921471410096107,0.041451451048232134
500,0.1,0.02,4,0.01787410711223212,0.004860101726748287,0.01374710478569457,0.041451451048232134
500,0.1,0.02,5,0.0010073498131877871,0.0091219790995985435,0.04842823816788434,0.041451451048232134
500,0.1,0.02,6,-0.18057186478614945,-3.591215751407289e-5,7.50591286424635e-7,0.041451451048232134
500,0.1,0.05,1,0.16492128408080176,0.029298032545053487,0.5280468970207678,0.0403182997787398
500,0.1,0.05,2,0.03530165320710588,0.01248706544357557,0.09592158720124504,0.0403182997787398
500,0.1,0.05,3,0.02019411429791634,0.022536612320556062,0.312444474429463,0.0403182997787398
500,0.1,0.05,4,0.003893058706973139,-0.003447356005817046,0.007310849617928037,0.0403182997787398
500,0.1,0.05,5,-0.02955963544685153,-8.380738866278336e-5,4.3207605423345895e-6,0.0403182997787398
500,0.1,0.05,6,-0.16129714129515416,0.009564183219120214,0.05627187097005374,0.0403182997787398
500,0.1,0.1,1,0.12656512360721722,0.017803993382965955,0.4042396467612297,0.028002575144988478
500,0.1,0.1,2,0.028977572215227263,0.0010936473319693063,0.0015253118804221515,0.028002575144988478
500,0.1,0.1,3,0.012421485629300226,0.0010596801991905006,0.0014320352091271723,0.028002575144988478
500,0.1,0.1,4,-0.0011122248955170342,-0.014049617534547882,0.2517288901121647,0.028002575144988478
500,0.1,0.1,5,-0.04308814402611119,-0.014479658579454649,0.2673749402643034,0.028002575144988478
500,0.1,0.1,6,-0.12670051498995388,-0.007602024882496838,0.07369917577275287,0.028002575144988478
500,0.1,0.2,1,0.0869762110114754,-0.00904840872156501,0.13000983396488516,0.02509482132487215
500,0.1,0.2,2,0.03538355767065126,0.003757378434581642,0.022418247583140177,0.02509482132487215
500,0.1,0.2,3,0.005388069806499296,-0.017713554259786247,0.49824529726296907,0.02509482132487215
500,0.1,0.2,4,-0.013394655622500274,-0.002412514105522132,0.009242117950802655,0.02509482132487215
500,0.1,0.2,5,-0.02101247308088904,-0.010677331873279877,0.18103279960943922,0.02509482132487215
500,0.1,0.2,6,-0.10166614566461839,-0.010008137662832779,0.15905170362876364,0.02509482132487215
500,0.1,0.5,1,0.0339186240492603,-0.007394864342034811,0.08403383148738384,0.025509569445823995
500,0.1,0.5,2,0.027476599279738105,-0.002444506267711071,0.009182819612048067,0.025509569445823995
500,0.1,0.5,3,0.020018138758034047,-0.009659869856537823,0.14339575455708928,0.025509569445823995
500,0.1,0.5,4,0.0018158405174630169,-0.00808622707267096,0.10048138402166633,0.025509569445823995
500,0.1,0.5,5,-0.0053567989135439,-0.017397873086319213,0.4651425395764591,0.025509569445823995
500,0.1,0.5,6,-0.03801703499008709,0.011344265597103463,0.1977636707453534,0.025509569445823995
500,0.1,1,1,0.04925565568149218,-0.007260598172399546,0.16839190360099954,0.017693420489023424
500,0.1,1,2,0.019272008174726123,-0.004887342809266322,0.07629955542619409,0.017693420489023424
500,0.1,1,3,0.00920778715389442,0.002209998935064133,0.01560129077655782,0.017693420489023424
500,0.1,1,4,-0.0020253023122359143,0.004148962120501665,0.0549864069675142,0.017693420489023424
500,0.1,1,5,-0.03514778120668492,0.012793757043059703,0.5228445683639066,0.017693420489023424
500,0.1,1,6,-0.054467423081242666,-0.007118744397565696,0.16187627486482783,0.017693420489023424
500,0.2,0.01,1,0.15143151203302718,2.2254140242993365e-4,0.001130859486456661,0.00661769119872262
500,0.2,0.01,2,0.04467452733571587,-0.0037461599193692858,0.32044952364073037,0.00661769119872262
500,0.2,0.01,3,0.013327467639369284,-0.0011332308054388689,0.029324036261358554,0.00661769119872262
500,0.2,0.01,4,0.0051676781895536004,3.271406663416397e-4,0.0024437460471702227,0.00661769119872262
500,0.2,0.01,5,-0.021976310256739413,0.0046203134958125005,0.48744979564755636,0.00661769119872262
500,0.2,0.01,6,-0.16392931709693076,-0.0026404674038528184,0.15920203891672785,0.00661769119872262
500,0.2,0.02,1,0.16709312165962734,-0.007437442362753954,0.14086554047752387,0.01981623893717303
500,0.2,0.02,2,0.052397853685743075,-9.306138142672659e-4,0.0022054465132901363,0.01981623893717303
500,0.2,0.02,3,4.5424248720966903e-4,0.009737220544370803,0.24145019089158673,0.01981623893717303
500,0.2,0.02,4,-0.01006239241325123,-0.00638578133337588,0.10384500837618557,0.01981623893717303
500,0.2,0.02,5,-0.033676918142605004,0.004120125019082685,0.043229312439684926,0.01981623893717303
500,0.2,0.02,6,-0.12063242618014788,0.013562250451317455,0.46840450130172884,0.01981623893717303
500,0.2,0.05,1,0.13682407683015785,0.007110997693650367,0.1107680712630021,0.021366000830894644
500,0.2,0.05,2,0.048663403161889406,0.008824056192919729,0.1705650509404483,0.021366000830894644
500,0.2,0.05,3,0.028301435113864012,-0.0015863379605121236,0.005512453662790192,0.021366000830894644
500,0.2,0.05,4,-0.0017670670196140831,0.0054445801284189466,0.06493551744413076,0.021366000830894644
500,0.2,0.05,5,-0.019376642853288138,0.007475057977155936,0.12240034698675763,0.021366000830894644
500,0.2,0.05,6,-0.12400935596942138,0.015493202475579601,0.5258185597028711,0.021366000830894644
500,0.2,0.1,1,0.11183263080834936,0.001169714876122777,0.01050335326819171,0.011413425985412253
500,0.2,0.1,2,0.01909252717221813,0.005149239219344553,0.20354202137398084,0.011413425985412253
500,0.2,0.1,3,0.013929724762346074,0.002743754143974938,0.057790750355519366,0.011413425985412253
500,0.2,0.1,4,-0.006249289729032131,-7.434632443343954e-4,0.004243135995627649,0.011413425985412253
500,0.2,0.1,5,-0.012803326995363589,-0.009709214302632507,0.7236625868660014,0.011413425985412253
500,0.2,0.1,6,-0.1052914634733015,-1.833808123145324e-4,2.58152140678962e-4,0.011413425985412253
500,0.2,0.2,1,0.08924502258653656,0.002058729750688869,0.005453435081456544,0.027878170300618666
500,0.2,0.2,2,0.013046782754967243,-4.1422629303567576e-4,2.2077342291280017e-4,0.027878170300618666
500,0.2,0.2,3,-0.008723226349705009,0.010698172249417118,0.14726198110661556,0.027878170300618666
500,0.2,0.2,4,-0.027565305046072464,-0.019506134595443793,0.4895689883027758,0.027878170300618666
500,0.2,0.2,5,-0.06536841616145858,-0.001973476532201283,0.0050111268803296714,0.027878170300618666
500,0.2,0.2,6,-0.07456619342633035,0.016551363742760485,0.35248369520590966,0.027878170300618666
500,0.2,0.5,1,0.05609181047133343,0.008548656800243465,0.1061627569863855,0.026236855763644724
500,0.2,0.5,2,0.03653114734033562,0.01067155650954402,0.1654367391677909,0.026236855763644724
500,0.2,0.5,3,0.004842067024388088,0.0030013633041487287,0.013086200233346706,0.026236855763644724
500,0.2,0.5,4,-0.014863692934557953,0.0026466474050259436,0.010175800842223958,0.026236855763644724
500,0.2,0.5,5,-0.02833893747200964,0.021977455949008327,0.7016673379161071,0.026236855763644724
500,0.2,0.5,6,-0.044774844801758654,0.0015457861355745554,0.0034711648541457404,0.026236855763644724
500,0.2,1,1,0.031803500999663926,-0.012300037699992846,0.2869691932687432,0.022960894555508045
500,0.2,1,2,0.020467098751514166,0.0053375578769540594,0.05403903514918969,0.022960894555508045
500,0.2,1,3,0.015359648703646561,-0.0054655397293053454,0.05666155680624249,0.022960894555508045
500,0.2,1,4,-0.003628092940849124,-0.010482560547136277,0.2084285229292685,0.022960894555508045
500,0.2,1,5,-0.0153368976126243,-0.010795970342414314,0.22107811724701376,0.022960894555508045
500,0.2,1,6,-0.05205481320734958,0.009545315682930388,0.1728235745995424,0.022960894555508045
500,0.5,0.01,1,0.1150801674973774,0.01140432237640412,0.2793944574123984,0.02157548624783
500,0.5,0.01,2,0.012146948816465039,0.001793144881127985,0.006907320012512131,0.02157548624783
500,0.5,0.01,3,0.001128029638454598,0.006759175084508104,0.0981445545035253,0.02157548624783
500,0.5,0.01,4,-0.01707916208223445,0.01467355971355858,0.46254051867507673,0.02157548624783
500,0.5,0.01,5,-0.04187362439222753,-0.0082662519498946,0.1467898720359225,0.02157548624783
500,0.5,0.01,6,-0.11766568165971024,0.0017020416008704437,0.006223277360564952,0.02157548624783
500,0.5,0.02,1,0.11263341487829741,-0.0010546514849708762,0.0031358001026585815,0.018833662496141084
500,0.5,0.02,2,0.04022384963263284,0.0065915766183491,0.122492371294044,0.018833662496141084
500,0.5,0.02,3,0.0290181322055964,0.00900749002777893,0.22873783857700625,0.018833662496141084
500,0.5,0.02,4,0.009420424294777439,0.0035425740343831063,0.0353808533330975,0.018833662496141084
500,0.5,0.02,5,-0.016280658776236398,-0.006833680956346148,0.1316557499024219,0.018833662496141084
500,0.5,0.02,6,-0.12817826190993026,-0.013029265832942512,0.4785973867907718,0.018833662496141084
500,0.5,0.05,1,0.1109155074131409,-0.007872677575411885,0.15797223542472208,0.019807610319745768
500,0.5,0.05,2,0.033286722123845064,-0.006470799217492019,0.10672144126660332,0.019807610319745768
500,0.5,0.05,3,0.009050656865694895,-0.0035113522946839497,0.03142567697959568,0.019807610319745768
500,0.5,0.05,4,-0.013843965900649895,-0.002280436514812872,0.013254758090262718,0.019807610319745768
500,0.5,0.05,5,-0.03517542174285564,0.0021875054801908543,0.012196469456693303,0.019807610319745768
500,0.5,0.05,6,-0.11520943634010757,0.016314900122221754,0.6784294187821229,0.019807610319745768
500,0.5,0.1,1,0.10722053989081333,0.010372721822860444,0.19523908443872437,0.023475202643320058
500,0.5,0.1,2,0.027781159629451917,0.010436214812995686,0.19763657534293433,0.023475202643320058
500,0.5,0.1,3,0.005658447202483524,0.008998168554097227,0.14692291912202887,0.023475202643320058
500,0.5,0.1,4,-0.01832722798480768,0.015151380790923995,0.4165678287528688,0.023475202643320058
500,0.5,0.1,5,-0.049100961031172646,-0.0025761721879723337,0.012042899854602414,0.023475202643320058
500,0.5,0.1,6,-0.13622978270461966,0.00417242868913276,0.031590692488841256,0.023475202643320058
500,0.5,0.2,1,0.07898082683171605,-0.0027956867899951903,0.04240373792216108,0.013576456846377882
500,0.5,0.2,2,0.03626931333910044,-0.009082825623479236,0.44757834482389935,0.013576456846377882
500,0.5,0.2,3,0.00862619582591054,0.007904488361309891,0.33898044198993404,0.013576456846377882
500,0.5,0.2,4,-0.008382824944889452,-0.004246769473066547,0.09784631779490469,0.013576456846377882
500,0.5,0.2,5,-0.025011326663351322,-0.0023644848658259375,0.03033194013540236,0.013576456846377882
500,0.5,0.2,6,-0.10711402611614006,-0.002810661608074321,0.04285921733369847,0.013576456846377882
500,0.5,0.5,1,0.035540709607017135,-0.01278694331130423,0.38012542866604343,0.02073973860204417
500,0.5,0.5,2,0.029502556493216425,-4.6466910371077333e-4,5.019737845893e-4,0.02073973860204417
500,0.5,0.5,3,0.01861060744082167,7.385892389802796e-4,0.0012682340086107575,0.02073973860204417
500,0.5,0.5,4,-0.01804631881817766,0.0063352133728401695,0.09330736748262194,0.02073973860204417
500,0.5,0.5,5,-0.03860283091351041,0.008954126083902007,0.18639740168500427,0.02073973860204417
500,0.5,0.5,6,-0.04160886629034404,0.0120647463375284,0.33839959437313033,0.02073973860204417
500,0.5,1,1,0.03125805957388779,0.013329988108482353,0.1696920015345128,0.032359296835384854
500,0.5,1,2,0.020731500283004075,-0.009080875601061005,0.0787512218820215,0.032359296835384854
500,0.5,1,3,0.012522237115496332,0.011851637665753194,0.1341400856653684,0.032359296835384854
500,0.5,1,4,-0.013746958571457718,0.003369249570906043,0.010840971725549525,0.032359296835384854
500,0.5,1,5,-0.031601122046770756,0.005755800501774124,0.03163831266937383,0.032359296835384854
500,0.5,1,6,-0.08488780649905521,0.024536316137080332,0.5749374065231739,0.032359296835384854
500,1,0.01,1,0.08389552949282823,0.008437940674434567,0.1468894361538379,0.022016140380372327
500,1,0.01,2,0.029248135857855784,7.018721726987404e-4,0.0010163274997863024,0.022016140380372327
500,1,0.01,3,0.00861022562634523,0.011066883273861789,0.25267849830630246,0.022016140380372327
500,1,0.01,4,-0.0011015358458182783,0.007825645793374511,0.12634498326676974,0.022016140380372327
500,1,0.01,5,-0.011239882473188698,0.01378995364437578,0.39232252268715745,0.022016140380372327
500,1,0.01,6,-0.08997895510601318,-0.006256157837003473,0.08074823208614619,0.022016140380372327
500,1,0.02,1,0.11426706473792349,-0.026802585212844628,0.7949934932606406,0.030060409906218565
500,1,0.02,2,0.031289499743946285,-0.004225792849946334,0.0197618050725687,0.030060409906218565
500,1,0.02,3,0.008988357092622985,0.006818862739687121,0.051455772199825583,0.030060409906218565
500,1,0.02,4,-0.005556533212410577,-0.004054238689007072,0.018189837979826533,0.030060409906218565
500,1,0.02,5,-0.016199968977661,-0.00673909276789164,0.050258910840136575,0.030060409906218565
500,1,0.02,6,-0.10045862991939963,-0.007683959440486641,0.06534018064700205,0.030060409906218565
500,1,0.05,1,0.10255134816126428,0.007657693614605313,0.1716228217229354,0.018484617454122294
500,1,0.05,2,0.013045041134053761,0.007553964176311423,0.16700478227231433,0.018484617454122294
500,1,0.05,3,-0.0065678483146978444,-0.010217332630900208,0.30553019016877775,0.018484617454122294
500,1,0.05,4,-0.023730178244157466,-0.002224932605660386,0.014488145098913437,0.018484617454122294
500,1,0.05,5,-0.045063338277905936,0.009957848106227593,0.2902084546293127,0.018484617454122294
500,1,0.05,6,-0.053179367332092255,-0.004180369129178649,0.05114560610774633,0.018484617454122294
500,1,0.1,1,0.07745743734749982,-0.005307544861385794,0.12929466157575,0.014760578432494816
500,1,0.1,2,0.040213920014989225,0.013413487544414331,0.8258034007743948,0.014760578432494816
500,1,0.1,3,0.0173279572880984,-0.00136165345012292,0.008509938626871202,0.014760578432494816
500,1,0.1,4,-0.002477082559248013,0.001911215568285594,0.016765348874812534,0.014760578432494816
500,1,0.1,5,-0.0195916740515814,-0.0015025799705905053,0.010362592904207327,0.014760578432494816
500,1,0.1,6,-0.09698387405554129,-0.0014207052711035116,0.00926405724396404,0.014760578432494816
500,1,0.2,1,0.06086475212495222,-0.0018740699611996758,0.012223301875426033,0.016950851952581027
500,1,0.2,2,0.022527326093492343,0.005208640894953143,0.09442038593713561,0.016950851952581027
500,1,0.2,3,0.011366429930484154,0.005676466007707657,0.11214321986527864,0.016950851952581027
500,1,0.2,4,0.002475303551202871,0.002824002299716232,0.027755370595299696,0.016950851952581027
500,1,0.2,5,-0.03612494048250839,-0.009943440182095826,0.3441044343810114,0.016950851952581027
500,1,0.2,6,-0.05829094944367325,-0.01084527757809314,0.4093532873458486,0.016950851952581027
500,1,0.5,1,0.03641724613813153,-0.006596953329203497,0.18795751016453363,0.015216457941446972
500,1,0.5,2,0.024567034002245344,-0.00195809895025156,0.016559305913307516,0.015216457941446972
500,1,0.5,3,0.011095520231367641,0.010883472443168788,0.5115732461978733,0.015216457941446972
500,1,0.5,4,-0.0031296713800893464,-0.004755337660021199,0.09766424123635471,0.015216457941446972
500,1,0.5,5,-0.03367624694490046,0.005916829878125225,0.15119973332261824,0.015216457941446972
500,1,0.5,6,-0.0558930778520738,0.00284860721554475,0.03504596316531275,0.015216457941446972
500,1,1,1,0.04584694944589429,-3.5881949685482293e-4,2.990328921977287e-4,0.020749926000373748
500,1,1,2,0.023950227695169326,0.006144101548267354,0.08767659303445721,0.020749926000373748
500,1,1,3,0.015984813763883617,0.0028187409197006686,0.018453434849774703,0.020749926000373748
500,1,1,4,-0.01156569513693126,5.424125297042379e-4,6.833234451493343e-4,0.020749926000373748
500,1,1,5,-0.038870240073651675,0.018194850165471278,0.7688893802574553,0.020749926000373748
500,1,1,6,-0.07386443797201182,0.007306750952750255,0.12399823552096562,0.020749926000373748
500,10,0.01,1,0.06945289813668652,-0.009027260230998334,0.1430633172332245,0.023866669366118427
500,10,0.01,2,0.020937012886219512,0.011590856881140803,0.23585628484459645,0.023866669366118427
500,10,0.01,3,-0.010827151924687358,0.014418726723039843,0.36498094230060174,0.023866669366118427
500,10,0.01,4,-0.024799045626219245,-0.011820128279133498,0.2452792142040725,0.023866669366118427
500,10,0.01,5,-0.0469111120870467,-0.0019846491310756753,0.006914867190133405,0.023866669366118427
500,10,0.01,6,-0.05967164222338302,0.001491499611802946,0.0039053742273713614,0.023866669366118427
500,10,0.02,1,0.04584685866020546,-0.004228782407506861,0.02371444312222005,0.02746052738443857
500,10,0.02,2,0.034062312143276256,0.02183571207395071,0.6322909572167426,0.02746052738443857
500,10,0.02,3,0.011808434726286728,-0.002167642587305169,0.006230997865708904,0.02746052738443857
500,10,0.02,4,-0.0067301930875297514,-0.015023271623520186,0.29930315271297453,0.02746052738443857
500,10,0.02,5,-0.020724506664831104,-0.003261075985920062,0.014102759161791243,0.02746052738443857
500,10,0.02,6,-0.056259748479605035,-0.004285750874546242,0.02435768992056273,0.02746052738443857
500,10,0.05,1,0.056328032099745316,0.005117109965471623,0.0422394742511903,0.024898059357867215
500,10,0.05,2,0.005814435028665511,0.013444222532264216,0.29156835651822144,0.024898059357867215
500,10,0.05,3,2.5980375529173185e-4,-0.0020065211378035583,0.0064946609278273,0.024898059357867215
500,10,0.05,4,-0.012562412525210839,-0.015197684193766806,0.3725836864243451,0.024898059357867215
500,10,0.05,5,-0.03360742076205508,0.009845410147310404,0.15636394899108275,0.024898059357867215
500,10,0.05,6,-0.06924209279402206,0.009002976896195211,0.13074987288733303,0.024898059357867215
500,10,0.1,1,0.04267149107903466,0.00496431744529021,0.020806834351678804,0.03441569466565081
500,10,0.1,2,0.012232637119929163,-0.01672171585400179,0.23607423915073766,0.03441569466565081
500,10,0.1,3,0.0039563448444752645,0.01860386255561287,0.292208715087882,0.03441569466565081
500,10,0.1,4,-0.005710827933660133,0.011371594816296567,0.10917662724432962,0.03441569466565081
500,10,0.1,5,-0.03180701189866849,-0.0012206827837281512,0.0012580345218206619,0.03441569466565081
500,10,0.1,6,-0.05962410792665851,0.02008165514610462,0.34047554964355137,0.03441569466565081
500,10,0.2,1,0.027728161309066746,-0.003385367238396485,0.010937376933383532,0.03237048432517869
500,10,0.2,2,0.019464754400607548,0.013392382827477465,0.1711659268080414,0.03237048432517869
500,10,0.2,3,0.010168733261188442,-0.01855669047352189,0.3286265540264898,0.03237048432517869
500,10,0.2,4,-0.0077720861005592615,-0.011467270753239152,0.125493646474645,0.03237048432517869
500,10,0.2,5,-0.019906592985805993,-0.019058230453472835,0.3466304840702919,0.03237048432517869
500,10,0.2,6,-0.028796976083925906,0.004238681214038859,0.01714601168714821,0.03237048432517869
500,10,0.5,1,0.042769777467427404,-0.015524806157446627,0.6234761597242314,0.019661482470818156
500,10,0.5,2,0.01485539544031628,0.0015703700071771753,0.006379277039690721,0.019661482470818156
500,10,0.5,3,0.0065580129629466835,0.006837137557627446,0.12092500511391498,0.019661482470818156
500,10,0.5,4,-0.00637793587364373,0.001461016212323031,0.005521760293691703,0.019661482470818156
500,10,0.5,5,-0.021039705340756602,-0.003470587035855225,0.031158271660614297,0.019661482470818156
500,10,0.5,6,-0.03480724946878209,0.00906433847760102,0.21253952616785682,0.019661482470818156
500,10,1,1,0.05201438041800326,0.00809643650255634,0.19128239118039314,0.01851213113861224
500,10,1,2,0.031369355681567165,-0.006500451026219996,0.12330314249950568,0.01851213113861224
500,10,1,3,0.022044698189963175,0.007383433931951424,0.1590757391761577,0.01851213113861224
500,10,1,4,0.007835823017873965,-0.005468284475344537,0.08725480717763338,0.01851213113861224
500,10,1,5,-0.011145210851744055,-0.01085792162240885,0.34401752617175174,0.01851213113861224
500,10,1,6,-0.06303417665341955,0.005707815520828106,0.09506639379455832,0.01851213113861224
1000,0.05,0.01,1,0.20827754981419302,-0.025714314840227397,0.3583786988874854,0.04295402472627613
1000,0.05,0.01,2,0.0702295204210979,8.194777570138934e-4,3.639708597391416e-4,0.04295402472627613
1000,0.05,0.01,3,0.024474083631184244,0.01756206289711229,0.167164221771845,0.04295402472627613
1000,0.05,0.01,4,0.001797296400686926,-0.015598116289216491,0.131867138469753,0.04295402472627613
1000,0.05,0.01,5,-0.010568928099225685,0.023047942592808263,0.2879099018614094,0.04295402472627613
1000,0.05,0.01,6,-0.14433949072535052,0.010010782484577686,0.05431606814976802,0.04295402472627613
1000,0.05,0.02,1,0.21432420091007282,0.001975448173298111,0.010722728688683843,0.019077127468798482
1000,0.05,0.02,2,0.02890993258752709,-0.014231462218281074,0.5565101442503505,0.019077127468798482
1000,0.05,0.02,3,0.012710460214228884,-0.0026449943725022343,0.019223105153135377,0.019077127468798482
1000,0.05,0.02,4,0.0056589953735093805,-0.004929959769504395,0.06678221007718162,0.019077127468798482
1000,0.05,0.02,5,-0.0030508544813784818,0.008384820385139548,0.19317973435902924,0.019077127468798482
1000,0.05,0.02,6,-0.15804406009885658,0.007476240275331248,0.1535820774716194,0.019077127468798482
1000,0.05,0.05,1,0.15235425436034483,0.008377924207316275,0.17037786634756244,0.020296905957141734
1000,0.05,0.05,2,0.028778096850447292,0.006163541601474869,0.09221487551621234,0.020296905957141734
1000,0.05,0.05,3,0.0031207857211305815,0.014289038234838082,0.4956171405164842,0.020296905957141734
1000,0.05,0.05,4,-0.007144386965326101,0.007237237612860304,0.12714110577081586,0.020296905957141734
1000,0.05,0.05,5,-0.03292446934788699,-0.003620215914534173,0.03181334003712363,0.020296905957141734
1000,0.05,0.05,6,-0.13131730450688694,0.0058416904340179735,0.08283567181180145,0.020296905957141734
1000,0.05,0.1,1,0.10785725828005475,4.520161004285157e-4,2.580841408668097e-4,0.02813670551541692
1000,0.05,0.1,2,0.029470068196901185,0.02228998020930994,0.6275854631238476,0.02813670551541692
1000,0.05,0.1,3,0.003843447317858735,0.007422564436896912,0.06959234368188305,0.02813670551541692
1000,0.05,0.1,4,-0.012753756565303429,-0.002385287828577383,0.007186792300218861,0.02813670551541692
1000,0.05,0.1,5,-0.03518091605087901,5.157315884696334e-4,3.3597036794370176e-4,0.02813670551541692
1000,0.05,0.1,6,-0.1011297611713158,-0.01528321370191577,0.29504134638524,0.02813670551541692
1000,0.05,0.2,1,0.08363885592301341,-0.0010329770995676712,0.002484303215767953,0.020724706689876048
1000,0.05,0.2,2,0.025197209730807454,0.015624014151947642,0.5683403123737194,0.020724706689876048
1000,0.05,0.2,3,0.019119113399773492,-0.010350071448887105,0.24940773021663057,0.020724706689876048
1000,0.05,0.2,4,-0.002159564640244661,-0.0038952326757033208,0.03532563877535859,0.020724706689876048
1000,0.05,0.2,5,-0.023293929879108305,-0.005542094125115662,0.07151069669340043,0.020724706689876048
1000,0.05,0.2,6,-0.0767319781730045,0.005596872661256923,0.07293131872512312,0.020724706689876048
1000,0.05,0.5,1,0.031524820307701006,0.0019872971378646427,0.0066651768590815135,0.02434203979894403
1000,0.05,0.5,2,0.026722707102524886,0.019851435940900636,0.6650739186320853,0.02434203979894403
1000,0.05,0.5,3,9.062250216157217e-5,-0.0033504049074579837,0.018944391316210923,0.02434203979894403
1000,0.05,0.5,4,-0.009545459660162698,-0.0075443584797019285,0.09605737099893379,0.02434203979894403
1000,0.05,0.5,5,-0.02355024865613721,0.008976959283821561,0.13600177435862146,0.02434203979894403
1000,0.05,0.5,6,-0.07478830605258305,-0.006765920990225161,0.07725736783506695,0.02434203979894403
1000,0.05,1,1,0.061086312139209044,0.005273533708560774,0.027373685133071493,0.03187389169796169
1000,0.05,1,2,0.02595797071913346,0.02125439360556272,0.44465916954409357,0.03187389169796169
1000,0.05,1,3,0.005627209623665298,-0.01648352730064159,0.2674423121000622,0.03187389169796169
1000,0.05,1,4,-0.004238093326502354,-0.009610155016945973,0.09090559232783993,0.03187389169796169
1000,0.05,1,5,-0.024120807440150462,0.01304759354616927,0.167567832946071,0.03187389169796169
1000,0.05,1,6,-0.05673257012794292,-0.0014436473222752119,0.0020514079488617963,0.03187389169796169
1000,0.1,0.01,1,0.17124197017127354,0.015222167569893157,0.3329362377581117,0.026381286153093587
1000,0.1,0.01,2,0.06587404763805257,0.0020047063625100634,0.0057744364770155356,0.026381286153093587
1000,0.1,0.01,3,0.01288812008535553,-0.020278365224713733,0.5908455269807983,0.026381286153093587
1000,0.1,0.01,4,-0.0024347235809505053,-0.002718022898017209,0.010614860546008615,0.026381286153093587
1000,0.1,0.01,5,-0.03996352690055498,0.003866190508872519,0.021477047189222505,0.026381286153093587
1000,0.1,0.01,6,-0.1444470048806991,-0.005166415803406754,0.03835189104884339,0.026381286153093587
1000,0.1,0.02,1,0.15636639967626817,-0.013553093165193299,0.3650622346521969,0.022431327169316628
1000,0.1,0.02,2,0.038854074556295165,0.008356341468964011,0.13877857295205584,0.022431327169316628
1000,0.1,0.02,3,0.014842122449420311,-0.004177160319231189,0.0346778647193528,0.022431327169316628
1000,0.1,0.02,4,0.005900439974975033,-0.007686918100540649,0.11743419318650071,0.022431327169316628
1000,0.1,0.02,5,-0.025369442892444347,0.004947180782688152,0.04864135026278761,0.022431327169316628
1000,0.1,0.02,6,-0.14730119923591806,-0.012191705605574936,0.29540578422710617,0.022431327169316628
1000,0.1,0.05,1,0.14575106865686938,-0.016836355171581066,0.5726993400550675,0.022247680424801276
1000,0.1,0.05,2,0.03446641509759388,0.008963509570564795,0.16232548084802123,0.022247680424801276
1000,0.1,0.05,3,0.007877696164119768,0.002484634545015859,0.01247255889181965,0.022247680424801276
1000,0.1,0.05,4,-0.0018826470966465908,0.008340377148756115,0.14054063271913003,0.022247680424801276
1000,0.1,0.05,5,-0.018833427082731308,0.0051172078084412926,0.052904989533933015,0.022247680424801276
1000,0.1,0.05,6,-0.11349156970190302,0.005406552454041556,0.059056997952028546,0.022247680424801276
1000,0.1,0.1,1,0.09506974582261128,0.009076393901027616,0.11635512514304695,0.026608511257322182
1000,0.1,0.1,2,0.051701584012870554,-0.0144173714729849,0.29358308105228026,0.026608511257322182
1000,0.1,0.1,3,0.009944452467600371,-0.00894282896940312,0.11295584192649887,0.026608511257322182
1000,0.1,0.1,4,-0.00457602427698115,-0.008170880916015595,0.09429672488608155,0.026608511257322182
1000,0.1,0.1,5,-0.01710254705740399,0.007649510040364217,0.08264680802712902,0.026608511257322182
1000,0.1,0.1,6,-0.11878024070887054,-0.014578026482245623,0.3001624189649634,0.026608511257322182
1000,0.1,0.2,1,0.06866465191875318,-0.01776826112813674,0.48847848267634786,0.02542273140806815
1000,0.1,0.2,2,0.038979096547634255,0.012362387013037327,0.23646139774608527,0.02542273140806815
1000,0.1,0.2,3,0.0035136740928205018,-0.0075746706066304546,0.08877344736029127,0.02542273140806815
1000,0.1,0.2,4,-0.015043605973464096,-7.12900181842535e-4,7.86344824414221e-4,0.02542273140806815
1000,0.1,0.2,5,-0.015246962792174804,-0.01075062438630912,0.17882282789594273,0.02542273140806815
1000,0.1,0.2,6,-0.0754282559739937,-0.0020774431172185534,0.0066774994969187465,0.02542273140806815
1000,0.1,0.5,1,0.0166074668138488,-0.0014901138205605357,0.0036581617659925,0.02463700942132361
1000,0.1,0.5,2,0.009248896151598024,0.014524727222203222,0.34756816481764463,0.02463700942132361
1000,0.1,0.5,3,-0.007223745221323243,0.015492957871733617,0.3954510205997861,0.02463700942132361
1000,0.1,0.5,4,-0.029345121248028377,-2.458159282059352e-4,9.955064127422061e-5,0.02463700942132361
1000,0.1,0.5,5,-0.03734015199588387,0.011604227906394152,0.2218485120853824,0.02463700942132361
1000,0.1,0.5,6,-0.05878472724652745,-0.004363922405284295,0.03137459008992018,0.02463700942132361
1000,0.1,1,1,0.04342238093255199,0.011666359545904626,0.1454291216210919,0.030592126492416685
1000,0.1,1,2,0.03333842312473614,-0.004801827273854214,0.02463733537754868,0.030592126492416685
1000,0.1,1,3,0.0157898420956299,0.018323781934897393,0.3587656846838527,0.030592126492416685
1000,0.1,1,4,0.005328793754588511,0.017176721701158672,0.3152544501516129,0.030592126492416685
1000,0.1,1,5,-0.014232384762269342,0.004327104188596217,0.02000669594866531,0.030592126492416685
1000,0.1,1,6,-0.044111511176197396,0.01127794882281696,0.1359067122172285,0.030592126492416685
1000,0.2,0.01,1,0.14636039380670382,0.008095119897368573,0.033902760498405037,0.04396486608790464
1000,0.2,0.01,2,0.03626773469904417,0.001587373914217726,0.0013036078556979695,0.04396486608790464
1000,0.2,0.01,3,0.01834700982189401,0.014161424660586229,0.10375341090305235,0.04396486608790464
1000,0.2,0.01,4,0.0034906633875984553,-0.0024873972666322034,0.003200949305536065,0.04396486608790464
1000,0.2,0.01,5,-0.005734946648421912,-0.021411757955186815,0.23718823388301563,0.04396486608790464
1000,0.2,0.01,6,-0.13968306280731158,-0.034636140889539944,0.620651037554293,0.04396486608790464
1000,0.2,0.02,1,0.13700353214709973,0.005027194794292752,0.09906522180675624,0.015972213454228484
1000,0.2,0.02,2,0.03282702856278102,0.010583155011969566,0.4390359703511601,0.015972213454228484
1000,0.2,0.02,3,0.01335200292496376,-0.0032338226716006843,0.04099229107439218,0.015972213454228484
1000,0.2,0.02,4,-0.024012866892222096,0.00372153764983932,0.0542893476287621,0.015972213454228484
1000,0.2,0.02,5,-0.04659166609015637,0.00960020440520801,0.36126904332285753,0.015972213454228484
1000,0.2,0.02,6,-0.12599926205821949,-0.0011680620480056976,0.005348125816071863,0.015972213454228484
1000,0.2,0.05,1,0.1372922716405699,7.845128602539974e-4,0.0019910117559040655,0.017581792696355666
1000,0.2,0.05,2,0.020142582406122888,-0.009447174291284027,0.2887204496153447,0.017581792696355666
1000,0.2,0.05,3,0.012162009621669072,-0.006016242977819237,0.11709124544805877,0.017581792696355666
1000,0.2,0.05,4,-0.014599947691231236,1.6618298468242866e-4,8.934017510089511e-5,0.017581792696355666
1000,0.2,0.05,5,-0.01935641358623816,-0.005047597233532959,0.08242198644019276,0.017581792696355666
1000,0.2,0.05,6,-0.12013941627345724,0.01255204516066194,0.5096859665653988,0.017581792696355666
1000,0.2,0.1,1,0.10860572835689568,-0.004311567487361524,0.10013121557772484,0.01362543712810102
1000,0.2,0.1,2,0.048650138527785346,0.011239723466724708,0.6804721642711907,0.01362543712810102
1000,0.2,0.1,3,0.008698904600088977,0.00471873222369411,0.11993605994786244,0.01362543712810102
1000,0.2,0.1,4,-5.14057326828735e-4,0.002579772464609566,0.0358477512839015,0.01362543712810102
1000,0.2,0.1,5,-0.016312097286580993,0.003220765386740823,0.055874968626130596,0.01362543712810102
1000,0.2,0.1,6,-0.07585713783719501,-0.0011985615048065194,0.007737840293189894,0.01362543712810102
1000,0.2,0.2,1,0.057131889071584084,-0.010327260126878991,0.036964021019376334,0.05371499158913785
1000,0.2,0.2,2,0.028961147440644232,-0.015224995903735345,0.08033843082046484,0.05371499158913785
1000,0.2,0.2,3,0.015575702362044792,0.010199892789266418,0.036057880055025054,0.05371499158913785
1000,0.2,0.2,4,-0.025478856028267022,-0.008904466990955926,0.027480512792501875,0.05371499158913785
1000,0.2,0.2,5,-0.041769617421886056,0.027025878094574157,0.2531445622350421,0.05371499158913785
1000,0.2,0.2,6,-0.10598642042099342,-0.04041190526733219,0.5660145930775897,0.05371499158913785
1000,0.2,0.5,1,0.01905512921638453,7.998118807537105e-6,2.9868391133113834e-7,0.014634636377180456
1000,0.2,0.5,2,0.0057735390222540825,0.006679049682263929,0.20828858794158778,0.014634636377180456
1000,0.2,0.5,3,-0.0024495262015363597,-9.335207517169811e-4,0.0040689661869253236,0.014634636377180456
1000,0.2,0.5,4,-0.011051841479875807,0.004136767173335243,0.07990211676576804,0.014634636377180456
1000,0.2,0.5,5,-0.026238177319798234,-0.011969509825233034,0.6689426078282962,0.014634636377180456
1000,0.2,0.5,6,-0.04230852978114853,0.002882593305969251,0.03879742259351138,0.014634636377180456
1000,0.2,1,1,0.08485514356812363,0.023657202009415512,0.47490358281218387,0.03432896068780437
1000,0.2,1,2,0.047707593330135155,-0.019925575062418873,0.33689953983031085,0.03432896068780437
1000,0.2,1,3,0.025618151954107483,0.008700434572970822,0.06423335113895608,0.03432896068780437
1000,0.2,1,4,0.0072533083847975905,-0.002436043826244385,0.00503557285766476,0.03432896068780437
1000,0.2,1,5,-0.0022204544105823543,0.005932025435518597,0.02985964901016478,0.03432896068780437
1000,0.2,1,6,-0.04550550396931969,0.010245242621473947,0.08906830435071973,0.03432896068780437
1000,0.5,0.01,1,0.10399097789763868,-0.0012417827532352653,0.002374208548850751,0.025485091168950553
1000,0.5,0.01,2,0.04159238603009999,-0.013425668688883317,0.27752331105521344,0.025485091168950553
1000,0.5,0.01,3,0.016006258867832645,-0.013707675842995586,0.28930455292542084,0.025485091168950553
1000,0.5,0.01,4,0.01195246254701594,0.012779080446476052,0.2514356329874141,0.025485091168950553
1000,0.5,0.01,5,-0.01720204146250604,-1.8669184944120586e-5,5.366341825526696e-7,0.025485091168950553
1000,0.5,0.01,6,-0.10028296174044785,0.010793222184649459,0.1793617578489184,0.025485091168950553
1000,0.5,0.02,1,0.09994447138546698,0.004690362268609735,0.029495085120958244,0.02731062006847416
1000,0.5,0.02,2,0.060900321831977286,0.004235079100333964,0.024046946174231632,0.02731062006847416
1000,0.5,0.02,3,0.021483694373369937,0.021121186318026317,0.5980995754035412,0.02731062006847416
1000,0.5,0.02,4,0.004787095992021472,0.013534486935784783,0.24559553855921357,0.02731062006847416
1000,0.5,0.02,5,-0.018643977769167378,0.004840156993551239,0.031409120504698365,0.02731062006847416
1000,0.5,0.02,6,-0.07543723452232838,0.007295245541428069,0.071353734237357,0.02731062006847416
1000,0.5,0.05,1,0.10589670834669399,0.0066811428242452685,0.08304290928786487,0.023184593089361133
1000,0.5,0.05,2,0.02212563676790404,0.013838834395478894,0.35628707563560874,0.023184593089361133
1000,0.5,0.05,3,0.01288127219188272,-0.0010247364867182725,0.0019535541050952963,0.023184593089361133
1000,0.5,0.05,4,-0.010749289346863733,-0.009852779725207868,0.1806003514066229,0.023184593089361133
1000,0.5,0.05,5,-0.029744187361828288,-0.010989057850758556,0.22465803880279187,0.023184593089361133
1000,0.5,0.05,6,-0.08843726584442398,-0.009082268671857324,0.15345807076201629,0.023184593089361133
1000,0.5,0.1,1,0.09146104252921104,-0.010554118784353148,0.2897131379750952,0.019608206984842065
1000,0.5,0.1,2,0.02281070202022095,0.012151370196639096,0.3840384769601491,0.019608206984842065
1000,0.5,0.1,3,0.018262043371211185,9.43460837333783e-4,0.0023151119121849824,0.019608206984842065
1000,0.5,0.1,4,-6.994475312239763e-4,-0.008182276487379197,0.1741295733541831,0.019608206984842065
1000,0.5,0.1,5,-0.02865465349455293,0.007526210284682608,0.14732516344026705,0.019608206984842065
1000,0.5,0.1,6,-0.10616329121976689,-9.761926416650691e-4,0.0024785363581205587,0.019608206984842065
1000,0.5,0.2,1,0.05466033226446064,0.010720082153989157,0.3689090341219225,0.01764974634513188
1000,0.5,0.2,2,0.013695346592332408,-0.0013860255320190986,0.0061668803805916125,0.01764974634513188
1000,0.5,0.2,3,0.007129029643732838,-0.008092407817970713,0.21022220421313167,0.01764974634513188
1000,0.5,0.2,4,-0.012626900836071426,5.164074170965984e-4,8.560674931025965e-4,0.01764974634513188
1000,0.5,0.2,5,-0.03447604096186924,-0.0042956196796374675,0.059234497716755125,0.01764974634513188
1000,0.5,0.2,6,-0.05181284261858816,0.010510291553469667,0.3546113160744964,0.01764974634513188
1000,0.5,0.5,1,0.03930170573700052,-0.007659358674555686,0.11935335613354625,0.022170479673509963
1000,0.5,0.5,2,0.020883568789147478,-0.006977456550114315,0.09904763325592951,0.022170479673509963
1000,0.5,0.5,3,0.004122150530963612,-0.01631031478812841,0.541220835038911,0.022170479673509963
1000,0.5,0.5,4,-0.007997920890261693,0.00481000172987091,0.04706957599493555,0.022170479673509963
1000,0.5,0.5,5,-0.02855037092122007,-0.00336060481541562,0.022976544348110278,0.022170479673509963
1000,0.5,0.5,6,-0.03773881413435423,-0.009150046113801708,0.17033205522856734,0.022170479673509963
1000,0.5,1,1,0.03719781461335023,0.002537960257423463,0.01441400603966299,0.021139390784568973
1000,0.5,1,2,0.03180511770640598,0.004162492181296952,0.038772332372413246,0.021139390784568973
1000,0.5,1,3,0.02039054802972633,-0.004201466542631714,0.03950179988273945,0.021139390784568973
1000,0.5,1,4,-0.011428174741334493,0.01890026889018256,0.7993758639546653,0.021139390784568973
1000,0.5,1,5,-0.024682727934212688,-0.006861641995228632,0.10535888738019498,0.021139390784568973
1000,0.5,1,6,-0.06474479460946954,-0.0010731464086315553,0.0025771103703240133,0.021139390784568973
1000,1,0.01,1,0.0931509013182952,-0.009110329873222106,0.09730728763866847,0.029205283001027312
1000,1,0.01,2,0.024073069472957054,3.702249517138507e-4,1.606972824336273e-4,0.029205283001027312
1000,1,0.01,3,0.00837885654738423,0.022097428293730556,0.572480408386632,0.029205283001027312
1000,1,0.01,4,-0.016369446786671685,-0.0031224072319172985,0.01143026371618065,0.029205283001027312
1000,1,0.01,5,-0.039439436298634764,-0.012812939919020883,0.19247518314360684,0.029205283001027312
1000,1,0.01,6,-0.07961512238961074,0.010372858081038626,0.1261461598324784,0.029205283001027312
1000,1,0.02,1,0.07480217419334098,-0.011430687117387659,0.30907124001153646,0.0205609435179691
1000,1,0.02,2,0.03609487584015093,0.004865445731438741,0.05599628117550332,0.0205609435179691
1000,1,0.02,3,0.006316378583708254,-0.015822366696134425,0.5921841930278136,0.0205609435179691
1000,1,0.02,4,0.0025687086367044898,-0.0029044903776944343,0.01995509519771647,0.0205609435179691
1000,1,0.02,5,-0.0028364661568503658,-0.0024475666299684333,0.014170427965704682,0.0205609435179691
1000,1,0.02,6,-0.08299203456298726,0.0019092651934002145,0.00862276262172549,0.0205609435179691
1000,1,0.05,1,0.06457783146168887,-0.001164640316272459,0.003723019793069759,0.019087284527070272
1000,1,0.05,2,0.022072486044471932,-0.008334765438259985,0.19067706986627628,0.019087284527070272
1000,1,0.05,3,0.008714037014629989,0.013195915172909814,0.4779591007816027,0.019087284527070272
1000,1,0.05,4,-1.5638465928875968e-5,-0.0019384394014532523,0.010313739615922536,0.019087284527070272
1000,1,0.05,5,-0.02242926587746446,0.007946213322426357,0.17331340107637985,0.019087284527070272
1000,1,0.05,6,-0.07628196105543275,-0.007243458974205067,0.14401366886674896,0.019087284527070272
1000,1,0.1,1,0.08758991551850699,-0.007462242028261565,0.1667773441423734,0.01827261921118873
1000,1,0.1,2,0.03215891130646256,0.013515865535074358,0.547124442519804,0.01827261921118873
1000,1,0.1,3,0.006950750278491497,-0.0051648934702417035,0.07989528104080643,0.01827261921118873
1000,1,0.1,4,-8.678323173329401e-4,0.0023460671491560277,0.016484632469434893,0.01827261921118873
1000,1,0.1,5,-0.032376149092289704,-0.006301792234763789,0.11893962190769305,0.01827261921118873
1000,1,0.1,6,-0.05298791586445768,0.004861295566936409,0.07077867791988818,0.01827261921118873
1000,1,0.2,1,0.08041030597299723,-0.009353366206679382,0.09072009570243784,0.031053902741976194
1000,1,0.2,2,0.038602562220118104,-0.01652195633488368,0.28306786095376046,0.031053902741976194
1000,1,0.2,3,0.023361713298707322,0.006386580701315727,0.04229650002850581,0.031053902741976194
1000,1,0.2,4,0.013543190765517538,-0.016161293443128853,0.2708443964274701,0.031053902741976194
1000,1,0.2,5,3.889101372695721e-4,0.01603633834011439,0.2666723844238007,0.031053902741976194
1000,1,0.2,6,-0.061677811943030826,-0.0066891261620708724,0.04639876246402514,0.031053902741976194
1000,1,0.5,1,0.04137035292118242,0.014001931931145892,0.19612405623405169,0.03161713609752686
1000,1,0.5,2,0.02036548451585771,0.009255577691270191,0.08569628669226582,0.03161713609752686
1000,1,0.5,3,0.002584981421375123,-0.0036174700937648616,0.0130907594184967,0.03161713609752686
1000,1,0.5,4,-0.022014970613805314,-0.002270598616082334,0.00515745776627835,0.03161713609752686
1000,1,0.5,5,-0.042695758413068205,0.025627050213098447,0.6569800506873847,0.03161713609752686
1000,1,0.5,6,-0.04926703784905515,0.006552561959008638,0.04295138920152267,0.03161713609752686
1000,1,1,1,0.061780189496794764,0.022360469169995605,0.47570929862130357,0.032419782091824445
1000,1,1,2,0.031251406144267094,0.003431652839329807,0.0112043459487172,0.032419782091824445
1000,1,1,3,0.017838710241861174,-0.020874148585730567,0.41456950995297626,0.032419782091824445
1000,1,1,4,-0.0253748837732829,0.0033779839335087497,0.010856628483147893,0.032419782091824445
1000,1,1,5,-0.03639435729216642,0.006603746522687804,0.04149164057820559,0.032419782091824445
1000,1,1,6,-0.0677854748606871,-0.006965997803564449,0.046168576415649414,0.032419782091824445
1000,10,0.01,1,0.05845236522010254,0.006581231350567591,0.08742236603416008,0.022258499275059226
1000,10,0.01,2,0.028766282287705273,-0.0022118000997972146,0.009874156065515024,0.022258499275059226
1000,10,0.01,3,0.003858895586687653,0.005916640785336259,0.07065756169223007,0.022258499275059226
1000,10,0.01,4,-0.006505537879693885,-0.014661002743665537,0.43384599289734405,0.022258499275059226
1000,10,0.01,5,-0.015210107003920939,0.010232548328330189,0.21133715150159935,0.022258499275059226
1000,10,0.01,6,-0.05692297255617572,-0.009621820996182041,0.18686277180915134,0.022258499275059226
1000,10,0.02,1,0.05129857731627971,-0.003317403366775898,0.017761244029204034,0.024892103061983757
1000,10,0.02,2,0.027390848706913398,0.0041418467245052494,0.02768629648505819,0.024892103061983757
1000,10,0.02,3,0.006721350605458861,0.016227185778962618,0.42497485622445696,0.024892103061983757
1000,10,0.02,4,-0.003284884412922408,0.0073703739457087756,0.08767098075976427,0.024892103061983757
1000,10,0.02,5,-0.017737050278761823,-0.013274138563831596,0.28437375499950124,0.024892103061983757
1000,10,0.02,6,-0.051517054301452044,-0.009879777854024843,0.1575328675020153,0.024892103061983757
1000,10,0.05,1,0.04810655485642631,0.01601694354616328,0.5557234760539093,0.021485737875696142
1000,10,0.05,2,0.026107986718124303,-0.005084995403517216,0.05601193591299478,0.021485737875696142
1000,10,0.05,3,0.0024749673978231405,0.002097149037194636,0.009527041228159372,0.021485737875696142
1000,10,0.05,4,-0.017665799746357142,-0.00605095112647326,0.07931343224931028,0.021485737875696142
1000,10,0.05,5,-0.03578047011653787,-0.0035576545661767786,0.027417446770718487,0.021485737875696142
1000,10,0.05,6,-0.051934255981559034,-0.011205727268541662,0.27200666778490784,0.021485737875696142
1000,10,0.1,1,0.04610520442937941,8.099201237836858e-4,0.0015425647805177773,0.020621510998364134
1000,10,0.1,2,0.02721472675135886,-0.013237128848617304,0.4120468744886774,0.020621510998364134
1000,10,0.1,3,0.00789952621420085,0.0121922061598829,0.34956152629182136,0.020621510998364134
1000,10,0.1,4,0.005676452522496938,-0.005243993850986751,0.06466709908353852,0.020621510998364134
1000,10,0.1,5,-0.021706276015830295,0.0069865899983753595,0.11478616526686512,0.020621510998364134
1000,10,0.1,6,-0.027061795943043827,0.0049403808288607355,0.05739577008857983,0.020621510998364134
1000,10,0.2,1,0.04885301003268949,-0.004414556242939285,0.030696894025300653,0.02519647788899807
1000,10,0.2,2,0.040882854095655015,-0.0090485692805687,0.12896746347720595,0.02519647788899807
1000,10,0.2,3,0.01823883294554001,-0.013156191708866397,0.27263443788659414,0.02519647788899807
1000,10,0.2,4,-0.024305413754341407,0.008541730176132736,0.11492434130298715,0.02519647788899807
1000,10,0.2,5,-0.034011668553067906,-0.015137817626569326,0.36094984853143114,0.02519647788899807
1000,10,0.2,6,-0.051835069240671466,-0.007635281788242556,0.09182701477648092,0.02519647788899807
1000,10,0.5,1,0.0481412403391773,0.007740932627786748,0.0871853337595455,0.026216310399650163
1000,10,0.5,2,0.03783451718975929,-0.003259383907808121,0.015457095607372962,0.026216310399650163
1000,10,0.5,3,0.030532270477047454,-0.01337355967794516,0.2602261276784506,0.026216310399650163
1000,10,0.5,4,-0.0020301333246517633,0.012553459538007909,0.229289260361351,0.026216310399650163
1000,10,0.5,5,-0.007543089658296823,0.013799316721187484,0.2770588482337186,0.026216310399650163
1000,10,0.5,6,-0.02821235231932173,-0.00948086086601773,0.13078333435956135,0.026216310399650163
1000,10,1,1,0.08856818442128613,-0.016715550530320037,0.28628127009595683,0.031240948943381554
1000,10,1,2,0.025142380630160808,-0.0052477614253738135,0.02821627838663214,0.031240948943381554
1000,10,1,3,0.004474134341652645,-0.001989261082241651,0.00405447977374316,0.031240948943381554
1000,10,1,4,-0.013987314021443984,-9.7839650683299e-4,9.808020225525258e-4,0.031240948943381554
1000,10,1,5,-0.03686318658519802,0.02224028601134916,0.5067949769994932,0.031240948943381554
1000,10,1,6,-0.07433897362516385,-0.013019351755334507,0.17367219272162215,0.031240948943381554
1000,100,0.01,1,0.03132031529321249,-0.004713611406980937,0.0537071228132194,0.020339385728829446
1000,100,0.01,2,0.013779243210678355,-0.006652556074035161,0.10697971153569402,0.020339385728829446
1000,100,0.01,3,0.007150153650897032,0.0022513998673785065,0.012252638126007454,0.020339385728829446
1000,100,0.01,4,-0.012468745709433522,0.007731741474236384,0.14450370522199482,0.020339385728829446
1000,100,0.01,5,-0.035190330133407714,-0.009780355086183508,0.2312243567471698,0.020339385728829446
1000,100,0.01,6,-0.04653739326942002,-0.01366426009020662,0.45133246555591455,0.020339385728829446
1000,100,0.02,1,0.034388746092247964,-0.015459239383800555,0.605992627256727,0.0198588663037817
1000,100,0.02,2,0.02310002175298707,-0.010654329516166454,0.28783482968542945,0.0198588663037817
1000,100,0.02,3,-0.0031067046498094554,0.0015278441446091857,0.005919011778721677,0.0198588663037817
1000,100,0.02,4,-0.013639695277715939,0.0055453747433241675,0.07797455341997483,0.0198588663037817
1000,100,0.02,5,-0.021421938716670284,-0.001131809962573377,0.003248165287507382,0.0198588663037817
1000,100,0.02,6,-0.03853980914637812,-0.002739574518292189,0.01903081257163964,0.0198588663037817
1000,100,0.05,1,0.0478591462709294,0.012213238231873612,0.1932173831174496,0.027784829149050144
1000,100,0.05,2,0.01801756949942225,0.016318704259318133,0.34494978808093174,0.027784829149050144
1000,100,0.05,3,0.010236944738138094,0.0057548732331297444,0.04289987846616333,0.027784829149050144
1000,100,0.05,4,8.068474585053784e-4,0.015064768052162544,0.2939743491115025,0.027784829149050144
1000,100,0.05,5,-0.006565572401074848,-0.0016278143260034872,0.003432371374231665,0.027784829149050144
1000,100,0.05,6,-0.030213896482467553,0.009685961602005598,0.12152622984972114,0.027784829149050144
1000,100,0.1,1,0.034599907840176955,0.00917036523712574,0.07988230790673627,0.032446012504473674
1000,100,0.1,2,0.02692482713631916,-0.013447821995661677,0.17178341861669236,0.032446012504473674
1000,100,0.1,3,0.013828087314834014,-0.0010158964497884433,9.803388705074288e-4,0.032446012504473674
1000,100,0.1,4,-0.010071396511894001,-0.012294685694856798,0.14358603370910628,0.032446012504473674
1000,100,0.1,5,-0.019930995221034906,0.00867230366211577,0.0714407968887186,0.032446012504473674
1000,100,0.1,6,-0.052103724416535234,0.02367285406729024,0.5323271040082389,0.032446012504473674
1000,100,0.2,1,0.052374546569751664,-0.009854445909003497,0.265847491900767,0.019112430814528743
1000,100,0.2,2,0.026518471801120793,-8.649874320017651e-4,0.002048272537002103,0.019112430814528743
1000,100,0.2,3,0.004203194957761254,0.005245871068219864,0.07533614133474519,0.019112430814528743
1000,100,0.2,4,-0.007748470412291956,-0.005139993177723568,0.07232579773371983,0.019112430814528743
1000,100,0.2,5,-0.03562793376187661,-0.001770726188988481,0.008583629594576706,0.019112430814528743
1000,100,0.2,6,-0.05101817650722818,0.014503535425590214,0.5758586668991892,0.019112430814528743
1000,100,0.5,1,0.029020697680707006,0.011703087119660286,0.39263317386298974,0.01867699242592206
1000,100,0.5,2,0.007976896937483996,0.007807239466223246,0.17473548729037292,0.01867699242592206
1000,100,0.5,3,0.006044090557390684,0.0032513832073745898,0.03030556822744321,0.01867699242592206
1000,100,0.5,4,0.003266195611553371,0.003865898935818099,0.04284371357913314,0.01867699242592206
1000,100,0.5,5,-0.029376160391244827,-0.011037717388328531,0.3492566265848139,0.01867699242592206
1000,100,0.5,6,-0.03913446046737751,0.0018886337328531259,0.010225430455247136,0.01867699242592206
1000,100,1,1,0.0399899288613033,-0.0019040266147125817,0.011073724754365792,0.01809364863584613
1000,100,1,2,0.017981503922581247,-0.001803747926416189,0.009938008980311603,0.01809364863584613
1000,100,1,3,0.007683998640308063,0.012095578890571798,0.4468903862279968,0.01809364863584613
1000,100,1,4,-0.005671690848371204,0.007330372262647045,0.16413445432127505,0.01809364863584613
1000,100,1,5,-0.025436020637852264,-0.009936004359990206,0.3015582691857265,0.01809364863584613
1000,100,1,6,-0.03656309113816198,-0.00466258814148284,0.06640515653032429,0.01809364863584613
1000,1000,0.01,1,0.02857139506562404,-0.01639757746665146,0.25275477734609264,0.03261594790740049
1000,1000,0.01,2,0.023719667322526956,0.003832231908843105,0.013805227113984403,0.03261594790740049
1000,1000,0.01,3,0.011243735080004221,0.016002369550663816,0.2407180083651608,0.03261594790740049
1000,1000,0.01,4,0.0021792015984738195,0.013463888516164459,0.17040447838840195,0.03261594790740049
1000,1000,0.01,5,-0.018349665552323636,-0.01826972579456985,0.313764676106732,0.03261594790740049
1000,1000,0.01,6,-0.027162717177328002,-0.003016372639410219,0.008552832679628145,0.03261594790740049
1000,1000,0.02,1,0.036702325055868984,0.00359132015681754,0.058497341742099515,0.014848618782581004
1000,1000,0.02,2,0.027092361029235106,-0.001669380790974099,0.01263975653840845,0.014848618782581004
1000,1000,0.02,3,0.013981731047571637,-0.012475191479157518,0.7058661009433365,0.014848618782581004
1000,1000,0.02,4,0.008641109167958055,0.003470257383921924,0.054619945059770206,0.014848618782581004
1000,1000,0.02,5,-0.024866316445370292,0.0038874124864530734,0.06854079470501494,0.014848618782581004
1000,1000,0.02,6,-0.036447383071663474,0.004691695052349404,0.09983606101137033,0.014848618782581004
1000,1000,0.05,1,0.03743958333170405,-0.010785961029157418,0.42052736337779795,0.016632660260019003
1000,1000,0.05,2,0.008927912293606777,9.44913385531701e-4,0.0032274577746975474,0.016632660260019003
1000,1000,0.05,3,-0.00556160588789301,-0.004823749047162982,0.08410967952504485,0.016632660260019003
1000,1000,0.05,4,-0.01850477254402967,-0.010279657394479327,0.38197403965261,0.016632660260019003
1000,1000,0.05,5,-0.03482165359045129,0.00541311809070096,0.10591843857287125,0.016632660260019003
1000,1000,0.05,6,-0.04111783998267785,0.00108342614644591,0.004243021096978344,0.016632660260019003
1000,1000,0.1,1,0.030673719883092206,-0.0017020961140584796,0.006307641809257947,0.021431401307361337
1000,1000,0.1,2,0.019256153948384015,0.011509042416877014,0.2883880391309395,0.021431401307361337
1000,1000,0.1,3,-0.010968024773223117,0.0022698018093259558,0.011216948824626755,0.021431401307361337
1000,1000,0.1,4,-0.01593330152327499,0.011474369089008625,0.28665300156632767,0.021431401307361337
1000,1000,0.1,5,-0.030057471298248956,0.011458561314942894,0.2858637251323992,0.021431401307361337
1000,1000,0.1,6,-0.03954931684443102,-0.007472482841029485,0.12157064353644895,0.021431401307361337
1000,1000,0.2,1,0.06836716687694686,-0.013127319685352475,0.24767970562825686,0.026377331060773262
1000,1000,0.2,2,0.017706274652416962,-0.007423403200037923,0.07920350468793666,0.026377331060773262
1000,1000,0.2,3,0.010474010295499854,0.020664367775944947,0.6137373374083838,0.026377331060773262
1000,1000,0.2,4,-0.007093782106516031,-0.006173489220061068,0.054777182199412064,0.026377331060773262
1000,1000,0.2,5,-0.02353116202020154,-0.0017819013581613996,0.004563579465931505,0.026377331060773262
1000,1000,0.2,6,-0.03259134431055109,1.6407168530400518e-4,3.869061007921412e-5,0.026377331060773262
1000,1000,0.5,1,0.02560742972180346,0.007847659376275098,0.18972677716439787,0.01801672416928399
1000,1000,0.5,2,0.022059554490031406,0.005499735156481543,0.09318197114350883,0.01801672416928399
1000,1000,0.5,3,0.013037530948839646,0.007243048533747701,0.16161852215743777,0.01801672416928399
1000,1000,0.5,4,0.007898131394525209,0.005968290758676923,0.10973578781215419,0.01801672416928399
1000,1000,0.5,5,-0.008372934238167404,-0.0089559384336805,0.24709874490821393,0.01801672416928399
1000,1000,0.5,6,-0.04162927976812056,0.008029845916602371,0.1986381968142875,0.01801672416928399
1000,1000,1,1,0.04102414570085248,-0.016807477107126916,0.3119397519891037,0.030093116548516142
1000,1000,1,2,0.022799014817972026,0.007962614261831435,0.07001273132260283,0.030093116548516142
1000,1000,1,3,-0.0032058634935039367,-0.01327033821358097,0.19445971682579777,0.030093116548516142
1000,1000,1,4,-0.015697680813026884,-0.01758246735241496,0.34136996302403505,0.030093116548516142
1000,1000,1,5,-0.021000412869873152,-0.008345976252037573,0.07691657811442836,0.030093116548516142
1000,1000,1,6,-0.05518917725141588,-0.0021910720919492794,0.005301258724032316,0.030093116548516142
1000,10000,0.01,1,0.05820787211508766,0.002786121806448296,0.012386284592957054,0.025033961054018845
1000,10000,0.01,2,0.025548329194063545,-0.011805739698974011,0.22239614873214336,0.025033961054018845
1000,10000,0.01,3,0.005653436813081281,3.5590692954662404e-4,2.0212207271946709e-4,0.025033961054018845
1000,10000,0.01,4,5.995561502612105e-4,-0.01839674170752041,0.5400359569371908,0.025033961054018845
1000,10000,0.01,5,-0.034195389354653945,-0.01187032505232601,0.22483611832708725,0.025033961054018845
1000,10000,0.01,6,-0.052962809312372086,2.997489787067197e-4,1.4336933790205021e-4,0.025033961054018845
1000,10000,0.02,1,0.044590267759258534,-0.0013192526423265937,0.0033811876081922426,0.0226878498006665
1000,10000,0.02,2,0.018115929725797272,-0.007308131419753113,0.10375905801333589,0.0226878498006665
1000,10000,0.02,3,0.0069938728545692296,0.002142104763410034,0.008914453771517455,0.0226878498006665
1000,10000,0.02,4,-0.0026018413091803434,-0.013450311316073375,0.3514616925980062,0.0226878498006665
1000,10000,0.02,5,-0.010728975183736927,-0.014626873983183132,0.415639068462824,0.0226878498006665
1000,10000,0.02,6,-0.02836505758255807,0.007755281191439773,0.11684453954612418,0.0226878498006665
1000,10000,0.05,1,0.03381176144231489,-0.010494646736133569,0.26205099643779944,0.020500993904885266
1000,10000,0.05,2,0.010904893357834473,-0.0030183676778400953,0.021676764037853305,0.020500993904885266
1000,10000,0.05,3,0.004837864829963632,-8.796322410965654e-4,0.0018409943059020486,0.020500993904885266
1000,10000,0.05,4,-0.011824509778294063,-0.015479696647871868,0.5701315284472738,0.020500993904885266
1000,10000,0.05,5,-0.019815460083431758,0.004217997876253225,0.042331424229569835,0.020500993904885266
1000,10000,0.05,6,-0.038549340489484864,-0.006546474643614316,0.10196829254160156,0.020500993904885266
1000,10000,0.1,1,0.03824090563543958,-0.00947949640102441,0.19632657865530959,0.02139418352020214
1000,10000,0.1,2,0.02813160193657839,0.005538076529684579,0.06700797166487102,0.02139418352020214
1000,10000,0.1,3,-0.00212885923489311,0.005058842715739515,0.055912758650175115,0.02139418352020214
1000,10000,0.1,4,-0.006995050476082359,0.0028349292446162547,0.017558726506686245,0.02139418352020214
1000,10000,0.1,5,-0.030215266376748196,-0.00887036022841354,0.17190601792137505,0.02139418352020214
1000,10000,0.1,6,-0.059635106016562155,0.01499559738069874,0.4912879466015829,0.02139418352020214
1000,10000,0.2,1,0.022287289614044196,0.002281712323567793,0.008195308755206965,0.0252045082146962
1000,10000,0.2,2,0.01532267848854355,0.015437774285858227,0.3751568820434289,0.0252045082146962
1000,10000,0.2,3,0.0026222531095406324,-0.008784321947026053,0.12146748312716404,0.0252045082146962
1000,10000,0.2,4,-0.006784226541270541,0.009477920254382741,0.1414065884274734,0.0252045082146962
1000,10000,0.2,5,-0.011777500609755964,0.014616657935090495,0.33630994586369906,0.0252045082146962
1000,10000,0.2,6,-0.018914040093251847,-0.003330791903913469,0.01746379178302772,0.0252045082146962
1000,10000,0.5,1,0.026309400602601195,-0.010276702772285488,0.17328665164845425,0.024687166197665786
1000,10000,0.5,2,0.016770075013097636,0.012381996425043392,0.2515584250207902,0.024687166197665786
1000,10000,0.5,3,-0.01317566032203174,-0.002645177112729047,0.011480664642022218,0.024687166197665786
1000,10000,0.5,4,-0.04337086367515901,-0.0017550538089985707,0.005054036696127481,0.024687166197665786
1000,10000,0.5,5,-0.05033166672582138,0.01737597971228779,0.4954001344324031,0.024687166197665786
1000,10000,0.5,6,-0.05444589902475142,-0.006207243570173625,0.06322008756020285,0.024687166197665786
1000,10000,1,1,0.03809818342515001,-0.0015272416684470672,0.022018986323221124,0.01029222101696192
1000,10000,1,2,0.013951108703627505,-2.4775408637322334e-4,5.794599773996047e-4,0.01029222101696192
1000,10000,1,3,0.00826533212752497,-0.009543736972818915,0.8598421202641978,0.01029222101696192
1000,10000,1,4,-0.005276924687813255,-4.3850736563874344e-4,0.0018152463733774372,0.01029222101696192
1000,10000,1,5,-0.018498322357381053,-0.0016258096702383958,0.024952909832028306,0.01029222101696192
1000,10000,1,6,-0.027338105839139613,-0.003101209934997338,0.0907912772297756,0.01029222101696192
1000,100000,0.01,1,0.04357359716480712,0.01681484114398528,0.48551384072527615,0.024131924684713913
1000,100000,0.01,2,0.019055971626254782,-0.004223150280516887,0.030625920415978357,0.024131924684713913
1000,100000,0.01,3,0.006149409017302842,-0.0016246985592771436,0.004532748973947727,0.024131924684713913
1000,100000,0.01,4,-0.012187128962962425,0.01002291453164416,0.1725059708239925,0.024131924684713913
1000,100000,0.01,5,-0.014481534132016393,-0.012745371962911378,0.2789466220208731,0.024131924684713913
1000,100000,0.01,6,-0.029967109519613358,-0.004029012336700686,0.02787489703993209,0.024131924684713913
1000,100000,0.02,1,0.05896172582713685,0.0062314183300438974,0.2445534734816634,0.012600854290323113
1000,100000,0.02,2,0.02930975467625593,-0.005027790180823862,0.15920412333926787,0.012600854290323113
1000,100000,0.02,3,0.023901995473511232,-0.004087827938237029,0.10524106534358367,0.012600854290323113
1000,100000,0.02,4,-0.004107970455131518,0.008042200880695885,0.40733324257265197,0.012600854290323113
1000,100000,0.02,5,-0.02370581180871816,0.001067244213890396,0.007173442782425698,0.012600854290323113
1000,100000,0.02,6,-0.028018707058038276,0.0034851022753111683,0.07649465248040752,0.012600854290323113
1000,100000,0.05,1,0.026667586816093044,-0.01226947553042539,0.10446149714426965,0.0379618943247764
1000,100000,0.05,2,0.017190356594155055,0.021542255894927163,0.3220227905387376,0.0379618943247764
1000,100000,0.05,3,0.005872938582219937,-0.023720460852526333,0.39043657387186576,0.0379618943247764
1000,100000,0.05,4,-0.0054808142733052635,0.004550875307936277,0.014371235976586575,0.0379618943247764
1000,100000,0.05,5,-0.02823444515926322,-0.010697815148495465,0.07941351639199669,0.0379618943247764
1000,100000,0.05,6,-0.049656470450495024,0.01134383637995815,0.08929438607654375,0.0379618943247764
1000,100000,0.1,1,0.025155433644934295,-0.015721463516465098,0.248881380811801,0.03151350930853645
1000,100000,0.1,2,0.01617342763907193,0.0050353492146148855,0.02553087233510995,0.03151350930853645
1000,100000,0.1,3,0.005959777400763653,-0.008654279562815564,0.0754168352149709,0.03151350930853645
1000,100000,0.1,4,-0.01619264621324103,-0.024113477327740294,0.5854989888962027,0.03151350930853645
1000,100000,0.1,5,-0.02405732307507741,0.006788559805304841,0.046404677621070776,0.03151350930853645
1000,100000,0.1,6,-0.039926714814378955,0.004259251613785529,0.018267245120844808,0.03151350930853645
1000,100000,0.2,1,0.04237645840275648,4.5358889095989147e-4,4.52387439740128e-4,0.021325888797317453
1000,100000,0.2,2,0.014455233612077917,-0.012253611541124606,0.3301520028479633,0.021325888797317453
1000,100000,0.2,3,-0.0020350470170926636,-0.00901183697340324,0.17857159291663083,0.021325888797317453
1000,100000,0.2,4,-0.01617682079257991,-0.006515609701745994,0.09334602782467864,0.021325888797317453
1000,100000,0.2,5,-0.026602049873175698,0.009646201144916444,0.20459656916251212,0.021325888797317453
1000,100000,0.2,6,-0.05357143206623077,0.009365960835060874,0.19288141980847492,0.021325888797317453
1000,100000,0.5,1,0.04468839317497917,-0.009630396280339687,0.6233633942301945,0.012197575372552921
1000,100000,0.5,2,0.033540515511598104,-3.2777665728816064e-4,7.221194172227409e-4,0.012197575372552921
1000,100000,0.5,3,0.008058562233735493,0.005526213468696337,0.20526187566646392,0.012197575372552921
1000,100000,0.5,4,-0.013359816561989793,0.0033576625828380282,0.07577519822885312,0.012197575372552921
1000,100000,0.5,5,-0.025924002117717514,-0.0036175684450480976,0.08796025763481075,0.012197575372552921
1000,100000,0.5,6,-0.03148876588755108,0.001014465445082774,0.0069171548224549,0.012197575372552921
1000,100000,1,1,0.021669867654103198,-0.018840621317303435,0.30040376073630204,0.034374986637774385
1000,100000,1,2,0.007089773680739476,-0.0060095885159300606,0.030563592215805065,0.034374986637774385
1000,100000,1,3,-0.005848771002025421,0.006032632217075134,0.03079843311883482,0.034374986637774385
1000,100000,1,4,-0.020562761871457932,0.007843018357591096,0.052057269764290016,0.034374986637774385
1000,100000,1,5,-0.035738448955526796,-0.013874998654358043,0.16292240911027422,0.034374986637774385
1000,100000,1,6,-0.06581608462764171,-0.022363684055000846,0.4232545350544939,0.034374986637774385
1000,1000000,0.01,1,0.025628121219087686,0.0026695691522281503,0.026522878233337297,0.01639195863795933
1000,1000000,0.01,2,0.0020574855950036158,-0.0072665539063221495,0.19651481655539513,0.01639195863795933
1000,1000000,0.01,3,-0.003530278960614668,-0.002345190155341878,0.020468896301122346,0.01639195863795933
1000,1000000,0.01,4,-0.019260004230626238,-0.008236526603553514,0.25247972701556715,0.01639195863795933
1000,1000000,0.01,5,-0.024823138867557996,0.004181571607622945,0.06507547960213203,0.01639195863795933
1000,1000000,0.01,6,-0.04216023495121968,-0.010860067881515294,0.43893820229244596,0.01639195863795933
1000,1000000,0.02,1,0.050566522471201594,-0.007751251008492072,0.17640539079649573,0.018455077551944504
1000,1000000,0.02,2,0.007356173196064592,0.012131137805276746,0.43208712258950943,0.018455077551944504
1000,1000000,0.02,3,-8.853640259231921e-4,0.0010702434764767897,0.0033630508161081028,0.018455077551944504
1000,1000000,0.02,4,-0.0033352766572848948,-0.007673382792853311,0.1728788952801705,0.018455077551944504
1000,1000000,0.02,5,-0.026343780563599487,-0.0016884406484529403,0.00837027735822323,0.018455077551944504
1000,1000000,0.02,6,-0.042961423817751775,-0.008394428771100223,0.20689526315949294,0.018455077551944504
1000,1000000,0.05,1,0.02692320870887057,0.019306283959457618,0.6036874885617493,0.024848066574331952
1000,1000000,0.05,2,0.021355097944283002,0.007575877561705247,0.09295669843340568,0.024848066574331952
1000,1000000,0.05,3,3.2727292173321854e-4,-0.007099896811319246,0.08164298402575292,0.024848066574331952
1000,1000000,0.05,4,-0.01723352191878424,0.0052630954253094775,0.044863926932671806,0.024848066574331952
1000,1000000,0.05,5,-0.0331873339060617,-0.008783012650988358,0.12494008948737093,0.024848066574331952
1000,1000000,0.05,6,-0.054153338880487865,-0.0056612606294496725,0.05190881255904937,0.024848066574331952
1000,1000000,0.1,1,0.026155810497405858,0.003587410131300853,0.03878698192865222,0.018215371640430307
1000,1000000,0.1,2,0.00899277662658958,-0.0033954278761794705,0.0347466505804134,0.018215371640430307
1000,1000000,0.1,3,-0.0024775420316772326,-0.006457531653701999,0.12567734996547453,0.018215371640430307
1000,1000000,0.1,4,-0.03312858163115109,-0.007694530641781436,0.17843834812821982,0.018215371640430307
1000,1000000,0.1,5,-0.03476547294421218,0.014307168748116944,0.6169235177265393,0.018215371640430307
1000,1000000,0.1,6,-0.06333672588921514,-0.0013419119358308307,0.005427151670700748,0.018215371640430307
1000,1000000,0.2,1,0.031359001961439634,0.004515349855266483,0.04365149110185926,0.021611845985748376
1000,1000000,0.2,2,0.017755147180119037,0.006140299029769648,0.08072263227890919,0.021611845985748376
1000,1000000,0.2,3,0.0011967823477016721,-0.004569121543431016,0.04469734159485356,0.021611845985748376
1000,1000000,0.2,4,-0.005436121775145963,0.0011957619962647166,0.003061299110004597,0.021611845985748376
1000,1000000,0.2,5,-0.03214596463312459,0.018880816884936265,0.7632342177551819,0.021611845985748376
1000,1000000,0.2,6,-0.0499680796955974,0.00549438492903549,0.0646330181591916,0.021611845985748376
1000,1000000,0.5,1,0.04053962421130343,0.005480190433243193,0.049172734859788424,0.024713455199973915
1000,1000000,0.5,2,0.03130295238687631,-0.018631922273870942,0.5683925677108221,0.024713455199973915
1000,1000000,0.5,3,0.013839045471484363,0.0022657532473440455,0.008405398053271226,0.024713455199973915
1000,1000000,0.5,4,-0.004221907576493457,0.003605374734500495,0.02128305095695671,0.024713455199973915
1000,1000000,0.5,5,-0.020467323606395124,0.0050951239327861,0.04250524924805447,0.024713455199973915
1000,1000000,0.5,6,-0.050238822466474146,-0.013765217051411325,0.31024099917110703,0.024713455199973915
1000,1000000,1,1,0.05478752688665049,-0.006943313134832775,0.04222443884360494,0.033789736771824445
1000,1000000,1,2,0.026865098713588782,-0.015042821956642447,0.19819332037027648,0.033789736771824445
1000,1000000,1,3,0.0015103578850188338,0.008294948858642223,0.060263979745768574,0.033789736771824445
1000,1000000,1,4,-0.007603992903857242,0.0046611629877903035,0.019029131241632302,0.033789736771824445
1000,1000000,1,5,-0.025574385048990577,-9.028648171671774e-4,7.139632247083008e-4,0.033789736771824445
1000,1000000,1,6,-0.06863774644860815,0.02785502539143135,0.6795751665740094,0.033789736771824445
2000,0.05,0.01,1,0.18880217843181385,-0.0022003896513890066,0.007926899721059408,0.024714277095452167
2000,0.05,0.01,2,0.05944198494389133,0.0035697682316797874,0.02086335833760794,0.024714277095452167
2000,0.05,0.01,3,0.024436024725207086,0.011116610379698882,0.20232471896347118,0.024714277095452167
2000,0.05,0.01,4,0.006790817391438838,0.017131362850833616,0.4804940390070344,0.024714277095452167
2000,0.05,0.01,5,-0.008872419256924398,0.013123091044316356,0.2819528315354846,0.024714277095452167
2000,0.05,0.01,6,-0.15343135403194952,0.00198302659754589,0.006438152435342432,0.024714277095452167
2000,0.05,0.02,1,0.18375884816420898,-0.011227276682986837,0.11155011558370655,0.03361548744292468
2000,0.05,0.02,2,0.028188157325146186,0.009494569829277938,0.0797759086585853,0.03361548744292468
2000,0.05,0.02,3,0.002694318872105605,-0.02616321315592651,0.6057638223772354,0.03361548744292468
2000,0.05,0.02,4,-0.005581648777919641,-0.003391173338991488,0.010177032281861727,0.03361548744292468
2000,0.05,0.02,5,-0.025274017437404244,0.014635685515251892,0.1895602669862904,0.03361548744292468
2000,0.05,0.02,6,-0.1469699134588491,0.0018934963182340187,0.0031728541123207184,0.03361548744292468
2000,0.05,0.05,1,0.11491601434488832,-0.0033528018489274993,0.03283048248456745,0.01850415487392387
2000,0.05,0.05,2,0.026561309884630596,0.002546143236973255,0.018933336532264856,0.01850415487392387
2000,0.05,0.05,3,0.005049153333863665,-0.007576466078607139,0.16764664126179976,0.01850415487392387
2000,0.05,0.05,4,-0.00919441059057139,0.011288184812520342,0.37214287885410835,0.01850415487392387
2000,0.05,0.05,5,-0.02545202747963166,-0.011814122017383981,0.4076283627755095,0.01850415487392387
2000,0.05,0.05,6,-0.09233312978050322,-5.29328190509082e-4,8.182980917499872e-4,0.01850415487392387
2000,0.05,0.1,1,0.06801215987922052,-0.00557406545380825,0.7378766841012331,0.006489035803676439
2000,0.05,0.1,2,0.021145628209335566,-1.4625049150097003e-4,5.0796562966766e-4,0.006489035803676439
2000,0.05,0.1,3,-0.006549259915135975,0.0014105330591677777,0.047250477075662094,0.006489035803676439
2000,0.05,0.1,4,-0.021698366927039244,0.0024256645937252522,0.13973369949459608,0.006489035803676439
2000,0.05,0.1,5,-0.03418724168040761,1.3795955718939954e-4,4.520050038714278e-4,0.006489035803676439
2000,0.05,0.1,6,-0.09274955752923479,0.0017673442505959282,0.07417916869496961,0.006489035803676439
2000,0.05,0.2,1,0.06567597173040735,-0.026203315883330587,0.45626006421645793,0.038792701415138534
2000,0.05,0.2,2,0.027891563404972845,0.004126764445962078,0.011316687230223204,0.038792701415138534
2000,0.05,0.2,3,0.020698987741293987,0.006699088413968586,0.029821629604283806,0.038792701415138534
2000,0.05,0.2,4,-0.005911702318886952,0.01336722514529998,0.11873601757653664,0.038792701415138534
2000,0.05,0.2,5,-0.019444213015127228,0.011450931089759447,0.08713277685452912,0.038792701415138534
2000,0.05,0.2,6,-0.05891395590924538,-0.0211316212942666,0.29673282451796923,0.038792701415138534
2000,0.05,0.5,1,0.03652064594467397,-6.627260215917997e-5,1.0520806683681416e-5,0.020431935218312866
2000,0.05,0.5,2,0.019826107555722217,0.008183980108666975,0.16043906575610084,0.020431935218312866
2000,0.05,0.5,3,0.010246421227875972,0.005212317514347991,0.06507927721306293,0.020431935218312866
2000,0.05,0.5,4,0.0053442350632104865,0.01602993894722305,0.6155236306679969,0.020431935218312866
2000,0.05,0.5,5,-0.020422104070913365,0.008002309046229828,0.15339515176268348,0.020431935218312866
2000,0.05,0.5,6,-0.04203027413888085,-0.0015224676334920874,0.0055523537934722145,0.020431935218312866
2000,0.05,1,1,0.04172155527861972,0.00430704434281977,0.029565058662189555,0.02504897564575437
2000,0.05,1,2,0.028596210914853284,0.01097904689010555,0.19210971990192294,0.02504897564575437
2000,0.05,1,3,-0.015267376508836741,-0.006098494796880221,0.05927415537593507,0.02504897564575437
2000,0.05,1,4,-0.01956462417999366,0.01631730960038138,0.4243431213438986,0.02504897564575437
2000,0.05,1,5,-0.0319987239074353,0.0011086371710104462,0.0019588398497871404,0.02504897564575437
2000,0.05,1,6,-0.04056448074332366,-0.013553072402825274,0.2927491048662666,0.02504897564575437
2000,0.1,0.01,1,0.13500436810833774,0.0026318630281011502,0.01328046048211994,0.022837928886523313
2000,0.1,0.01,2,0.030280018345146674,-0.00287889862444948,0.015890564000272205,0.022837928886523313
2000,0.1,0.01,3,0.007674214532881552,-3.6654831675077813e-4,2.5760187891597845e-4,0.022837928886523313
2000,0.1,0.01,4,-0.007738489403645495,-0.018491857164624124,0.6556131075797118,0.022837928886523313
2000,0.1,0.01,5,-0.028505343928184292,-0.007696348890235977,0.11356802183074077,0.022837928886523313
2000,0.1,0.01,6,-0.14274589251323302,-0.010248868729364386,0.20139024422823928,0.022837928886523313
2000,0.1,0.02,1,0.15438766775900373,0.0032665420919285107,0.032584073072821976,0.018096124406875396
2000,0.1,0.02,2,0.03422788555610325,0.010576249410502295,0.341579832446018,0.018096124406875396
2000,0.1,0.02,3,0.004979837556579464,-0.0012186335877815658,0.004534977547997777,0.018096124406875396
2000,0.1,0.02,4,-0.00284424657686861,0.0067083579081488355,0.137423594533288,0.018096124406875396
2000,0.1,0.02,5,-0.006513429850419,-0.01236380201400365,0.4668022463840589,0.018096124406875396
2000,0.1,0.02,6,-0.09444242006598795,0.0023646639996091276,0.017075276015815325,0.018096124406875396
2000,0.1,0.05,1,0.11086864516100713,0.01617810452552813,0.21493252897644408,0.03489607347335778
2000,0.1,0.05,2,0.013809099340349318,-0.005964618478361427,0.029215425373499217,0.03489607347335778
2000,0.1,0.05,3,-0.002406725680440127,0.017369870481275675,0.24776504467825616,0.03489607347335778
2000,0.1,0.05,4,-0.02076844317906365,-0.01466018527926918,0.1764923122344538,0.03489607347335778
2000,0.1,0.05,5,-0.030045459755241963,-0.016688598434589964,0.22871076370517238,0.03489607347335778
2000,0.1,0.05,6,-0.11515998257500375,0.011193098478833683,0.1028839250321743,0.03489607347335778
2000,0.1,0.1,1,0.07332062201549569,-0.0035650146925613638,0.03886402651894581,0.018083705557733306
2000,0.1,0.1,2,0.058777702090348126,-0.0042632717986275815,0.05557905884972485,0.018083705557733306
2000,0.1,0.1,3,0.02880919821000681,-0.016025460128926965,0.7853191026710766,0.018083705557733306
2000,0.1,0.1,4,0.01631093126266647,-0.0056524861684742085,0.0977021593463452,0.018083705557733306
2000,0.1,0.1,5,-0.020413380826052208,-0.001305355184938922,0.005210537703282749,0.018083705557733306
2000,0.1,0.1,6,-0.0624209184610611,0.0023802659776117137,0.017325114910624727,0.018083705557733306
2000,0.1,0.2,1,0.05402918936364761,0.008553396538265721,0.28152400398166594,0.016120588464807392
2000,0.1,0.2,2,0.03419963234625743,-0.009825429246363307,0.37148500042358573,0.016120588464807392
2000,0.1,0.2,3,0.006335946465249533,-0.001199816422456527,0.005539464986410026,0.016120588464807392
2000,0.1,0.2,4,-0.021664632533656296,0.009094270062667043,0.3182540296162882,0.016120588464807392
2000,0.1,0.2,5,-0.04009809887190925,2.6364783941548123e-4,2.6747712769755036e-4,0.016120588464807392
2000,0.1,0.2,6,-0.04557029685273688,-0.002441086363082396,0.022930023864352597,0.016120588464807392
2000,0.1,0.5,1,0.04458375250207099,0.0023408168104456888,0.07004795569978024,0.008844426864129794
2000,0.1,0.5,2,0.03336671391457501,0.005928737645902078,0.4493503406948318,0.008844426864129794
2000,0.1,0.5,3,0.022561823933230817,0.0016855571528335007,0.03632014517039779,0.008844426864129794
2000,0.1,0.5,4,0.007836537262774928,0.002642459329602167,0.08926418279788859,0.008844426864129794
2000,0.1,0.5,5,-0.016827553611784746,-0.00521495665881674,0.3476658364991366,0.008844426864129794
2000,0.1,0.5,6,-0.05468139893866144,7.583310382229993e-4,0.0073515391379648815,0.008844426864129794
2000,0.1,1,1,0.05824124671789783,0.0030257079399051666,0.027964788864194894,0.018093443664895025
2000,0.1,1,2,0.03115961602538801,0.005091561213972501,0.07918801814023682,0.018093443664895025
2000,0.1,1,3,-4.661038121085886e-5,-0.0019516971692980483,0.011635428971693926,0.018093443664895025
2000,0.1,1,4,-0.012454787077551413,-2.0670178315091228e-4,1.3051065858816436e-4,0.018093443664895025
2000,0.1,1,5,-0.02355661307948391,-0.003994090960158313,0.048729666279211985,0.018093443664895025
2000,0.1,1,6,-0.06565248231368238,0.016507246574025407,0.8323515870860743,0.018093443664895025
2000,0.2,0.01,1,0.12925747406056304,0.0043396602697357185,0.02222092020329541,0.029112178953325095
2000,0.2,0.01,2,0.03719135656488068,0.02750221337134736,0.8924540605905384,0.029112178953325095
2000,0.2,0.01,3,0.019211303346561664,0.006541743364292732,0.05049374479134116,0.029112178953325095
2000,0.2,0.01,4,-0.016188092383936942,0.001068519793027226,0.0013471492643617018,0.029112178953325095
2000,0.2,0.01,5,-0.03325207119145858,0.0037207972356444394,0.016335129556357738,0.029112178953325095
2000,0.2,0.01,6,-0.14272914143598586,0.0038123613377336455,0.017148995594105543,0.029112178953325095
2000,0.2,0.02,1,0.11992548959351888,0.0032729287855039957,0.01910311886501643,0.0236801482383018
2000,0.2,0.02,2,0.03537544375035146,0.00970093246627098,0.1678255692470938,0.0236801482383018
2000,0.2,0.02,3,0.02592050590686415,-0.013352723334992616,0.31795881353548816,0.0236801482383018
2000,0.2,0.02,4,-0.026351357348636136,-0.00595871115299681,0.06331926044189247,0.0236801482383018
2000,0.2,0.02,5,-0.03176373452595357,0.003568845563443974,0.02271363676552586,0.0236801482383018
2000,0.2,0.02,6,-0.11352553442269947,-0.015145664373555827,0.4090796011449833,0.0236801482383018
2000,0.2,0.05,1,0.12158127676944327,-0.007085587645551464,0.06312119909873873,0.028202541969965623
2000,0.2,0.05,2,0.059251287317202715,-0.007650820124481561,0.07359350285965187,0.028202541969965623
2000,0.2,0.05,3,0.02438834835563715,0.006611634101306018,0.05495929000058915,0.028202541969965623
2000,0.2,0.05,4,0.007060429522064643,0.005711732877856942,0.04101656327269991,0.028202541969965623
2000,0.2,0.05,5,-0.007078576278433163,0.008998757621880626,0.10180956935789527,0.028202541969965623
2000,0.2,0.05,6,-0.096659302286119,-0.023007119246285693,0.665499875410425,0.028202541969965623
2000,0.2,0.1,1,0.0958926095721665,-4.302772719434332e-5,7.195856738267805e-6,0.01604010298095905
2000,0.2,0.1,2,0.015818207198375008,-0.00815144427303603,0.2582586183503562,0.01604010298095905
2000,0.2,0.1,3,0.003542872895878374,-0.003376065853462961,0.044300386403070345,0.01604010298095905
2000,0.2,0.1,4,-0.008836014061398154,-0.007141104384011523,0.19820584535635252,0.01604010298095905
2000,0.2,0.1,5,-0.025268084433237647,-0.007987657067218067,0.2479844892602398,0.01604010298095905
2000,0.2,0.1,6,-0.05695187126023611,0.008039972053701808,0.2512434647732428,0.01604010298095905
2000,0.2,0.2,1,0.0493480181561352,-0.0028672603327722277,0.01282528795462542,0.025318243017279803
2000,0.2,0.2,2,0.03525987032748831,-0.002542950553027558,0.010088084301710206,0.025318243017279803
2000,0.2,0.2,3,0.020515064710699138,0.007214225372252315,0.08119182115061672,0.025318243017279803
2000,0.2,0.2,4,0.00995271950992683,0.0038880483340983886,0.023582844216696496,0.025318243017279803
2000,0.2,0.2,5,0.0022202424407654804,0.023224605268754833,0.8414524019025866,0.025318243017279803
2000,0.2,0.2,6,-0.0710496775526671,-0.0044476277600082655,0.03085956047376455,0.025318243017279803
2000,0.2,0.5,1,0.052794605057612465,-0.0034507995958971624,0.03670499215054209,0.018011802270984097
2000,0.2,0.5,2,0.03196038946549285,0.0029891859059615797,0.027541748634267754,0.018011802270984097
2000,0.2,0.5,3,-0.004154193134356407,0.0034354417199716665,0.03637900607406695,0.018011802270984097
2000,0.2,0.5,4,-0.013075370037630625,-0.007817223115153583,0.18836086388927614,0.018011802270984097
2000,0.2,0.5,5,-0.02522023339462412,-0.009025950256583329,0.251114349228955,0.018011802270984097
2000,0.2,0.5,6,-0.04194723688316735,0.012214857990981903,0.45989904002289206,0.018011802270984097
2000,0.2,1,1,0.04703031579125068,-0.008497021051205785,0.39780306244533925,0.013472017339468597
2000,0.2,1,2,0.03279142298225371,0.0099533605833315,0.5458511242005313,0.013472017339468597
2000,0.2,1,3,0.01814671268244699,-7.610444884555367e-4,0.0031912058833233475,0.013472017339468597
2000,0.2,1,4,-0.01259047640327089,7.57900515760224e-4,0.0031648937810094054,0.013472017339468597
2000,0.2,1,5,-0.0219303918452414,-0.0027074095435571576,0.04038709766941072,0.013472017339468597
2000,0.2,1,6,-0.025512671784074525,-0.0013201625683030638,0.00960261602038603,0.013472017339468597
2000,0.5,0.01,1,0.10454239581595214,-0.004075013326456481,0.029618667579803394,0.023678068606439787
2000,0.5,0.01,2,0.025816898554478097,-0.009019122670666974,0.14508951821990648,0.023678068606439787
2000,0.5,0.01,3,0.01407972961051931,0.0177781805395523,0.5637441850750697,0.023678068606439787
2000,0.5,0.01,4,0.003947197161029493,0.008284209135167971,0.1224079315027442,0.023678068606439787
2000,0.5,0.01,5,-0.007420515110482023,0.0011730237043141379,0.0024542625902515794,0.023678068606439787
2000,0.5,0.01,6,-0.08853487873589,-0.008754017173214432,0.13668543503222466,0.023678068606439787
2000,0.5,0.02,1,0.08498477297742338,0.02038675718656001,0.45099059740876174,0.030357388363412903
2000,0.5,0.02,2,0.03428041012490602,0.003835944333601993,0.015966722563405308,0.030357388363412903
2000,0.5,0.02,3,0.031376965361651826,0.019326768710872903,0.4053122085598295,0.030357388363412903
2000,0.5,0.02,4,0.016370033108272092,0.0050625007835687925,0.02781002592104427,0.030357388363412903
2000,0.5,0.02,5,-0.01746548595765414,-0.008369544940394038,0.07601072555689645,0.030357388363412903
2000,0.5,0.02,6,-0.07971408429328014,0.004694092589238278,0.023909719990062642,0.030357388363412903
2000,0.5,0.05,1,0.10470133240232829,-0.020740250823961782,0.8285658944766044,0.02278507580684838
2000,0.5,0.05,2,0.04136687323517149,0.005637379285270773,0.06121439406686711,0.02278507580684838
2000,0.5,0.05,3,0.018801421582586696,-0.0043102789307138505,0.03578572295444036,0.02278507580684838
2000,0.5,0.05,4,-0.010857288695722125,0.006140751691324699,0.07263436052871755,0.02278507580684838
2000,0.5,0.05,5,-0.027033490132250686,-8.013424580533158e-4,0.0012369021717324217,0.02278507580684838
2000,0.5,0.05,6,-0.056327181344028164,5.40503974858845e-4,5.627258016380732e-4,0.02278507580684838
2000,0.5,0.1,1,0.09398831394247419,-0.008352128301119782,0.07112962619502063,0.031316404493981945
2000,0.5,0.1,2,0.026898534127625023,0.0028539322855144255,0.008305074663496679,0.031316404493981945
2000,0.5,0.1,3,0.0025987935522794304,-0.01687261739496214,0.2902826834632687,0.031316404493981945
2000,0.5,0.1,4,-0.012159255650805764,-0.009833968273014405,0.09860837858076497,0.031316404493981945
2000,0.5,0.1,5,-0.031438358354266914,0.01544216352667938,0.2431490104501834,0.031316404493981945
2000,0.5,0.1,6,-0.050460395372399644,-0.01682146395668002,0.28852522664726554,0.031316404493981945
2000,0.5,0.2,1,0.061553302488472635,0.01774271808348227,0.14972105777273673,0.04585415647751383
2000,0.5,0.2,2,0.04065257797919432,0.004179693383482,0.00830866846673092,0.04585415647751383
2000,0.5,0.2,3,0.012142949291071627,0.017688530587457042,0.14880793720830027,0.04585415647751383
2000,0.5,0.2,4,-0.01694408977891416,-0.01652321782398664,0.12984697574696807,0.04585415647751383
2000,0.5,0.2,5,-0.03791313963960096,-0.03179593892477933,0.48082372742386564,0.04585415647751383
2000,0.5,0.2,6,-0.056466105569711364,0.013169935868631275,0.08249163338139835,0.04585415647751383
2000,0.5,0.5,1,0.04054302279483995,0.005214228662526283,0.07294824387257595,0.01930557103083802
2000,0.5,0.5,2,0.01595618780601172,-0.004936427788690468,0.06538231188574167,0.01930557103083802
2000,0.5,0.5,3,-0.0038660464095392143,0.011006529633747318,0.3250390279363777,0.01930557103083802
2000,0.5,0.5,4,-0.00647166827622809,-0.010084364631135474,0.27285491244433124,0.01930557103083802
2000,0.5,0.5,5,-0.01724016290773265,-0.004807677297616288,0.06201622323708074,0.01930557103083802
2000,0.5,0.5,6,-0.03770853105712807,-0.00867160350675681,0.20175928062389267,0.01930557103083802
2000,0.5,1,1,0.026211287091154976,-0.0039750102639568305,0.017994786653557887,0.029632268717947146
2000,0.5,1,2,0.020352420566701297,0.010646289732143254,0.12908231790243627,0.029632268717947146
2000,0.5,1,3,0.0021968756914247413,-0.01519033312391782,0.2627875520371553,0.029632268717947146
2000,0.5,1,4,-3.869809694743911e-4,3.2612900533187197e-4,1.2112925469524674e-4,0.029632268717947146
2000,0.5,1,5,-0.01703813789704232,-0.011292445727943412,0.14522661582075122,0.029632268717947146
2000,0.5,1,6,-0.02926456170979937,-0.019762470661611794,0.444787598331404,0.029632268717947146
2000,1,0.01,1,0.06119163383660036,0.0034694472769239942,0.018457549502786195,0.025537199615953937
2000,1,0.01,2,0.026469188240571873,-0.0033355720059736523,0.017060592045089792,0.025537199615953937
2000,1,0.01,3,0.015432809878695948,-0.01898996841629766,0.5529704736534866,0.025537199615953937
2000,1,0.01,4,-0.012028935706525256,-0.01236041072865228,0.23427139422215004,0.025537199615953937
2000,1,0.01,5,-0.023167038255595764,-8.609008216328771e-4,0.0011364745172272857,0.025537199615953937
2000,1,0.01,6,-0.06703150213783665,0.010716606512932835,0.17610351605926014,0.025537199615953937
2000,1,0.02,1,0.05839691426641451,0.0068265010882278205,0.05082171803605709,0.030281228656138918
2000,1,0.02,2,0.011254689304761324,-0.02058518245583233,0.462128184368097,0.030281228656138918
2000,1,0.02,3,0.006579732772134747,0.005287185868330671,0.03048612113314413,0.030281228656138918
2000,1,0.02,4,-0.010166956803471922,7.026901030118132e-5,5.384937764130249e-6,0.030281228656138918
2000,1,0.02,5,-0.021838415283816838,-0.019243565123513405,0.4038537153257596,0.030281228656138918
2000,1,0.02,6,-0.06418638597069837,-0.006951825966960058,0.052704876199178075,0.030281228656138918
2000,1,0.05,1,0.05803550297966802,0.01545896620131312,0.46889863523992387,0.02257568638274107
2000,1,0.05,2,0.015164840985842991,-0.013084522147185801,0.335918410495201,0.02257568638274107
2000,1,0.05,3,0.011063042022351898,0.004113674814296828,0.033203050726383666,0.02257568638274107
2000,1,0.05,4,-0.003603399326446011,0.006118650011067753,0.07345634202814089,0.02257568638274107
2000,1,0.05,5,-0.01919759300022824,0.005345517064783958,0.056065734229069505,0.02257568638274107
2000,1,0.05,6,-0.09320307349321011,0.004067248294944309,0.03245782728128106,0.02257568638274107
2000,1,0.1,1,0.07863167046265741,0.012114783838267243,0.40214107222878637,0.019104094324367837
2000,1,0.1,2,0.020898533092843098,-0.006944599130244072,0.13214217649344254,0.019104094324367837
2000,1,0.1,3,0.01465092393520429,-0.005905524634001942,0.09555734252802378,0.019104094324367837
2000,1,0.1,4,0.0025153071999831785,0.0072932460238727325,0.14574337433945173,0.019104094324367837
2000,1,0.1,5,-0.009144730254035439,-0.005992918501931684,0.09840651141353772,0.019104094324367837
2000,1,0.1,6,-0.0873801275011115,-0.006781537029927746,0.12600952299675788,0.019104094324367837
2000,1,0.2,1,0.03643125260453633,0.005343577297321827,0.06228621875434615,0.021410958647281948
2000,1,0.2,2,0.020493090758307894,-0.001947404131835567,0.008272560440521682,0.021410958647281948
2000,1,0.2,3,0.019773721010674355,0.010791228219866052,0.2540209461888331,0.021410958647281948
2000,1,0.2,4,0.0027542398338009826,-0.002759229073188329,0.016607462843667365,0.021410958647281948
2000,1,0.2,5,-0.02809653066952293,0.016879443833286798,0.6215041604564338,0.021410958647281948
2000,1,0.2,6,-0.051521576033502436,-0.004135622482508436,0.03730865131619796,0.021410958647281948
2000,1,0.5,1,0.03475484152186685,-0.02257104228239444,0.8582614077275297,0.0243636202710826
2000,1,0.5,2,0.016740169293181797,0.0024190392344659055,0.009858303413014883,0.0243636202710826
2000,1,0.5,3,0.008901691977262387,0.008304350244449542,0.11617900999859619,0.0243636202710826
2000,1,0.5,4,-0.014340430467136801,1.5236146459861538e-4,3.910809247454619e-5,0.0243636202710826
2000,1,0.5,5,-0.03720250389158937,0.0011643829664838533,0.002284062813611753,0.0243636202710826
2000,1,0.5,6,-0.060364391777886293,0.002817988199223409,0.013378107954772993,0.0243636202710826
2000,1,1,1,0.061566483068513936,-0.005456581971242531,0.03784417744004904,0.028049243245926652
2000,1,1,2,0.022334660264812185,-0.0060894241602543215,0.047131379841256614,0.028049243245926652
2000,1,1,3,0.0013299494756324481,-0.006933756783485333,0.06110755539261081,0.028049243245926652
2000,1,1,4,-0.01625935802366497,0.007518721034727301,0.07185312248300088,0.028049243245926652
2000,1,1,5,-0.026229247891990538,-0.002625285844477591,0.00876013696220724,0.028049243245926652
2000,1,1,6,-0.07200258714191353,0.024665854908374647,0.7733036278808754,0.028049243245926652
2000,10,0.01,1,0.038362025369776946,-0.004979631912884108,0.05098239632845565,0.02205398724902879
2000,10,0.01,2,0.023397659967635032,0.007334233941191794,0.11059494549492986,0.02205398724902879
2000,10,0.01,3,0.013124718769946614,-6.744943155161601e-4,9.35367658356285e-4,0.02205398724902879
2000,10,0.01,4,0.0018717331176404514,-0.006602422415010151,0.08962566163839226,0.02205398724902879
2000,10,0.01,5,-0.024695630552961405,-0.003294137386662353,0.022310493553686903,0.02205398724902879
2000,10,0.01,6,-0.04076203491515274,0.018785429636776534,0.725551135326179,0.02205398724902879
2000,10,0.02,1,0.05093171437132782,-0.026556846033934055,0.6033650881866623,0.03418900068857836
2000,10,0.02,2,0.01188202444832727,0.004710136316217555,0.018979909554297385,0.03418900068857836
2000,10,0.02,3,-0.0015897125180563832,0.010313558757716251,0.09100060515070504,0.03418900068857836
2000,10,0.02,4,-0.01418618179384509,-0.013538774576730776,0.15681438547350782,0.03418900068857836
2000,10,0.02,5,-0.04055510007715926,-9.781729431848683e-7,8.185750017280579e-10,0.03418900068857836
2000,10,0.02,6,-0.0529926318272923,0.01231943182338217,0.12984001081625252,0.03418900068857836
2000,10,0.05,1,0.02007709185437868,-0.005665439122972522,0.07327643583857472,0.020929141234441413
2000,10,0.05,2,0.012553632586039877,-0.0023085167924395316,0.012166432713575393,0.020929141234441413
2000,10,0.05,3,0.006066601346882583,0.016563909451013267,0.6263583595115133,0.020929141234441413
2000,10,0.05,4,-0.007977944383848754,-0.01001948190858994,0.22918580398002217,0.020929141234441413
2000,10,0.05,5,-0.02321395675987505,0.0024805191904038845,0.014046960627769436,0.020929141234441413
2000,10,0.05,6,-0.06409697241079187,0.004438064116506557,0.04496600732854502,0.020929141234441413
2000,10,0.1,1,0.04583979122225908,0.004381746902490477,0.07573117540418386,0.01592245167993513
2000,10,0.1,2,0.02468486072895757,-0.0065889495982728715,0.17124286754927381,0.01592245167993513
2000,10,0.1,3,0.0021112258120211808,-0.013366482499713712,0.7047164172240901,0.01592245167993513
2000,10,0.1,4,-0.0065615738067025375,-2.5574316578193647e-4,2.579812808174061e-4,0.01592245167993513
2000,10,0.1,5,-0.022250295522627608,-0.003075265011151182,0.037303124949135597,0.01592245167993513
2000,10,0.1,6,-0.04604867394114395,-0.0016507546465165872,0.010748433592499355,0.01592245167993513
2000,10,0.2,1,0.055484748366156356,-0.0029789507542829783,0.026062236646939945,0.018452596360142293
2000,10,0.2,2,0.015003228354230349,0.016526004571052424,0.8020856994359455,0.018452596360142293
2000,10,0.2,3,-0.007961320875724787,0.004036960317784572,0.047862347660538165,0.018452596360142293
2000,10,0.2,4,-0.02627088079097025,-0.0037229954740764354,0.04070708956253467,0.018452596360142293
2000,10,0.2,5,-0.04448966141034221,0.004230833955445156,0.052569881567944336,0.018452596360142293
2000,10,0.2,6,-0.06456685448323642,0.00323382712672449,0.030712745126097285,0.018452596360142293
2000,10,0.5,1,0.04298779302614633,-0.001907336553777867,0.0068076105562841684,0.02311692055635993
2000,10,0.5,2,0.02000688407707189,0.008463765799229094,0.13405015299290343,0.02311692055635993
2000,10,0.5,3,0.015788305836272262,-0.015860229502514405,0.4707160143428591,0.02311692055635993
2000,10,0.5,4,-0.0011406531487454647,0.0012354146235121926,0.0028560480813057416,0.02311692055635993
2000,10,0.5,5,-0.02341252838099803,0.012697822172397016,0.30171612429008454,0.02311692055635993
2000,10,0.5,6,-0.03411085000225038,-0.0066940970032742745,0.08385404973656307,0.02311692055635993
2000,10,1,1,0.04934030314740922,0.01048329781807614,0.14254781373764522,0.02776627644947241
2000,10,1,2,0.03249698325844775,-0.012861850835652118,0.21457130894627546,0.02776627644947241
2000,10,1,3,0.0014424964759335514,0.0027470449284891533,0.009788051332114913,0.02776627644947241
2000,10,1,4,-0.009579513009189003,4.4919990332087183e-4,2.6172428474364334e-4,0.02776627644947241
2000,10,1,5,-0.03330831391166178,0.017965570032513267,0.41864577871713615,0.02776627644947241
2000,10,1,6,-0.04843759573700811,-0.012850277227439918,0.2141853229820846,0.02776627644947241
5000,0.05,0.01,1,0.13333868741589033,0.004729807263006967,0.04410418778110586,0.022521822406344375
5000,0.05,0.01,2,0.024198220366052958,0.014937060703292811,0.43986887526043666,0.022521822406344375
5000,0.05,0.01,3,0.01901264663661945,-0.0037064721968509745,0.027084101601837222,0.022521822406344375
5000,0.05,0.01,4,0.012753481271856331,-0.014292603223413008,0.40273151492280207,0.022521822406344375
5000,0.05,0.01,5,-0.027876056096215948,-2.7247694854197826e-5,1.4637013550010738e-6,0.022521822406344375
5000,0.05,0.01,6,-0.1269776934436736,0.0066127482803330535,0.08620985673246329,0.022521822406344375
5000,0.05,0.02,1,0.13401015959141743,-0.007914878191521472,0.28538306555886694,0.01481597157543187
5000,0.05,0.02,2,0.03187846602131573,0.007522874167818135,0.2578144902879465,0.01481597157543187
5000,0.05,0.02,3,1.7240714166523785e-4,0.0014007566387926984,0.008938509511735832,0.01481597157543187
5000,0.05,0.02,4,-0.013142422475944323,-0.0068440562517903866,0.2133864648068868,0.01481597157543187
5000,0.05,0.02,5,-0.03877281377474045,6.477874116613356e-4,0.0019116339554906471,0.01481597157543187
5000,0.05,0.02,6,-0.12204209716747576,0.007145014172348278,0.2325658358790733,0.01481597157543187
5000,0.05,0.05,1,0.08307219169074877,1.0475054892299194e-4,2.011702905010618e-5,0.02335470499897084
5000,0.05,0.05,2,0.025291853948911116,-0.0017486241806593831,0.005605885040835245,0.02335470499897084
5000,0.05,0.05,3,0.0018916445966359792,0.015226813617927533,0.42507864916981586,0.02335470499897084
5000,0.05,0.05,4,-0.027218553812128843,0.008547537409461146,0.1339470793782193,0.02335470499897084
5000,0.05,0.05,5,-0.03279069877741099,0.01314438611245441,0.316761101052462,0.02335470499897084
5000,0.05,0.05,6,-0.07116967761760111,0.008042540108183597,0.1185871683296175,0.02335470499897084
5000,0.05,0.1,1,0.059283922779553994,-0.005727430815220898,0.05711893753565938,0.02396457831804391
5000,0.05,0.1,2,0.032072008732327996,0.006939983600821057,0.08386433457155718,0.02396457831804391
5000,0.05,0.1,3,0.022350602184946278,0.011001205803414942,0.21073709811901917,0.02396457831804391
5000,0.05,0.1,4,0.0019312446112159604,-0.004867651680960242,0.04125716707987017,0.02396457831804391
5000,0.05,0.1,5,-0.029362581972495437,-0.014216270024782549,0.3519101107333635,0.02396457831804391
5000,0.05,0.1,6,-0.06169140931289632,-0.012104184499794966,0.25511235196053067,0.02396457831804391
5000,0.05,0.2,1,0.033556878018890186,0.021562106124171934,0.6083795377579672,0.027644190680954164
5000,0.05,0.2,2,0.029388451582484328,0.008031739477061935,0.08441341417543619,0.027644190680954164
5000,0.05,0.2,3,0.005286227467054835,-0.003585203023716105,0.016819758203089383,0.027644190680954164
5000,0.05,0.2,4,-0.008164929805743164,-2.3607588997924414e-4,7.29282028234971e-5,0.027644190680954164
5000,0.05,0.2,5,-0.031103469512436525,-0.010352432724937195,0.14024166977061675,0.027644190680954164
5000,0.05,0.2,6,-0.05769508144362141,-0.01070914296272404,0.15007269189006703,0.027644190680954164
5000,0.05,0.5,1,0.04438739318784016,-0.010670186210037496,0.12829155390907387,0.02979016891974369
5000,0.05,0.5,2,0.016129830678331104,-0.005731665962186462,0.03701824389908217,0.02979016891974369
5000,0.05,0.5,3,0.0046798459218535485,0.008151785957759559,0.07487892555670461,0.02979016891974369
5000,0.05,0.5,4,0.0022702227739298713,-0.016000155431160464,0.288471206885127,0.02979016891974369
5000,0.05,0.5,5,-0.019766001984130938,-0.007365836686662193,0.06113617162346618,0.02979016891974369
5000,0.05,0.5,6,-0.0386033614294621,-0.019079757796966485,0.4102038981265462,0.02979016891974369
5000,0.05,1,1,0.03414059288964353,0.02053019293431038,0.6939052742880933,0.0246458009408191
5000,0.05,1,2,0.016447364797386597,0.011871497793617717,0.23201985944124132,0.0246458009408191
5000,0.05,1,3,0.009570308833941365,0.006143022811166834,0.06212671393652227,0.0246458009408191
5000,0.05,1,4,-0.0043881399238567525,-0.002432046151988756,0.009737730509529958,0.0246458009408191
5000,0.05,1,5,-0.03856752163833676,-5.11392274172883e-5,4.305488686990759e-6,0.0246458009408191
5000,0.05,1,6,-0.06175981331600629,-0.0011575963312403382,0.002206116335926037,0.0246458009408191
5000,0.1,0.01,1,0.11188699716095386,0.0064052646751128406,0.1916998688636354,0.014629388466584065
5000,0.1,0.01,2,0.024374634764191806,9.598231142691794e-4,0.004304572869497786,0.014629388466584065
5000,0.1,0.01,3,0.008456849152810052,-0.006497123940120848,0.19723771315221475,0.014629388466584065
5000,0.1,0.01,4,-0.008157150901577486,0.0057516371087950645,0.15457192288423133,0.014629388466584065
5000,0.1,0.01,5,-0.03516551891868665,0.00635436128450911,0.18866505324810118,0.014629388466584065
5000,0.1,0.01,6,-0.11666755307983667,-0.007509891788745087,0.2635208689823195,0.014629388466584065
5000,0.1,0.02,1,0.11644490008289225,-0.008338413390469738,0.11727462032556776,0.024349015401239404
5000,0.1,0.02,2,0.03067359411273782,0.015749212371854972,0.4183645425686224,0.024349015401239404
5000,0.1,0.02,3,0.02296233213635051,-0.015012856374213897,0.38015775197112767,0.024349015401239404
5000,0.1,0.02,4,0.004900519089828941,-4.806060683405528e-4,3.895970783909537e-4,0.024349015401239404
5000,0.1,0.02,5,-0.007634465693993302,0.007032491198914846,0.08341719572644937,0.024349015401239404
5000,0.1,0.02,6,-0.11072149619720259,-4.847181006766548e-4,3.962923298418024e-4,0.024349015401239404
5000,0.1,0.05,1,0.07724181087410141,-0.009996145116780009,0.1660868972453661,0.02452815411795444
5000,0.1,0.05,2,0.026076951658920353,0.005307739639464846,0.046826261908122675,0.02452815411795444
5000,0.1,0.05,3,-0.012701196814719895,0.02056646192228012,0.7030552230513559,0.02452815411795444
5000,0.1,0.05,4,-0.01961847357187488,-0.005547588832589143,0.05115390561693569,0.02452815411795444
5000,0.1,0.05,5,-0.028846644860656287,0.004056104887736205,0.027345673323362296,0.02452815411795444
5000,0.1,0.05,6,-0.06264739052788314,-0.0018243471275145844,0.005532038854857222,0.02452815411795444
5000,0.1,0.1,1,0.05531356325353928,1.6135232301671886e-4,7.798272887496925e-5,0.01827157597669369
5000,0.1,0.1,2,0.027256292456104426,0.014571480178997098,0.6359973755061813,0.01827157597669369
5000,0.1,0.1,3,0.013769800853730831,-9.048466103127586e-4,0.002452437291468721,0.01827157597669369
5000,0.1,0.1,4,-0.006254765460141224,-2.921896807971747e-4,2.5572767589449453e-4,0.01827157597669369
5000,0.1,0.1,5,-0.02938293071650881,-0.009790353121229174,0.28710760502287985,0.01827157597669369
5000,0.1,0.1,6,-0.042296544335324954,0.004974061022637443,0.0741088717747006,0.01827157597669369
5000,0.1,0.2,1,0.05513867391742651,-6.928496135738191e-4,0.0036755731013664583,0.011428163544106253
5000,0.1,0.2,2,0.026039458609722455,0.005633019655412969,0.24295712495999536,0.011428163544106253
5000,0.1,0.2,3,0.004940874138525214,0.007213173331103931,0.39838212431570624,0.011428163544106253
5000,0.1,0.2,4,-0.007561318037136454,-0.004701353220526212,0.16923604592631183,0.011428163544106253
5000,0.1,0.2,5,-0.03163038701681074,-0.004906878150192954,0.18435615998338747,0.011428163544106253
5000,0.1,0.2,6,-0.04098572251125006,-4.2652804831425886e-4,0.00139297171323266,0.011428163544106253
5000,0.1,0.5,1,0.026880894242497184,-0.002755112219654571,0.00849343072683909,0.029894942228230807
5000,0.1,0.5,2,0.02490269023361172,-0.005792974246992084,0.03754981128242547,0.029894942228230807
5000,0.1,0.5,3,0.007129884804628667,0.016640000582575955,0.30982127535431586,0.029894942228230807
5000,0.1,0.5,4,-0.013710779564639328,0.020238516063778113,0.4583127029837573,0.029894942228230807
5000,0.1,0.5,5,-0.02651204380332335,0.011673851140803264,0.15248701578211168,0.029894942228230807
5000,0.1,0.5,6,-0.046373182309980866,0.005458243723991036,0.033335763870550636,0.029894942228230807
5000,0.1,1,1,0.07037501392495171,0.011714321604999158,0.4208711552712794,0.018056873766220283
5000,0.1,1,2,0.061061651005733686,-0.010644386668449798,0.34750108173293415,0.018056873766220283
5000,0.1,1,3,1.4084517925972326e-4,-0.00404870532400902,0.05027443674522158,0.018056873766220283
5000,0.1,1,4,-0.01970598204030185,-0.006481227517991783,0.12883367955154482,0.018056873766220283
5000,0.1,1,5,-0.025318488122265153,0.0038915439581531544,0.04644711645456392,0.018056873766220283
5000,0.1,1,6,-0.03582383865648887,0.0014071079125359454,0.006072530244456178,0.018056873766220283
5000,0.2,0.01,1,0.1021905027028064,-0.008217200276406053,0.14500900573871003,0.021578755025665367
5000,0.2,0.01,2,0.03823461059969674,0.0017634955428924258,0.006678761935847184,0.021578755025665367
5000,0.2,0.01,3,0.01172759236614508,-0.002245100919184134,0.010824777192383879,0.021578755025665367
5000,0.2,0.01,4,-0.0048099852429892365,-0.005523443009445659,0.06551895851736575,0.021578755025665367
5000,0.2,0.01,5,-0.015343636263316628,0.018255458178520707,0.7157027821603258,0.021578755025665367
5000,0.2,0.01,6,-0.11055405760679587,-0.0051185659536314475,0.056265714455367336,0.021578755025665367
5000,0.2,0.02,1,0.11470460127225468,-0.0074944795269054265,0.09930299737858832,0.02378265296928556
5000,0.2,0.02,2,0.012075649657649191,-0.01484628443990277,0.38968613714094047,0.02378265296928556
5000,0.2,0.02,3,0.00868787560108905,0.0029198621927370373,0.015073153154128367,0.02378265296928556
5000,0.2,0.02,4,-0.004633577396503521,0.0013132345227836297,0.003049046057029906,0.02378265296928556
5000,0.2,0.02,5,-0.011923527320997659,-0.0064286828922877045,0.07306735898612345,0.02378265296928556
5000,0.2,0.02,6,-0.06981954481003927,-0.015409641570840153,0.4198213072831895,0.02378265296928556
5000,0.2,0.05,1,0.0777994084617185,0.01065804279608656,0.5200739210108807,0.01477899565334245
5000,0.2,0.05,2,0.02109070569202532,0.003521778658941585,0.05678508393073079,0.01477899565334245
5000,0.2,0.05,3,-0.009580769777701975,-0.007260393283633759,0.24134063434625255,0.01477899565334245
5000,0.2,0.05,4,-0.014745756400736344,-0.0033724645075056078,0.05207208083540329,0.01477899565334245
5000,0.2,0.05,5,-0.02253536980682219,-0.005270927696844731,0.12719916926819266,0.01477899565334245
5000,0.2,0.05,6,-0.0584945998554114,7.432395865007559e-4,0.002529110608540011,0.01477899565334245
5000,0.2,0.1,1,0.05442545075308985,-0.001130813021235546,0.002160602436044934,0.02432782986903497
5000,0.2,0.1,2,0.009387365887773735,-0.01906658148286882,0.6142411778142224,0.02432782986903497
5000,0.2,0.1,3,0.0014337100267411119,0.006211615494001713,0.06519321355036087,0.02432782986903497
5000,0.2,0.1,4,-0.014046911135500483,-0.0047549625977687925,0.038202120513562976,0.02432782986903497
5000,0.2,0.1,5,-0.04926719380856269,0.006902757313950168,0.08050789464244831,0.02432782986903497
5000,0.2,0.1,6,-0.0743852754187334,-0.01087143705855133,0.19969499104336053,0.02432782986903497
5000,0.2,0.2,1,0.04974965342369624,-0.009784335927853596,0.05158646359237208,0.04307878805221001
5000,0.2,0.2,2,0.03320765168224377,0.02647760459644002,0.3777725792701031,0.04307878805221001
5000,0.2,0.2,3,0.012502458107543439,-0.02548699023333919,0.35003393617271494,0.04307878805221001
5000,0.2,0.2,4,-0.019996095207052082,0.0051309195618016905,0.014186114442715527,0.04307878805221001
5000,0.2,0.2,5,-0.028173485790353878,-0.009171757745876481,0.04532921488272251,0.04307878805221001
5000,0.2,0.2,6,-0.05433414643210417,0.017290201227275277,0.1610916916393718,0.04307878805221001
5000,0.2,0.5,1,0.03814208966968332,0.006720484190694783,0.07232437399483145,0.024989537716296032
5000,0.2,0.5,2,0.02276770093291216,-0.013709777997893389,0.30098468666407335,0.024989537716296032
5000,0.2,0.5,3,0.011542935550651374,-0.009438436705368643,0.14265391377970132,0.024989537716296032
5000,0.2,0.5,4,0.0019326735088561358,-0.01360445473737222,0.2963779132007065,0.024989537716296032
5000,0.2,0.5,5,-0.009516120009376643,0.010819115093469408,0.18744205517826057,0.024989537716296032
5000,0.2,0.5,6,-0.03799593652350529,-3.6816737645335197e-4,2.1705718242676187e-4,0.024989537716296032
5000,0.2,1,1,0.05810512556399725,0.01465257385873548,0.12239611193878566,0.041882259962411114
5000,0.2,1,2,0.020437120869038875,-0.018279773320022917,0.19049404139253825,0.041882259962411114
5000,0.2,1,3,0.012701466214444693,0.002188833839743697,0.0027312746411280284,0.041882259962411114
5000,0.2,1,4,0.008661920309565781,0.021037080835511465,0.2522962150224127,0.041882259962411114
5000,0.2,1,5,-0.019276115633431748,-0.015490541078630455,0.13679586164252075,0.041882259962411114
5000,0.2,1,6,-0.06480509619409495,0.02275893318403296,0.29528649536261464,0.041882259962411114
5000,0.5,0.01,1,0.10925784747717887,0.005894205042956662,0.10325263484399753,0.018343181706620342
5000,0.5,0.01,2,0.03359278862732665,0.002155497706101025,0.013808477405699448,0.018343181706620342
5000,0.5,0.01,3,0.02621697337520417,-0.006112605977628426,0.11104614007895722,0.018343181706620342
5000,0.5,0.01,4,-0.011495803696408026,-6.523715273525727e-5,1.2648547609211205e-5,0.018343181706620342
5000,0.5,0.01,5,-0.02089860237364634,0.0014171860566045908,0.005969038844416378,0.018343181706620342
5000,0.5,0.01,6,-0.08041502989106891,0.016053282145087912,0.7659110602793202,0.018343181706620342
5000,0.5,0.02,1,0.08195696261002967,-0.008985448689644664,0.11666192257173086,0.02630723497490856
5000,0.5,0.02,2,0.03376879242080793,0.0025339041505101382,0.009277478529517571,0.02630723497490856
5000,0.5,0.02,3,0.009799068889540241,-0.004050012500365246,0.02370076256398097,0.02630723497490856
5000,0.5,0.02,4,-0.007318354950066985,-0.015670907153181854,0.35484432764030815,0.02630723497490856
5000,0.5,0.02,5,-0.021868964341188186,0.01782903524467939,0.4593093424757549,0.02630723497490856
5000,0.5,0.02,6,-0.0878815673807472,0.0050057190906064334,0.03620616621870755,0.02630723497490856
5000,0.5,0.05,1,0.06009802540124079,0.010814847636678941,0.2766491379123112,0.020561545007911887
5000,0.5,0.05,2,0.011595709774482621,0.012967234925357113,0.3977253461452052,0.020561545007911887
5000,0.5,0.05,3,-0.002101739151685643,0.0024964444124473345,0.01474118209411958,0.020561545007911887
5000,0.5,0.05,4,-0.021018359953255655,-0.0030225179005225608,0.0216085822611196,0.020561545007911887
5000,0.5,0.05,5,-0.0386595880817247,0.0047844817133473,0.054144993833594036,0.020561545007911887
5000,0.5,0.05,6,-0.09287544573513837,0.009970351431601158,0.23513075775365033,0.020561545007911887
5000,0.5,0.1,1,0.04368639992999613,-0.008034643577862115,0.134541696400129,0.021904743209817445
5000,0.5,0.1,2,0.021533437800342538,0.003592267185675973,0.02689434240095941,0.021904743209817445
5000,0.5,0.1,3,0.008095339116570776,-0.0018017331487547856,0.006765573323593878,0.021904743209817445
5000,0.5,0.1,4,-0.004225518117045927,4.1386284864334774e-4,3.5697397299580514e-4,0.021904743209817445
5000,0.5,0.1,5,-0.017366020314687796,-0.015459063215366243,0.49806957537752294,0.021904743209817445
5000,0.5,0.1,6,-0.062267653045452905,0.012647439813574112,0.33337183852479896,0.021904743209817445
5000,0.5,0.2,1,0.04564743861114159,0.006952356015792183,0.14453857055534788,0.01828690150119709
5000,0.5,0.2,2,0.023410240519747896,0.001334291536927054,0.005323793620855351,0.01828690150119709
5000,0.5,0.2,3,0.00558756374112948,-0.010849591134787052,0.35200310390410605,0.01828690150119709
5000,0.5,0.2,4,-0.0016200268624304846,-0.00673680926384589,0.13571512523498272,0.01828690150119709
5000,0.5,0.2,5,-0.027785753219602603,0.010017661184768612,0.30009062405134335,0.01828690150119709
5000,0.5,0.2,6,-0.034967295025722545,0.004565459010476185,0.06232878263336475,0.01828690150119709
5000,0.5,0.5,1,0.019608962989296583,0.0025084374572236843,0.020141590801648766,0.01767487670541957
5000,0.5,0.5,2,0.014925806441861837,-0.004978877221381536,0.07935056941096905,0.01767487670541957
5000,0.5,0.5,3,-0.005132560140303073,0.0077909195020893374,0.19429635275814305,0.01767487670541957
5000,0.5,0.5,4,-0.024646201955739654,-0.007050753696974588,0.15913228599910437,0.01767487670541957
5000,0.5,0.5,5,-0.03645307772115966,-0.01069493080119167,0.3661366232755607,0.01767487670541957
5000,0.5,0.5,6,-0.05163719333339814,0.007518423402793531,0.18094257775457404,0.01767487670541957
5000,0.5,1,1,0.06292492062485162,-0.02035907024795354,0.3411526845244214,0.03485648134924504
5000,0.5,1,2,0.03700903387399611,0.017217015807782815,0.24397687693064316,0.03485648134924504
5000,0.5,1,3,0.013334263994354965,-0.008974039628926605,0.06628402575139693,0.03485648134924504
5000,0.5,1,4,-0.007636191435961222,-0.0019561912904754704,0.003149601098533997,0.03485648134924504
5000,0.5,1,5,-0.011766351050283914,-0.014778260121817467,0.17975439781491662,0.03485648134924504
5000,0.5,1,6,-0.04590266066608732,0.014188018660445133,0.165682413880088,0.03485648134924504
5000,1,0.01,1,0.06856630516350581,0.007130357369863148,0.3929446820203048,0.011374847666482167
5000,1,0.01,2,0.03323967019900832,0.004805861854261162,0.17850541168828216,0.011374847666482167
5000,1,0.01,3,0.018531725070183237,0.001140174900696422,0.01004735562514914,0.011374847666482167
5000,1,0.01,4,0.0027721612280728076,-0.0052892014736799445,0.2162166041143076,0.011374847666482167
5000,1,0.01,5,-0.010246095341196177,0.0046806550963609875,0.16932539694545173,0.011374847666482167
5000,1,0.01,6,-0.05993633781360352,-0.0020651082022558236,0.0329605496065046,0.011374847666482167
5000,1,0.02,1,0.05718282019729192,-0.01036655914408231,0.2565124917912607,0.02046823384568261
5000,1,0.02,2,0.02476966318658515,-4.566631110269079e-4,4.977727544256922e-4,0.02046823384568261
5000,1,0.02,3,0.006923987507922902,0.008689717937629123,0.18023976788381996,0.02046823384568261
5000,1,0.02,4,-0.007333016090677774,0.0013820086451137806,0.004558907488730204,0.02046823384568261
5000,1,0.02,5,-0.028311009159801535,-0.0024005215736244206,0.013754679858054536,0.02046823384568261
5000,1,0.02,6,-0.045825218114453795,0.015102677164021583,0.5444363802237089,0.02046823384568261
5000,1,0.05,1,0.06792090962779024,-0.00857457316439446,0.04945561177946106,0.038557131899876806
5000,1,0.05,2,0.03977509756116038,-0.012288033204082373,0.1015676280200325,0.038557131899876806
5000,1,0.05,3,0.0012561000127245428,2.9432759563192886e-4,5.8271006971756056e-5,0.038557131899876806
5000,1,0.05,4,-0.00568583570769536,-0.03269983130935159,0.7192528347764503,0.038557131899876806
5000,1,0.05,5,-0.025578644288810223,0.009748512852267093,0.06392449339893105,0.038557131899876806
5000,1,0.05,6,-0.05573053924198512,0.00988606373355417,0.06574116101815335,0.038557131899876806
5000,1,0.1,1,0.07045997619035854,-0.01358964380630227,0.5006767188617534,0.019205666136793677
5000,1,0.1,2,0.01480211661773941,-0.002578293392632346,0.01802212183397551,0.019205666136793677
5000,1,0.1,3,-0.009426389315263836,-0.004200509383692172,0.04783493283056562,0.019205666136793677
5000,1,0.1,4,-0.01246592866026154,-0.008825455658456636,0.2111618822454691,0.019205666136793677
5000,1,0.1,5,-0.024248707131919154,-2.64475955292135e-4,1.896328791869468e-4,0.019205666136793677
5000,1,0.1,6,-0.045521448484507156,-0.009051447506588338,0.22211471134904945,0.019205666136793677
5000,1,0.2,1,0.05384605528594559,-0.009369659205615562,0.20665845996521987,0.020610911600674287
5000,1,0.2,2,0.026434649805428357,0.0041731978996439965,0.04099619583089182,0.020610911600674287
5000,1,0.2,3,0.018497667513480774,-0.0030766084563760704,0.022281789013021667,0.020610911600674287
5000,1,0.2,4,-0.004925833362831869,-0.015196918061274541,0.5436465576447205,0.020610911600674287
5000,1,0.2,5,-0.030393553386738,-6.342336030962779e-4,9.468999532377673e-4,0.020610911600674287
5000,1,0.2,6,-0.03171588773693759,0.008876344532160003,0.18547009759290833,0.020610911600674287
5000,1,0.5,1,0.03575530629290811,-0.002306162467130787,0.011792288759292691,0.02123688655326668
5000,1,0.5,2,0.02310825397369682,0.003614720090044531,0.02897127786970148,0.02123688655326668
5000,1,0.5,3,-0.0113723367061404,0.005783226519491055,0.0741581201651415,0.02123688655326668
5000,1,0.5,4,-0.015826422937944142,-0.009902060871672903,0.21740498067874672,0.02123688655326668
5000,1,0.5,5,-0.024464824963630602,-0.01446340145088558,0.46383037653222486,0.02123688655326668
5000,1,0.5,6,-0.03702149589011489,0.009588235698532106,0.20384295599489272,0.02123688655326668
5000,1,1,1,0.020357530028778374,-0.01422825831243463,0.6935550633158957,0.017084853841566123
5000,1,1,2,0.009132156909697839,0.001832122678863225,0.011499701452645427,0.017084853841566123
5000,1,1,3,0.005461456463543408,0.0036891925003908663,0.046627281816350466,0.017084853841566123
5000,1,1,4,-0.004777488536067568,0.0057911728210493525,0.11489748306338488,0.017084853841566123
5000,1,1,5,-0.023195995807148276,0.0028747917665503295,0.02831328425125893,0.017084853841566123
5000,1,1,6,-0.026824842445125913,-0.0055389503538739275,0.10510718610046463,0.017084853841566123
5000,10,0.01,1,0.03658915807037537,-0.005040303619201072,0.05037747829029708,0.02245631471545625
5000,10,0.01,2,0.019435890554880673,0.011045942260953148,0.24195163726658647,0.02245631471545625
5000,10,0.01,3,-1.578519104192485e-4,-0.009742917028210328,0.18823528499552192,0.02245631471545625
5000,10,0.01,4,-0.01734211136669909,0.008730247257421053,0.1511388507818239,0.02245631471545625
5000,10,0.01,5,-0.03745149237104028,-2.728725454684668e-4,1.4765314850339838e-4,0.02245631471545625
5000,10,0.01,6,-0.06221476679836046,0.013625434333378358,0.36814909551726727,0.02245631471545625
5000,10,0.02,1,0.04507747944981095,0.010082142360509309,0.15450267078675595,0.025649850006491615
5000,10,0.02,2,0.03580478493322965,0.016133551026303143,0.3956309640693878,0.025649850006491615
5000,10,0.02,3,0.020015505155143505,-9.136861712229472e-4,0.0012688913711752317,0.025649850006491615
5000,10,0.02,4,-0.004922744551689061,0.009401142233375789,0.13433574464767234,0.025649850006491615
5000,10,0.02,5,-0.02481237957247302,0.010949914391715897,0.18224339110459165,0.025649850006491615
5000,10,0.02,6,-0.03407859889377702,-0.009319700594013826,0.13201833802041707,0.025649850006491615
5000,10,0.05,1,0.07666655617398693,-0.0070268079628572275,0.05849056359692403,0.029054618793269267
5000,10,0.05,2,0.03206356253245454,0.001280385000846292,0.0019420070063950827,0.029054618793269267
5000,10,0.05,3,0.006305472788462549,0.01786628318594704,0.378127325883744,0.029054618793269267
5000,10,0.05,4,-0.008013995462623427,-0.0061305152568974074,0.04452086480027077,0.029054618793269267
5000,10,0.05,5,-0.018202788299032067,0.009300235163959468,0.10246074207085543,0.029054618793269267
5000,10,0.05,6,-0.05933765518759297,-0.01870491355298056,0.4144584966418107,0.029054618793269267
5000,10,0.1,1,0.046642905285895354,-0.008381939749816422,0.3275630318715643,0.01464526025130409
5000,10,0.1,2,0.023325943295598867,0.006800415645024693,0.21561388671499104,0.01464526025130409
5000,10,0.1,3,-9.679730153283729e-4,-0.004791972044313336,0.10706175648340978,0.01464526025130409
5000,10,0.1,4,-0.010371617907892228,0.004778173640824729,0.10644607909753319,0.01464526025130409
5000,10,0.1,5,-0.023350134882982997,0.007212112764724943,0.2425106578414621,0.01464526025130409
5000,10,0.1,6,-0.04947323661070755,-4.1541661897078353e-4,8.045879910395887e-4,0.01464526025130409
5000,10,0.2,1,0.0374913626184974,0.010160597813259243,0.15007005522499506,0.026228426666027992
5000,10,0.2,2,0.014063390423712834,0.011336037115424776,0.1868005018388729,0.026228426666027992
5000,10,0.2,3,0.00723420029442916,0.0010612284598988271,0.0016370927942466764,0.026228426666027992
5000,10,0.2,4,-0.00839544844157286,-0.019126406379320348,0.5317680965970769,0.026228426666027992
5000,10,0.2,5,-0.03588479377541205,0.004171607634390695,0.02529661595300454,0.026228426666027992
5000,10,0.2,6,-0.05103898681983396,0.008475785679439957,0.10442763759180386,0.026228426666027992
5000,10,0.5,1,0.020252167744689527,0.01512022724332907,0.47026469506173707,0.022048910293382445
5000,10,0.5,2,0.013436252627810862,0.0013145391504136117,0.003554453107023648,0.022048910293382445
5000,10,0.5,3,9.625018239933814e-4,4.38286974585875e-4,3.95132604499791e-4,0.022048910293382445
5000,10,0.5,4,-0.011352312521030654,-0.009890655452808126,0.20122219649947728,0.022048910293382445
5000,10,0.5,5,-0.024120886011305423,0.002920569686309623,0.017545303510259045,0.022048910293382445
5000,10,0.5,6,-0.04585305905305863,-0.012217130268884754,0.3070182192170032,0.022048910293382445
5000,10,1,1,0.033327426962656864,-0.018979365155548777,0.36463232483390406,0.0314307032509115
5000,10,1,2,0.012501241371275566,-0.008529966345268973,0.07365232124449425,0.0314307032509115
5000,10,1,3,0.003963868919532773,-0.011237076060035867,0.12781989142694913,0.0314307032509115
5000,10,1,4,-0.008074059638372984,0.0057763105502671025,0.033774806647705415,0.0314307032509115
5000,10,1,5,-0.027159310671247317,0.01319254320080538,0.17617685517418735,0.0314307032509115
5000,10,1,6,-0.04179501022980878,0.014873857644555547,0.2239438006727597,0.0314307032509115
10000,0.05,0.01,1,0.14944810499825423,0.003938489432839545,0.03222399612339058,0.021940169896177274
10000,0.05,0.01,2,0.022635276760824705,0.005774244335016256,0.06926444224072106,0.021940169896177274
10000,0.05,0.01,3,0.013757217174455928,0.0032696403864722594,0.0222085398450609,0.021940169896177274
10000,0.05,0.01,4,-0.005021126920851517,-0.0032971579921593414,0.022583931274407026,0.021940169896177274
10000,0.05,0.01,5,-0.0114025643065913,7.998484651308203e-4,0.0013290320646199753,0.021940169896177274
10000,0.05,0.01,6,-0.09357506899420252,-0.020256255867528543,0.8523900584518004,0.021940169896177274
10000,0.05,0.02,1,0.09842708550336958,-0.00940286692003918,0.17039303987310733,0.02277898476057954
10000,0.05,0.02,2,0.013458784818960224,0.003813707847509283,0.02803019459816999,0.02277898476057954
10000,0.05,0.02,3,0.008238760880376275,-0.013318197840456448,0.3418394616924945,0.02277898476057954
10000,0.05,0.02,4,-0.003593798633157586,-0.007511985037165327,0.10875286335251637,0.02277898476057954
10000,0.05,0.02,5,-0.021125360306125798,0.004925306148681945,0.04675173507406825,0.02277898476057954
10000,0.05,0.02,6,-0.10898858735074668,-0.012564271538223582,0.3042327054096436,0.02277898476057954
10000,0.05,0.05,1,0.04989143003060058,0.0024758444422756177,0.01238752496430947,0.02224493202810605
10000,0.05,0.05,2,0.02493988446298517,0.005643017703901892,0.06435179411882598,0.02224493202810605
10000,0.05,0.05,3,0.013539971180316114,-0.01058620053053929,0.2264738519169425,0.02224493202810605
10000,0.05,0.05,4,-0.014072692780179776,-0.013474531523626293,0.3669147606951622,0.02224493202810605
10000,0.05,0.05,5,-0.0281662611306689,0.011469389224651788,0.2658388296307344,0.02224493202810605
10000,0.05,0.05,6,-0.07155130092649428,0.005629033290504994,0.06403323867402531,0.02224493202810605
10000,0.05,0.1,1,0.05650450170498643,-0.011190260080840318,0.06892360501105799,0.04262419479830886
10000,0.05,0.1,2,0.026324053571320154,0.020278585631319537,0.22634085190221176,0.04262419479830886
10000,0.05,0.1,3,2.446362493818721e-5,-0.013072045949550803,0.09405345541881698,0.04262419479830886
10000,0.05,0.1,4,-0.008818858970561562,-0.01569750303608094,0.13562781823501613,0.04262419479830886
10000,0.05,0.1,5,-0.02761944598983428,0.026980504958886844,0.4006708719768828,0.04262419479830886
10000,0.05,0.1,6,-0.06002554471839474,-0.011625032972388392,0.07438339745601431,0.04262419479830886
10000,0.05,0.2,1,0.04332596558723198,0.01253916820733946,0.24634052171213636,0.02526392363075431
10000,0.05,0.2,2,0.02162494844943664,-0.003599108157704506,0.02029495983564343,0.02526392363075431
10000,0.05,0.2,3,0.006706605829921859,0.01101206472919299,0.1899922611055033,0.02526392363075431
10000,0.05,0.2,4,-0.0012401916090629573,-0.010427779573093458,0.17036566973181877,0.02526392363075431
10000,0.05,0.2,5,-0.013200087354356455,-0.011331195278879016,0.2011638081825084,0.02526392363075431
10000,0.05,0.2,6,-0.036255773220606996,0.010472887638312878,0.17184277943238965,0.02526392363075431
10000,0.05,0.5,1,0.03936490152272071,-0.0035803586780181014,0.03290122229629166,0.01973878969476052
10000,0.05,0.5,2,0.02796240879440134,0.0018921140018886918,0.009188689140298122,0.01973878969476052
10000,0.05,0.5,3,0.013406404189704988,-0.012889112698552007,0.4263880280704282,0.01973878969476052
10000,0.05,0.5,4,-0.01717237583921993,0.006168129386414767,0.09764857512355478,0.01973878969476052
10000,0.05,0.5,5,-0.02272660647773928,-2.4429612736648375e-4,1.5317649409767273e-4,0.01973878969476052
10000,0.05,0.5,6,-0.034262683407917834,-0.01299946260709292,0.4337203088753295,0.01973878969476052
10000,0.05,1,1,0.007408714157401489,-0.012397266920792406,0.44964500354105835,0.01848804825403207
10000,0.05,1,2,0.0019373525203177369,0.004122717378007166,0.049726168337493985,0.01848804825403207
10000,0.05,1,3,-0.010750195820545011,-1.3453329952821922e-5,5.295140102502307e-7,0.01848804825403207
10000,0.05,1,4,-0.01755622856729131,0.008888363035099685,0.23113272371922444,0.01848804825403207
10000,0.05,1,5,-0.02907802772133081,-0.0018816671482885477,0.010358657492657306,0.01848804825403207
10000,0.05,1,6,-0.06618020016361534,0.009411432030587093,0.2591369173955556,0.01848804825403207
10000,0.1,0.01,1,0.1010013488948149,0.014825061929331817,0.3668327108473625,0.024477242394965282
10000,0.1,0.01,2,0.026709653195230776,0.006431695526143339,0.06904400519173233,0.024477242394965282
10000,0.1,0.01,3,-0.002942903723826247,-0.005762301629100912,0.05542006085323217,0.024477242394965282
10000,0.1,0.01,4,-0.0115349288971825,-0.010836103573991772,0.19598431605756117,0.024477242394965282
10000,0.1,0.01,5,-0.02812158294646836,-0.010134824105265403,0.17143814312584796,0.024477242394965282
10000,0.1,0.01,6,-0.09631580758372586,0.009200342729304438,0.14128076392426392,0.024477242394965282
10000,0.1,0.02,1,0.08997025751151037,1.0281868672600393e-4,1.6852753140846638e-5,0.025045898878235915
10000,0.1,0.02,2,0.032044798200983805,0.0019408952178089573,0.006005247821263495,0.025045898878235915
10000,0.1,0.02,3,0.008151501205427531,0.016965796257777787,0.4588547680504454,0.025045898878235915
10000,0.1,0.02,4,-0.007411669778431941,-0.007475583274532719,0.08908753076288858,0.025045898878235915
10000,0.1,0.02,5,-0.021176323679858063,-0.012808195317870752,0.26151863321992913,0.025045898878235915
10000,0.1,0.02,6,-0.08647260859019082,0.010758575622931643,0.1845169673923325,0.025045898878235915
10000,0.1,0.05,1,0.07084119477871959,-0.006475664877115406,0.05559658706844416,0.027463779232027287
10000,0.1,0.05,2,0.0293783457916892,-0.01154662679739624,0.1767623063176011,0.027463779232027287
10000,0.1,0.05,3,0.018591599625440797,-0.01517943595574079,0.30548554818947926,0.027463779232027287
10000,0.1,0.05,4,0.001481423678841986,0.01154356616173003,0.17666861084666907,0.027463779232027287
10000,0.1,0.05,5,-0.04709787444102888,-0.011577327379453977,0.1777035197376287,0.027463779232027287
10000,0.1,0.05,6,-0.05328897580519446,0.009016464872151877,0.10778342784017779,0.027463779232027287
10000,0.1,0.1,1,0.04851168593093343,0.0029632677482522014,0.050448082195548215,0.01319315193076362
10000,0.1,0.1,2,0.03425085064874947,0.0031492065528818283,0.05697773295243416,0.01319315193076362
10000,0.1,0.1,3,0.002819259535712826,0.003103701959903139,0.05534302497831022,0.01319315193076362
10000,0.1,0.1,4,0.002369137180028165,0.0010968854868796073,0.006912345749733568,0.01319315193076362
10000,0.1,0.1,5,-0.015791815793828084,-0.01202011017520356,0.830079654444045,0.01319315193076362
10000,0.1,0.1,6,-0.05594150036716344,2.040293027984275e-4,2.3915967992883683e-4,0.01319315193076362
10000,0.1,0.2,1,0.04296310309900544,0.0062017743233887855,0.2862966756386224,0.01159065038127513
10000,0.1,0.2,2,0.009049724895729869,-1.4925122748530396e-4,1.6581362392832172e-4,0.01159065038127513
10000,0.1,0.2,3,-0.009065577012552518,-0.0012932592753089728,0.012449605552900757,0.01159065038127513
10000,0.1,0.2,4,-0.012508089392400099,0.002242721258017806,0.03743992647155295,0.01159065038127513
10000,0.1,0.2,5,-0.01916824863575804,1.6630474226346286e-4,2.0587027989865504e-4,0.01159065038127513
10000,0.1,0.2,6,-0.05492276695476093,-0.009440811411746665,0.6634421084330969,0.01159065038127513
10000,0.1,0.5,1,0.029890110671191097,-0.006635890376660611,0.0873652671005574,0.02245069544360058
10000,0.1,0.5,2,0.025109401138937584,-0.001278764713428027,0.003244305109513349,0.02245069544360058
10000,0.1,0.5,3,0.008441119023858008,0.016655153058636157,0.5503483381207558,0.02245069544360058
10000,0.1,0.5,4,-0.005782745498594735,0.011797391566266541,0.27612923623104674,0.02245069544360058
10000,0.1,0.5,5,-0.02979734650420591,0.00291045967308199,0.016805969666988396,0.02245069544360058
10000,0.1,0.5,6,-0.04105057148983951,0.005772356445585416,0.06610688377113821,0.02245069544360058
10000,0.1,1,1,0.06287571521996142,-0.019146684585139642,0.4563090000551698,0.028344190982229123
10000,0.1,1,2,0.0310916412726308,0.0073301226381504,0.06687970523340513,0.028344190982229123
10000,0.1,1,3,0.010421708697458898,-1.940920326946957e-4,4.6890761481318e-5,0.028344190982229123
10000,0.1,1,4,-0.008384116271948485,0.010336469333321524,0.1329891804836765,0.028344190982229123
10000,0.1,1,5,-0.019635393693958225,0.001851716365100804,0.004267964499947657,0.028344190982229123
10000,0.1,1,6,-0.03612596331069281,0.016515381026524813,0.3395072589663196,0.028344190982229123
10000,0.2,0.01,1,0.1163608835714397,0.014911066312262512,0.23223341115399623,0.0309418553082728
10000,0.2,0.01,2,0.019937207789391665,-0.0011627080162721444,0.0014120453064249046,0.0309418553082728
10000,0.2,0.01,3,0.004813546601642,-0.011328586977792312,0.13404752043027252,0.0309418553082728
10000,0.2,0.01,4,-0.004863799007508997,0.012570973565427123,0.16506124800874458,0.0309418553082728
10000,0.2,0.01,5,-0.02325998433234121,-0.01889247741998743,0.37280791295159116,0.0309418553082728
10000,0.2,0.01,6,-0.07627751642307898,-0.009508662316934395,0.09443786214897057,0.0309418553082728
10000,0.2,0.02,1,0.07594746840396194,0.015879283445965724,0.4522135442990812,0.023613432303930183
10000,0.2,0.02,2,0.02706983763254758,-0.010839062944924708,0.21070034201977478,0.023613432303930183
10000,0.2,0.02,3,0.014924167171165795,0.012606495561129354,0.28501683582598253,0.023613432303930183
10000,0.2,0.02,4,-0.006616979811908359,0.0011139357362265094,0.0022253690182566714,0.023613432303930183
10000,0.2,0.02,5,-0.022030616967360254,0.0035815498467140997,0.023005080837660036,0.023613432303930183
10000,0.2,0.02,6,-0.0612378767590426,0.00386848477174439,0.026838827999244808,0.023613432303930183
10000,0.2,0.05,1,0.07102220676888328,0.020094894418136697,0.30494559011603356,0.03638937110627448
10000,0.2,0.05,2,0.029491657237892557,0.009278902614722575,0.06501957603304542,0.03638937110627448
10000,0.2,0.05,3,0.014119249503785156,0.013471425239256887,0.13704966886647996,0.03638937110627448
10000,0.2,0.05,4,-0.017859512626350493,-0.025429530830430216,0.48834595543288106,0.03638937110627448
10000,0.2,0.05,5,-0.02768462114248295,-0.0020274625075911426,0.00310424909854517,0.03638937110627448
10000,0.2,0.05,6,-0.061273935867126754,-0.0014256835722631196,0.0015349604530148025,0.03638937110627448
10000,0.2,0.1,1,0.07460820498371684,-0.01430904976734894,0.23356220225246624,0.029608030086271463
10000,0.2,0.1,2,0.018351463346333724,0.016857327902240985,0.3241592676104517,0.029608030086271463
10000,0.2,0.1,3,0.009253329549489495,-0.005877089212285565,0.0394008453376356,0.029608030086271463
10000,0.2,0.1,4,-0.0061362590761375665,-0.018040567731436023,0.3712627474852451,0.029608030086271463
10000,0.2,0.1,5,-0.019053738576783028,0.0019890954922488872,0.004513279604641141,0.029608030086271463
10000,0.2,0.1,6,-0.03135747566672204,-0.004874245970653912,0.027101657709560162,0.029608030086271463
10000,0.2,0.2,1,0.020279802217376332,0.006422272007593529,0.08101795428282797,0.022563063162428506
10000,0.2,0.2,2,0.014194305662014633,0.008956762689443296,0.15758178552105648,0.022563063162428506
10000,0.2,0.2,3,0.007863463736604879,0.008701407690443306,0.1487246365569503,0.022563063162428506
10000,0.2,0.2,4,-0.0013991906553609199,0.0061305488156724475,0.07382485311806163,0.022563063162428506
10000,0.2,0.2,5,-0.018390178372200104,0.013315653611556861,0.348280259849012,0.022563063162428506
10000,0.2,0.2,6,-0.03110441761788389,0.009849765884405542,0.19057051067209152,0.022563063162428506
10000,0.2,0.5,1,0.038547159810274956,0.0016578195227849198,0.0026324802301876025,0.03231131926144816
10000,0.2,0.5,2,0.015169902865998093,0.009356986189792091,0.08386149416715956,0.03231131926144816
10000,0.2,0.5,3,0.001893386846133626,-0.02173258283845763,0.4523903229927204,0.03231131926144816
10000,0.2,0.5,4,-0.006630912628989842,0.005987575074031569,0.034339388925548886,0.03231131926144816
10000,0.2,0.5,5,-0.02616911289999784,-0.020700596842424774,0.4104463080580526,0.03231131926144816
10000,0.2,0.5,6,-0.041359126138271814,0.004129028282653238,0.016330005626330933,0.03231131926144816
10000,0.2,1,1,0.021059682958868547,-0.00613653107889652,0.08500504562372221,0.021047503270711847
10000,0.2,1,2,0.020348590202039885,-0.005575119563455629,0.07016284649225989,0.021047503270711847
10000,0.2,1,3,-0.004254095329418392,-0.006416971236523152,0.092952058893633,0.021047503270711847
10000,0.2,1,4,-0.014737050092163424,-0.012696588948170367,0.36389236850464773,0.021047503270711847
10000,0.2,1,5,-0.03149116732964798,-0.008918222346313091,0.17953760204452454,0.021047503270711847
10000,0.2,1,6,-0.04742487527834326,0.009609518276900863,0.2084500784412126,0.021047503270711847
10000,0.5,0.01,1,0.06649128282943172,0.005116180941950519,0.10190540768870317,0.016026817080475535
10000,0.5,0.01,2,0.01985173165507129,-0.00937921212694847,0.34248231951011315,0.016026817080475535
10000,0.5,0.01,3,0.004028427493125356,0.00363422711276696,0.05141970346081504,0.016026817080475535
10000,0.5,0.01,4,-0.013620336725196042,0.004060377433808188,0.06418569535475284,0.016026817080475535
10000,0.5,0.01,5,-0.02743235997160403,-0.006389524319854297,0.15894339842161315,0.016026817080475535
10000,0.5,0.01,6,-0.05734261122843607,0.008496684384616662,0.28106347556400263,0.016026817080475535
10000,0.5,0.02,1,0.05918521505735938,0.021561414024926524,0.41289690360259224,0.03355493686578399
10000,0.5,0.02,2,0.03449038088874093,-0.011988577183495932,0.12765047501720292,0.03355493686578399
10000,0.5,0.02,3,0.01342189709398406,0.002658317355441477,0.006276258193099389,0.03355493686578399
10000,0.5,0.02,4,-0.01515701257179072,-0.006912482827479574,0.042438036185274586,0.03355493686578399
10000,0.5,0.02,5,-0.020767994140602423,0.00303280597910562,0.00816914120917518,0.03355493686578399
10000,0.5,0.02,6,-0.05665725001987808,0.021290050453638475,0.4025691857926557,0.03355493686578399
10000,0.5,0.05,1,0.06612708409110564,0.0029675473900122257,0.013967043328674494,0.02510992542599834
10000,0.5,0.05,2,0.005386404134442276,0.012283989218759167,0.23932496683682472,0.02510992542599834
10000,0.5,0.05,3,-0.0028838532856902,0.01724719951428274,0.47178738992765906,0.02510992542599834
10000,0.5,0.05,4,-0.02780258104614115,0.011071395316939311,0.19440788264184453,0.02510992542599834
10000,0.5,0.05,5,-0.044228673516547475,4.5189168442014453e-4,3.2387531879846825e-4,0.02510992542599834
10000,0.5,0.05,6,-0.06870596343595385,0.0071105368866752625,0.08018884194619869,0.02510992542599834
10000,0.5,0.1,1,0.05585949405007919,0.004302547636603736,0.027455532618569315,0.02596634068447177
10000,0.5,0.1,2,0.027762968254339913,-0.011778204779222475,0.20574851054510263,0.02596634068447177
10000,0.5,0.1,3,0.014012018909440989,2.5878563166193596e-5,9.9325055800045e-7,0.02596634068447177
10000,0.5,0.1,4,8.240183311377301e-4,0.010754933523383874,0.17155127849303978,0.02596634068447177
10000,0.5,0.1,5,-0.020985169391947434,-0.011242387237841434,0.18745437410850627,0.02596634068447177
10000,0.5,0.1,6,-0.02990337287249798,0.016581685347318968,0.40778931098422405,0.02596634068447177
10000,0.5,0.2,1,0.025418635727603552,-4.4493525949172957e-4,0.00036626455145003683,0.023248737792435945
10000,0.5,0.2,2,0.015283303929367234,0.0065781481199351,0.08005870073802565,0.023248737792435945
10000,0.5,0.2,3,-0.0012692283446247984,0.0030626857851369983,0.01735426108624612,0.023248737792435945
10000,0.5,0.2,4,-0.01688037039976312,0.003474046208074763,0.022329161897074155,0.023248737792435945
10000,0.5,0.2,5,-0.03404090205964803,-0.020780933571025707,0.7989716130384781,0.023248737792435945
10000,0.5,0.2,6,-0.05406038208718831,0.006613438403039121,0.08091999868872592,0.023248737792435945
10000,0.5,0.5,1,0.039093717977599654,0.009749675316564465,0.2332747280046083,0.020186280661994918
10000,0.5,0.5,2,0.025775918037169734,0.0024733626977889644,0.015012844935236027,0.020186280661994918
10000,0.5,0.5,3,0.003765503491179275,0.013649649202215213,0.4572254181421462,0.020186280661994918
10000,0.5,0.5,4,-0.019348898972838178,-0.0063694583658567006,0.09956172026987205,0.020186280661994918
10000,0.5,0.5,5,-0.03537472201762333,0.008546320734708134,0.1792444677649106,0.020186280661994918
10000,0.5,0.5,6,-0.047220992255250546,-0.0025277883283952264,0.015680820883226792,0.020186280661994918
10000,0.5,1,1,0.032194899058524934,-0.007180045139392556,0.19082519338126713,0.016436499050455237
10000,0.5,1,2,0.01647874510523851,-0.009237106968698661,0.3158299473238963,0.016436499050455237
10000,0.5,1,3,0.012347439309975755,-0.0041483240952216,0.06369813547613457,0.016436499050455237
10000,0.5,1,4,-0.011279323142661578,-0.005061036496939229,0.09481134343417942,0.016436499050455237
10000,0.5,1,5,-0.027670548174445118,-0.00877687551340427,0.28514203137231603,0.016436499050455237
10000,0.5,1,6,-0.03316725751306031,0.003664025201957187,0.04969334901220647,0.016436499050455237
10000,1,0.01,1,0.07296521160134936,-0.001283127079137163,0.001549185050011653,0.03260003165589905
10000,1,0.01,2,0.031146371368416786,-0.01312940209474611,0.16220112216115004,0.03260003165589905
10000,1,0.01,3,0.00861140175757885,-0.01895204739311638,0.33796849978881877,0.03260003165589905
10000,1,0.01,4,-0.01265270171511665,-0.01094824619909583,0.11278544737356547,0.03260003165589905
10000,1,0.01,5,-0.031369682965121985,0.01995801503768895,0.37479919330043343,0.03260003165589905
10000,1,0.01,6,-0.062214835839997575,-0.0033716301735685576,0.010696552326020629,0.03260003165589905
10000,1,0.02,1,0.0578785947883387,-6.093414968119841e-4,0.0010477157103995476,0.0188251752102673
10000,1,0.02,2,0.028111315463544874,0.010598792670096741,0.31698210089431156,0.0188251752102673
10000,1,0.02,3,-7.107902731056222e-4,0.00961980393846636,0.26112856826871234,0.0188251752102673
10000,1,0.02,4,-0.01528536846083917,4.690158919056611e-4,6.207218923033817e-4,0.0188251752102673
10000,1,0.02,5,-0.027315571874128478,-0.011437921928868694,0.3691613298705627,0.0188251752102673
10000,1,0.02,6,-0.04368065254081682,-0.00425380497925571,0.051059563363710446,0.0188251752102673
10000,1,0.05,1,0.057589606375211606,-0.01757201514753415,0.18554063602670823,0.040794540759093105
10000,1,0.05,2,0.02203248235670568,-0.007118963340608032,0.030452953273978373,0.040794540759093105
10000,1,0.05,3,0.010933119307426796,0.02456201425133555,0.36251323019899345,0.040794540759093105
10000,1,0.05,4,-0.01151103726341033,-0.02294609461475231,0.31638323551260616,0.040794540759093105
10000,1,0.05,5,-0.027062562022126292,0.00612641435516249,0.02255322415372998,0.040794540759093105
10000,1,0.05,6,-0.047358617864758264,0.011721367042802695,0.08255672083398385,0.040794540759093105
10000,1,0.1,1,0.05001445437060557,-6.118818117867141e-4,5.27316682089845e-4,0.026645985582016602
10000,1,0.1,2,0.0322530445979687,-0.008291400988361347,0.0968260601630726,0.026645985582016602
10000,1,0.1,3,0.014595030087925748,-0.02306314512690491,0.7491581121310593,0.026645985582016602
10000,1,0.1,4,0.007902086146255096,-0.006073822925513122,0.051958987047784094,0.026645985582016602
10000,1,0.1,5,-0.016569795481898075,0.004009493096037964,0.02264203007228348,0.026645985582016602
10000,1,0.1,6,-0.07424196071763312,0.007484036008284513,0.07888749390371066,0.026645985582016602
10000,1,0.2,1,0.043826839912010924,0.0081676142759183,0.24981827177006774,0.016341168934979323
10000,1,0.2,2,0.02532888777176961,-0.011347367487772457,0.48219644052652416,0.016341168934979323
10000,1,0.2,3,0.002121677467778077,0.004586036398631854,0.07876055270655875,0.016341168934979323
10000,1,0.2,4,-0.0065140597203480555,-0.005429039649315382,0.11037730532709442,0.016341168934979323
10000,1,0.2,5,-0.0351256073463353,-0.004570108296610066,0.07821440459477835,0.016341168934979323
10000,1,0.2,6,-0.041477635294948495,-4.1114363990532934e-4,6.330250749766447e-4,0.016341168934979323
10000,1,0.5,1,0.026747840304277706,-0.00394916913193656,0.06737885888049022,0.015214017377918151
10000,1,0.5,2,0.0239015630957631,0.0016965273272938298,0.01243465966397116,0.015214017377918151
10000,1,0.5,3,0.0038399311598386952,-0.00579220033409889,0.14494369642262783,0.015214017377918151
10000,1,0.5,4,-0.010299716159695483,-0.010643596327373257,0.4894281830840982,0.015214017377918151
10000,1,0.5,5,-0.014180570511905287,-0.006502930655327025,0.18269658512524406,0.015214017377918151
10000,1,0.5,6,-0.0473304556853203,-0.004885524370249259,0.10311801682356847,0.015214017377918151
10000,1,1,1,0.06181990189816523,-0.026003452915065724,0.7143568407855174,0.030766168651529868
10000,1,1,2,0.02148525233374495,0.00583414313205717,0.03595897688676809,0.030766168651529868
10000,1,1,3,0.002932530663871335,-0.012452773149440502,0.16382694041822163,0.030766168651529868
10000,1,1,4,-0.0051047955338959115,0.002217613501391839,0.005195470476674162,0.030766168651529868
10000,1,1,5,-0.014088999884166798,0.007152538625909268,0.0540472486919648,0.030766168651529868
10000,1,1,6,-0.03315208106233663,-0.005019179848830245,0.026614522740853862,0.030766168651529868
10000,10,0.01,1,0.03629705800672146,0.00705106732869094,0.14059322963473153,0.018804970563731677
10000,10,0.01,2,0.017204533787227135,-0.00233788146769385,0.015456090812884482,0.018804970563731677
10000,10,0.01,3,0.012814984033050793,0.014000315298547034,0.5542814150607112,0.018804970563731677
10000,10,0.01,4,-0.003448949026366965,0.007555868450614773,0.16144457662209333,0.018804970563731677
10000,10,0.01,5,-0.006165132522968726,-3.435907135633893e-4,3.338393444343037e-4,0.018804970563731677
10000,10,0.01,6,-0.0481175198250822,-0.006725001605347229,0.12789084852514512,0.018804970563731677
10000,10,0.02,1,0.04375650804925988,-0.005776259691920626,0.043238327045303664,0.02777872248927905
10000,10,0.02,2,0.02029489720856018,-0.02609773446884795,0.8826348635878057,0.02777872248927905
10000,10,0.02,3,-0.006414054716477698,-6.674759734648213e-4,5.773600587447103e-4,0.02777872248927905
10000,10,0.02,4,-0.020893327351525725,0.0022664491200248284,0.006656829131226378,0.02777872248927905
10000,10,0.02,5,-0.029410135763724227,1.573899701378177e-4,3.2101813521471396e-5,0.02777872248927905
10000,10,0.02,6,-0.05883130700622689,0.007182855651470539,0.06686051836339812,0.02777872248927905
10000,10,0.05,1,0.0354210558657886,-0.012130086592829683,0.4457441662408029,0.018168583416171072
10000,10,0.05,2,0.025845028643521267,-4.058056986180774e-4,4.988777657198366e-4,0.018168583416171072
10000,10,0.05,3,0.008766539581999645,-0.008040740969259209,0.19586192063698743,0.018168583416171072
10000,10,0.05,4,-0.0016628690978409447,-0.0072967609454887925,0.16129395908400807,0.018168583416171072
10000,10,0.05,5,-0.032653042897778636,-0.007383052901506232,0.16513146207925125,0.018168583416171072
10000,10,0.05,6,-0.04513260393294409,-0.0032230480230700125,0.031469614193230515,0.018168583416171072
10000,10,0.1,1,0.05313878814648755,0.011199904146715395,0.3995574521898947,0.017718407605233612
10000,10,0.1,2,0.019511327020010117,0.004731131472417494,0.07129854331756831,0.017718407605233612
10000,10,0.1,3,0.015557661236760483,0.0030039092232698127,0.028742479628500746,0.017718407605233612
10000,10,0.1,4,-0.008478353475880482,-0.0040716562118506576,0.05280716181297241,0.017718407605233612
10000,10,0.1,5,-0.018727225351315584,-0.009332336426497818,0.2774159304475357,0.017718407605233612
10000,10,0.1,6,-0.029695008453872632,0.007309319534252328,0.17017843260352816,0.017718407605233612
10000,10,0.2,1,0.05622522305985955,-0.005223711652395456,0.04401696054442382,0.024898269920481605
10000,10,0.2,2,0.032742125891182146,0.007161548355551204,0.08273237956535587,0.024898269920481605
10000,10,0.2,3,0.009824877234079933,0.008216635761953762,0.10890547893186185,0.024898269920481605
10000,10,0.2,4,-0.007798956697970265,-0.021335363497851298,0.7342800881632446,0.024898269920481605
10000,10,0.2,5,-0.021273037277430205,-0.002697262553766955,0.011735675828962977,0.024898269920481605
10000,10,0.2,6,-0.023604142621095035,0.0033708815824458,0.018329416966150924,0.024898269920481605
10000,10,0.5,1,0.05493506168782214,0.012156131919248095,0.299023568622164,0.02223016541735926
10000,10,0.5,2,0.029341159416195906,0.005973222725754049,0.07219914071390883,0.02223016541735926
10000,10,0.5,3,0.010043645604762034,-0.006439691505304037,0.08391599281289877,0.02223016541735926
10000,10,0.5,4,-0.008008150940736534,0.01049274950976278,0.22278873199774876,0.02223016541735926
10000,10,0.5,5,-0.01934639536917867,-0.0044896772487968365,0.0407891687607907,0.02223016541735926
10000,10,0.5,6,-0.03060068360417074,0.011790025477370805,0.28128339709248884,0.02223016541735926
10000,10,1,1,0.03879651097242278,0.0036093581386567077,0.017441792718332797,0.02732967181844213
10000,10,1,2,0.00392042472816957,-0.0014134126640970167,0.002674663328642103,0.02732967181844213
10000,10,1,3,-0.014285022089630419,0.009391758045926922,0.11809321822246625,0.02732967181844213
10000,10,1,4,-0.014870588487657639,0.00823721366023902,0.09084307549812153,0.02732967181844213
10000,10,1,5,-0.035771198359110794,0.022143315238568738,0.6564723707309982,0.02732967181844213
10000,10,1,6,-0.06110461273221172,0.009246758477398491,0.11447487950143921,0.02732967181844213
10000,100,0.01,1,0.05390457957573171,-3.826587627087626e-4,6.235378426364683e-4,0.015324286218773808
10000,100,0.01,2,0.02278533866131715,-0.006551140393024694,0.18275669827541502,0.015324286218773808
10000,100,0.01,3,0.005636928562556371,2.749590908023322e-4,3.219405312129751e-4,0.015324286218773808
10000,100,0.01,4,4.784930892635359e-4,-0.008806896430500703,0.3302822756958097,0.015324286218773808
10000,100,0.01,5,-0.016036442963167488,-0.010019324102895154,0.4274805315875549,0.015324286218773808
10000,100,0.01,6,-0.027760510007818776,-0.003707559469390431,0.05853501606737092,0.015324286218773808
10000,100,0.02,1,0.040594793398483014,0.012460251171294765,0.15929255510628623,0.031219723872297305
10000,100,0.02,2,0.03338987388927138,0.02557286362549843,0.6709661491428189,0.031219723872297305
10000,100,0.02,3,0.009859894921488936,-0.005365632665399303,0.029538181820735965,0.031219723872297305
10000,100,0.02,4,-0.0015446087034908587,0.005760734880222429,0.034048474775586354,0.031219723872297305
10000,100,0.02,5,-0.009183897974427669,0.01014080102160089,0.10550824700796521,0.031219723872297305
10000,100,0.02,6,-0.026142745546980064,7.937378550151499e-4,6.463921466072792e-4,0.031219723872297305
10000,100,0.05,1,0.026061570540230998,0.006333999004624604,0.1659607790065062,0.015548026008281332
10000,100,0.05,2,0.015776174872260147,0.0036439196745607725,0.05492715096481159,0.015548026008281332
10000,100,0.05,3,-0.0015902457094280223,-0.0025832667706016414,0.02760501568005996,0.015548026008281332
10000,100,0.05,4,-0.01881754221432921,0.009233345713557412,0.3526693167527432,0.015548026008281332
10000,100,0.05,5,-0.02923097751460681,0.006985136836211171,0.2018363201223742,0.015548026008281332
10000,100,0.05,6,-0.03215433039799526,0.006900966734755235,0.19700141747350483,0.015548026008281332
10000,100,0.1,1,0.04886356077435129,0.008679508465215471,0.17479434103108435,0.0207601958811593
10000,100,0.1,2,0.03521342802965181,0.008158217085546498,0.15442855972956424,0.0207601958811593
10000,100,0.1,3,0.014298394737609363,-0.01431078771931242,0.47518660005334684,0.0207601958811593
10000,100,0.1,4,-0.005947311594700024,0.005070444772035833,0.059652578302000714,0.0207601958811593
10000,100,0.1,5,-0.014849452811740872,0.007235457848242657,0.12147003082064531,0.0207601958811593
10000,100,0.1,6,-0.027658483242819693,-0.002497089146239825,0.014467890063358572,0.0207601958811593
10000,100,0.2,1,0.028154408845438007,0.011923541924921241,0.3952997430889248,0.018964527075843212
10000,100,0.2,2,0.024029450561105115,0.004025832260070523,0.045063748789660206,0.018964527075843212
10000,100,0.2,3,0.010963865085625248,-5.974261314062633e-4,9.92394606637541e-4,0.018964527075843212
10000,100,0.2,4,-4.007913606296978e-4,-0.004366813753778535,0.05302068141263601,0.018964527075843212
10000,100,0.2,5,-0.004136373466230114,-0.00162810496199062,0.0073702253295626205,0.018964527075843212
10000,100,0.2,6,-0.013545557622572845,0.013386500800391277,0.4982532067725789,0.018964527075843212
10000,100,0.5,1,0.051197226576080335,-0.0022588765783046806,0.01373371376335597,0.019275182847967205
10000,100,0.5,2,0.030500658494006294,0.005642518639381463,0.08569371912353516,0.019275182847967205
10000,100,0.5,3,0.007206871357796392,-0.009854161292001106,0.26136192483341747,0.019275182847967205
10000,100,0.5,4,-0.0047887147438141426,-0.009105064000765856,0.22313566557980175,0.019275182847967205
10000,100,0.5,5,-0.028108146202609284,-0.011407120350410381,0.35023136282998496,0.019275182847967205
10000,100,0.5,6,-0.037870163776797354,0.004946013942077651,0.06584361386990475,0.019275182847967205
10000,100,1,1,0.04153215870230634,0.007855861972456113,0.10864175918192277,0.0238339184831139
10000,100,1,2,0.014362751435428471,0.003988383150790167,0.02800288948833841,0.0238339184831139
10000,100,1,3,-4.950322076557019e-5,0.012390554563396957,0.27026548703989567,0.0238339184831139
10000,100,1,4,-0.009272324497017112,-0.006259018022193517,0.06896385099761801,0.0238339184831139
10000,100,1,5,-0.024187449712577417,0.006234843128153747,0.06843214647415263,0.0238339184831139
10000,100,1,6,-0.04201399118864279,0.016089110756924478,0.4556938668180725,0.0238339184831139
10000,1000,0.01,1,0.03214279789514007,0.0066359532338634356,0.1158802560004327,0.019493893709235228
10000,1000,0.01,2,0.006599592251663746,0.005534081190054098,0.08059235846857428,0.019493893709235228
10000,1000,0.01,3,-0.006115152601581905,-0.01598128634808319,0.67208821290013,0.019493893709235228
10000,1000,0.01,4,-0.020806932443260043,0.0024206556277007896,0.015419448159631118,0.019493893709235228
10000,1000,0.01,5,-0.025410326244173508,-0.0028625200457074295,0.021562538398720753,0.019493893709235228
10000,1000,0.01,6,-0.045497018613315975,0.005991231424957734,0.09445718607251115,0.019493893709235228
10000,1000,0.02,1,0.03207077622961609,0.0011805585401600718,0.004776567128004004,0.01708164077540214
10000,1000,0.02,2,0.027492315807198877,0.006944326654044085,0.16527269689097449,0.01708164077540214
10000,1000,0.02,3,0.008596685062699519,-6.21247882312149e-4,0.0013227283861232102,0.01708164077540214
10000,1000,0.02,4,7.949636619844886e-4,-0.004672943995736824,0.07483796735909837,0.01708164077540214
10000,1000,0.02,5,-0.02161010795051484,0.011231980098310081,0.43236793798168405,0.01708164077540214
10000,1000,0.02,6,-0.051202559996173576,0.009684282574753027,0.3214221022541158,0.01708164077540214
10000,1000,0.05,1,0.03158789484842709,-0.009582517935923079,0.21491911064355454,0.020670078379139232
10000,1000,0.05,2,0.025473815020734737,-0.013506901886882335,0.4269993790939667,0.020670078379139232
10000,1000,0.05,3,0.013826538072449615,0.003122368567731336,0.02281834204083439,0.020670078379139232
10000,1000,0.05,4,-0.002963338507967493,-0.008120188020792445,0.15432913562982378,0.020670078379139232
10000,1000,0.05,5,-0.010349660128073883,-0.006954866969056601,0.11321224636735434,0.020670078379139232
10000,1000,0.05,6,-0.02549238399516666,-0.005379059220956187,0.06772178622446627,0.020670078379139232
10000,1000,0.1,1,0.03639612918088875,-0.01549898043115971,0.45949073256509776,0.022864660205112
10000,1000,0.1,2,0.02631429654217956,-0.010941209176517388,0.22898189164166205,0.022864660205112
10000,1000,0.1,3,0.017836583429016645,-6.044816997079539e-4,6.989350365078918e-4,0.022864660205112
10000,1000,0.1,4,-0.011703088953608307,0.009584294366430835,0.1757076962062229,0.022864660205112
10000,1000,0.1,5,-0.01939430969332439,-0.008336902919216767,0.13294744189515054,0.022864660205112
10000,1000,0.1,6,-0.040331746153539294,0.0010659206036697242,0.002173302655358878,0.022864660205112
10000,1000,0.2,1,0.035902090933785824,0.011139731609943889,0.34420852129423724,0.018987330882368016
10000,1000,0.2,2,0.022844641903586985,-0.007108872997097829,0.14017600340221592,0.018987330882368016
10000,1000,0.2,3,0.013408601138816477,-0.003883149889625693,0.04182543552306024,0.018987330882368016
10000,1000,0.2,4,-0.01267323644900559,-0.011387879931615023,0.3597144810891886,0.018987330882368016
10000,1000,0.2,5,-0.01672333179729172,-0.001372499620011503,0.00522512432527533,0.018987330882368016
10000,1000,0.2,6,-0.03225308632144096,0.0062643930908719715,0.10885043436602272,0.018987330882368016
10000,1000,0.5,1,0.042957308443530205,0.012877253712385692,0.6633470127365396,0.015810764267487
10000,1000,0.5,2,0.02833521129024309,0.008052346759777639,0.2593816271577876,0.015810764267487
10000,1000,0.5,3,0.01806325258795975,0.001867264249314735,0.013947804050652532,0.015810764267487
10000,1000,0.5,4,-0.007157970104059146,-0.001067019019592495,0.0045544778517980986,0.015810764267487
10000,1000,0.5,5,-0.018738430674486748,0.0035111792414634834,0.049317411439488416,0.015810764267487
10000,1000,0.5,6,-0.025692082934746244,-0.0015371174901633263,0.009451666763733612,0.015810764267487
10000,1000,1,1,0.04388716560272201,-0.0036753496189077493,0.020976807483691476,0.025376338661099687
10000,1000,1,2,0.036313760851734524,0.011020768381333522,0.18861048293263477,0.025376338661099687
10000,1000,1,3,0.011506684201285762,-0.006650600547242359,0.06868530076692346,0.025376338661099687
10000,1000,1,4,-3.217195036592148e-4,-0.003493688382941917,0.01895441601749163,0.025376338661099687
10000,1000,1,5,-0.029449928208160128,0.020104433692448517,0.6276618975017052,0.025376338661099687
10000,1000,1,6,-0.04200415917718431,0.006954741767777862,0.07511109529755348,0.025376338661099687
10000,10000,0.01,1,0.06699034839433825,-0.003156893839249637,0.01765509782510164,0.02375882252542897
10000,10000,0.01,2,0.025485288155587434,-0.006834302429617903,0.08274439015324331,0.02375882252542897
10000,10000,0.01,3,0.0180211309812226,-0.0064576318195768995,0.07387487065366719,0.02375882252542897
10000,10000,0.01,4,0.008436025504658332,-0.014917850325984567,0.3942417954912221,0.02375882252542897
10000,10000,0.01,5,-0.011143551474702576,0.014864190341427531,0.39141069575833726,0.02375882252542897
10000,10000,0.01,6,-0.0299584881236218,0.0047561074221657475,0.040073150118428436,0.02375882252542897
10000,10000,0.02,1,0.024562836901022136,-0.005405704278866558,0.04866904592207854,0.024503372793809097
10000,10000,0.02,2,0.01481891733141,-1.9551743599630295e-4,6.366771326766e-5,0.024503372793809097
10000,10000,0.02,3,-0.008215068410304435,2.531699976651451e-4,1.0675119377740463e-4,0.024503372793809097
10000,10000,0.02,4,-0.021756494622744215,0.007575669493261713,0.09558512307726509,0.024503372793809097
10000,10000,0.02,5,-0.03927502130773672,0.013852131840295958,0.3195814021805959,0.024503372793809097
10000,10000,0.02,6,-0.04380441641361968,-0.017939314162315517,0.5359940099130155,0.024503372793809097
10000,10000,0.05,1,0.051061731711453895,-0.016508741215231718,0.35713270402107244,0.027624800398298534
10000,10000,0.05,2,0.02167489048127172,0.003480494806789445,0.015873901558768555,0.027624800398298534
10000,10000,0.05,3,0.0032130021508036686,-9.755110686059645e-4,0.0012469990007681418,0.027624800398298534
10000,10000,0.05,4,-0.005073247004708889,-0.006443130822582731,0.05439958685604776,0.027624800398298534
10000,10000,0.05,5,-0.02118074456627663,-0.005825706764089901,0.04447325779598141,0.027624800398298534
10000,10000,0.05,6,-0.024925486014704894,-0.020051753052818224,0.5268735507673618,0.027624800398298534
10000,10000,0.1,1,0.044601258735650844,-0.011864326577386624,0.3073701610369604,0.02139992445595591
10000,10000,0.1,2,0.03655639298123036,0.015161489473883865,0.5019486112472398,0.02139992445595591
10000,10000,0.1,3,0.01827717570706848,-0.0018659250589611268,0.007602631031289268,0.02139992445595591
10000,10000,0.1,4,0.010688214276481926,-0.005034322637497313,0.055342351637047565,0.02139992445595591
10000,10000,0.1,5,-0.0011214421857962261,0.007192570394473706,0.11296496228217068,0.02139992445595591
10000,10000,0.1,6,-0.04539431337881472,0.0026008861750390533,0.0147712827652923,0.02139992445595591
10000,10000,0.2,1,0.044926758929298045,-6.278315959516215e-4,2.7904894064997165e-4,0.03758399822606406
10000,10000,0.2,2,0.037409966360053185,0.03583281578075856,0.9089833239164657,0.03758399822606406
10000,10000,0.2,3,0.008645052767825278,-0.00850814819935746,0.05124649111207398,0.03758399822606406
10000,10000,0.2,4,1.974609065466871e-4,0.004914076874268827,0.017095347549467246,0.03758399822606406
10000,10000,0.2,5,-0.023200846446275458,-0.004484645873323768,0.014238044702150806,0.03758399822606406
10000,10000,0.2,6,-0.05139161802891207,-0.0033945953291310603,0.008157743779192296,0.03758399822606406
10000,10000,0.5,1,0.04268265654262894,0.008251199509224715,0.19971725292138345,0.018463298723946205
10000,10000,0.5,2,0.025656132023314203,0.008049819619819933,0.1900875638995068,0.018463298723946205
10000,10000,0.5,3,0.011162397222849783,-0.009099617323325038,0.2429000839761152,0.018463298723946205
10000,10000,0.5,4,-9.714353374118467e-4,-0.0034708457267363974,0.03533881872439823,0.018463298723946205
10000,10000,0.5,5,-0.02792605916949877,0.00840648227307769,0.20730511137885713,0.018463298723946205
10000,10000,0.5,6,-0.030875227234912136,-0.006518647161771727,0.12465116909973924,0.018463298723946205
10000,10000,1,1,0.02776992791635926,-0.0021527134646443756,0.0070235657105256494,0.02568664610201229
10000,10000,1,2,0.016259253751874432,-0.01923806804259253,0.560929277399412,0.02568664610201229
10000,10000,1,3,0.003342612878394131,-0.01348178855364775,0.2754737482857939,0.02568664610201229
10000,10000,1,4,-0.009711747883506159,0.005212204439369218,0.04117447582615949,0.02568664610201229
10000,10000,1,5,-0.017284349956413474,-0.008282994128678398,0.10398241566148429,0.02568664610201229
10000,10000,1,6,-0.040781123915354635,-0.002744569408663874,0.011416517116624674,0.02568664610201229
10000,100000,0.01,1,0.054420156548791856,0.0025083672866496793,0.01598238373499991,0.01984131039906299
10000,100000,0.01,2,0.03252923098880924,0.007906283049133038,0.15878300394710887,0.01984131039906299
10000,100000,0.01,3,0.006839659923168118,-0.003410749539459406,0.02955010005553313,0.01984131039906299
10000,100000,0.01,4,2.027146699636154e-4,0.016563731400193033,0.6969083306905699,0.01984131039906299
10000,100000,0.01,5,-0.020361244435650645,-0.0027978966257624933,0.019884864064463142,0.01984131039906299
10000,100000,0.01,6,-0.02833342647087369,0.005572947551081571,0.07889131750732509,0.01984131039906299
10000,100000,0.02,1,0.03625450490453608,-0.007224237226348419,0.12532735104147702,0.020406525607987842
10000,100000,0.02,2,0.027295391062227205,-0.0022053366288901886,0.011679160979998686,0.020406525607987842
10000,100000,0.02,3,0.008078087060255826,-0.009203016270280678,0.20338655612257067,0.020406525607987842
10000,100000,0.02,4,6.1739507577219e-4,-0.006327750424830875,0.09615249241337984,0.020406525607987842
10000,100000,0.02,5,-0.02641001152830062,-0.012796658778051482,0.3932376049274966,0.020406525607987842
10000,100000,0.02,6,-0.04700133405679609,0.008419190248966956,0.17021683451507716,0.020406525607987842
10000,100000,0.05,1,0.06696223863957564,0.015344126054396997,0.2809546934162836,0.02894836313607522
10000,100000,0.05,2,0.030702228265375876,-0.004193807009015473,0.020987893829364283,0.02894836313607522
10000,100000,0.05,3,0.01888873207335371,0.004981762418676016,0.02961542711273136,0.02894836313607522
10000,100000,0.05,4,-0.012288628167835929,0.017755656662158843,0.3762057709894712,0.02894836313607522
10000,100000,0.05,5,-0.02284072459463158,-0.011530548703476192,0.15865432849837777,0.02894836313607522
10000,100000,0.05,6,-0.03368859197666317,0.010580295504008932,0.1335818861537718,0.02894836313607522
10000,100000,0.1,1,0.04559218275713433,-0.028724929164297103,0.7895911534659872,0.03232643624621426
10000,100000,0.1,2,0.029809872469923455,-0.004871451261939532,0.022709159719361674,0.03232643624621426
10000,100000,0.1,3,0.013462220737536472,0.010718103850201218,0.1099310212411633,0.03232643624621426
10000,100000,0.1,4,-0.00381278435938279,0.001816738559610967,0.0031584151134606245,0.03232643624621426
10000,100000,0.1,5,-0.007303950463085813,-0.006670746499543329,0.04258270198150386,0.03232643624621426
10000,100000,0.1,6,-0.034644389069997235,0.00578521732438561,0.032027548478523286,0.03232643624621426
10000,100000,0.2,1,0.02898871462160489,0.014512613482389232,0.5550117182587657,0.019480251179643422
10000,100000,0.2,2,0.003143251904320428,-0.004102166990929109,0.04434427577858532,0.019480251179643422
10000,100000,0.2,3,-0.001927619165813639,0.00504419208605663,0.06704928145987922,0.019480251179643422
10000,100000,0.2,4,-0.020722005840532003,-0.0042049790309441285,0.0465949193185406,0.019480251179643422
10000,100000,0.2,5,-0.024834806505277463,0.00847230705579274,0.18915345119883087,0.019480251179643422
10000,100000,0.2,6,-0.041068602900810984,0.006093500850246373,0.0978463539853982,0.019480251179643422
10000,100000,0.5,1,0.04146715544678321,4.052137348451758e-5,2.3598963791043224e-6,0.02637774651929721
10000,100000,0.5,2,0.025961811773909608,-0.016459477123143437,0.38936480095430415,0.02637774651929721
10000,100000,0.5,3,0.0074905570304609915,-0.0025718706230412275,0.009506548200476687,0.02637774651929721
10000,100000,0.5,4,2.652718443500197e-4,0.019525016852020623,0.5479077629609326,0.02637774651929721
10000,100000,0.5,5,-0.016936776319384,-0.005982083982172574,0.0514315520826163,0.02637774651929721
10000,100000,0.5,6,-0.022233720800470237,-0.001115056924191466,0.0017869759052911384,0.02637774651929721
10000,100000,1,1,0.04888914435580086,-0.009340904579759512,0.23084359190662457,0.01944151138562138
10000,100000,1,2,0.01982912466547998,-0.0052037274653402394,0.07164222055387398,0.01944151138562138
10000,100000,1,3,0.0066516510100508835,-0.010499061209333221,0.291635835042581,0.01944151138562138
10000,100000,1,4,-0.0026057265701397827,0.00759243312533861,0.15251125771922378,0.01944151138562138
10000,100000,1,5,-0.03661660483995501,-0.009785993530367926,0.2533668549742662,0.01944151138562138
10000,100000,1,6,-0.0418453386394834,-9.520455331657202e-6,2.398034304236307e-7,0.01944151138562138
10000,1000000,0.01,1,0.021098779024531857,-0.004910281981490577,0.01574647885749126,0.03913043769607701
10000,1000000,0.01,2,0.019965223586510823,-0.005590600069583574,0.020412088360444176,0.03913043769607701
10000,1000000,0.01,3,-0.01284788952997235,-0.021182332210840298,0.2930340843690828,0.03913043769607701
10000,1000000,0.01,4,-0.020340195161596818,-0.0065115187215003135,0.02769077913084252,0.03913043769607701
10000,1000000,0.01,5,-0.02815303419813924,0.03137448173091899,0.6428708140901036,0.03913043769607701
10000,1000000,0.01,6,-0.03641115631094683,-6.134314763403025e-4,2.4575519203568906e-4,0.03913043769607701
10000,1000000,0.02,1,0.02668147352223011,0.006813110290146631,0.07976687263359915,0.024123156629417625
10000,1000000,0.02,2,0.011323357538794139,0.008585623900886909,0.12667048886110394,0.024123156629417625
10000,1000000,0.02,3,-8.050765717138912e-4,-0.007167336885906527,0.08827695875182481,0.024123156629417625
10000,1000000,0.02,4,-0.018862332959615848,-0.010524995839874079,0.19035995450746768,0.024123156629417625
10000,1000000,0.02,5,-0.027476576392360126,0.016546957311704316,0.47050909156071596,0.024123156629417625
10000,1000000,0.02,6,-0.03158900978142623,-0.005084016565022706,0.044416633685288476,0.024123156629417625
10000,1000000,0.05,1,0.01996175551083603,-0.031090920372362375,0.49267315054685945,0.04429494135238099
10000,1000000,0.05,2,0.006015775626991598,-5.626975501546233e-5,1.613770553735272e-6,0.04429494135238099
10000,1000000,0.05,3,0.00443656825265674,-0.018052626233464764,0.1661011039825971,0.04429494135238099
10000,1000000,0.05,4,-0.008355740221248277,-0.02170548627184798,0.24012135074553612,0.04429494135238099
10000,1000000,0.05,5,-0.026750171948942338,-3.509308437404081e-4,6.276749824713618e-5,0.04429494135238099
10000,1000000,0.05,6,-0.04209624208399128,0.01407994079693926,0.10104001345620656,0.04429494135238099
10000,1000000,0.1,1,0.035429744306631705,-0.0037852942085003505,0.03456513342383235,0.020360128819328874
10000,1000000,0.1,2,0.02455783843385767,0.0030081103612254355,0.02182863043402696,0.020360128819328874
10000,1000000,0.1,3,0.004666121601796713,0.004021275202243998,0.03900915550568635,0.020360128819328874
10000,1000000,0.1,4,-0.01168056282895938,6.299958349391802e-4,9.574460538390052e-4,0.020360128819328874
10000,1000000,0.1,5,-0.02078024493414686,0.005617024664472218,0.07611173444349245,0.020360128819328874
10000,1000000,0.1,6,-0.04544908197183245,-0.018521316105070275,0.8275279001391228,0.020360128819328874
10000,1000000,0.2,1,0.037840419418253474,-0.016135661400863054,0.20770809598492376,0.03540462995114931
10000,1000000,0.2,2,0.03438699014656057,0.014054702005917328,0.1575880076469,0.03540462995114931
10000,1000000,0.2,3,-0.007406248923511062,0.009323246029510833,0.06934484324677201,0.03540462995114931
10000,1000000,0.2,4,-0.014961938862740541,0.015946692814908892,0.20287154551834713,0.03540462995114931
10000,1000000,0.2,5,-0.02455477872047337,-0.018635635557695908,0.27705647119195187,0.03540462995114931
10000,1000000,0.2,6,-0.0347891504301629,-0.010348273467601445,0.08543103641110524,0.03540462995114931
10000,1000000,0.5,1,0.038375827199202815,-6.778026266821083e-4,5.332173366760055e-4,0.02935290688314588
10000,1000000,0.5,2,0.02232551528328241,0.01636977452518993,0.3110163078026942,0.02935290688314588
10000,1000000,0.5,3,0.008453227530797974,0.008646750499341637,0.08677679813204607,0.02935290688314588
10000,1000000,0.5,4,-0.0012135103064365672,-0.007428047343218713,0.0640393761417367,0.02935290688314588
10000,1000000,0.5,5,-0.02169785430977996,-0.010019516467748305,0.11651753629013001,0.02935290688314588
10000,1000000,0.5,6,-0.04989350680363628,-0.019048131569943956,0.42111676429671707,0.02935290688314588
10000,1000000,1,1,0.05603521221380297,0.02646271807509902,0.6658475718611921,0.03243000680629552
10000,1000000,1,2,0.039973295724996694,6.165391112472529e-4,3.6143248561538316e-4,0.03243000680629552
10000,1000000,1,3,0.02356664679908358,-0.005378578911241825,0.02750685953956935,0.03243000680629552
10000,1000000,1,4,0.010021255138434812,-0.008688914909840292,0.07178554613585812,0.03243000680629552
10000,1000000,1,5,0.0023784606751382498,0.00800639612426815,0.060950892205157745,0.03243000680629552
10000,1000000,1,6,-0.031558294836010116,0.013510034816569035,0.1735476977726073,0.03243000680629552
10000,10000000,0.01,1,0.045547320095177604,0.021075263579078938,0.44357930785620003,0.03164370851709169
10000,10000000,0.01,2,0.025679126909157864,0.007456432963046228,0.055524861584822456,0.03164370851709169
10000,10000000,0.01,3,0.007007598138742887,0.010439159868705295,0.10883193386257821,0.03164370851709169
10000,10000000,0.01,4,-0.010000919440449422,-0.012001004818923052,0.14383363939837043,0.03164370851709169
10000,10000000,0.01,5,-0.034255290262076105,-0.006772548842514366,0.045806756453615934,0.03164370851709169
10000,10000000,0.01,6,-0.06515643742361249,0.014236978893085547,0.20242350084441296,0.03164370851709169
10000,10000000,0.02,1,0.04712997088564035,-0.007745542179225715,0.36955014404468073,0.012741340892265187
10000,10000000,0.02,2,0.0213582901990697,-0.006332829279594758,0.24703886895253294,0.012741340892265187
10000,10000000,0.02,3,0.013481206527667858,-0.0022675734454510274,0.031673237284038196,0.012741340892265187
10000,10000000,0.02,4,0.010986647281292401,-0.004862726649377766,0.1456563569362643,0.012741340892265187
10000,10000000,0.02,5,-0.015665867836536732,-0.00468522513800516,0.13521680156834717,0.012741340892265187
10000,10000000,0.02,6,-0.03872086054108896,0.0033917964277610933,0.07086459121413662,0.012741340892265187
10000,10000000,0.05,1,0.04809587772114707,0.008557154474268405,0.22378852855652084,0.018088829347951092
10000,10000000,0.05,2,0.029497964364330335,-0.008002797913354415,0.1957324252220289,0.018088829347951092
10000,10000000,0.05,3,0.007334744102591161,-0.002120623421169368,0.013743779665177643,0.018088829347951092
10000,10000000,0.05,4,0.0022909784556255793,-0.00931884812550831,0.26540160475452806,0.018088829347951092
10000,10000000,0.05,5,-0.013257353123498747,-0.00951968880070247,0.27696480163767156,0.018088829347951092
10000,10000000,0.05,6,-0.027600439382811568,0.0028237618698986047,0.024368860164072876,0.018088829347951092
10000,10000000,0.1,1,0.05215626169969418,0.0032796820964721084,0.022368382620570924,0.021928779347544225
10000,10000000,0.1,2,0.03189187369087866,0.0054419794514144575,0.06158640872975455,0.021928779347544225
10000,10000000,0.1,3,0.013831780910622893,-0.01543829828720775,0.4956440994617794,0.021928779347544225
10000,10000000,0.1,4,-0.012840392947849113,0.002223493403030743,0.01028117556336808,0.021928779347544225
10000,10000000,0.1,5,-0.03529367915033853,-0.00436145939839793,0.039558038845494546,0.021928779347544225
10000,10000000,0.1,6,-0.05348370336001994,0.013348880240220476,0.3705618947790325,0.021928779347544225
10000,10000000,0.2,1,0.04842860489938676,0.0023915696603231907,0.008341892538193701,0.02618488915742318
10000,10000000,0.2,2,0.02615431916068829,0.018910601617650687,0.5215659265198932,0.02618488915742318
10000,10000000,0.2,3,0.00922199816227386,-0.006714789684304793,0.06576023392889795,0.02618488915742318
10000,10000000,0.2,4,-0.0029440222946122575,-2.5246275785669814e-4,9.295936842860273e-5,0.02618488915742318
10000,10000000,0.2,5,-0.028930015893872778,0.00897319882669551,0.11743379669934019,0.02618488915742318
10000,10000000,0.2,6,-0.044027798729340435,-0.014023106862350674,0.28680519094524637,0.02618488915742318
10000,10000000,0.5,1,0.03419374228226299,0.009079240841450412,0.31494674416845186,0.016178228872483567
10000,10000000,0.5,2,0.021824687844713114,0.0029804759489742254,0.033939801121298095,0.016178228872483567
10000,10000000,0.5,3,0.0017303726740074093,0.00638442994848685,0.15573359251416194,0.016178228872483567
10000,10000000,0.5,4,-0.007253958074771821,-0.002753786389056125,0.02897333900652279,0.016178228872483567
10000,10000000,0.5,5,-0.02709715197256312,-0.010913342231273725,0.4550442162988813,0.016178228872483567
10000,10000000,0.5,6,-0.04819002403675329,-0.0017245041056479869,0.011362306890683993,0.016178228872483567
10000,10000000,1,1,0.04148950415285335,-0.015487783992015064,0.33581145137161333,0.026726465727611427
10000,10000000,1,2,0.021481033900941627,0.003475408153495011,0.016909414389072484,0.026726465727611427
10000,10000000,1,3,0.014987260011331145,0.0011114305508091074,0.0017293448176855712,0.026726465727611427
10000,10000000,1,4,-0.004772451560364294,-0.011094307972193185,0.17231273309602135,0.026726465727611427
10000,10000000,1,5,-0.020208497055607164,-0.0019593549667171607,0.005374563274574752,0.026726465727611427
10000,10000000,1,6,-0.03902391265096349,0.018281029411270862,0.4678624930510325,0.026726465727611427
