nch,z,anchor,dir,interval,dAI,ebar,aniso,zmax,znrm
5,0.1,pool,0ffbda7,0.01,0.6685689066920963,0.05596675382980094,0.2671425080957078,0.0014301787039776353,0.002397489609036266
5,0.1,pool,0ffbda7,0.02,0.705354138779522,0.0336455901911083,0.2859872685562399,0.0013617405560393215,0.0018947024694781585
5,0.1,pool,0ffbda7,0.05,0.7794776881017434,-0.018833854138259543,0.31766260452410605,0.0013431121177126938,0.002024321794256642
5,0.1,pool,0ffbda7,0.1,0.7107544031342118,-0.010035380372104143,0.28999068043053633,0.0016369202686530972,0.003069423439211192
5,0.1,pool,0ffbda7,0.2,0.5900319745349897,-0.013718435950130697,0.24048858533693157,0.0019476677256290967,0.003356526154652947
5,0.1,pool,0ffbda7,0.5,0.45642233317442016,0.04163850138422563,0.18162174862207278,0.0019638452384433945,0.0025880755718090225
5,0.1,pool,0ffbda7,1,0.7502897918269437,0.08338750241474115,0.2947354515397121,0.0013357616227357163,0.002320398862009588
5,0.1,sim,0ffbda7,0.01,0.6286128994209959,0.14173528274492456,0.2139395689868866,0.23129302032550347,0.2884668968016267
5,0.1,sim,0ffbda7,0.02,0.6088070619115062,0.09519944148742292,0.22958964722457073,0.1912965965407959,0.22798550543644527
5,0.1,sim,0ffbda7,0.05,0.6956244417481696,7.038343721459004e-4,0.28398661695594984,0.1518131624419084,0.22206496506400739
5,0.1,sim,0ffbda7,0.1,0.6584673719572373,-0.00896563571662861,0.26866862618892035,0.16491798910407873,0.21369901816841053
5,0.1,sim,0ffbda7,0.2,0.6030698985449254,-0.05442957005880258,0.24011033364902273,0.20242390232450047,0.24742865888610646
5,0.1,sim,0ffbda7,0.5,0.4297491895791225,-0.0667024617176285,0.1622698655269273,0.17310333613608128,0.3137552262342576
5,0.1,sim,0ffbda7,1,0.4559216573212639,-0.05008360465127876,0.17926440104185698,0.16930320799549461,0.2848977569168735
5,1,pool,0ffbda7,0.01,0.2651722016012912,-0.021850275429011235,0.10602805390094791,0.0021582994215169414,0.0029341211912197536
5,1,pool,0ffbda7,0.02,0.2845376232313774,-0.02691598794218253,0.11300061695461297,8.975502856274323e-4,0.001515042223857954
5,1,pool,0ffbda7,0.05,0.27987411096995995,-0.03798742421288887,0.1077584115829213,0.00106936461594899,0.0020717004029019853
5,1,pool,0ffbda7,0.1,0.2812568292374412,-0.020890867924762104,0.1129061806817206,0.001213307126321445,0.0019988680076465848
5,1,pool,0ffbda7,0.2,0.26931846785127833,-0.02753343128128971,0.10644552448477343,0.0013909520609018352,0.002061297658819354
5,1,pool,0ffbda7,0.5,0.2411335217605797,-1.651321551670781e-4,0.09844220953169085,0.001327614697824599,0.0017955451845719818
5,1,pool,0ffbda7,1,0.4158659140487873,0.04022841039905778,0.1649416606198604,0.002052055903071689,0.0035884112073408304
5,1,sim,0ffbda7,0.01,0.2830055596945873,-0.014310175209010316,0.11464689277005517,0.10592329021348053,0.11876460975688892
5,1,sim,0ffbda7,0.02,0.3165217653312411,-0.024341006370203512,0.12690621233921762,0.08694800097216869,0.10155234352618851
5,1,sim,0ffbda7,0.05,0.2700778137025295,-0.026600739392142136,0.10700189206822953,0.08434477917288048,0.1090801991602846
5,1,sim,0ffbda7,0.1,0.2669857200011499,-0.009541539249983636,0.10857802790081315,0.06417650138493451,0.08729116240282342
5,1,sim,0ffbda7,0.2,0.26898984779137636,-0.023327107021725007,0.10730844536724479,0.07750369291248492,0.12309490951747885
5,1,sim,0ffbda7,0.5,0.23212945148160752,-0.01996715021476023,0.09263904838939785,0.08709146684447483,0.10130873355027167
5,1,sim,0ffbda7,1,0.3766236121791706,0.005801127451703727,0.15364647016914124,0.07216115184837557,0.09312550986122094
10,0.05,pool,1c2ae6f,0.01,0.8520312157012627,0.030268693074862966,0.34652080982403016,0.0010391766298533838,0.0015998963764130218
10,0.05,pool,1c2ae6f,0.02,0.8566288092809813,0.029162412507757824,0.3484992202455447,0.002629542103419003,0.005006114029834486
10,0.05,pool,1c2ae6f,0.05,0.7445034218473258,0.04381853469118948,0.3007670641452948,0.001808303848648623,0.002791863483028052
10,0.05,pool,1c2ae6f,0.1,0.6845261770589106,0.028039358621531,0.27804641497642263,0.0020633760584722687,0.003670981891003874
10,0.05,pool,1c2ae6f,0.2,0.5371288347780536,0.029100681125448332,0.21734239013525775,0.0013438077526519866,0.0019411212451039329
10,0.05,pool,1c2ae6f,0.5,0.3966192119609455,0.0338145468431332,0.158348906862495,0.001524513647114266,0.0023205089705777087
10,0.05,pool,1c2ae6f,1,0.6100500180939936,0.07054930523712935,0.23885064990485586,0.002449034998345879,0.003658130806354533
10,0.05,sim,1c2ae6f,0.01,0.7600143402922818,0.06894005027461775,0.3025187085836487,0.19932789790513258,0.21447786843989672
10,0.05,sim,1c2ae6f,0.02,0.7984864696474588,0.054246556290779575,0.321435454638929,0.18456378459412823,0.20994578765444574
10,0.05,sim,1c2ae6f,0.05,0.7231638261859823,0.04188934194708664,0.292243510818002,0.11920293345847668,0.1876213342566144
10,0.05,sim,1c2ae6f,0.1,0.6955719247205226,0.005951377908782318,0.2839036776400679,0.17659436319350727,0.22149321983245654
10,0.05,sim,1c2ae6f,0.2,0.5838025792451721,-0.02168600883676788,0.23734775950691187,0.1984286146641711,0.2527655370887884
10,0.05,sim,1c2ae6f,0.5,0.38751094490381266,-0.0650546949598484,0.14420590163739958,0.15484097536906039,0.3043206223177216
10,0.05,sim,1c2ae6f,1,0.3992345590531593,-0.03573042131481319,0.1590221447358649,0.15813683946806664,0.2783443137566376
10,0.1,pool,1c2ae6f,0.01,0.6205903539863715,0.017657351214701307,0.2527388952883371,8.420348042390812e-4,0.0013812063439609906
10,0.1,pool,1c2ae6f,0.02,0.6553637611231193,0.017565057509040426,0.2669739287900804,0.001372806946087013,0.0017734584781655793
10,0.1,pool,1c2ae6f,0.05,0.6052837185124467,0.025014764076447125,0.24583664948004702,0.001699227945516991,0.0018295823283848694
10,0.1,pool,1c2ae6f,0.1,0.55425557228937,0.025748107560413177,0.2248041551944571,0.001335619904295456,0.0024036955873688484
10,0.1,pool,1c2ae6f,0.2,0.45394428951762594,0.005142360900330095,0.18525062066107756,0.0013839194455078196,0.0015115149796311466
10,0.1,pool,1c2ae6f,0.5,0.32121725872635404,0.016403430172625657,0.1301064257797594,5.95906409490125e-4,7.680397112798729e-4
10,0.1,pool,1c2ae6f,1,0.5773136256764702,0.07463611192347688,0.22355749714312456,0.0012067442559931527,0.0018536821717898783
10,0.1,sim,1c2ae6f,0.01,0.6005267227546873,0.02798217199920989,0.2435618788739749,0.19140158185232747,0.2047040472193941
10,0.1,sim,1c2ae6f,0.02,0.6172426565633845,0.036133488899572734,0.2493841491090572,0.16343744085237052,0.17751387543133698
10,0.1,sim,1c2ae6f,0.05,0.6119057218151488,0.017964102720239985,0.24916271740600165,0.11800168735001786,0.16852357020165654
10,0.1,sim,1c2ae6f,0.1,0.5637174783727866,0.01861239850974842,0.22938281945009853,0.12896266968201014,0.1664814552218453
10,0.1,sim,1c2ae6f,0.2,0.4857094403436815,-0.029482978357870577,0.1960859438961516,0.18680968902224745,0.22641682420856976
10,0.1,sim,1c2ae6f,0.5,0.34681683059263485,-0.06508949336128464,0.12573918847237464,0.1612975712809343,0.24522122203820457
10,0.1,sim,1c2ae6f,1,0.40056312353566076,-0.0202936886282766,0.16226511904277538,0.10923780369291272,0.20614904771807152
10,0.2,pool,1c2ae6f,0.01,0.49804786752645264,-0.001755778605669828,0.2033196095627826,0.0021240145064925246,0.0032302750632433016
10,0.2,pool,1c2ae6f,0.02,0.4962339536170641,0.020337634438960923,0.20156323262398565,0.0014237663512425632,0.00214649423425914
10,0.2,pool,1c2ae6f,0.05,0.457460860381058,-0.010388457588261868,0.186468459564524,0.0014557080658741917,0.0025634596347049615
10,0.2,pool,1c2ae6f,0.1,0.42933656143092386,0.00254837587391891,0.17525739055446457,0.0019433506166885656,0.002621362707020283
10,0.2,pool,1c2ae6f,0.2,0.3557584438545693,-1.0372820427509823e-4,0.1452377394805855,0.002296934632375245,0.0033525204750659435
10,0.2,pool,1c2ae6f,0.5,0.2899397985014281,0.020388606272242243,0.11659825267465891,0.0010269683022399625,0.0016168568156130867
10,0.2,pool,1c2ae6f,1,0.5108749123870775,0.06472548369735238,0.19826617070131033,6.515336671121913e-4,9.354966431969587e-4
10,0.2,sim,1c2ae6f,0.01,0.4912934094954548,0.0052659001875856315,0.20050055527144847,0.14531270731047258,0.1496422789392474
10,0.2,sim,1c2ae6f,0.02,0.4849611246136458,0.028122653963407813,0.19597703538546665,0.14082908264167043,0.14984893521336787
10,0.2,sim,1c2ae6f,0.05,0.45007527871176334,-0.007650233257199592,0.18358313289176564,0.11003591915453008,0.1281374746773837
10,0.2,sim,1c2ae6f,0.1,0.4416874016299576,-0.00409145623279637,0.18027170265740272,0.10240369102354639,0.14102786414364832
10,0.2,sim,1c2ae6f,0.2,0.3776578096067265,-0.021106982645944888,0.15272654913191155,0.12667674511160465,0.15760249488062875
10,0.2,sim,1c2ae6f,0.5,0.3098480728774886,-0.03887630517033585,0.12037277214533125,0.1216512944154486,0.15749078703120342
10,0.2,sim,1c2ae6f,1,0.35617307460925846,-0.016704192649169603,0.1444443830477374,0.0970706725322221,0.17283840921676227
10,0.5,pool,1c2ae6f,0.01,0.29393342717967796,-4.8779464805471465e-4,0.11999682770242931,0.0011328286139635794,0.002349159842409343
10,0.5,pool,1c2ae6f,0.02,0.357032091504652,-0.017530946319541996,0.14469963711716433,0.0018004610970879823,0.002907934571179727
10,0.5,pool,1c2ae6f,0.05,0.3315705951892026,-0.009061264652903123,0.13505950570733774,0.001524225925169934,0.0017423988449450224
10,0.5,pool,1c2ae6f,0.1,0.2938405213684146,-0.00782066946028583,0.11970468855564195,0.0015681694204967473,0.0022208998660274435
10,0.5,pool,1c2ae6f,0.2,0.26091987524910215,-0.012388642603428179,0.1057972199592804,8.707126584614477e-4,0.0012524792039092718
10,0.5,pool,1c2ae6f,0.5,0.19712163669848778,0.012170457497057334,0.07954895708573068,0.0017223829306713826,0.0032534527193486774
10,0.5,pool,1c2ae6f,1,0.4231773630653837,0.04602707293009987,0.1665173324091195,8.314463896541604e-4,0.0014965434378550729
10,0.5,sim,1c2ae6f,0.01,0.29381945666834974,0.008185361672401666,0.11967168437203245,0.12314619572118121,0.12535521138173367
10,0.5,sim,1c2ae6f,0.02,0.3586819956708733,-0.014728202336223739,0.1456887403302556,0.09498404295314397,0.09731697336721666
10,0.5,sim,1c2ae6f,0.05,0.32815273327055566,-0.0026152591682522225,0.13394226297789263,0.094714799294825,0.1021914681068123
10,0.5,sim,1c2ae6f,0.1,0.29066172175098437,-0.004133570836694945,0.11859013312250083,0.08554797630562927,0.09977497277010605
10,0.5,sim,1c2ae6f,0.2,0.2684416950555776,-0.017675154495274084,0.10815611951073384,0.0970813695038432,0.12461997245727324
10,0.5,sim,1c2ae6f,0.5,0.20813126387819594,-0.008332474808700606,0.08455968521790734,0.10864405740846096,0.13031712582308572
10,0.5,sim,1c2ae6f,1,0.3591354839485855,-0.005455527755131828,0.14651491342320902,0.09059750963299852,0.10874567017959813
10,1,pool,1c2ae6f,0.01,0.27898932003041554,-0.01730942993771029,0.11257393311539947,0.002070661296821117,0.003994148724217749
10,1,pool,1c2ae6f,0.02,0.2195026969425216,-0.012085482838222517,0.08879290567799009,0.0013281192877101923,0.0020239508202910127
10,1,pool,1c2ae6f,0.05,0.2543537759861638,-0.011465718981346636,0.10320454373707288,5.272588350513816e-4,7.252705500465143e-4
10,1,pool,1c2ae6f,0.1,0.2408857694463356,-0.012274556382206427,0.09757216604089626,0.001678968120210487,0.0023402513136459484
10,1,pool,1c2ae6f,0.2,0.1807874080187381,-0.009624400024234923,0.07317594372831226,5.021591835024223e-4,9.09496784411156e-4
10,1,pool,1c2ae6f,0.5,0.1747154951984924,-0.0012445341030266459,0.0713164439565575,0.0019564988671185533,0.0028209985590574205
10,1,pool,1c2ae6f,1,0.34062651945905204,0.03552710829640341,0.1344453874350484,0.0011080669448566294,0.0015038125680145158
10,1,sim,1c2ae6f,0.01,0.2745143983434596,-0.013273761515513415,0.1112811742308998,0.07609334561899395,0.08566868556397429
10,1,sim,1c2ae6f,0.02,0.22326283528382268,-0.010537661791855493,0.09053548081897152,0.07569435961010815,0.0783462009626088
10,1,sim,1c2ae6f,0.05,0.25097627425269015,-0.006168203910927097,0.10227480123083503,0.04612420519285093,0.05874354471298838
10,1,sim,1c2ae6f,0.1,0.23883954791639367,-0.00990649119243487,0.0970012871413163,0.06580913158389898,0.0734802065582556
10,1,sim,1c2ae6f,0.2,0.18313593446749377,-0.009617374383665585,0.07414378727970475,0.0445301378314522,0.0719203639710649
10,1,sim,1c2ae6f,0.5,0.17343326652544425,-0.01506733639557394,0.06918206677714182,0.07051929541325241,0.08590565043053554
10,1,sim,1c2ae6f,1,0.2983811436133155,-3.6780440090625373e-4,0.12181303651055174,0.06107730875881396,0.07216725832026928
10,10,pool,1c2ae6f,0.01,0.08048252736149468,0.01309367450127819,0.030135171419293443,0.001293012135031898,0.0020142789336429186
10,10,pool,1c2ae6f,0.02,0.07170347757658466,-0.0012191364996148666,0.02924742419925676,0.0016851483348675968,0.002982846072497264
10,10,pool,1c2ae6f,0.05,0.10472025063768958,0.006010607560520719,0.04232723015219437,6.231053221486327e-4,9.460989816098726e-4
10,10,pool,1c2ae6f,0.1,0.09867081684951637,0.0033456346224649824,0.040143016145585825,0.0013905476397583713,0.0018026944032045477
10,10,pool,1c2ae6f,0.2,0.11962824295991535,0.0050921215176031615,0.04857183392388417,0.0014948546288967189,0.0025832552758062537
10,10,pool,1c2ae6f,0.5,0.13449416949021997,0.006929720737522247,0.05446796527908819,0.00126751282476049,0.0017614046662775067
10,10,pool,1c2ae6f,1,0.1927950194539459,0.00913647399654465,0.07817615640729825,0.003077836728737282,0.004382791360858084
10,10,sim,1c2ae6f,0.01,0.07699333220550422,0.011676036966614982,0.02918331192260563,0.011404800947057156,0.019056437767644378
10,10,sim,1c2ae6f,0.02,0.05808195037880804,0.002287178517174138,0.023601291795117847,0.02522573791140714,0.03659179785399359
10,10,sim,1c2ae6f,0.05,0.11203526575629438,0.010219183491879016,0.04458196665626015,0.01520452611231679,0.02575625348423661
10,10,sim,1c2ae6f,0.1,0.09077070345002825,-0.003925867847650814,0.03684844179127447,0.015030710678519686,0.025222301753461303
10,10,sim,1c2ae6f,0.2,0.12093670074752251,0.00744823374366271,0.0488071519217802,0.02517910108864878,0.029571592617906838
10,10,sim,1c2ae6f,0.5,0.11595638890690323,0.0033724901823654527,0.047218714489328066,0.020787139589169622,0.03291889913971976
10,10,sim,1c2ae6f,1,0.18412286020979046,0.005738399526041396,0.07494848483804417,0.020538705791620798,0.029022622037794266
10,100,pool,0ffbda7,0.01,0.07682959601127544,0.003403730306295119,0.031180321099661134,0.001593167379867131,0.002573904785817423
10,100,pool,0ffbda7,0.02,0.06427882772768015,-0.007076152045143946,0.025269666029480265,0.0032394654519090744,0.005633229197713034
10,100,pool,0ffbda7,0.05,0.0819410494883268,0.00731680588372689,0.03264230818331627,7.209724461964384e-4,0.0011351596243852826
10,100,pool,0ffbda7,0.1,0.06757244568959905,7.395704412344928e-4,0.027576419969025854,9.206146624915102e-4,0.0015495354716367695
10,100,pool,0ffbda7,0.2,0.07148206060653772,-0.008200923375840538,0.028006410347330264,0.0019903179452347743,0.0026362344942053697
10,100,pool,0ffbda7,0.5,0.0783977958568653,0.005780862394916069,0.03147936936852716,0.002048312171943604,0.0028721816527886137
10,100,pool,0ffbda7,1,0.09211037169781515,0.005595962694299938,0.03718519370092906,0.0019685158185458298,0.0025920708677534842
10,100,sim,0ffbda7,0.01,0.0816508935064009,0.007343532887831366,0.03251487751462309,0.010161847753353864,0.018123662994781978
10,100,sim,0ffbda7,0.02,0.06424304185342919,-0.008878523385637924,0.024678598560714964,0.0025000081431940267,0.0037438601588923297
10,100,sim,0ffbda7,0.05,0.0861885974454006,0.008890354655056942,0.03404468606172667,0.014244994780400151,0.025542324925022383
10,100,sim,0ffbda7,0.1,0.07993825487221894,0.007144706930808326,0.03184295727800469,0.025802729592162902,0.04620886432251488
10,100,sim,0ffbda7,0.2,0.07345427835833852,-0.008783697303422341,0.028672318181001067,0.020100390077441254,0.03038169297695011
10,100,sim,0ffbda7,0.5,0.09203408083187786,0.01843128972056425,0.03274140444449597,0.01765347305771617,0.02401532035273197
10,100,sim,0ffbda7,1,0.0927715376537603,0.006643380063317026,0.03728661781088267,0.013031429351650473,0.022588652321323403
10,1000,pool,0ffbda7,0.01,0.07786536643302576,0.004075962652000674,0.03152600635588114,9.259594724239587e-4,0.001052126279205424
10,1000,pool,0ffbda7,0.02,0.07316155975090195,0.009891371788341825,0.028182673193688734,0.0010390852414516938,0.0011792824486824619
10,1000,pool,0ffbda7,0.05,0.07111807073537199,-0.005199761470374577,0.028564415126250534,7.876419562994359e-4,0.0013736190707242576
10,1000,pool,0ffbda7,0.1,0.08595315027252447,-0.005552674060340911,0.03464811420180728,0.001404132741853196,0.0020850004877299593
10,1000,pool,0ffbda7,0.2,0.07381873253335164,-0.003785572355531534,0.029897664135281873,9.679751706871818e-4,0.001409206380336223
10,1000,pool,0ffbda7,0.5,0.06529145567115917,-0.0011776197041401646,0.026629098916578293,0.0013009018556348168,0.0019333553349785474
10,1000,pool,0ffbda7,1,0.0920966316331643,-0.009848310908912947,0.03628556690022237,8.03427130065196e-4,0.0013272507428811308
10,1000,sim,0ffbda7,0.01,0.08212415422741638,0.004240291626530503,0.03325782180956415,0.01304418290708186,0.013970431026441693
10,1000,sim,0ffbda7,0.02,0.08315952647313042,0.014711811443903834,0.03059652068310328,0.01796290324257235,0.031073865940121213
10,1000,sim,0ffbda7,0.05,0.0731361579240228,-0.007143387168097576,0.028990601104747597,0.019606817646422553,0.02742587945342348
10,1000,sim,0ffbda7,0.1,0.08315858519751594,0.002366998281048764,0.033866734432865905,0.02333723632093141,0.03410001174755425
10,1000,sim,0ffbda7,0.2,0.06999117572999104,-0.0013221243926069032,0.02854317373911939,0.012425768187033087,0.022618587526367737
10,1000,sim,0ffbda7,0.5,0.07857187110437279,0.006600757139839658,0.03139033545516652,0.022806567139358313,0.03540251517674608
10,1000,sim,0ffbda7,1,0.09270534121704906,-0.0113514744294561,0.036104349829888735,0.010591966189371827,0.011596905005811673
10,10000,pool,0ffbda7,0.01,0.0744485501739806,3.419293945919541e-4,0.03039156990774029,0.017349728333449766,0.0277271485076508
10,10000,pool,0ffbda7,0.02,0.07701629433704396,0.005944420864691205,0.030874727412860757,0.008576963614496351,0.013950067026767286
10,10000,pool,0ffbda7,0.1,0.08102348785758305,0.011900988882503722,0.03086261051369182,0.0213000610739932,0.030783985628489663
10,10000,pool,0ffbda7,0.2,0.08087746681628855,0.007435059273510071,0.03217007926685967,0.024483048893696662,0.04656421905103099
10,10000,pool,0ffbda7,0.5,0.048652779226883276,8.298069554166708e-4,0.019845072642011574,0.008737060332574808,0.012521976604868632
10,10000,pool,0ffbda7,1,0.06655868833740834,0.006469576442163202,0.02639105428344454,0.016073893175143024,0.02900703202383256
10,10000,sim,0ffbda7,0.01,0.07463343631288037,-3.406921441268922e-4,0.0304670679834428,0.017345011012501178,0.031677945069360086
10,10000,sim,0ffbda7,0.02,0.07700205480889101,0.005925572852114989,0.030872430967442785,0.008576814200603935,0.013931311760820157
10,10000,sim,0ffbda7,0.05,0.05376599253263725,-0.010067200170954171,0.019505088384518393,0.01127260055464816,0.018199552502975107
10,10000,sim,0ffbda7,0.1,0.08315172112284427,0.014633676739293729,0.030630436269148992,0.021324655125751612,0.0328499569885791
10,10000,sim,0ffbda7,0.2,0.0818366890462148,0.0095950915381821,0.03200221082021858,0.024530839018203954,0.04619745554409529
10,10000,sim,0ffbda7,0.5,0.048893455636966864,0.0018331811755184406,0.019876312052249514,0.008697970704504945,0.012371895443942134
10,10000,sim,0ffbda7,1,0.07944126703232451,0.017741049020506362,0.02714911289408008,0.01613749287754728,0.02791579470998253
20,0.05,pool,1c2ae6f,0.01,0.699209914929508,0.07617103638510672,0.2751006919995666,0.00248180051642633,0.0030730267635826905
20,0.05,pool,1c2ae6f,0.02,0.6891335397982994,0.06411787407853217,0.2739338195674371,0.0021776063579477516,0.0032294557821165018
20,0.05,pool,1c2ae6f,0.05,0.633251818768339,0.04963600941341329,0.25371423077630684,0.0016537183493177672,0.002913041361946812
20,0.05,pool,1c2ae6f,0.1,0.5780350704796954,0.017206285295465987,0.2353537072799338,0.003587666626326384,0.004607974744569801
20,0.05,pool,1c2ae6f,0.2,0.4594570508237332,0.024398979968169667,0.18597890570829068,0.0011778155197016283,0.0013049108197836664
20,0.05,pool,1c2ae6f,0.5,0.29283847046043593,0.013512786745300705,0.11878467728616049,7.339531730756971e-4,0.0010083232902019135
20,0.05,pool,1c2ae6f,1,0.42760321417902364,0.03883170132586694,0.17019454682267973,0.0020177294055860307,0.002837605020774289
20,0.05,sim,1c2ae6f,0.01,0.702587207559558,0.08365099983914659,0.2743610290541169,0.1723448338631835,0.17861722959898238
20,0.05,sim,1c2ae6f,0.02,0.6907688443758568,0.0665339060633344,0.27404410606813184,0.1403569385698685,0.16157568553275056
20,0.05,sim,1c2ae6f,0.05,0.6391654827546592,0.04492268903880015,0.2570422229913911,0.11260850660993856,0.15782732316784653
20,0.05,sim,1c2ae6f,0.1,0.5951480543394408,0.003364781268190388,0.2429448758004325,0.12120242731080137,0.15634794499802926
20,0.05,sim,1c2ae6f,0.2,0.4886050243457918,-0.013039117607947001,0.1990455384612562,0.17502853758436068,0.19666225652013986
20,0.05,sim,1c2ae6f,0.5,0.3229394151125138,-0.0537109376261687,0.1204025725840326,0.10933765022646448,0.2128911938310031
20,0.05,sim,1c2ae6f,1,0.34268472367407643,-0.021963263974227393,0.1381656674993035,0.09447157906343816,0.16630431117220867
20,0.1,pool,1c2ae6f,0.01,0.5661584974201109,0.038783931758010697,0.2278560525219587,0.0021463549195971593,0.0024928002107966374
20,0.1,pool,1c2ae6f,0.02,0.5427960104410153,0.038514898307286084,0.21822279311174902,0.0016945766531407532,0.0028868947737003036
20,0.1,pool,1c2ae6f,0.05,0.5244809080845663,0.02554818277171106,0.21258879128793487,4.334947200057379e-4,7.032882098405776e-4
20,0.1,pool,1c2ae6f,0.1,0.46955956411623945,0.01968942742326101,0.19068304545304912,0.00161712079770405,0.0024263017086452363
20,0.1,pool,1c2ae6f,0.2,0.3833709478032942,0.01482236634626003,0.15580707533944005,0.0014768134108638805,0.0022054992271176143
20,0.1,pool,1c2ae6f,0.5,0.2291829364238103,0.01600063826719933,0.09218522639961867,0.001101646420007396,0.0016371000816567181
20,0.1,pool,1c2ae6f,1,0.41378918201174797,0.04796410815183424,0.1619764144997384,0.0012719894949702224,0.002037989635320655
20,0.1,sim,1c2ae6f,0.01,0.5682563110145091,0.04748334063661255,0.2270782644742201,0.14614873659486516,0.15108666716062413
20,0.1,sim,1c2ae6f,0.02,0.5440238707771214,0.04300654647491759,0.21789316714739154,0.13949217524075405,0.14512707497807162
20,0.1,sim,1c2ae6f,0.05,0.529398991339879,0.024859742714340338,0.21469173683242607,0.09511317971581837,0.12061393043781102
20,0.1,sim,1c2ae6f,0.1,0.4765010295893586,0.013075857952535299,0.19409077035953629,0.09265199279462245,0.12022267636360388
20,0.1,sim,1c2ae6f,0.2,0.3973593681458385,-0.009489356530935042,0.16194349844366132,0.15316902396839058,0.16670958425434482
20,0.1,sim,1c2ae6f,0.5,0.2559328747673814,-0.04041846106147777,0.09634981786804007,0.11627996236250383,0.17505115211038086
20,0.1,sim,1c2ae6f,1,0.3253991683485737,-0.011861392734437676,0.1323130523520765,0.07311951196171498,0.13963509770904176
20,0.2,pool,1c2ae6f,0.01,0.43544908172841496,0.014106151372357748,0.1772107980809299,0.0024242213060966713,0.003277488030908012
20,0.2,pool,1c2ae6f,0.02,0.39553088288684785,0.01519886201207822,0.1607579167975231,0.003076127011997509,0.0035774318578439945
20,0.2,pool,1c2ae6f,0.05,0.3813058332176154,0.008001256688261208,0.15546168756011414,0.0011308707796886923,0.0016240901000592785
20,0.2,pool,1c2ae6f,0.1,0.3749664432646209,-0.007146849886658211,0.15291248520788267,0.002137137928040723,0.0024735010387474405
20,0.2,pool,1c2ae6f,0.2,0.30954830135160893,0.007112523027254435,0.12617225194602494,0.0015933423095688096,0.0022383665451873153
20,0.2,pool,1c2ae6f,0.5,0.20720938728594118,0.0025928013090320626,0.08455313365733058,0.0010865224191841068,0.0013773591880221906
20,0.2,pool,1c2ae6f,1,0.35505499539735375,0.037935975763549734,0.1398983084326011,0.001647735625999194,0.002062889606362449
20,0.2,sim,1c2ae6f,0.01,0.4352328621200991,0.023496111789043535,0.17612270374847275,0.12552694113211285,0.12954385094215812
20,0.2,sim,1c2ae6f,0.02,0.39543569103346676,0.020797628739817792,0.16009067096280138,0.11357451125732479,0.11913894822202567
20,0.2,sim,1c2ae6f,0.05,0.38454953882417603,0.00749962304883719,0.15681245790999226,0.08192532905498405,0.11001558457266011
20,0.2,sim,1c2ae6f,0.1,0.38054157650682796,-0.007843148612728036,0.15515734034055773,0.08316037234625337,0.11448426319475843
20,0.2,sim,1c2ae6f,0.2,0.3100594716381184,-0.0031332712849502513,0.12654246429482252,0.09201330798461893,0.11336295522254959
20,0.2,sim,1c2ae6f,0.5,0.22373944618257324,-0.03794485290675077,0.08308677051271447,0.09376279077596436,0.12512855395618278
20,0.2,sim,1c2ae6f,1,0.2932457650586632,-0.006978863191496357,0.11951349403321712,0.06074862205576851,0.11264953155259484
20,0.5,pool,1c2ae6f,0.01,0.2642738342913756,0.004673839437682756,0.10778805657441055,9.183103455325276e-4,0.0017633304411398994
20,0.5,pool,1c2ae6f,0.02,0.2767351874728505,0.009039631902850873,0.11261444128529835,0.001740796709610103,0.0025847060294230746
20,0.5,pool,1c2ae6f,0.05,0.287134905642368,0.0029137127569424624,0.11718611671615353,0.0032005161828408146,0.004853986230409055
20,0.5,pool,1c2ae6f,0.1,0.26307704883959426,-0.0049647458103959435,0.10728594302173608,0.0013375169512571843,0.0020072050766825637
20,0.5,pool,1c2ae6f,0.2,0.2120343355808902,-0.019261403985839462,0.0843924852146162,0.0010530305799341699,0.0015606120335422665
20,0.5,pool,1c2ae6f,0.5,0.14170883859243205,-0.00301148194885073,0.05777395721552291,0.002309342522384466,0.003702048652043818
20,0.5,pool,1c2ae6f,1,0.27005068441492464,0.021425247692769787,0.10814583111150577,0.0027347981842166143,0.0032943844397570064
20,0.5,sim,1c2ae6f,0.01,0.26768723928016347,0.004774553897262274,0.10917850817501303,0.05647291827781612,0.057316071703596864
20,0.5,sim,1c2ae6f,0.02,0.28047465692034507,0.010550059619398859,0.11401623468227967,0.08034464799938747,0.08099414603051855
20,0.5,sim,1c2ae6f,0.05,0.2881222881021874,0.005304197823111862,0.11750577703100361,0.07783857896523011,0.0897749141755972
20,0.5,sim,1c2ae6f,0.1,0.2655219034369056,-6.713251584935416e-4,0.10839678434648242,0.046385442642142935,0.07542479454637066
20,0.5,sim,1c2ae6f,0.2,0.21962225859884382,-0.024391460251531105,0.08627888547499643,0.06977571596930547,0.10365329772330052
20,0.5,sim,1c2ae6f,0.5,0.15851194164955287,-0.020722943866933036,0.0613044223940912,0.06866198549969153,0.08056066847294178
20,0.5,sim,1c2ae6f,1,0.2337811564142204,-0.010235340570518045,0.09489033663024142,0.05234528423927144,0.06990329374882863
20,1,pool,1c2ae6f,0.01,0.22553336221638395,-0.0027307470932245036,0.09203310599498396,0.0016789257475107277,0.002297748014049423
20,1,pool,1c2ae6f,0.02,0.2306297285714154,-4.945660688244346e-4,0.09415289350071876,0.00108371568619481,0.0021102164259456453
20,1,pool,1c2ae6f,0.05,0.20351151570803686,-0.006433593777080727,0.08283375947487794,0.002102784735802899,0.00273127909716146
20,1,pool,1c2ae6f,0.1,0.18944786287347196,-4.630692407004526e-4,0.07734037986782383,0.001238581033222561,0.0018640302019542739
20,1,pool,1c2ae6f,0.2,0.18258880110632195,-0.014669101592780152,0.07308394151043963,5.942680969702198e-4,0.0010005859568362806
20,1,pool,1c2ae6f,0.5,0.13738249036899453,-0.0016898434100619834,0.05606070405593639,0.0010469991296321824,0.0016117831436935882
20,1,pool,1c2ae6f,1,0.2702125758592441,0.026684171313289876,0.10703781742949992,9.381945433252438e-4,0.001430583833438595
20,1,sim,1c2ae6f,0.01,0.2310192507689141,-8.508808693659045e-4,0.09430937584735614,0.06383135346045565,0.06565006402349705
20,1,sim,1c2ae6f,0.02,0.2312837477526058,0.004432851406692803,0.0943170812957795,0.05674645803170211,0.05852469981273526
20,1,sim,1c2ae6f,0.05,0.20306526212417672,-0.004440293329352403,0.08278204661686056,0.038021680408886746,0.05818092988344694
20,1,sim,1c2ae6f,0.1,0.1860095261564297,0.003545339015970648,0.07585526486727924,0.03559863369658439,0.04523688999157082
20,1,sim,1c2ae6f,0.2,0.17698184234370543,-0.011096069634452461,0.07139541996442127,0.04930748052007666,0.057057528074605436
20,1,sim,1c2ae6f,0.5,0.14908918766489399,-0.00948315369972721,0.060122104440355484,0.05183687353837853,0.06745443264534731
20,1,sim,1c2ae6f,1,0.2384074319713865,0.0038327922722071577,0.09725393037437265,0.04567541439868394,0.05524909313962527
20,10,pool,1c2ae6f,0.01,0.07274008091422031,-0.0024415578467144585,0.029595473029654946,0.001230092627315783,0.002325658307478064
20,10,pool,1c2ae6f,0.02,0.11519814063813934,-0.00832125097382975,0.046287421437268376,0.0014942157585470799,0.002875699661750076
20,10,pool,1c2ae6f,0.05,0.08714089595316653,4.7912447753654323e-4,0.03557189524032221,0.0015016188944899827,0.0026076747844251914
20,10,pool,1c2ae6f,0.1,0.06381741912696448,5.353993391954409e-4,0.026047850420947042,8.224690118878774e-4,0.0016688546155322213
20,10,pool,1c2ae6f,0.2,0.08967615809476352,5.807823687658623e-7,0.036610138232947564,0.002291697455744911,0.003535938761366687
20,10,pool,1c2ae6f,0.5,0.15379217925751337,0.010975759566251051,0.06181859295880464,0.002192238830694744,0.002330120104980427
20,10,pool,1c2ae6f,1,0.17862581918731796,0.008408373666306588,0.07243730483904337,0.0022357178502758995,0.0029942809285517236
20,10,sim,1c2ae6f,0.01,0.07752593114541323,-5.79456361211434e-4,0.03164452396522991,0.016825527123631976,0.025289319788264465
20,10,sim,1c2ae6f,0.02,0.1164746579318409,-0.005705731059042482,0.047207015260500244,0.014120994035404576,0.025527885393261257
20,10,sim,1c2ae6f,0.05,0.08983535579806322,0.0021397152016316805,0.03661265915977707,0.013535327144096719,0.028311008952788968
20,10,sim,1c2ae6f,0.1,0.06622260955212803,3.00633915187978e-5,0.0270352504243643,0.007033656270120907,0.013384362245185109
20,10,sim,1c2ae6f,0.2,0.09360019954306083,-0.008454663573830377,0.03726506258687191,0.009965344109482155,0.017804711265107184
20,10,sim,1c2ae6f,0.5,0.1682251381674315,0.008969954439877378,0.06808932443921314,0.022522967934340315,0.040134152705369935
20,10,sim,1c2ae6f,1,0.18839739026646354,0.01013002952232664,0.07624289220475454,0.009687310663648658,0.018350371377374324
50,0.05,pool,1c2ae6f,0.01,0.6166524313620494,0.057237757297044146,0.2451541202122844,0.0024286340473566766,0.0030754838143115604
50,0.05,pool,1c2ae6f,0.02,0.5601777216061878,0.05522283012248785,0.22192405382002375,0.001735453707421448,0.0028159543906351907
50,0.05,pool,1c2ae6f,0.05,0.5530769637233063,0.023546535879049726,0.22456160687361912,0.0012848481505562304,0.0020412198061361257
50,0.05,pool,1c2ae6f,0.1,0.48104538934617,0.02154633536228272,0.19520040949664383,0.0013599847635665928,0.0021747716361519348
50,0.05,pool,1c2ae6f,0.2,0.3229690225874546,-0.002746757493689994,0.13182293774271664,0.0019828097590294685,0.0031344939716252762
50,0.05,pool,1c2ae6f,0.5,0.1608039250818305,0.008748284965372735,0.06506241539566802,0.0013942951209423527,0.0021377164356025267
50,0.05,pool,1c2ae6f,1,0.23331560806669413,0.012244493287027052,0.09446040376121884,0.0017384578309112162,0.0023875844082598126
50,0.05,sim,1c2ae6f,0.01,0.619537555913715,0.0629667646662679,0.24496186862187228,0.07958990122508089,0.09170028031107044
50,0.05,sim,1c2ae6f,0.02,0.5621788030673452,0.058306895262882456,0.22197854341018808,0.07401978766695612,0.0872637995490012
50,0.05,sim,1c2ae6f,0.05,0.5559954065966128,0.020445419419756822,0.22606149646539184,0.059180735056138384,0.07933454630684024
50,0.05,sim,1c2ae6f,0.1,0.48096049302648586,0.014120286511454474,0.19584292213629054,0.08102488841515569,0.08545491955487489
50,0.05,sim,1c2ae6f,0.2,0.33934435056029866,-0.018663605227505126,0.13727381839269395,0.08196502588394114,0.09528077803237976
50,0.05,sim,1c2ae6f,0.5,0.18146957167053393,-0.023936711133477787,0.07011111253213442,0.058802775650597064,0.11261300093128326
50,0.05,sim,1c2ae6f,1,0.21735647288244536,-0.012349565219154325,0.08787184393316243,0.027892334654136503,0.05484415197733888
50,0.1,pool,1c2ae6f,0.01,0.4947777783352525,0.038726625962074025,0.1982450254037202,0.002266727953887947,0.0029820880328973736
50,0.1,pool,1c2ae6f,0.02,0.45215370676300554,0.027923943348432144,0.1824666612776004,0.002699775081617306,0.0039100422117007445
50,0.1,pool,1c2ae6f,0.05,0.42691162543738237,0.027345097676029044,0.17212738002814393,0.0019372960746716103,0.0031395721060337054
50,0.1,pool,1c2ae6f,0.1,0.393115248049628,0.026259191863831608,0.1583257861210398,8.863618033929168e-4,0.0016053806289586222
50,0.1,pool,1c2ae6f,0.2,0.28687327957714803,0.006053268448530236,0.11695898581831204,0.0015631955682865585,0.0024392689048379117
50,0.1,pool,1c2ae6f,0.5,0.1869573661764536,0.004138712404780614,0.07621273201311755,0.001487670586982987,0.0021612966320372845
50,0.1,pool,1c2ae6f,1,0.189689466433442,0.010073063088434097,0.07678247855240423,0.0013406061492930157,0.0018556734477168644
50,0.1,sim,1c2ae6f,0.01,0.4951459717828169,0.04235082003200364,0.19765625954690932,0.07172855983053691,0.07956221206035693
50,0.1,sim,1c2ae6f,0.02,0.45413185180428145,0.03000552123332913,0.18295434357432971,0.07300941285394996,0.07682915515318446
50,0.1,sim,1c2ae6f,0.05,0.42992974305110193,0.030292546845901457,0.17288423563834063,0.06032719826459623,0.07503158876273812
50,0.1,sim,1c2ae6f,0.1,0.3942923020214827,0.022055248064010383,0.1594510455857899,0.05321211590420465,0.07466834839667051
50,0.1,sim,1c2ae6f,0.2,0.29885113986758877,-0.007466469584216082,0.12177678678073593,0.0807429845243941,0.09343000429836694
50,0.1,sim,1c2ae6f,0.5,0.19124123867745516,-0.02029110352053087,0.07539102298284808,0.04879098128324638,0.06104027776115776
50,0.1,sim,1c2ae6f,1,0.16957288823467268,-0.004358303655146316,0.06909051497823467,0.036647602302507784,0.05362200062707185
50,0.2,pool,1c2ae6f,0.01,0.3675881299252635,0.01951668196541131,0.14879271264207258,8.471380677117397e-4,0.0011369132333993713
50,0.2,pool,1c2ae6f,0.02,0.3508968765898044,0.023153574106078344,0.14136954530424062,0.0015291319645002973,0.0024625769436471497
50,0.2,pool,1c2ae6f,0.05,0.33190896944130904,0.01563581629698428,0.13459611899305365,0.0025502393713932193,0.0036047057890505017
50,0.2,pool,1c2ae6f,0.1,0.3418092010540282,0.005791439739808766,0.13942278943297734,0.001561678216342575,0.001853188626755508
50,0.2,pool,1c2ae6f,0.2,0.2631184192063103,0.011512044926526896,0.1067989852130982,0.0016381238961862953,0.0025339851679876384
50,0.2,pool,1c2ae6f,0.5,0.12469389178446387,0.005128439530056961,0.05064708168011736,0.0014867004407817096,0.002300597789988301
50,0.2,pool,1c2ae6f,1,0.22401478084308452,0.026024781715157545,0.08767257881482061,0.0012398540264333528,0.0019356991361052958
50,0.2,sim,1c2ae6f,0.01,0.3661667622864966,0.024500892280549767,0.14746543971843995,0.0828120205085373,0.08939112598435896
50,0.2,sim,1c2ae6f,0.02,0.35170838014994715,0.02588810167620457,0.14123126531645103,0.060257908313895284,0.06852218299635326
50,0.2,sim,1c2ae6f,0.05,0.33130712243157606,0.01604496423967552,0.13430051135989549,0.04885430869127251,0.06504958843586774
50,0.2,sim,1c2ae6f,0.1,0.3463279040170873,0.005656377841500415,0.1412745845502969,0.0449992274152983,0.055462481669684635
50,0.2,sim,1c2ae6f,0.2,0.2652574998085506,0.004805663652099125,0.10818423698014774,0.04815523030973113,0.05981987689125161
50,0.2,sim,1c2ae6f,0.5,0.12328011289746738,-0.01360950599818373,0.048453885834754795,0.0454464052464948,0.04859543214157053
50,0.2,sim,1c2ae6f,1,0.20911433779503666,0.017829785689732557,0.08348792200572681,0.01857517179357578,0.03262131842286925
50,0.5,pool,1c2ae6f,0.01,0.2816502728774794,0.008589610384901076,0.1146619580713762,0.0010731252497185556,0.001837499223190213
50,0.5,pool,1c2ae6f,0.02,0.23821926593617507,0.0068723260605493336,0.09700948877152436,8.553761324498172e-4,0.0014813204492791076
50,0.5,pool,1c2ae6f,0.05,0.249523852464668,0.009979849256202484,0.1013776508915634,0.0010289904586770404,0.0012985487134158395
50,0.5,pool,1c2ae6f,0.1,0.24110538807810777,0.004209301051654323,0.09834081796507,0.001600947354275688,0.0025185187427046282
50,0.5,pool,1c2ae6f,0.2,0.21951591282533936,4.934871026876395e-4,0.08961563740629468,9.787908349309653e-4,0.0015380892839171039
50,0.5,pool,1c2ae6f,0.5,0.08959616788799638,0.00586003423081041,0.03610501648685497,0.002824592472891828,0.004056953285893991
50,0.5,pool,1c2ae6f,1,0.18425868537277207,0.0010055135702429169,0.07521657263092861,0.0014155537800077,0.002285475108361124
50,0.5,sim,1c2ae6f,0.01,0.28464132435312844,0.009231178305261692,0.11583709510348406,0.04236245202724264,0.04515063606889368
50,0.5,sim,1c2ae6f,0.02,0.23981953499330527,0.010010404596968555,0.09739281301618642,0.04064931249341549,0.048791274550867965
50,0.5,sim,1c2ae6f,0.05,0.24974920041949605,0.009535229190425109,0.10151283952937021,0.029686968802548303,0.04679609229375302
50,0.5,sim,1c2ae6f,0.1,0.23822157622918602,0.003781640369397408,0.09718000013533061,0.05424427585202988,0.06261438764047701
50,0.5,sim,1c2ae6f,0.2,0.22843826884303092,-0.0051571185759030505,0.09311683292148393,0.056240952357478016,0.06583911610486905
50,0.5,sim,1c2ae6f,0.5,0.08428990918723855,-0.007641139864204625,0.03355211538350178,0.039904348064754284,0.048261412601357107
50,0.5,sim,1c2ae6f,1,0.1666472148436345,-0.022488823032097607,0.06420904822910664,0.0358339329464637,0.06641233900766237
50,1,pool,1c2ae6f,0.01,0.21212752013759123,9.4195546485805e-4,0.08659557448193442,0.0025789083018720343,0.0032851134945525756
50,1,pool,1c2ae6f,0.02,0.19907422057558224,0.006316720980029432,0.08102585956978829,0.001737899643676841,0.002264793297999452
50,1,pool,1c2ae6f,0.05,0.19458829475930137,-0.0018436732443918812,0.07941894156007981,0.0015432988086450585,0.0017375130838082817
50,1,pool,1c2ae6f,0.1,0.1766858732719112,0.008538391542492021,0.07162456868172688,0.0012929702072182235,0.0023979491915836503
50,1,pool,1c2ae6f,0.2,0.136519476628826,-0.004531006041967096,0.0555493585388924,0.0010891354881399577,0.0014865674099499425
50,1,pool,1c2ae6f,0.5,0.08445373483027924,0.007183282738239913,0.03372149665865516,9.206357942312893e-4,0.0012503993406646698
50,1,pool,1c2ae6f,1,0.16319913223436036,0.013280195427891458,0.06528881376676801,0.0016764891545956175,0.0024331954282995603
50,1,sim,1c2ae6f,0.01,0.21000564957864182,8.878944698949735e-4,0.08572984963963765,0.01837781092194999,0.025453102947191896
50,1,sim,1c2ae6f,0.02,0.20118026048550103,0.007348735917786611,0.08180207178659744,0.04375081349636523,0.04463263132764522
50,1,sim,1c2ae6f,0.05,0.19209265434484094,-0.002221621095010324,0.07839002301686501,0.014487131099850939,0.019353458796374658
50,1,sim,1c2ae6f,0.1,0.17517972011551974,0.01109641786329981,0.07065072705850246,0.016020952444685016,0.02468273153351861
50,1,sim,1c2ae6f,0.2,0.14334751902317303,-0.009880182663899865,0.05768131290875579,0.04067022341265871,0.04910020866084254
50,1,sim,1c2ae6f,0.5,0.090509691543044,-0.0011391861893850679,0.03693286204311019,0.022138798154231466,0.03411363293016122
50,1,sim,1c2ae6f,1,0.15435187385140473,-0.0013551444720541633,0.0629993154224699,0.021131935203240693,0.031518695384140566
50,10,pool,1c2ae6f,0.01,0.09649740443213595,-0.00968274190788423,0.03818642018006538,0.0016744172180891128,0.002649116901476101
50,10,pool,1c2ae6f,0.02,0.07774506841469493,-0.005047725328318517,0.03133533276474739,0.0011567691900882362,0.001978566247364631
50,10,pool,1c2ae6f,0.05,0.07252197459374281,0.0020754564186015122,0.02953413754426785,0.0013047447451518387,0.0018511761802611428
50,10,pool,1c2ae6f,0.1,0.08579120608830662,-0.011818296853837664,0.03296993124786513,0.0013056662725812547,0.002300706220332227
50,10,pool,1c2ae6f,0.2,0.08160850984341741,-0.010509900712596517,0.03161539920389887,0.0023966690323388128,0.004548161765971893
50,10,pool,1c2ae6f,0.5,0.07827027737674891,-0.006376540893001005,0.031311006259973316,0.0023287832497079293,0.0024711385340660183
50,10,pool,1c2ae6f,1,0.1378401239164294,-0.004088397119182215,0.056124281458313253,0.00180297231364174,0.002261732451636653
50,10,sim,1c2ae6f,0.01,0.10743634789681043,-0.014989439819285199,0.04121987589506759,0.026789360493394088,0.040514248328541766
50,10,sim,1c2ae6f,0.02,0.0790728944443093,-0.005195933088588307,0.03186046743702495,0.019547378515418774,0.02676690760142747
50,10,sim,1c2ae6f,0.05,0.07362072987008693,0.0066802693634934575,0.02930374229227197,0.02515365132572981,0.04196636339379948
50,10,sim,1c2ae6f,0.1,0.09038763597827856,-0.012999393458209548,0.034535053100807955,0.009202370733082093,0.01043142712142454
50,10,sim,1c2ae6f,0.2,0.08767968037257642,-0.014540824023115262,0.03270859461622161,0.010234007307354536,0.013199665093911322
50,10,sim,1c2ae6f,0.5,0.08058709973439213,-0.009660818946100132,0.03144914441693896,0.015496525280756554,0.023351864474904643
50,10,sim,1c2ae6f,1,0.12578902665575056,-0.00263230405690991,0.05128564626857593,0.008441883011922842,0.014504448339405085
100,0.05,pool,1c2ae6f,0.01,0.5065664521351405,0.05437724256129591,0.1995278858444618,7.956582583220534e-4,0.001090214330192118
100,0.05,pool,1c2ae6f,0.02,0.48781944331653876,0.037885872057313294,0.19551460877574642,0.001233161555648662,0.0021600673628661047
100,0.05,pool,1c2ae6f,0.05,0.43898291538066186,0.01968937576389916,0.1781291529987316,0.001417997278442872,0.0022854316442909913
100,0.05,pool,1c2ae6f,0.1,0.36475533228489276,0.02458001867619399,0.14686807488441808,0.0015496849798460857,0.0019353547707282835
100,0.05,pool,1c2ae6f,0.2,0.24140685416276578,0.013061310835647537,0.09768459635675289,0.0012590657909536855,0.002054654931761657
100,0.05,pool,1c2ae6f,0.5,0.11409360143961507,-0.003926321685667154,0.04641273869242095,5.310711341177815e-4,9.376554535744955e-4
100,0.05,pool,1c2ae6f,1,0.15172254338635824,0.006769722796456396,0.06156941244262471,0.002104384739557192,0.0033160837958145987
100,0.05,sim,1c2ae6f,0.01,0.5067649064621614,0.05635802107161735,0.19906167854333912,0.05480480977625888,0.06203133979054056
100,0.05,sim,1c2ae6f,0.02,0.4900321635579101,0.03996594484803432,0.19602204843489318,0.03311982389736248,0.046473974532754495
100,0.05,sim,1c2ae6f,0.05,0.44047271312285646,0.02129434437824135,0.17855695468151303,0.049362156537380714,0.05893807164103444
100,0.05,sim,1c2ae6f,0.1,0.36512703889347314,0.023846577527015998,0.14714267394414848,0.029984022876473754,0.04589024910866344
100,0.05,sim,1c2ae6f,0.2,0.2344069730803212,0.008627882017997506,0.09530651161732473,0.03090313343247613,0.03714583590762207
100,0.05,sim,1c2ae6f,0.5,0.11503585288149168,-0.007754364245826939,0.04631858241035744,0.014692917941091274,0.018869243538391065
100,0.05,sim,1c2ae6f,1,0.12815735269580325,-0.005510366984136514,0.052029033856423754,0.036886122843068046,0.04788201433161445
100,0.1,pool,1c2ae6f,0.01,0.41032939588700645,0.03818502169525464,0.1631061197696116,8.262644288910619e-4,0.001171945725130792
100,0.1,pool,1c2ae6f,0.02,0.40818166867626676,0.028370077214746176,0.16420673299041755,0.0021814282067486026,0.003994518876717719
100,0.1,pool,1c2ae6f,0.05,0.37770811590414904,0.0136712808665252,0.15359144794805124,0.002244668322607232,0.0029613846316295885
100,0.1,pool,1c2ae6f,0.1,0.3279868968559996,0.003043581515978488,0.1338654947939421,0.0016477358575651816,0.0021622496276266024
100,0.1,pool,1c2ae6f,0.2,0.23891433491316494,-0.0034467116156588766,0.09747545032915625,0.0013406605393915052,0.0019572382021609274
100,0.1,pool,1c2ae6f,0.5,0.1161290888992259,-0.006982404936313557,0.046892503694436385,0.001228991285732898,0.002274116344588945
100,0.1,pool,1c2ae6f,1,0.13625383386770096,0.003450873729744006,0.0555182493519852,9.777382379063785e-4,0.0012155540973367378
100,0.1,sim,1c2ae6f,0.01,0.4100502570632927,0.04077213050987132,0.162361229752153,0.03665603996819455,0.04486284991847147
100,0.1,sim,1c2ae6f,0.02,0.4094466892386653,0.03184724361963296,0.1640940328853625,0.04266334834664328,0.05532384573874254
100,0.1,sim,1c2ae6f,0.05,0.377680971975288,0.011681067832509254,0.15374450262147704,0.03507116601343762,0.04415230763678414
100,0.1,sim,1c2ae6f,0.1,0.32782032679723705,0.0023660267909877126,0.13381117178371996,0.023477889910528363,0.03241136280691825
100,0.1,sim,1c2ae6f,0.2,0.2403212098246362,-0.009961751598079292,0.09760367558154577,0.04068900040197244,0.05414735134134768
100,0.1,sim,1c2ae6f,0.5,0.12636732730869013,-0.018368961281721705,0.0482082098466732,0.028222511147217817,0.039675909677810116
100,0.1,sim,1c2ae6f,1,0.1410881812154685,0.0024184338808163498,0.05754821448732301,0.013371354360394265,0.022302019577896404
100,0.2,pool,1c2ae6f,0.01,0.32198395483109676,0.022039669341791086,0.12958857011101252,0.0010250945380677018,0.0018195817766206658
100,0.2,pool,1c2ae6f,0.02,0.3329763817948761,0.013474205440810136,0.13526760240331026,9.512517551964555e-4,0.002046468168838783
100,0.2,pool,1c2ae6f,0.05,0.29506509372374423,0.007679612536374819,0.12021477366360378,0.0022795172204618367,0.004367471243153291
100,0.2,pool,1c2ae6f,0.1,0.27838688241432596,0.007495583932505989,0.11340352260066137,0.001776337355826067,0.0033970227744333213
100,0.2,pool,1c2ae6f,0.2,0.2275288774524873,-0.003539900705858513,0.09282079929694723,0.0013866811313163598,0.0020090757520660443
100,0.2,pool,1c2ae6f,0.5,0.11554627283469242,-0.015013645512502007,0.04471853429421771,0.001484293528283843,0.002247441136417416
100,0.2,pool,1c2ae6f,1,0.13740476949932862,0.00549582438803516,0.05582539172416511,0.0010103043032673343,0.0015270626071550645
100,0.2,sim,1c2ae6f,0.01,0.3223469636025255,0.021961808522254208,0.12975209615670888,0.029331170889507256,0.031050459141908425
100,0.2,sim,1c2ae6f,0.02,0.3341981868387063,0.016235093330133912,0.13546645252217115,0.02667825973594592,0.03615279958558052
100,0.2,sim,1c2ae6f,0.05,0.2926478728973883,0.008975612130664157,0.1191353626710986,0.0369337494788226,0.04131252080428148
100,0.2,sim,1c2ae6f,0.1,0.28072756589933356,0.009421368915845656,0.11421864493321125,0.01880425599965935,0.028458207304880433
100,0.2,sim,1c2ae6f,0.2,0.23130547023828094,-0.004016340473306928,0.09434461176750471,0.009174442709088699,0.015668944748355614
100,0.2,sim,1c2ae6f,0.5,0.1239156337082837,-0.023924115849821567,0.04457372986066912,0.029311804342645246,0.051385732780227
100,0.2,sim,1c2ae6f,1,0.1478892828890681,-0.013136426076935609,0.05892911823113433,0.03809285556162523,0.04815418285071066
100,0.5,pool,1c2ae6f,0.01,0.2172284001358609,0.008761191175916781,0.08824929367107319,0.0018530212770690652,0.002631542875750026
100,0.5,pool,1c2ae6f,0.02,0.24651595443660757,0.018535607197184185,0.09891806658946058,0.0011077539200216124,0.0017851903401413175
100,0.5,pool,1c2ae6f,0.05,0.22307390025432067,0.008021575716179376,0.09071557282044818,8.64047418939011e-4,0.0012988127323015461
100,0.5,pool,1c2ae6f,0.1,0.21513769601294316,0.0065542498232915684,0.08758470100544656,4.2968003965643774e-4,8.740750886887832e-4
100,0.5,pool,1c2ae6f,0.2,0.16180457795065642,0.0010596768335937644,0.06604794212772026,0.0014236764838760647,0.002313502034270174
100,0.5,pool,1c2ae6f,0.5,0.08809615663136523,5.638530462732514e-4,0.035960685087261815,0.001506631958731601,0.002419260334193952
100,0.5,pool,1c2ae6f,1,0.13422349113489207,-0.001582083796104603,0.0547736670880133,0.001332158236093055,0.001975282215008148
100,0.5,sim,1c2ae6f,0.01,0.2162267808757329,0.010609609473952732,0.08763431394982932,0.039684194177437515,0.04388277997506467
100,0.5,sim,1c2ae6f,0.02,0.24719272556240957,0.018337246382159236,0.0992360115597262,0.009263428399832671,0.017084705054615484
100,0.5,sim,1c2ae6f,0.05,0.2237772125522869,0.010705683940353657,0.09072722013990336,0.018745445440577806,0.030165458183836667
100,0.5,sim,1c2ae6f,0.1,0.21263709308411616,0.004334855388611835,0.0867004301487042,0.020410275705330442,0.03035647888569636
100,0.5,sim,1c2ae6f,0.2,0.16613527235441045,0.002030610506655906,0.06779403666756106,0.023991984227595978,0.03038753528485899
100,0.5,sim,1c2ae6f,0.5,0.10172676681808604,-0.0023040528541222642,0.04146581549890166,0.013880117070470991,0.02114937678281766
100,0.5,sim,1c2ae6f,1,0.13616023280848727,-0.01228358515624455,0.05421299077514722,0.01514715465740739,0.017136277659922497
100,1,pool,1c2ae6f,0.01,0.19016706629010938,0.009813456067991512,0.07701265002300645,0.0013362647405841875,0.0018851040673138232
100,1,pool,1c2ae6f,0.02,0.16659537450719533,0.013341844620506735,0.06669081633419277,0.002047313615495933,0.00270278330283581
100,1,pool,1c2ae6f,0.05,0.12747692150122797,0.005460800997389018,0.0517549408756171,0.0018972393231220235,0.002675043913378727
100,1,pool,1c2ae6f,0.1,0.17261701399180204,-0.004182506719316881,0.07034637321225025,0.0011166085567151148,0.0014698588213935713
100,1,pool,1c2ae6f,0.2,0.1331977811072072,0.007132292188497043,0.05390799467721355,8.906733452820138e-4,0.0015283436775313166
100,1,pool,1c2ae6f,0.5,0.10261958121414616,0.005910592222028933,0.041475229246053374,0.001675309428525298,0.002153257712302833
100,1,pool,1c2ae6f,1,0.13114391084280316,0.015178230442879245,0.05134272631847383,0.002439361103237705,0.003973236484620222
100,1,sim,1c2ae6f,0.01,0.18708138820235376,0.013292696857982865,0.07521000717232873,0.027017636103340147,0.049847831616728594
100,1,sim,1c2ae6f,0.02,0.1662666591334865,0.01590511943158183,0.06598833860945143,0.032752542456116,0.0365043676597349
100,1,sim,1c2ae6f,0.05,0.1279483272197442,0.0028936201094039112,0.052154476021247766,0.01581653432586119,0.02075839869246503
100,1,sim,1c2ae6f,0.1,0.1724172130880856,3.0551030055871176e-5,0.07038902585970545,0.01759416579124173,0.0224652977339191
100,1,sim,1c2ae6f,0.2,0.1318683861315136,0.008544540911040262,0.053152635846599565,0.007405710894565989,0.013348629835341987
100,1,sim,1c2ae6f,0.5,0.11846917640345497,0.0017980952601329503,0.048331402625218484,0.029991341490627838,0.03974032961015802
100,1,sim,1c2ae6f,1,0.13805057357976172,0.01942244401394785,0.05290647861533842,0.011914697644965841,0.020099077290413703
100,10,pool,1c2ae6f,0.01,0.07878744395336197,0.005312181668067474,0.031723140030207285,0.0010960713768182044,0.0018816944301483648
100,10,pool,1c2ae6f,0.02,0.061062289032098975,0.005599291618037392,0.024291599172336142,0.0019706148421373216,0.0022989573695312397
100,10,pool,1c2ae6f,0.05,0.07409488301102576,6.100063108701483e-4,0.030242957974327918,0.0015909492076030764,0.00224295356555884
100,10,pool,1c2ae6f,0.1,0.06762913223489188,0.010584964804509584,0.02549983871637966,0.001370282943070272,0.0015588977816559126
100,10,pool,1c2ae6f,0.2,0.07106026189426098,-0.008396370680029647,0.02776858709916114,0.0012662176329813013,0.001742645856399721
100,10,pool,1c2ae6f,0.5,0.07631353570192707,0.0015074072675522812,0.031118381682717376,0.0013468000440556968,0.002014372781168702
100,10,pool,1c2ae6f,1,0.14054726410430785,0.0026465594273064833,0.057317111735781655,0.0012160887877983714,0.0017627439132671045
100,10,sim,1c2ae6f,0.01,0.07888983969226089,0.005502068533859531,0.03173318520036214,0.015959945278125325,0.024131210721181684
100,10,sim,1c2ae6f,0.02,0.06220610343603813,0.0038325580013969796,0.025104675194375786,0.007941031913552806,0.012729990882950418
100,10,sim,1c2ae6f,0.05,0.07409431525802142,0.00033819271090760814,0.030246986923484903,0.02208708959793858,0.030235875836099792
100,10,sim,1c2ae6f,0.1,0.06663814023569213,0.00861782666839965,0.02580387604977299,0.008818623648073875,0.011018709651884203
100,10,sim,1c2ae6f,0.2,0.07102943488389607,-0.005842143897304703,0.02840304193809982,0.016405775351323062,0.026961795633952852
100,10,sim,1c2ae6f,0.5,0.07417499072934086,0.0016608257801839007,0.030236234322594535,0.012926976123160136,0.019419454219285558
100,10,sim,1c2ae6f,1,0.1368679454973519,-5.8727078941278016e-5,0.05587607390682719,0.011230581832223698,0.017067550122701666
100,100,pool,0ffbda7,0.01,0.06713458441628825,-0.004414974046195128,0.027049647101136932,0.001121169053394538,0.0017430285620513566
100,100,pool,0ffbda7,0.02,0.06656313413594678,-7.221323471768813e-4,0.027164689013616586,0.002825510507823993,0.004407507046545424
100,100,pool,0ffbda7,0.05,0.05629907705036981,-4.7676336956932664e-4,0.0229790566127075,0.0021693326772396875,0.0024386118445908597
100,100,pool,0ffbda7,0.1,0.08490524936604371,-0.0017590306836408845,0.03461776094298543,7.440377941550102e-4,0.0013798911807854563
100,100,pool,0ffbda7,0.2,0.07031607629104285,0.0034036534106634173,0.028503922086057544,0.0016072192135082567,0.001871380527437134
100,100,pool,0ffbda7,0.5,0.06325415422228041,-0.006238535947927901,0.025058505015711073,5.263322367696798e-4,9.82052997845803e-4
100,100,pool,0ffbda7,1,0.107237742114191,0.0067291095927812395,0.04325938787954928,0.0014660495852291454,0.0029981359404401085
100,100,sim,0ffbda7,0.01,0.06653225429551204,-0.003273725346419817,0.02696367060750425,0.0071523289113361935,0.010850950325068213
100,100,sim,0ffbda7,0.02,0.06480625491116937,2.486380764426304e-4,0.026455874427220385,0.01237849683731296,0.013337400935694141
100,100,sim,0ffbda7,0.05,0.05199265488751546,-0.00213820484891584,0.021117941196988257,0.011183328016204948,0.019364423669253897
100,100,sim,0ffbda7,0.1,0.08796923070000691,0.0017082262478469344,0.035872638896676384,0.019478514016124684,0.02801568142308577
100,100,sim,0ffbda7,0.2,0.06562734027796278,-0.003494999351453485,0.026563313263344848,0.017570982484373544,0.027723251544159486
100,100,sim,0ffbda7,0.5,0.06509078480517355,-0.002525501255964643,0.026452918323536436,0.010909170033846229,0.015601104566349054
100,100,sim,0ffbda7,1,0.11093134310204729,0.007506520668640931,0.044661086281631006,0.005338716183795781,0.008099826977839694
100,1000,pool,0ffbda7,0.01,0.07325476856738225,0.0036409822285187465,0.029683667249657677,8.273799439251667e-4,0.0013419767087668273
100,1000,pool,0ffbda7,0.02,0.05689876376049869,0.010733244427888606,0.020600380667114823,0.0020305327305257304,0.0021726671593562366
100,1000,pool,0ffbda7,0.05,0.06843215246311302,-0.0038635408188769766,0.027668868802259737,9.88026843765055e-4,0.0013004341059489727
100,1000,pool,0ffbda7,0.1,0.0681640102676874,0.005448370689838939,0.02728926479017594,8.596442357163406e-4,0.0014461823496029601
100,1000,pool,0ffbda7,0.2,0.050254648041404774,0.0012149522697587703,0.02048036863136142,0.0014831032811065672,0.0018942386624626294
100,1000,pool,0ffbda7,0.5,0.04640185169217633,0.00726663783290341,0.01749432140293543,0.0013933591282414273,0.0021250927918098385
100,1000,pool,0ffbda7,1,0.05880918792357008,0.001438722437702102,0.023965604000710742,0.001843594915700499,0.003025013407498706
100,1000,sim,0ffbda7,0.01,0.08329189387457808,0.00223175398856457,0.03393045640232665,0.014736514778480073,0.027362013743617505
100,1000,sim,0ffbda7,0.02,0.07364261921995809,0.018780631587658962,0.023476806386259534,0.01534836630391235,0.02722248462698586
100,1000,sim,0ffbda7,0.05,0.0742877902066262,-0.01228721877562355,0.027727306944429018,0.019725374953216666,0.03372025307266059
100,1000,sim,0ffbda7,0.1,0.0777675087777312,0.009535417379976808,0.03028266917405707,0.028300952660927994,0.039908266686698723
100,1000,sim,0ffbda7,0.2,0.05121969685694512,-0.0035016176249187555,0.02061508100950412,0.01384182951862419,0.023620092780761413
100,1000,sim,0ffbda7,0.5,0.05613492902818568,0.011523667910582102,0.019808923596530786,0.008468861494366153,0.015262007120524708
100,1000,sim,0ffbda7,1,0.05592937301936933,0.003045499790957079,0.02262905342135577,0.0262329878171673,0.039818720786069114
100,10000,pool,0ffbda7,0.01,0.06324004785172702,-0.009229985023803337,0.024111366306685176,0.0020476653468168462,0.00218215678989277
100,10000,pool,0ffbda7,0.02,0.05408417628513279,0.005733255845539302,0.02132243258831278,0.0015796900336108133,0.0025672441351002316
100,10000,pool,0ffbda7,0.05,0.06578296738256834,0.0022966446150046497,0.0267574019003162,0.0020814202939702323,0.0034232228708413856
100,10000,pool,0ffbda7,0.1,0.0777585433537988,-0.011871504786036918,0.02944145407752823,0.0013553518128207158,0.0023089623967394433
100,10000,pool,0ffbda7,0.2,0.054122471108144624,0.0025965006920031205,0.021942314462359835,0.0017498630718289848,0.00314291528733922
100,10000,pool,0ffbda7,0.5,0.049070047997718344,-0.007276659149668227,0.018664453738839504,0.0016590108153580036,0.0022005681044631213
100,10000,pool,0ffbda7,1,0.07838338327362146,0.003362010136990332,0.03182278036368519,0.0017289762351228048,0.0024820860662022664
100,10000,sim,0ffbda7,0.01,0.06763980523906288,-0.012636147657814711,0.024553037446168716,0.0071901316056140275,0.012372099495231052
100,10000,sim,0ffbda7,0.02,0.054762929561271975,0.0023604534094449985,0.022231914043943944,0.019441164021473882,0.02963818464298145
100,10000,sim,0ffbda7,0.05,0.064991076477795,0.0013838446300705565,0.026496382979511086,0.013129391169326071,0.018832783228845348
100,10000,sim,0ffbda7,0.1,0.07786298987998413,-0.008881301183430224,0.030521522812559983,0.010309117542701828,0.018691383462728056
100,10000,sim,0ffbda7,0.2,0.05861754154807305,0.008366407172907833,0.022420361145034987,0.008926262978808473,0.015341421948960685
100,10000,sim,0ffbda7,0.5,0.04876892595220794,-0.0038123584703389965,0.01954142470025215,0.009707581174164282,0.016837327033463825
100,10000,sim,0ffbda7,1,0.07942481701531372,0.004407099490186137,0.032124150838109516,0.014314816628096442,0.019844071549817054
100,100000,pool,0ffbda7,0.01,0.058381221433207356,0.001593185564187677,0.023780726000207163,0.015380466438726,0.022381525816867125
100,100000,pool,0ffbda7,0.02,0.08514631131885042,1.6587017628743139e-4,0.0347604402870905,0.025643772603851384,0.03332317777251904
100,100000,pool,0ffbda7,0.05,0.06252618003723945,-0.007136116109790186,0.024508428044432793,0.019238410554969634,0.020327720389499468
100,100000,pool,0ffbda7,0.1,0.07674547383804384,-0.009535216364276174,0.029845004182566612,0.0012905004771074802,0.001413394258408857
100,100000,pool,0ffbda7,0.2,0.06940774570666802,0.005906300897685376,0.02771320029130973,0.016761760386101648,0.02394411863062092
100,100000,pool,0ffbda7,0.5,29.013701231935624,-4.833717782875397,10.813617137272704,0.0023218029124632564,0.004481082278090192
100,100000,pool,0ffbda7,1,35.35055590376317,-5.896369967560244,13.172311426745415,4.437452459604429e-4,9.165142725614491e-4
100,100000,sim,0ffbda7,0.01,0.0584639131902023,0.0018803778451351061,0.023793606355730176,0.01538297576146903,0.023208630324779222
100,100000,sim,0ffbda7,0.02,0.08525116971018283,7.848838068727068e-4,0.034794792908835866,0.025652178428332156,0.035298056140373665
100,100000,sim,0ffbda7,0.05,0.06264616357085048,-0.00719953279197911,0.024540925599255147,0.01923740468745135,0.020279739158252718
100,100000,sim,0ffbda7,0.1,0.08206743270472733,-0.009558098550358407,0.03211157637403985,0.02284185784773839,0.02589126463401692
100,100000,sim,0ffbda7,0.2,0.06991438340414387,0.006463265477835577,0.027801013779356263,0.0168200042031195,0.023662162709795438
100,100000,sim,0ffbda7,0.5,0.04832323105786048,-0.005376292249767799,0.01898116412719854,0.013305842756924218,0.020046381281142174
100,100000,sim,0ffbda7,1,0.08705504183593717,-0.0035643855832174606,0.03536088055450939,0.02759001333830242,0.032883779378483045
200,0.05,pool,1c2ae6f,0.01,0.4137449629082399,0.03618035189188193,0.16499029625699124,9.891293402056313e-4,0.0019105925868143617
200,0.05,pool,1c2ae6f,0.02,0.4023058587624693,0.041934115453780015,0.15879713670868575,0.0021592467730467777,0.0024406102198937184
200,0.05,pool,1c2ae6f,0.05,0.3830477077961411,0.021480436092033314,0.154896251105729,0.0017736367177769291,0.002032122875293792
200,0.05,pool,1c2ae6f,0.1,0.29876391935629965,0.00943496283458468,0.1216043916195721,8.757556234052836e-4,0.0010976170576288164
200,0.05,pool,1c2ae6f,0.2,0.20413647830613316,-0.003560329594717269,0.08326228247160922,0.0028300170448417256,0.003257813440946921
200,0.05,pool,1c2ae6f,0.5,0.06869062715919574,-0.005417829355776533,0.02751449620943402,0.0012757758699741654,0.0023789470688146733
200,0.05,pool,1c2ae6f,1,0.0948227263883638,-0.0037826499506814094,0.03852596266551117,0.00036326836710036717,5.355266001424222e-4
200,0.05,sim,1c2ae6f,0.01,0.41449063609662756,0.03655140303599384,0.16522028579464698,0.007887537133375217,0.014874870200115596
200,0.05,sim,1c2ae6f,0.02,0.4037041602197669,0.04338134650630426,0.15899968638886627,0.016838792860005263,0.023983689739292963
200,0.05,sim,1c2ae6f,0.05,0.384755818341553,0.019660219818854956,0.15584067413426012,0.014945060755170695,0.02467180176606009
200,0.05,sim,1c2ae6f,0.1,0.3039516753575184,0.011401481473955937,0.12356284384463131,0.020677079035263904,0.02631759118137727
200,0.05,sim,1c2ae6f,0.2,0.20099696363650793,-4.972340253455481e-4,0.08205516024910715,0.013745640960842364,0.02329520920694914
200,0.05,sim,1c2ae6f,0.5,0.07656161148188897,-0.0037133812051946173,0.03103477928833273,0.014653183960532588,0.026230704884777422
200,0.05,sim,1c2ae6f,1,0.12165241038908674,-0.012115569779136273,0.04816393319873987,0.02633847856113592,0.039041599458839275
200,0.1,pool,1c2ae6f,0.01,0.3690942991093249,0.023374536318556682,0.14885809122917407,0.001793428266315887,0.0025751647144519937
200,0.1,pool,1c2ae6f,0.02,0.33083751869960293,0.0161985136193953,0.1340889709101409,6.500026735440154e-4,9.695982515197663e-4
200,0.1,pool,1c2ae6f,0.05,0.29820239260966186,0.018710826572614074,0.12029415112682763,0.003008669731455608,0.003550052858850287
200,0.1,pool,1c2ae6f,0.1,0.27676427190629027,0.010946042486565435,0.11245707857305146,0.0024753586794676336,0.002833595828205953
200,0.1,pool,1c2ae6f,0.2,0.1817452254790736,-0.0010313238460029563,0.0741900096724477,0.0016958031612100037,0.002626163655330443
200,0.1,pool,1c2ae6f,0.5,0.06905796962820793,-0.004116818256906502,0.027890601803618652,0.0013016839179523228,0.001590046616129979
200,0.1,pool,1c2ae6f,1,0.14432359721883428,0.0015526221615596318,0.05889940138451453,0.0017768669773861742,0.003156502672828882
200,0.1,sim,1c2ae6f,0.01,0.369991265858574,0.02422173178719903,0.14909358530075661,0.017897316108311932,0.025666001015222366
200,0.1,sim,1c2ae6f,0.02,0.3309204551869575,0.017029766412522306,0.13402006690340115,0.007599696296412139,0.01000903823933566
200,0.1,sim,1c2ae6f,0.05,0.29793538048767315,0.01741043212477244,0.12037909014560816,0.013995882493216342,0.016408290514023684
200,0.1,sim,1c2ae6f,0.1,0.2746746766296105,0.010595726797631164,0.11163374745371644,0.013028221871384487,0.01961959404471874
200,0.1,sim,1c2ae6f,0.2,0.17892822869384334,-0.004529349926385458,0.07290658516094689,0.01516285877777324,0.021965232181966846
200,0.1,sim,1c2ae6f,0.5,0.07809940312662104,-0.012981787303655104,0.02912145817992413,0.015316796493960902,0.027416007245362816
200,0.1,sim,1c2ae6f,1,0.14582380469407324,0.006383681391687384,0.05918906668013354,0.011562648482036872,0.014931971293528344
200,0.2,pool,1c2ae6f,0.01,0.26925988774803994,0.015614609272780942,0.10881022547968348,9.741335551145297e-4,0.001316668471890488
200,0.2,pool,1c2ae6f,0.02,0.2687298030964033,0.0017507321588743402,0.10969451269600118,7.356896343825658e-4,0.0013522482591889634
200,0.2,pool,1c2ae6f,0.05,0.2504598912898366,0.016152842720400823,0.10096589455291057,0.0017179608617297773,0.002708878841637304
200,0.2,pool,1c2ae6f,0.1,0.2556864284141325,-0.0018858710462984997,0.10436651012781487,0.001032389789117078,0.0017014806402081129
200,0.2,pool,1c2ae6f,0.2,0.17906190309932202,-0.006663481363962406,0.07279738232269957,7.789454339455062e-4,0.0012233189274521738
200,0.2,pool,1c2ae6f,0.5,0.07132730577907832,-0.0038807162262225322,0.028859501032679397,0.0013157924514975903,0.0014187860185446227
200,0.2,pool,1c2ae6f,1,0.10759857307581337,0.005294420935653887,0.04360670355516418,0.0027516439188352464,0.003431174343106177
200,0.2,sim,1c2ae6f,0.01,0.26924978861345733,0.01746318150458443,0.10852470718598221,0.019833006396069955,0.034455970291107876
200,0.2,sim,1c2ae6f,0.02,0.26871008201830354,0.0019344568966034221,0.10968337418631756,0.008227115010926548,0.009700656678032252
200,0.2,sim,1c2ae6f,0.05,0.2511799324723958,0.01623290874625522,0.10125077326342734,0.024143428627189403,0.02958794687256259
200,0.2,sim,1c2ae6f,0.1,0.25736522889166236,-0.0017404804108813669,0.10505449808717837,0.011338296378307465,0.019918176948445016
200,0.2,sim,1c2ae6f,0.2,0.17808195781520333,-0.0037305842425230484,0.0726058768816874,0.01038247966723484,0.01618729230705867
200,0.2,sim,1c2ae6f,0.5,0.08330045847467445,-0.006929231757867767,0.033293845441176015,0.01932380142007504,0.03341922668250987
200,0.2,sim,1c2ae6f,1,0.10634383557400807,-0.009636633490934174,0.042331672804099656,0.018592600114223687,0.027260149760399668
200,0.5,pool,1c2ae6f,0.01,0.23072318373940712,0.026385599403893487,0.09042122573399802,0.0014993873551378723,0.0019270436943463983
200,0.5,pool,1c2ae6f,0.02,0.21006921792549757,5.833571218542442e-4,0.08575841502601021,6.667361860107727e-4,0.0011904452260536782
200,0.5,pool,1c2ae6f,0.05,0.18387495355811628,0.011437914044717102,0.07419011982718611,0.0015561189599072201,0.0017015313921128652
200,0.5,pool,1c2ae6f,0.1,0.18137682293380833,0.004890289994855391,0.07388511609266483,0.0012168872917015159,0.0015302286535994706
200,0.5,pool,1c2ae6f,0.2,0.1095940875720191,1.291157637356384e-4,0.04474141259403999,0.002129318227887824,0.003137205502321042
200,0.5,pool,1c2ae6f,0.5,0.09835787091909749,-0.002305876725162379,0.04008817025613244,0.0013271254510297435,0.0015792763803593192
200,0.5,pool,1c2ae6f,1,0.11486951847995691,0.011991098484714972,0.045336312926461717,7.89985384070272e-4,0.0013905944056935382
200,0.5,sim,1c2ae6f,0.01,0.23091182837924043,0.023803936029914565,0.09121449835629769,0.018236421282233208,0.028442977668849193
200,0.5,sim,1c2ae6f,0.02,0.20779902847158946,0.0032412278465673303,0.08477165690451051,0.020889087269104885,0.030485173587769556
200,0.5,sim,1c2ae6f,0.05,0.18376490205015947,0.012546178607989502,0.0739651941112882,0.016140721663807686,0.027695651901946804
200,0.5,sim,1c2ae6f,0.1,0.18140236431025858,0.007498611485746619,0.07367659367359797,0.01700291771105069,0.021114332685384166
200,0.5,sim,1c2ae6f,0.2,0.1095248049957894,1.4803587352785995e-5,0.04471331195234909,0.03248257032431828,0.03339492526528522
200,0.5,sim,1c2ae6f,0.5,0.10011076071563868,-0.0037443021706807093,0.04069816871103596,0.013780690304399344,0.019481490568342856
200,0.5,sim,1c2ae6f,1,0.11874719941283134,0.009772636932935976,0.047483103613553644,0.013624756773956142,0.015736692833861254
200,1,pool,1c2ae6f,0.01,0.16382722300046337,0.009303411721189064,0.06623196380665936,0.001582656106213818,0.002028638535662909
200,1,pool,1c2ae6f,0.02,0.16691193076227684,-5.560881768781169e-4,0.0681392412960749,0.0011305516907469941,0.0017192529207446401
200,1,pool,1c2ae6f,0.05,0.1789435287808264,0.005654285813741352,0.0728342419517926,0.0018679126871870384,0.0029134751301888796
200,1,pool,1c2ae6f,0.1,0.15475488070049254,-3.6159955513881116e-4,0.06317738067694009,0.001320452984654169,0.0023236836033390567
200,1,pool,1c2ae6f,0.2,0.13982451002710464,-0.0068808920147375,0.056666882678229,9.165943714455773e-4,0.001604484402335896
200,1,pool,1c2ae6f,0.5,0.07932092862161319,0.004414704204415956,0.0320802951932598,0.001915837426033546,0.0025582211286929077
200,1,pool,1c2ae6f,1,0.12056370485208744,0.006648709879801017,0.04876879957046765,0.0022232011100042433,0.0024510356698027305
200,1,sim,1c2ae6f,0.01,0.16437249167277945,0.008786703618358234,0.06652703592757951,0.017355028041172445,0.023239464817302085
200,1,sim,1c2ae6f,0.02,0.163357258797974,0.003010548430757669,0.06662233558257649,0.03124871079362644,0.05532565668308214
200,1,sim,1c2ae6f,0.05,0.1795915981979359,0.006874866572364905,0.07299493064699988,0.025690454786797698,0.031025490615864976
200,1,sim,1c2ae6f,0.1,0.1536332448383416,-0.0016145358432090695,0.0626997256288837,0.014058330570442042,0.021906244554860666
200,1,sim,1c2ae6f,0.2,0.1391695651224431,-0.007642645507578738,0.05629936008257236,0.016428441537540518,0.024726306354109134
200,1,sim,1c2ae6f,0.5,0.08804571614509615,0.005933059103523417,0.03545147150107086,0.01719239486349372,0.021334943132904648
200,1,sim,1c2ae6f,1,0.1274257186027043,0.01087152792900694,0.050872672828589934,0.027646187546653742,0.03479075045031884
200,10,pool,1c2ae6f,0.01,0.08363667759030936,-6.095959423123761e-4,0.0341390885327168,0.0016395480085008359,0.0023025780217867213
200,10,pool,1c2ae6f,0.02,0.084545781911921275,0.006139429402204385,0.033965260877329366,0.0020340758816756255,0.0031475269414091233
200,10,pool,1c2ae6f,0.05,0.09464323122688544,0.0047988962586018495,0.03833876364129993,0.0014931041240818504,0.0024060661984644663
200,10,pool,1c2ae6f,0.1,0.0814538912899154,8.772202401722234e-4,0.03324183938495469,0.0010424418982857694,0.0015939685575676267
200,10,pool,1c2ae6f,0.2,0.06783782020379409,0.0012917213619144396,0.027664533809980536,0.0012596779917018052,0.0016837985677272554
200,10,pool,1c2ae6f,0.5,0.06382665022638606,0.004817912876893832,0.025607835949781048,0.002338683656211568,0.0029714561628758043
200,10,pool,1c2ae6f,1,0.08036791806896267,0.0046213090039593395,0.032482978294482795,0.0013701956304644114,0.0023205653276322227
200,10,sim,1c2ae6f,0.01,0.08176794234963197,0.0027063857600247133,0.03327173287942872,0.017203784097929463,0.03223325945598273
200,10,sim,1c2ae6f,0.02,0.08527486977960663,0.007577535231809925,0.03397864323069454,0.006249741339391363,0.01209698687871457
200,10,sim,1c2ae6f,0.05,0.09243848673629183,0.005091824885470293,0.03739276611438331,0.0075563798834010825,0.011583838393960736
200,10,sim,1c2ae6f,0.1,0.08492432068049581,-0.004387937163729288,0.034391414354280024,0.017600354834745095,0.022866581347063025
200,10,sim,1c2ae6f,0.2,0.06890440616541665,0.0018786726040762331,0.028067302223075845,0.009910745020104864,0.014424296484860308
200,10,sim,1c2ae6f,0.5,0.068236225117001,0.005287543492811073,0.027350910164891606,0.00735325915081133,0.01157445357522116
200,10,sim,1c2ae6f,1,0.07794682847006297,-0.004574971686819636,0.03149107247281947,0.01458614244738756,0.025553848130750692
500,0.05,pool,1c2ae6f,0.01,0.311778686206784,0.028675621665603796,0.12401088763046521,0.0018442453519386805,0.002734452377475425
500,0.05,pool,1c2ae6f,0.02,0.30795069541327863,0.01988335553957616,0.12413805744710385,0.001543922427768802,0.0024644352700064287
500,0.05,pool,1c2ae6f,0.05,0.296458030704274,0.013196685119338105,0.12030686388026142,0.0013104806993785817,0.0016207689320493963
500,0.05,pool,1c2ae6f,0.1,0.22188008212376187,0.0041869695089725035,0.09048534555498745,0.001496679099698612,0.0017590712182495225
500,0.05,pool,1c2ae6f,0.2,0.12282082192829093,-0.004898336495744115,0.049901556583249844,0.0017580081728655213,0.002856527239763096
500,0.05,pool,1c2ae6f,0.5,0.09278297047262457,-0.008263561782732007,0.036966112611646874,0.0022187869974742,0.0033865478722171303
500,0.05,pool,1c2ae6f,1,0.10091732676762637,-0.0022176767770931104,0.041139596295616726,0.0013635612964610952,0.0018639184370703257
500,0.05,sim,1c2ae6f,0.01,0.3113614487319942,0.029160435451291742,0.12372278541308424,0.02145194484753978,0.035336046432828117
500,0.05,sim,1c2ae6f,0.02,0.30861713449924455,0.020320351575916176,0.1243429635976719,0.016279117649341996,0.02358113987531465
500,0.05,sim,1c2ae6f,0.05,0.29953561862383266,0.015002312163223048,0.121361148782539,0.012103990800674898,0.022502918703063098
500,0.05,sim,1c2ae6f,0.1,0.2256582084396568,0.006097497155964458,0.09192256723894814,0.011173985019576846,0.018856167221601165
500,0.05,sim,1c2ae6f,0.2,0.11885680843857797,-0.003943111458655931,0.048362609773033895,0.019366281386746197,0.02759216846888653
500,0.05,sim,1c2ae6f,0.5,0.09429308923471179,-0.009370121014117924,0.037337183589798775,0.02101582587223401,0.023727417642503856
500,0.05,sim,1c2ae6f,1,0.10461269553889781,0.001353022217774732,0.04268651631991726,0.009343056492226028,0.014020983476698709
500,0.1,pool,1c2ae6f,0.01,0.2883098190796082,0.01821676828403292,0.1162837391164614,0.0020455789442946053,0.0026821164588334005
500,0.1,pool,1c2ae6f,0.02,0.277974524215565,0.022740009972692925,0.11118092446662534,0.0011029147663654461,0.0017661186129451314
500,0.1,pool,1c2ae6f,0.05,0.23810806719554692,0.0074805097203977326,0.09691895541253123,0.0014716179969339114,0.001742364706255164
500,0.1,pool,1c2ae6f,0.1,0.18261577763486106,4.141660884892645e-4,0.07455142860233228,9.760520877251969e-4,0.0013601814743188795
500,0.1,pool,1c2ae6f,0.2,0.14060871307534423,0.0031651284488799316,0.05731594013901808,0.0021047513365763017,0.002726929821134691
500,0.1,pool,1c2ae6f,0.5,0.056186781794080314,0.001552076020555113,0.022885587926808518,0.0014426756038903041,0.0020404876812718906
500,0.1,pool,1c2ae6f,1,0.08326612714573373,-1.1730278752199695e-4,0.033993051667916226,0.0010917078503906376,0.0015722924894066613
500,0.1,sim,1c2ae6f,0.01,0.28619422870588695,0.018280252227104554,0.11539940122291086,0.03829528857290388,0.0627151643154771
500,0.1,sim,1c2ae6f,0.02,0.2794636179983395,0.023235421177634663,0.11169945165555456,0.02362342356846687,0.030475103337853818
500,0.1,sim,1c2ae6f,0.05,0.23613287500500268,0.005575555591798572,0.09623947019214171,0.02603788929100837,0.04203961193978238
500,0.1,sim,1c2ae6f,0.1,0.18687848781759347,-4.894504099728995e-4,0.0762912531451755,0.01781053718643922,0.025575816178840874
500,0.1,sim,1c2ae6f,0.2,0.14072254520901964,-0.0013875726465636237,0.05743297917719346,0.016343829043029837,0.021316509443279258
500,0.1,sim,1c2ae6f,0.5,0.06150975504367401,0.00664256145014408,0.02421675807445173,0.020450890339393377,0.02772680273031477
500,0.1,sim,1c2ae6f,1,0.0841931221079957,-0.0023175092650084637,0.03429348022372832,0.007308526638200018,0.012127776503276467
500,0.2,pool,1c2ae6f,0.01,0.22910547562652894,0.004814628386635005,0.09340791818956401,0.0012425545748790002,0.0019931633332582644
500,0.2,pool,1c2ae6f,0.02,0.2159240632385448,0.00747561060850762,0.08783307327123697,0.0014773338855255504,0.002664401817123973
500,0.2,pool,1c2ae6f,0.05,0.19636621762321121,0.010294587408323048,0.07950243208460223,0.0013128557299124043,0.002187861623782803
500,0.2,pool,1c2ae6f,0.1,0.1560466707961274,0.0027392296385183932,0.06364686846509646,9.105898678052234e-4,0.0015265141579251713
500,0.2,pool,1c2ae6f,0.2,0.13482267593710012,-0.010673811457998776,0.0539962536363942,0.0011429080352606579,0.0020835367927865426
500,0.2,pool,1c2ae6f,0.5,0.08947967685005118,0.010144851002276372,0.03509298257971066,9.150324246338461e-4,0.0014152569203647407
500,0.2,pool,1c2ae6f,1,0.05996374302651343,-0.004175638899508573,0.024121341575581306,0.0022344061547239415,0.0031550544514266183
500,0.2,sim,1c2ae6f,0.01,0.22910133508383196,0.004782592973999294,0.09340787133486536,0.0032490148618858836,0.006642397490820497
500,0.2,sim,1c2ae6f,0.02,0.21553055819497974,0.009262246849429327,0.08750112972188889,0.01427942852222914,0.01945291224130137
500,0.2,sim,1c2ae6f,0.05,0.1940278928898939,0.011439308210597944,0.07838120159969249,0.018881442288454106,0.025511180352063744
500,0.2,sim,1c2ae6f,0.1,0.1560588678156751,0.0034184670908693916,0.06361898919924538,0.007983764256250523,0.011711045061978934
500,0.2,sim,1c2ae6f,0.2,0.13712760608465568,-0.0123218892736771,0.0546092278814853,0.020052159503996355,0.03037448099294052
500,0.2,sim,1c2ae6f,0.5,0.08679327746282452,0.0015812582712884818,0.035397906591623306,0.015252998587620217,0.02477954665935804
500,0.2,sim,1c2ae6f,1,0.06800272553551737,-5.649258843330585e-4,0.027756248043549186,0.021669385721992642,0.026172891609264937
500,0.5,pool,1c2ae6f,0.01,0.17213802845097712,-0.007695012586053726,0.06985248925031502,0.0014727587092789943,0.0022035068864020664
500,0.5,pool,1c2ae6f,0.02,0.17759214134859128,0.008770914887063557,0.07196920056644758,0.0016574965262116355,0.0020120486087198412
500,0.5,pool,1c2ae6f,0.05,0.16910190770720604,-0.004073842313744167,0.0689152596104241,0.0018621363174700265,0.002815049174011087
500,0.5,pool,1c2ae6f,0.1,0.1861733186406965,-0.010804707759585155,0.0752330316583858,8.313892654254276e-4,0.0013003253335034017
500,0.5,pool,1c2ae6f,0.2,0.14045945914659394,-0.0047539806252,0.057144929307047926,9.878069032956424e-4,0.0014959374329668782
500,0.5,pool,1c2ae6f,0.5,0.07203887607306912,6.056596766104326e-4,0.029403510912836526,0.0015246121604661801,0.002102897516767282
500,0.5,pool,1c2ae6f,1,0.08500001302168284,-0.010807607103326027,0.032975182551648025,6.652697268904192e-4,0.0011243525002368926
500,0.5,sim,1c2ae6f,0.01,0.17112152583838292,-0.008043887030312532,0.06939542719555059,0.01641220720221723,0.021834246675860244
500,0.5,sim,1c2ae6f,0.02,0.1786890239870635,0.007806150054189572,0.07253062734854177,0.011372182881913684,0.01757920488013632
500,0.5,sim,1c2ae6f,0.05,0.16791173262347261,-0.001829322930155373,0.0685252647061892,0.013356333668775784,0.020510436375590163
500,0.5,sim,1c2ae6f,0.1,0.1833177579644635,-0.01049963749964187,0.07409897216940586,0.013371319861525992,0.021162742396957306
500,0.5,sim,1c2ae6f,0.2,0.14070216116984482,-0.0027719736212756343,0.05737449365255537,0.011216471271505503,0.013388864321326188
500,0.5,sim,1c2ae6f,0.5,0.07763403583296588,-0.0024340237468294806,0.03160036046765251,0.016221696058164065,0.0246522117983495
500,0.5,sim,1c2ae6f,1,0.09978585717168012,-0.010954015024149248,0.039237045889038806,0.01598234541538946,0.033877468143452764
500,1,pool,1c2ae6f,0.01,0.12722260969580704,0.0044771942975465745,0.051745081578097436,0.002532679958232276,0.003948999565705079
500,1,pool,1c2ae6f,0.02,0.15335302431625666,0.0041539498051766325,0.062468149581792004,0.0013236322082148483,0.0019323535373545458
500,1,pool,1c2ae6f,0.05,0.1270929614729927,-0.0010971127192676204,0.0518738837921083,0.0017035108616686734,0.0022377622624911416
500,1,pool,1c2ae6f,0.1,0.13228024259243915,0.0026921873615086255,0.05393603517683045,0.0018365877055001297,0.002682180125713072
500,1,pool,1c2ae6f,0.2,0.09489369704435696,-4.680972738927356e-4,0.038737361483885395,0.0010602861661516071,0.0019681840314385683
500,1,pool,1c2ae6f,0.5,0.08020055250093393,-7.651922935769491e-4,0.03273279575079139,0.0015024593368458518,0.0027185409093393137
500,1,pool,1c2ae6f,1,0.09804447356369843,-0.00284577032676035,0.03992519744026893,0.0012639881709767518,0.002158452155436343
500,1,sim,1c2ae6f,0.01,0.12724704321350191,0.0032389195920015145,0.051847318165677767,0.017971769186281867,0.02035717023956802
500,1,sim,1c2ae6f,0.02,0.15653126148719435,0.005388298244170258,0.06367604635308796,0.023840380038874325,0.027217202878380052
500,1,sim,1c2ae6f,0.05,0.1270903602381272,-0.0021573904789225764,0.05183954999705931,0.012890896313555953,0.017987396357884544
500,1,sim,1c2ae6f,0.1,0.13308987010348236,0.0026577806640361245,0.05426866919290396,0.009369023231560865,0.0121727530766482
500,1,sim,1c2ae6f,0.2,0.09513236799901106,4.696536289916583e-4,0.03883478679807559,0.011293377641874663,0.019969242027411876
500,1,sim,1c2ae6f,0.5,0.0795033719296023,-0.0034365326342198493,0.03227467430483827,0.012529942918825844,0.01964652092724678
500,1,sim,1c2ae6f,1,0.10015830727161786,-0.006419730379607921,0.04038235771273278,0.014857844187604425,0.020582050082345486
500,10,pool,1c2ae6f,0.01,0.10797022045372998,-0.009338088082882294,0.04307816378507995,0.0013219208686615544,0.0025031909483720243
500,10,pool,1c2ae6f,0.02,0.08215392178941464,-1.8351726750492222e-4,0.03353869604366579,0.0012008549154952377,0.001568750484737154
500,10,pool,1c2ae6f,0.05,0.09488996206273595,-0.006287443155912784,0.038225020714261794,0.0013094835139959818,0.002124440856919437
500,10,pool,1c2ae6f,0.1,0.08210653556312726,-0.007810283778135435,0.03259723911112986,0.001561369467099428,0.0019867277963292102
500,10,pool,1c2ae6f,0.2,0.051747371599554934,-0.0020246898231630708,0.021028529248706802,0.001623729026784445,0.002701299236902131
500,10,pool,1c2ae6f,0.5,0.06393759359146636,0.0011417279080316444,0.026077431553521685,5.724736639963829e-4,7.445171149172966e-4
500,10,pool,1c2ae6f,1,0.09015651287537632,0.005872867168277199,0.0363346790297977,7.161068076918009e-4,0.0012622948855061024
500,10,sim,1c2ae6f,0.01,0.10842343277093346,-0.008636506806405047,0.043412949824775095,0.018859972004381133,0.027812090801644884
500,10,sim,1c2ae6f,0.02,0.08391409096644198,0.0013338595496337586,0.03423180678583249,0.014636292687721087,0.020897616616918118
500,10,sim,1c2ae6f,0.05,0.09637667096424904,-0.008834942532930903,0.038340851687614634,0.015936195822451697,0.027831970139960107
500,10,sim,1c2ae6f,0.1,0.08115097062884795,-0.006380245785924674,0.03250957504149428,0.019584691725727087,0.031634428597008095
500,10,sim,1c2ae6f,0.2,0.05036937887079852,1.4766563342859568e-4,0.02056268261112133,0.01706644354883138,0.025000816645589716
500,10,sim,1c2ae6f,0.5,0.061545398323025025,3.263825312513247e-4,0.025123683718089512,0.010104496543052323,0.01247564659558123
500,10,sim,1c2ae6f,1,0.09129306785350011,0.006514144967040661,0.03669654781718586,0.012465534670738274,0.015523960398291278
1000,0.05,pool,1c2ae6f,0.01,0.26279460814802946,0.024322915723410287,0.10449193006794644,0.001662945974290437,0.0020520419023074654
1000,0.05,pool,1c2ae6f,0.02,0.26883701181632447,0.015875006743271476,0.10859806926440352,0.001216492734250043,0.0016469997259185266
1000,0.05,pool,1c2ae6f,0.05,0.20780214783687442,0.0035908238665324057,0.0847588427534019,0.0021175812548093077,0.003306676629767846
1000,0.05,pool,1c2ae6f,0.1,0.158104482856233,-3.2737051447099256e-4,0.06454505463952345,5.571115679141515e-4,9.287394267965105e-4
1000,0.05,pool,1c2ae6f,0.2,0.1186274827264765,0.003989636123721849,0.04826485346436929,0.0014548162321279077,0.002481980602173358
1000,0.05,pool,1c2ae6f,0.5,0.0880937211419402,-0.006658863925578031,0.035342280844992004,0.0021894949901202936,0.0024131749780750195
1000,0.05,pool,1c2ae6f,1,0.083150192263818,-0.005614273833861979,0.033478435968596204,0.0014850412182620294,0.003047046222544395
1000,0.05,sim,1c2ae6f,0.01,0.2643095252977829,0.024978338573764317,0.10497302889766948,0.026898604381691008,0.0454541788675723
1000,0.05,sim,1c2ae6f,0.02,0.26823769304676226,0.016751445750850517,0.10821875558530117,0.012903820930416301,0.017188435289125406
1000,0.05,sim,1c2ae6f,0.05,0.20598309249414704,0.002144496018637112,0.08406489677069796,0.011254916395579252,0.020219362459432382
1000,0.05,sim,1c2ae6f,0.1,0.15538348987514403,-0.0013156099987805929,0.0634214001051244,0.01690537784448951,0.029886874187835904
1000,0.05,sim,1c2ae6f,0.2,0.12012895345632935,0.004294951060206148,0.048854010123454465,0.0191885621900158,0.02060623185303813
1000,0.05,sim,1c2ae6f,0.5,0.08914564665121111,-0.008257644076082583,0.03544435592761095,0.012679346645293695,0.023013015154327285
1000,0.05,sim,1c2ae6f,1,0.09085911381201042,0.0012633369312353441,0.03707155792404047,0.023774353997936537,0.03471171170932123
1000,0.1,pool,1c2ae6f,0.01,0.2363057621017178,0.010811971874063716,0.09586363647358713,6.789740845723727e-4,0.0012481178680938915
1000,0.1,pool,1c2ae6f,0.02,0.22077088367406286,0.009086121098885788,0.08967017108872279,8.846826767677948e-4,0.0010212841570222508
1000,0.1,pool,1c2ae6f,0.05,0.18738397743752996,0.007368657766599319,0.07614347454709121,0.0017632855367176173,0.0023654072241958302
1000,0.1,pool,1c2ae6f,0.1,0.16108965226327415,-0.0017407371707921877,0.06574153313154468,0.0018260758401359488,0.001996010532866087
1000,0.1,pool,1c2ae6f,0.2,0.10795569441586324,-8.702549741183807e-4,0.0440641348765096,0.0018515798276126567,0.0023340737803643086
1000,0.1,pool,1c2ae6f,0.5,0.07758024591335894,-0.012350610472548961,0.029164673498685095,9.001684846886397e-4,0.0014263552660350063
1000,0.1,pool,1c2ae6f,1,0.061829777091186915,0.001796648033796118,0.025177879412299604,0.0013946146279916782,0.0015693449306077951
1000,0.1,sim,1c2ae6f,0.01,0.2372704252955813,0.010526480422079513,0.09629158320736682,0.01607016930489157,0.020870810307932045
1000,0.1,sim,1c2ae6f,0.02,0.22035527172513725,0.007215399088099379,0.08966983315944461,0.014881893981999949,0.019023364787360074
1000,0.1,sim,1c2ae6f,0.05,0.18902895177809736,0.008981256006217016,0.07664633808781626,0.01126010697195528,0.019988916652696538
1000,0.1,sim,1c2ae6f,0.1,0.16196414785991267,0.002709495043304421,0.06606604903636147,0.016645804540614095,0.02491734512977115
1000,0.1,sim,1c2ae6f,0.2,0.11133172077522654,9.064329699292217e-4,0.045441945245920025,0.017939290367853796,0.028863225002908593
1000,0.1,sim,1c2ae6f,0.5,0.07825982225001886,-0.017806230457719355,0.026527434603708145,0.017645398460413343,0.0202185048355858
1000,0.1,sim,1c2ae6f,1,0.07364139442493282,0.0065892573281733004,0.029332987971529067,0.011143288197977377,0.019016459994252614
1000,0.2,pool,1c2ae6f,0.01,0.20564990728500274,0.012660082688377127,0.08299620292948241,0.001150987838053828,0.0018565230435090877
1000,0.2,pool,1c2ae6f,0.02,0.19633402111405238,-0.0021244402904407925,0.08012486959690612,0.001501088498702645,0.0016127717793148067
1000,0.2,pool,1c2ae6f,0.05,0.18676167473261798,0.0013188883891062512,0.07623372651418212,0.0016749756714091112,0.002221223849659635
1000,0.2,pool,1c2ae6f,0.1,0.14199398972092545,0.011602685115511427,0.0567957734717529,0.00139733525941512,0.0023255317700694163
1000,0.2,pool,1c2ae6f,0.2,0.12429533758592917,-0.003984271495130586,0.05058669856381655,0.0016176499611492466,0.0027413508449642705
1000,0.2,pool,1c2ae6f,0.5,0.05014774646064146,-0.008157005493985348,0.018777539967149297,0.0011928430193548004,0.0016130988193915482
1000,0.2,pool,1c2ae6f,1,0.08024442539036823,0.007939003298309218,0.03178312226640366,0.0017057065994105826,0.002703281195103117
1000,0.2,sim,1c2ae6f,0.01,0.2064697522738754,0.009841298709917828,0.08371444682395873,0.027198756065963024,0.041178988271003046
1000,0.2,sim,1c2ae6f,0.02,0.1965936742924536,-0.0022368719009589074,0.0802278538459883,0.012075681908895778,0.01565300924250333
1000,0.2,sim,1c2ae6f,0.05,0.18553736690566752,0.0025835143529058693,0.07570124089671876,0.008380503787627853,0.017213953873708453
1000,0.2,sim,1c2ae6f,0.1,0.1423318842902718,0.012211913172360877,0.056809008008770985,0.010982924919608178,0.013328200328338601
1000,0.2,sim,1c2ae6f,0.2,0.1340611713799823,-0.011927692499478898,0.05341469613879723,0.03582065518070686,0.05989192623931095
1000,0.2,sim,1c2ae6f,0.5,0.054799897101275884,-0.00953656775728672,0.020237555743281274,0.01296312606996218,0.017742496515774264
1000,0.2,sim,1c2ae6f,1,0.1107293608429146,0.019618039809543634,0.04072629461185029,0.027287191427623713,0.03826409647371287
1000,0.5,pool,1c2ae6f,0.01,0.1523447182252198,0.009558101498899506,0.06145563351657577,0.0012529693356655783,0.0018193737781790936
1000,0.5,pool,1c2ae6f,0.02,0.14314802616899022,0.01580441970650506,0.05626230132531273,8.413967602098572e-4,0.0012603645182006147
1000,0.5,pool,1c2ae6f,0.05,0.14533187322250313,0.002669768761747163,0.059271391894846016,0.0023722809706171136,0.0037790334765924155
1000,0.5,pool,1c2ae6f,0.1,0.14533035925086907,-1.0895117724278433e-4,0.059330770681314725,0.0010089574088944057,0.0015595780935829127
1000,0.5,pool,1c2ae6f,0.2,0.08852366129770535,-0.004450985546217959,0.0358644925972635,0.001220926957805792,0.002261113864391484
1000,0.5,pool,1c2ae6f,0.5,0.06121984910441349,-0.0019513123084537248,0.024916608269774664,0.001256405779355458,0.001997658446378121
1000,0.5,pool,1c2ae6f,1,0.09219261771607722,-0.008912770113163672,0.03656695670228823,0.0016312741134935662,0.0025899975803127468
1000,0.5,sim,1c2ae6f,0.01,0.15262927107727348,0.009342847023272228,0.06160622485671696,0.020715556055385394,0.03674693080861616
1000,0.5,sim,1c2ae6f,0.02,0.14219910770169417,0.015505728548556653,0.055943454374676196,0.020467099390816916,0.03116914996992799
1000,0.5,sim,1c2ae6f,0.05,0.14384365716863162,0.0019954791255607915,0.058690013469078275,0.012961761563781047,0.02745588998558002
1000,0.5,sim,1c2ae6f,0.1,0.14598347663907832,-4.972673874834367e-4,0.059595430197435434,0.011177699144580527,0.020817918021175708
1000,0.5,sim,1c2ae6f,0.2,0.08519826401138478,-0.0039051793193338236,0.03456212193875618,0.012189606571942952,0.014909598202249
1000,0.5,sim,1c2ae6f,0.5,0.06558237686133543,-0.0016632801481207304,0.026722179145407254,0.01777676769827346,0.022844030715406326
1000,0.5,sim,1c2ae6f,1,0.08799287493027673,-0.0019103694892556964,0.03587210840607329,0.013971487659584425,0.020762517577028992
1000,1,pool,1c2ae6f,0.01,0.13180196319874102,-5.877023101877999e-4,0.053804716551323954,0.001680518782514047,0.0020331001199434063
1000,1,pool,1c2ae6f,0.02,0.1189990484866701,0.006594829479663768,0.04813145694438965,6.378309169518118e-4,0.0010360515377342957
1000,1,pool,1c2ae6f,0.05,0.10644206819979027,-2.57373145020731e-4,0.04345403018714938,0.001246605974655528,0.0014231401636211813
1000,1,pool,1c2ae6f,0.1,0.11131278516159221,0.0049236351089595905,0.0451757365634727,0.0018645668678099637,0.002533603394244369
1000,1,pool,1c2ae6f,0.2,0.10444928568229866,0.01303476827869679,0.04060012761693104,0.0011603377372175283,0.0020927409185127546
1000,1,pool,1c2ae6f,0.5,0.0795314084409135,7.971928914620756e-4,0.03245877341479553,0.0018226140649239648,0.002362195481450914
1000,1,pool,1c2ae6f,1,0.1051598598363091,-0.009744365360103483,0.04181084425354477,0.0027264863151338424,0.003546544615343142
1000,1,sim,1c2ae6f,0.01,0.13224524174453564,-0.0016368630227134506,0.05396407453226006,0.018556948164720293,0.02875734766938334
1000,1,sim,1c2ae6f,0.02,0.11764532956986809,0.005658939422344506,0.04769395838274188,0.010705359744930166,0.014575800553349517
1000,1,sim,1c2ae6f,0.05,0.10514482960372426,-5.604184796725492e-4,0.042921538453248344,0.011073708214527233,0.017016326651128635
1000,1,sim,1c2ae6f,0.1,0.11229955118799938,0.0067446133048967875,0.045347271776132514,0.011470557197761308,0.015747095110581776
1000,1,sim,1c2ae6f,0.2,0.11175628178391615,0.01577147840859649,0.04281165988179917,0.017335755093721303,0.028460890728402133
1000,1,sim,1c2ae6f,0.5,0.08287200326619183,-0.008276158002918903,0.032804471691158306,0.03017675173168508,0.044143116293721266
1000,1,sim,1c2ae6f,1,0.10805075823266218,-0.003114068340535565,0.04400148070401733,0.02624872493105425,0.029943740564474346
1000,10,pool,1c2ae6f,0.01,0.08841334473137677,-9.144159102909625e-5,0.036094481012111,0.0018911447968850787,0.0030073308040061164
1000,10,pool,1c2ae6f,0.02,0.0791704097784315,0.002439671696840439,0.03222897711830813,0.0015563256272101583,0.0028190598482053454
1000,10,pool,1c2ae6f,0.05,0.08466651253743669,-0.007269546367286909,0.03379186420559225,0.0019223838587687473,0.002243721235638678
1000,10,pool,1c2ae6f,0.1,0.06342077689900509,0.006512589995774918,0.02505897035579266,0.0012568615136627122,0.0016381777494846998
1000,10,pool,1c2ae6f,0.2,0.08934555109809249,3.785283375347809e-4,0.0364732043167948,0.0017281321929216774,0.002500845494412392
1000,10,pool,1c2ae6f,0.5,0.06806282547401594,0.008817278433414781,0.02635046431492301,0.0016624625506398453,0.0024427874767912797
1000,10,pool,1c2ae6f,1,0.09310192985474602,0.0035980483075634157,0.037838017991029184,0.001274292228609597,0.0022172310282937086
1000,10,sim,1c2ae6f,0.01,0.08816441036175054,0.002073154275784154,0.03593321453875215,0.01100881888503832,0.020882043590073587
1000,10,sim,1c2ae6f,0.02,0.08003986184156738,0.0021452979392526154,0.03260563771325501,0.01156188729356519,0.020579263966618893
1000,10,sim,1c2ae6f,0.05,0.08539017812983732,-0.004781836145346716,0.03453087212799507,0.01753631826003149,0.026720486154878174
1000,10,sim,1c2ae6f,0.1,0.06453262022739628,0.006354639659760322,0.02556746109863395,0.009886115979682988,0.014830270524361852
1000,10,sim,1c2ae6f,0.2,0.09394200612183387,-3.6290907903271014e-4,0.03834994631938183,0.016239528067837475,0.028346975102271393
1000,10,sim,1c2ae6f,0.5,0.07441912199938071,0.013120408783952289,0.0274023568305436,0.02038380505296837,0.03071044008884267
1000,10,sim,1c2ae6f,1,0.1248090659845446,-0.0011674624731177136,0.05093971132652399,0.01879209204531064,0.03169331248406863
1000,100,pool,0ffbda7,0.01,0.06732780158790513,-0.004602788715514147,0.02709833599719835,0.0012851064473901929,0.002227166127088194
1000,100,pool,0ffbda7,0.02,0.062886579308872,-6.181273324550508e-4,0.025665896207406825,0.0013746488811761926,0.0022661107421178585
1000,100,pool,0ffbda7,0.05,0.06177517229891645,0.007369289176151143,0.024118918490092598,0.0021653785904646398,0.0038119682283600425
1000,100,pool,0ffbda7,0.1,0.0719903473951405,-7.755476841201791e-4,0.02937970181608085,0.0028681310821486892,0.0036254366248623412
1000,100,pool,0ffbda7,0.2,0.08347755980571793,-0.0016067276052709964,0.034041674335858724,0.0022840632955288907,0.003207579021381328
1000,100,pool,0ffbda7,0.5,0.05781226018290926,-0.005318535175943815,0.02299469695730549,0.0014906021613825344,0.0024665019191224442
1000,100,pool,0ffbda7,1,0.06724659848694858,-0.005771108655920573,0.02683986722941027,0.0021502884864770208,0.002816742159047852
1000,100,sim,0ffbda7,0.01,0.06914848022577287,-0.006991126159578896,0.027350372476620286,0.01408649230126971,0.019568327876122445
1000,100,sim,0ffbda7,0.02,0.062097553182518375,-0.003203229990889794,0.025148035102198617,0.012470658331433493,0.024504618904917196
1000,100,sim,0ffbda7,0.05,0.06063466842037431,0.006690173180575454,0.023832794322572244,0.024128785203632378,0.032380180629442194
1000,100,sim,0ffbda7,0.1,0.07298487263762976,-0.0011255489763556687,0.029774682956448046,0.024106512882146595,0.027238939868258077
1000,100,sim,0ffbda7,0.2,0.08600134949464686,-0.0018830612254605063,0.03505937011562767,0.012579996306023378,0.01714179326019452
1000,100,sim,0ffbda7,0.5,0.0578575460806106,-0.003700456678581213,0.023328578184598825,0.013837136642639506,0.0227367527022092
1000,100,sim,0ffbda7,1,0.06322651014646026,-3.3589520003213984e-4,0.025809929070637443,0.01556979925630224,0.02254289713035632
1000,1000,pool,0ffbda7,0.01,0.05032025538353366,8.236185872166144e-4,0.02052664129207372,0.0015470284095545287,0.002536758239783801
1000,1000,pool,0ffbda7,0.02,0.0668567205386205,0.00148038721431999,0.02725396547095874,0.0015597683963528759,0.001798516082247502
1000,1000,pool,0ffbda7,0.05,0.061806992723231896,-0.005287863423167662,0.02467230347304846,0.001295345340379079,0.002384279568186455
1000,1000,pool,0ffbda7,0.1,0.06259518871474035,-0.004758457434543696,0.025107436306453686,8.896542483171387e-4,0.0011269122546161078
1000,1000,pool,0ffbda7,0.2,0.07564309555503936,-0.002678055321095453,0.030764823048767154,0.0016330037811669404,0.002380757868558503
1000,1000,pool,0ffbda7,0.5,0.06115514241224087,0.004199659899742687,0.024610731344342524,0.0012749600376176463,0.0021057959677134685
1000,1000,pool,0ffbda7,1,0.06935682797273643,-0.006645843968948817,0.027523826448134215,0.0015838559203632924,0.0026126007841892358
1000,1000,sim,0ffbda7,0.01,0.050839366266517035,0.0033669360561629,0.020480167691140173,0.027453221909269226,0.03171619289387787
1000,1000,sim,0ffbda7,0.02,0.06555882616183847,0.004183971130600003,0.026435222718902873,0.0075865135130837175,0.012704213828426814
1000,1000,sim,0ffbda7,0.05,0.06897834738921307,-0.0089397293966235,0.026703619724792092,0.011735552462185382,0.020230701360524142
1000,1000,sim,0ffbda7,0.1,0.06444722076951154,-0.0077630401012836435,0.025139131234091776,0.017450536018980455,0.023469383522293146
1000,1000,sim,0ffbda7,0.2,0.08224062022554277,0.005555193897932501,0.03311182704014834,0.023648491894739523,0.03667030922469922
1000,1000,sim,0ffbda7,0.5,0.05637220109053781,0.0031000720914852926,0.02280410187501946,0.0091083564519145125,0.013123027900013925
1000,1000,sim,0ffbda7,1,0.07711246966084583,-0.005211662318165892,0.031046643491375273,0.019797673986292497,0.029527569832244784
1000,10000,pool,0ffbda7,0.01,0.08844676464619684,4.413989558160837e-5,0.036108213484832515,8.885174787972898e-4,0.0015709072314251664
1000,10000,pool,0ffbda7,0.02,0.06027956339620433,0.003914287259589663,0.024295733146424088,9.885368390988609e-4,0.0013150307894407448
1000,10000,pool,0ffbda7,0.05,0.057885538973010714,0.0016811121133024748,0.02357180093024639,0.0011707618468112834,0.0014827563572189831
1000,10000,pool,0ffbda7,0.1,0.07578774030451262,-3.0270060280183903e-4,0.030938734660978587,0.0013661119753365762,0.0024306656586632527
1000,10000,pool,0ffbda7,0.2,0.04127932059738049,-0.004587116828936411,0.01621589993477313,0.0026438928080303402,0.004019473403061379
1000,10000,pool,0ffbda7,0.5,0.07839715417090391,-0.008084484331044531,0.030967618735013754,6.955052601169159e-4,0.0011609223314638045
1000,10000,pool,0ffbda7,1,0.05330104990090029,-4.609345462936426e-4,0.02175518005978676,0.0028118941129842666,0.004564526994789954
1000,10000,sim,0ffbda7,0.01,0.08970829470860833,4.751659342446112e-4,0.036620175321663256,0.01526175917937359,0.02002600277968413
1000,10000,sim,0ffbda7,0.02,0.057374647053655255,0.0046673660440249495,0.02295337407948996,0.01284982600470323,0.019875431740179663
1000,10000,sim,0ffbda7,0.05,0.05748112724260059,-0.003439131786849615,0.023213193893402245,0.01169104067576872,0.020005166443792688
1000,10000,sim,0ffbda7,0.1,0.08231965048496066,-0.005433629088711308,0.03316468730824988,0.009540055372692218,0.018745456620387235
1000,10000,sim,0ffbda7,0.2,0.03578910628667993,4.5940899464167096e-4,0.014603617069372044,0.011667311856789082,0.01986010888131234
1000,10000,sim,0ffbda7,0.5,0.09233462196205953,-0.019707435688677454,0.032133534623339885,0.02014760993210528,0.03101758065444245
1000,10000,sim,0ffbda7,1,0.053214909796085716,0.001533545228661428,0.021670702414379024,0.007024119698611257,0.010663500317941617
1000,100000,pool,0ffbda7,0.01,0.05720477828909793,6.83813348162862e-4,0.023343739542377295,0.0024457658814993474,0.0038776358055057436
1000,100000,pool,0ffbda7,0.02,0.0770127405565873,0.006797872532020815,0.030696622458794516,0.001585034132564129,0.00334334275680268
1000,100000,pool,0ffbda7,0.05,0.06661370907126923,-0.008159207175760281,0.025942083782308327,0.023930964730441123,0.03491507934249879
1000,100000,pool,0ffbda7,0.1,34.65738335818762,-5.777517255438645,12.915468680455957,7.060248984113701e-4,0.0013566821282545334
1000,100000,pool,0ffbda7,0.2,0.07248805292760335,-0.0033747195785025254,0.029400072062932815,0.0013292613375575587,0.0022386621478423375
1000,100000,pool,0ffbda7,0.5,0.07043398318480465,0.0027243386969320322,0.028625204101932436,7.244184342312216e-4,0.0011770352490210437
1000,100000,pool,0ffbda7,1,0.07674584382807476,-0.013966270502392528,0.028046343417063725,0.022893733636844826,0.039583198903429484
1000,100000,sim,0ffbda7,0.01,0.05963113492044852,0.0020238675322954277,0.024260035769316367,0.015342774169768788,0.01711828728019734
1000,100000,sim,0ffbda7,0.02,0.07918801108303752,0.009390164442502676,0.030934581430668125,0.007910628585378093,0.013864908696095652
1000,100000,sim,0ffbda7,0.05,0.06583424815526788,-0.005606807981765912,0.026285390288469587,0.027033839255066684,0.04302591244884023
1000,100000,sim,0ffbda7,0.1,0.05800856566854787,-0.00548134090298792,0.02303881906100231,0.01797188680760344,0.031532204369767086
1000,100000,sim,0ffbda7,0.2,0.07647297786760385,-0.006925609622374108,0.03044210880805813,0.015014282331493016,0.017036410410639618
1000,100000,sim,0ffbda7,0.5,0.07091572499883722,0.0025858143921757295,0.028835514664171814,0.007527780550650514,0.014110092385356512
1000,100000,sim,0ffbda7,1,0.08115341694880482,-0.016534404186968197,0.028709922650419353,0.022975253867355317,0.04091816195174491
1000,1000000,pool,0ffbda7,0.01,34.65739115001464,-5.78414341625636,12.912506024304385,0.0027201977239700663,0.003945786321005114
1000,1000000,pool,0ffbda7,0.02,0.07189263657549377,-0.0029875998034078473,0.029197593160693022,0.009018585211214085,0.01288026359936619
1000,1000000,pool,0ffbda7,0.05,0.07393867168575415,-0.009002219617235073,0.028811708911575484,0.022627184003810624,0.030847356697770178
1000,1000000,pool,0ffbda7,0.1,33.64582233642604,-5.616745630928174,12.534980200749162,0.0021770910983562905,0.0028098484482385134
1000,1000000,pool,0ffbda7,0.2,35.35056179697396,-5.8944334848004525,13.173180726519407,0.005514333665464593,0.007063909194419872
1000,1000000,pool,0ffbda7,0.5,0.07650459015014655,0.0024234037505096793,0.03113870849284428,0.024380131098322662,0.03011696561015153
1000,1000000,sim,0ffbda7,0.01,0.05863546802983253,-0.01034800836598788,0.021585606501486825,0.014051663546720097,0.015777294455089883
1000,1000000,sim,0ffbda7,0.02,0.07185174409568382,-0.00260052489954886,0.029217850568538272,0.009032101156235659,0.014038034225086654
1000,1000000,sim,0ffbda7,0.05,0.07424273704800512,-0.009328102521741169,0.028838351271765834,0.022624200099622144,0.030801486379951688
1000,1000000,sim,0ffbda7,0.1,0.08419510998296062,-0.01642662256204337,0.030193302160876238,0.013079541030572517,0.02031235085947345
1000,1000000,sim,0ffbda7,0.2,0.0697121796675941,-0.006206539102434601,0.027774872421629057,0.011918240155023798,0.01752428472154543
1000,1000000,sim,0ffbda7,0.5,0.07599690954836134,0.0017922614033835627,0.030973798215248174,0.024375692021145638,0.030145566786183343
1000,1000000,sim,0ffbda7,1,0.09564882606935918,-0.00310885681936631,0.03892451666175317,0.02048014889436763,0.039539118645983244
2000,0.05,pool,1c2ae6f,0.01,0.25185981217221237,0.019064393052447864,0.10103848977219257,0.00107736011780359,0.0014928737570269945
2000,0.05,pool,1c2ae6f,0.02,0.23745010054207863,0.004867152445405092,0.09681633402985466,0.00158084617338688,0.0024556309585297936
2000,0.05,pool,1c2ae6f,0.05,0.15217701196310102,0.0052922774765270806,0.06190018008143764,0.0010818682437146474,0.002103830896307622
2000,0.05,pool,1c2ae6f,0.1,0.12312568106418481,-0.011061667667748413,0.04903361158084845,0.002887420056511521,0.0030236794409279934
2000,0.05,pool,1c2ae6f,0.2,0.08803436672902633,0.0024415209942561036,0.03585685331236866,0.001631873148668598,0.0030432912445761255
2000,0.05,pool,1c2ae6f,0.5,0.06785292478586179,0.0014891003388785922,0.027660787175712385,0.0018328041254502844,0.003090316118655015
2000,0.05,pool,1c2ae6f,1,0.07907054067467482,-0.005518450744296032,0.031805216057752946,0.002028743736230388,0.0029887519027514474
2000,0.05,sim,1c2ae6f,0.01,0.2518784367178563,0.019527872033912864,0.10095768104045204,0.013495263780168508,0.016844560153281302
2000,0.05,sim,1c2ae6f,0.02,0.23840979860067926,0.006135957447881297,0.09713678690897971,0.02147099403302008,0.027741063613011204
2000,0.05,sim,1c2ae6f,0.05,0.15229720033239616,0.0032578182854460526,0.06208966224904122,0.017653781578191988,0.01839903870680959
2000,0.05,sim,1c2ae6f,0.1,0.12392639481613257,-0.01100443966054359,0.04938144924744633,0.005294568947457272,0.007810498103093175
2000,0.05,sim,1c2ae6f,0.2,0.09697216358513616,0.004999441938902437,0.03927177525946522,0.02499788405522355,0.03522108544597555
2000,0.05,sim,1c2ae6f,0.5,0.06359236114731003,0.0015808385969480713,0.025913298041328445,0.011112582901872493,0.0203999178625283
2000,0.05,sim,1c2ae6f,1,0.07644405920671936,-0.006179573191019394,0.03059022566948856,0.014835827110952441,0.01968806090776502
2000,0.1,pool,1c2ae6f,0.01,0.2007469727034173,-8.151634048205051e-4,0.0819505543008783,0.0020514042194278216,0.0028701250593307645
2000,0.1,pool,1c2ae6f,0.02,0.18489173359634806,0.015235902776819155,0.07392806949068222,0.0013971384658856404,0.002366153606410126
2000,0.1,pool,1c2ae6f,0.05,0.1648595030059031,-0.008523206174390133,0.06676174736879195,0.0015710190384307448,0.0024396188449607626
2000,0.1,pool,1c2ae6f,0.1,0.11915596726243363,0.014312271241083864,0.04649211023707144,9.577900966842918e-4,0.0015326619533487572
2000,0.1,pool,1c2ae6f,0.2,0.09155346949215161,-0.004108645651343977,0.037150038047357115,0.0013469115565615435,0.0019496217567937198
2000,0.1,pool,1c2ae6f,0.5,0.08293228980606919,0.0060479042617974784,0.03331241464459018,0.0019145191432781933,0.0028982104557580108
2000,0.1,pool,1c2ae6f,1,0.09116905023198534,0.0029233822367238666,0.03710462401100952,6.926238689607348e-4,0.001337422056238585
2000,0.1,sim,1c2ae6f,0.01,0.20112379562877325,-0.0010051874764494741,0.08210229265672964,0.016652428683164622,0.027731428216398398
2000,0.1,sim,1c2ae6f,0.02,0.1843957269101511,0.014965882396401814,0.07377659778830666,0.0034396065242763454,0.004723318036637367
2000,0.1,sim,1c2ae6f,0.05,0.16457283950758966,-0.007283811114732174,0.0667905882559565,0.02423266112836481,0.03556154803863409
2000,0.1,sim,1c2ae6f,0.1,0.11933073968677002,0.015730692381900634,0.04610693609662172,0.013776283243663062,0.017592265731101626
2000,0.1,sim,1c2ae6f,0.2,0.09100976961144834,-0.0021280433471913083,0.0370935905375483,0.010960613476314402,0.016796312745173892
2000,0.1,sim,1c2ae6f,0.5,0.08333497315373971,0.006139979177034261,0.033462719765852945,0.005351672976031915,0.008910738408906754
2000,0.1,sim,1c2ae6f,1,0.09686718142644768,-0.0020516050181071215,0.039492607617549545,0.014541113228998745,0.022344190053630513
2000,0.2,pool,1c2ae6f,0.01,0.20038967159883705,-0.0011634316080269998,0.08180046764826635,0.0021279383374094517,0.003491141050721866
2000,0.2,pool,1c2ae6f,0.02,0.1770613231463862,0.0010950837420455987,0.07227668700202997,0.0012760203722865923,0.0015502386483552248
2000,0.2,pool,1c2ae6f,0.05,0.16849292744185482,0.0149424256083586,0.06714438435138385,0.002028847768414097,0.003244736703751077
2000,0.2,pool,1c2ae6f,0.1,0.11720433632295106,0.005035868128083889,0.0475827290902955,0.0013420293630887826,0.002376488244462072
2000,0.2,pool,1c2ae6f,0.2,0.09452477843011085,0.002948906754830167,0.03847674066014743,0.0021957341902901595,0.0030606634028364638
2000,0.2,pool,1c2ae6f,0.5,0.0830321696436704,0.002390193715732544,0.03381336777011644,0.0015797534283659496,0.0019481773389890924
2000,0.2,pool,1c2ae6f,1,0.0686418226726772,9.195070071294081e-4,0.028007816947566322,0.0015767579749622837,0.0028416519971983917
2000,0.2,sim,1c2ae6f,0.01,0.20049720239577706,-0.0010848618398960005,0.08184545051219322,0.0213934674389254,0.032203935161829116
2000,0.2,sim,1c2ae6f,0.02,0.17577483759730106,0.0015968021589075534,0.07174200869498684,0.01912938806267586,0.033282361553725666
2000,0.2,sim,1c2ae6f,0.05,0.1683166363457711,0.01809057723329927,0.0662908693599035,0.0198067332333036,0.03143004384583323
2000,0.2,sim,1c2ae6f,0.1,0.11583707123951292,0.004032953318591328,0.04711800575598881,0.010444950660316718,0.014134099480135177
2000,0.2,sim,1c2ae6f,0.2,0.09618417756580723,0.007707706265391311,0.03850312454587164,0.023489873848296174,0.02474246628014137
2000,0.2,sim,1c2ae6f,0.5,0.07995367593053891,5.966017888780229e-5,0.03264089699233149,0.012565995598969492,0.020017412491855006
2000,0.2,sim,1c2ae6f,1,0.07004848185302938,0.006322485237227427,0.02788950487329249,0.007926439633652306,0.013316145800729933
2000,0.5,pool,1c2ae6f,0.01,0.14109940555897124,0.008629414227834357,0.05695355053257836,0.0027963661451041585,0.0028295258287893378
2000,0.5,pool,1c2ae6f,0.02,0.12997647499229245,0.012735664057774992,0.051511651137496735,8.103492500627326e-4,0.0014692869696126658
2000,0.5,pool,1c2ae6f,0.05,0.127322385450473,0.010518964466193955,0.05090366417091621,0.0010422749918376814,0.0016993471282082226
2000,0.5,pool,1c2ae6f,0.1,0.11742003535432892,-4.7811308217873827e-4,0.04793414431956924,0.00173431610654862,0.0019067237054862757
2000,0.5,pool,1c2ae6f,0.2,0.09483597686020599,0.0038908520031916633,0.03852062246633848,0.0020482199105640946,0.0034754079909722446
2000,0.5,pool,1c2ae6f,0.5,0.055367210709944305,0.0030760042953588947,0.022393292177379714,9.615327822531468e-4,0.002051831077210721
2000,0.5,pool,1c2ae6f,1,0.0645441194258004,-0.007869849532619775,0.025147352950345595,0.001129135645633857,0.0021058843541146904
2000,0.5,sim,1c2ae6f,0.01,0.14036713547881652,0.008738471215934502,0.056634452775935686,0.0176366393151694,0.03240877846216399
2000,0.5,sim,1c2ae6f,0.02,0.1277083729834554,0.011638768553553173,0.05082103063598489,0.02288946002361883,0.03295379203029125
2000,0.5,sim,1c2ae6f,0.05,0.13056999014444143,0.011775277841347584,0.051988106519462604,0.014016581646466575,0.022934992419813633
2000,0.5,sim,1c2ae6f,0.1,0.11509368965770153,0.004904605374151053,0.046730123182244385,0.024194077360939373,0.032718205047534865
2000,0.5,sim,1c2ae6f,0.2,0.10247839662609382,5.042491284186823e-4,0.04183359131119777,0.03270336923117746,0.04048840448729647
2000,0.5,sim,1c2ae6f,0.5,0.060616185654769054,-0.0014645330082960592,0.024703079503505556,0.012315619866866741,0.022113298605331295
2000,0.5,sim,1c2ae6f,1,0.0474651590752462,3.4515046216082194e-4,0.019374495920278147,0.01948237285732037,0.030688812188249953
2000,1,pool,1c2ae6f,0.01,0.09959427895732235,-9.863492705610574e-4,0.04064722846584526,7.196797290570198e-4,0.0014343197170750915
2000,1,pool,1c2ae6f,0.02,0.09087440752307029,-0.0032589711333364598,0.0369559029691278,0.0013701292392548265,0.002453352183603898
2000,1,pool,1c2ae6f,0.05,0.11342885154351756,-0.0038617236488458703,0.046145832071165085,0.0024257446782525375,0.003226610059035887
2000,1,pool,1c2ae6f,0.1,0.12100932440414497,0.005404816017511756,0.049105302455791686,0.0023004180161301357,0.0034482175137305598
2000,1,pool,1c2ae6f,0.2,0.07661872242485093,2.8291308542440435e-4,0.031278182990525864,0.0032748059393294246,0.003590884074442813
2000,1,pool,1c2ae6f,0.5,0.08159998964379331,-0.0074998054021583336,0.03245785940632796,0.0022480372108576023,0.0029126848442179907
2000,1,pool,1c2ae6f,1,0.07808318092403005,-0.0025704375643804166,0.03177352212031412,7.316325517592345e-4,0.0013056805017607387
2000,1,sim,1c2ae6f,0.01,0.09928662967933867,1.4435930931841826e-4,0.04053333976580475,0.015637563018956566,0.020992535952052797
2000,1,sim,1c2ae6f,0.02,0.0909963518349497,-0.003326736952446091,0.03699984904195631,0.02352593050285752,0.03459115768627697
2000,1,sim,1c2ae6f,0.05,0.11308769994701569,-0.005290113305336908,0.04586377671359399,0.013801914356053793,0.022531313125849554
2000,1,sim,1c2ae6f,0.1,0.12066307389245316,0.00336192948925684,0.049145637279808814,0.014986920131305556,0.024047432089411458
2000,1,sim,1c2ae6f,0.2,0.07476414011725993,-2.7633749284301415e-5,0.030522319881601066,0.01375244924985274,0.018211503497096767
2000,1,sim,1c2ae6f,0.5,0.08246760839101118,-0.008585103890716905,0.03255426848829188,0.020665143978935433,0.02460859595848658
2000,1,sim,1c2ae6f,1,0.10211635704248359,-0.004876683374768411,0.04140261290305547,0.01611185064137384,0.028302545112622278
2000,10,pool,1c2ae6f,0.01,0.06584672447018805,0.002392344705374649,0.026775147818816538,0.0011156673518758317,0.0014436276156625835
2000,10,pool,1c2ae6f,0.02,0.08385655981090932,-0.009384118907086323,0.032923022586397406,9.322116911108889e-4,0.0014013044185504022
2000,10,pool,1c2ae6f,0.05,0.07524447694208854,-0.012031181429755228,0.02826433368138006,0.0014165861888862702,0.002062789524646682
2000,10,pool,1c2ae6f,0.1,0.07341676827451536,-9.937962402554318e-4,0.029955789863483295,0.0018826691975400616,0.002142237310323163
2000,10,pool,1c2ae6f,0.2,0.10069856373184416,-0.010581633533986437,0.03972483465073782,0.001015098856676586,0.0017799837007067977
2000,10,pool,1c2ae6f,0.5,0.05853772202835393,0.0015280217891870962,0.023849024427075455,8.208663067118827e-4,0.0012149951996791983
2000,10,pool,1c2ae6f,1,0.0740895936488398,0.010658028471274726,0.02830696752180514,7.260368246723893e-4,0.0012926717436773636
2000,10,sim,1c2ae6f,0.01,0.06683019354243136,0.0018830786261474829,0.027218250183303216,0.01854073658445112,0.022663204718551266
2000,10,sim,1c2ae6f,0.02,0.08597634642052784,-0.0077516478994496575,0.03423303441823496,0.025037204891935796,0.03154218918921737
2000,10,sim,1c2ae6f,0.05,0.07285907093565898,-0.00943192462786909,0.0282095639943045,0.012171891493258867,0.01898209329987815
2000,10,sim,1c2ae6f,0.1,0.07330550017795755,-3.707775845393782e-4,0.029924548173245524,0.010240844741979336,0.01619014967236789
2000,10,sim,1c2ae6f,0.2,0.10102180279618263,-0.012133456806647827,0.03941674770051871,0.011395419499234253,0.019466965991154484
2000,10,sim,1c2ae6f,0.5,0.06488831962367851,0.0033531585679161015,0.026277468134300687,0.014389469074571842,0.024447050752041753
2000,10,sim,1c2ae6f,1,0.08390477791862633,-0.0013409399626780618,0.034227725208454816,0.021819121313586706,0.02824556973705451
5000,0.05,pool,1c2ae6f,0.01,0.18972067962193478,0.005832916061641088,0.07723319538634917,0.002855276730788033,0.00351010792132033
5000,0.05,pool,1c2ae6f,0.02,0.18945207913469286,-0.0011137882124506269,0.0773354674382597,0.0014324549550682275,0.00204029722577062
5000,0.05,pool,1c2ae6f,0.05,0.1227414855154316,-0.004355025682143622,0.049919392982390655,0.001508039309509017,0.002053071026262639
5000,0.05,pool,1c2ae6f,0.1,0.09911598154681334,0.00271699099247716,0.04037260943938153,0.002242725883569353,0.003929391215908789
5000,0.05,pool,1c2ae6f,0.2,0.08036014032709164,-0.00593719168259632,0.03226517907108351,0.0015378428413698,0.0025957246713114147
5000,0.05,pool,1c2ae6f,0.5,0.06747534262994863,8.41237977707685e-4,0.02753384515772705,0.0013570868378865381,0.002492385559968302
5000,0.05,pool,1c2ae6f,1,0.08335493297297893,-0.014727580634422007,0.030677448456668723,0.0028287869362662826,0.004636644946772422
5000,0.05,sim,1c2ae6f,0.01,0.18918060308369897,0.00574154769175492,0.07701894611471892,0.012611528278867577,0.020606147702441943
5000,0.05,sim,1c2ae6f,0.02,0.1885346573746969,-0.0013160501106270217,0.07695769953252703,0.010686676952220808,0.0176594517831809
5000,0.05,sim,1c2ae6f,0.05,0.12010598585368454,-0.0034872066618075134,0.04890890201192509,0.02197530441959723,0.023520396772774285
5000,0.05,sim,1c2ae6f,0.1,0.09856199861579282,0.004097297837108745,0.040028615751200806,0.017473777608927106,0.027247125058573008
5000,0.05,sim,1c2ae6f,0.2,0.07987805497665823,-0.0047886539488952926,0.03225656632635804,0.02064513018674026,0.02725390830807259
5000,0.05,sim,1c2ae6f,0.5,0.06433025205227677,0.0015163215247269404,0.026218905212687525,0.02095555293289412,0.033836095355018386
5000,0.05,sim,1c2ae6f,1,0.08275669604904834,-0.007426201392871384,0.03295901479663711,0.012488485980579342,0.02470684747817638
5000,0.1,pool,1c2ae6f,0.01,0.168277210077653,-0.0026908744455845335,0.06864616352453981,6.629855520453173e-4,0.0010806312316284038
5000,0.1,pool,1c2ae6f,0.02,0.1644040839793776,0.008529880860847158,0.06657345520062379,0.0028071875486514043,0.003669033393372714
5000,0.1,pool,1c2ae6f,0.05,0.10811819304977943,-0.002955966586046146,0.044039976607627845,9.246965470635128e-4,0.0012112228308741066
5000,0.1,pool,1c2ae6f,0.1,0.08114605813707394,0.0028694280615096357,0.033003234808081844,0.0021948558741851612,0.0035984322965359446
5000,0.1,pool,1c2ae6f,0.2,0.08178703562699839,-0.0012422504200686336,0.033366300564129425,0.0010182168295980664,0.0015835300469357768
5000,0.1,pool,1c2ae6f,0.5,0.06109939845816764,-0.0025086141406204664,0.024817257512031194,0.0020627184024932903,0.002652398512739473
5000,0.1,pool,1c2ae6f,1,0.09221531116339164,0.0040788093083948705,0.03742513304522255,0.0014467368997434233,0.0018780324407473188
5000,0.1,sim,1c2ae6f,0.01,0.1676270026710033,-0.0025452903036908476,0.0683860865577253,0.009173365893513573,0.014088107844115984
5000,0.1,sim,1c2ae6f,0.02,0.16543609854616828,0.009437563921768938,0.06687637478401554,0.018562744092642913,0.021821604349915796
5000,0.1,sim,1c2ae6f,0.05,0.1093130098406345,-0.0034158238736854063,0.04449593053303193,0.012572635622034534,0.016258183183361676
5000,0.1,sim,1c2ae6f,0.1,0.0817531622933941,0.0030675693418999255,0.033234318745752986,0.009206660222264565,0.013624313070042714
5000,0.1,sim,1c2ae6f,0.2,0.08049983457357929,9.902631834128204e-4,0.032848997040343796,0.005701031828921766,0.009521374130299238
5000,0.1,sim,1c2ae6f,0.5,0.06659510262721278,-0.004613756066200996,0.026792994182866053,0.012358231299756096,0.01725273724086992
5000,0.1,sim,1c2ae6f,1,0.10485173642293108,0.008454866881814875,0.041962240937475664,0.00931928188636352,0.014263077672549957
5000,0.2,pool,1c2ae6f,0.01,0.1572263717657556,0.0035872626661544085,0.06408707781605648,0.0019188016330442595,0.0035262202005494603
5000,0.2,pool,1c2ae6f,0.02,0.13456159365960424,0.007804996328807041,0.05437725425527401,0.0016558900092769,0.002319733904693404
5000,0.2,pool,1c2ae6f,0.05,0.1051508358199003,-5.706142451819208e-4,0.04292385636201777,6.657282153399118e-4,8.529042126305725e-4
5000,0.2,pool,1c2ae6f,0.1,0.10492759024021693,-0.012693215644082403,0.04091269740413889,0.001306803556842339,0.0016676139735810904
5000,0.2,pool,1c2ae6f,0.2,0.08845400867983029,-0.006222830911359177,0.03557098514291127,0.0014728051548737124,0.0024051359895888693
5000,0.2,pool,1c2ae6f,0.5,0.06415065337807534,0.01227603935351515,0.023134027879509914,0.0013009168724178806,0.001921103107908385
5000,0.2,pool,1c2ae6f,1,0.06840714091723514,-0.004883520200535337,0.027496800756864566,0.0012407010136009343,0.0019614963066158005
5000,0.2,sim,1c2ae6f,0.01,0.15659847859482756,0.00357417109259108,0.06383107302902455,0.013440910251516208,0.02197923054985366
5000,0.2,sim,1c2ae6f,0.02,0.13570871538293428,0.008181912833908745,0.054795366661114966,0.01611885349370609,0.028780747366751167
5000,0.2,sim,1c2ae6f,0.05,0.10361590326546914,-0.001077730281154682,0.042287284129246136,0.008236450830598105,0.013685647768366194
5000,0.2,sim,1c2ae6f,0.1,0.10587751956751099,-0.012075475615865312,0.04150330605641059,0.015576194526799658,0.027760146556140106
5000,0.2,sim,1c2ae6f,0.2,0.08876866676013614,-0.0011739940360044462,0.03622063552358116,0.02521703411970456,0.034765012523912675
5000,0.2,sim,1c2ae6f,0.5,0.06036894508346257,0.0044788905215368425,0.024235121788658446,0.021613308241793368,0.03235248019679748
5000,0.2,sim,1c2ae6f,1,0.09274430850628448,0.0026374035215866497,0.03777073685693464,0.033142464155905466,0.043600105720803715
5000,0.5,pool,1c2ae6f,0.01,0.14391877256017965,0.008371024323267764,0.05815520728462224,0.0017432077844039252,0.00197809743694527
5000,0.5,pool,1c2ae6f,0.02,0.1269788354004878,0.0010903297682656637,0.05182742473125398,0.002575083347304697,0.004119789576990354
5000,0.5,pool,1c2ae6f,0.05,0.11878386998460833,-0.01343521776878195,0.046595023535338995,0.0022871327001715604,0.0030183111442310465
5000,0.5,pool,1c2ae6f,0.1,0.07934978296635946,-0.001846960947552821,0.03234171833292525,8.055763655431085e-4,0.0013228011648667639
5000,0.5,pool,1c2ae6f,0.2,0.06994977437185008,-5.834973355725905e-4,0.028550913937003288,6.950926814402854e-4,0.001269813592809985
5000,0.5,pool,1c2ae6f,0.5,0.07164584483800016,-0.014314309203088434,0.025507287830412506,0.0019787018713182097,0.0025514176042263285
5000,0.5,pool,1c2ae6f,1,0.06196568643002083,0.007048716238075216,0.024295541055628006,0.002082509530365865,0.003402852184151127
5000,0.5,sim,1c2ae6f,0.01,0.14418240007796557,0.009376362253097736,0.058110623638073025,0.01755986523714739,0.02443368202762861
5000,0.5,sim,1c2ae6f,0.02,0.1273117300909524,0.0014093228747292445,0.051955685401054524,0.02057306249731318,0.025360176446023355
5000,0.5,sim,1c2ae6f,0.05,0.1196362573638854,-0.013826899624346826,0.04684324063068803,0.014317215540828694,0.022870671807306897
5000,0.5,sim,1c2ae6f,0.1,0.08145194459602301,-0.001757335771712864,0.033206148789007815,0.016743317334774292,0.023107580024562365
5000,0.5,sim,1c2ae6f,0.2,0.06826663293251795,0.0017120279607105552,0.027817101854535505,0.012256958260490274,0.02096588505587445
5000,0.5,sim,1c2ae6f,0.5,0.07236225661619533,-0.013889043953240351,0.026073175650394187,0.012295031253743146,0.01476204063015109
5000,0.5,sim,1c2ae6f,1,0.0883788974422783,0.00799383589014504,0.03518385292451003,0.026225320997969623,0.04236686524682916
5000,1,pool,1c2ae6f,0.01,0.09882628959019303,0.008576081386940528,0.039423640290296484,0.0010410529973902609,0.0013164186002383156
5000,1,pool,1c2ae6f,0.02,0.08166399298961785,0.001579073012675497,0.033301769025914606,0.0014784485751921064,0.0024197976995417227
5000,1,pool,1c2ae6f,0.05,0.09976503942378877,0.001954229267409486,0.04068199646660368,0.0012402824980453507,0.002292785345946327
5000,1,pool,1c2ae6f,0.1,0.08680091848781044,-0.0012664750828690083,0.03541368778573793,8.843172807087666e-4,0.0013972792409765976
5000,1,pool,1c2ae6f,0.2,0.07029910578489013,0.002534925117175424,0.028587320038952733,0.0018973187950673163,0.0030540949084377476
5000,1,pool,1c2ae6f,0.5,0.06570150070158884,-0.003947957261619725,0.026530388221821605,0.0019448009336122357,0.0027417372670281792
5000,1,pool,1c2ae6f,1,0.045140478774212255,4.3290273015852716e-4,0.018423437949716997,0.00211494819217616,0.002559378022482926
5000,1,sim,1c2ae6f,0.01,0.0992706938170194,0.008821238084328414,0.03955541514312543,0.005698297454029386,0.009496153742826604
5000,1,sim,1c2ae6f,0.02,0.08298547898862987,0.0012345379211444786,0.03385617919892878,0.016478485187969474,0.020332216687799057
5000,1,sim,1c2ae6f,0.05,0.09994686044823556,0.003659514660530742,0.040638697953541844,0.026778342961480697,0.03976423250358754
5000,1,sim,1c2ae6f,0.1,0.08993424911397173,-0.0010667301306422888,0.036700003825304535,0.01649511162895729,0.017808766168372098
5000,1,sim,1c2ae6f,0.2,0.07677422445303458,0.005290516353057877,0.030893214359232934,0.014150867782596185,0.022682949772382534
5000,1,sim,1c2ae6f,0.5,0.06450858743937847,-0.004970253371870852,0.025862254806121015,0.01983782299521535,0.02137066464465863
5000,1,sim,1c2ae6f,1,0.04252180165282818,-0.0033078638977203562,0.01704138019844349,0.009438743582776795,0.01742928123383217
5000,10,pool,1c2ae6f,0.01,0.08649643510902445,-0.010569480092096838,0.03369309976356754,0.0016043938053499286,0.002863416372340486
5000,10,pool,1c2ae6f,0.02,0.07402794757358658,0.007350650823998563,0.02931423038031068,2.539075738036295e-4,4.3103652664854605e-4
5000,10,pool,1c2ae6f,0.05,0.10200948365417589,0.006524656310461816,0.04113090467352111,9.919603032415968e-4,0.0015064319498747617
5000,10,pool,1c2ae6f,0.1,0.07691729208592699,-6.185637677532026e-4,0.03139525997934281,0.0014138395262787375,0.0023547113089936885
5000,10,pool,1c2ae6f,0.2,0.06753712681560364,-0.004522146504501332,0.027198543602118014,0.0016978491100732857,0.002059431726625992
5000,10,pool,1c2ae6f,0.5,0.05189316148443671,-0.00174598560052692,0.021113224191433286,0.0014600736514752523,0.0023729252285918483
5000,10,pool,1c2ae6f,1,0.08530299815550385,-4.03212188018348e-4,0.034822468833370826,0.0016698055598826022,0.002339795606039366
5000,10,sim,1c2ae6f,0.01,0.08538492585013642,-0.010190195636877172,0.03333552919365541,0.018581409022537076,0.022007567223262622
5000,10,sim,1c2ae6f,0.02,0.07426857155493928,0.006180674420040834,0.029683374423774254,0.02305810125323935,0.02456670294538654
5000,10,sim,1c2ae6f,0.05,0.10422147002049897,0.004913525424275926,0.04226357458589238,0.01747465360416572,0.02144249687069346
5000,10,sim,1c2ae6f,0.1,0.07629546260241671,-0.0023656856392361546,0.031057524054713476,0.008495559345878685,0.015567499039694305
5000,10,sim,1c2ae6f,0.2,0.07495928914774676,-0.006088379283363246,0.029990234120868372,0.018487737369238928,0.025027869719544276
5000,10,sim,1c2ae6f,0.5,0.05835070487035618,-0.007779222564816822,0.022515575855355765,0.015314751319030241,0.020953164224883903
5000,10,sim,1c2ae6f,1,0.06190599450680451,-0.004539307214327312,0.024862020218130054,0.020766908563543893,0.03264392134837811
10000,0.05,pool,1c2ae6f,0.01,0.17951096715768522,0.012116510212021037,0.07227646967441465,0.0010553894361754652,0.001305964425713177
10000,0.05,pool,1c2ae6f,0.02,0.1500337788952377,-0.002448097844688338,0.06120209107435527,0.0012857783097243848,0.00232413665967692
10000,0.05,pool,1c2ae6f,0.05,0.0980569788235432,-0.005799266836076412,0.03960930471699948,8.956762364422747e-4,0.001373624944092106
10000,0.05,pool,1c2ae6f,0.1,0.08846515282528646,-0.004490980926931959,0.03583543359647657,0.0017288294219112174,0.0028268757844177746
10000,0.05,pool,1c2ae6f,0.2,0.061939829012847454,0.002809535756716913,0.025130265521647908,5.309891624203874e-4,9.157964884909912e-4
10000,0.05,pool,1c2ae6f,0.5,0.0664044859384001,0.0020717311366174177,0.027030240266932504,0.0018911433623660713,0.003229586929523886
10000,0.05,pool,1c2ae6f,1,0.06390252796342286,-0.007725481311445878,0.024917981162054587,0.00188691812543533,0.0023083917721517413
10000,0.05,sim,1c2ae6f,0.01,0.1787396894693076,0.012640306451981586,0.07186702130600245,0.018202008870602717,0.030953547111462854
10000,0.05,sim,1c2ae6f,0.02,0.14924682790506932,-0.0022638525145539973,0.06088769097072558,0.015027868879755399,0.02726959610391826
10000,0.05,sim,1c2ae6f,0.05,0.09698170476708093,-0.0042364948605735165,0.03936530563687449,0.014956441288378867,0.02219173324988823
10000,0.05,sim,1c2ae6f,0.1,0.09126547647874045,-0.002268471796257635,0.03718985392807432,0.02870121212070389,0.03369539559885826
10000,0.05,sim,1c2ae6f,0.2,0.06228978828410527,0.0034935779470940116,0.0251885794334262,0.01931717180807361,0.02503392180435739
10000,0.05,sim,1c2ae6f,0.5,0.06705627531443352,0.0010953414636583325,0.02735368781204541,0.011660074760991268,0.021408439327219152
10000,0.05,sim,1c2ae6f,1,0.07554985666299954,-0.01903643093251054,0.0242674906885402,0.013264915743772896,0.02022060566314491
10000,0.1,pool,1c2ae6f,0.01,0.14571035614532873,-0.0010514856803227365,0.05947670994485011,0.0027450790663454193,0.0035337964148585534
10000,0.1,pool,1c2ae6f,0.02,0.13186220623255257,0.0017673765793041012,0.05380350006068036,0.002150967811771789,0.00253145215162559
10000,0.1,pool,1c2ae6f,0.05,0.10656608621630188,0.001439763464796257,0.043481592309184726,0.002657556458417062,0.0029865989325868468
10000,0.1,pool,1c2ae6f,0.1,0.08508710890236647,0.0032750000622310213,0.034581937358775156,7.877956819345527e-4,0.0013738259957574914
10000,0.1,pool,1c2ae6f,0.2,0.07120948341867446,-0.005780076482712754,0.028490743595883963,0.0029382061413213275,0.003942636640955171
10000,0.1,pool,1c2ae6f,0.5,0.06203819109059484,-9.497141457525001e-4,0.025309172948561907,0.0015102547322513224,0.002273705598838758
10000,0.1,pool,1c2ae6f,1,0.07654541876642364,0.01052115538332319,0.029425139111897095,0.0022603201039887305,0.002720489529900894
10000,0.1,sim,1c2ae6f,0.01,0.14534081167137053,-0.0018673701768595501,0.059305746080555936,0.010612316148111253,0.02165854061850132
10000,0.1,sim,1c2ae6f,0.02,0.13102993883163622,0.0025176591449068146,0.05343346832713671,0.01596153275722207,0.023288861598101666
10000,0.1,sim,1c2ae6f,0.05,0.10624184199791999,0.003317618938078038,0.043245981352030914,0.016050848725601946,0.025865413892579594
10000,0.1,sim,1c2ae6f,0.1,0.08317991576533071,0.0027029361890720622,0.03385031561269491,0.0095646329607183,0.015603638469738721
10000,0.1,sim,1c2ae6f,0.2,0.07450030081236031,-0.007275309000122712,0.029531661243622852,0.008753316993866504,0.011607735852775454
10000,0.1,sim,1c2ae6f,0.5,0.06481994026302959,-0.002198338776442244,0.026371160053635188,0.012627014783111935,0.018934113041184565
10000,0.1,sim,1c2ae6f,1,0.08239893840290752,0.0067072653189086005,0.0329637695093081,0.01958972401711403,0.02410965334702817
10000,0.2,pool,1c2ae6f,0.01,0.14380832405000077,0.006104488053264117,0.058391274205020514,0.0011745693178817499,0.0018552071768057831
10000,0.2,pool,1c2ae6f,0.02,0.10632324077526267,0.004809502988297263,0.043139007126164905,0.0011774563903293124,0.001465883406459689
10000,0.2,pool,1c2ae6f,0.05,0.10358348371290943,-0.0014557530835007904,0.04226271563261926,0.0019801362380255654,0.003885195595200091
10000,0.2,pool,1c2ae6f,0.1,0.0909965557354247,0.00935287843444857,0.03595255008492169,0.0017608500606831506,0.002672965151135318
10000,0.2,pool,1c2ae6f,0.2,0.04182373489642663,1.1662499327120121e-4,0.01707406997151061,0.00253847930607603,0.0026584952563578493
10000,0.2,pool,1c2ae6f,0.5,0.06758454179764094,0.002677174817700134,0.027461083676025084,0.0018530341598919653,0.002277468657220517
10000,0.2,pool,1c2ae6f,1,0.06157275684339778,-0.006748425633518614,0.024214172482623343,0.001609923903426684,0.0021984827901071276
10000,0.2,sim,1c2ae6f,0.01,0.1426305038708375,0.0061183896999240294,0.05790632158830354,0.01691131347945157,0.024462526189544
10000,0.2,sim,1c2ae6f,0.02,0.10489392207332904,0.004675999944894016,0.04256670262661832,0.016349422420559503,0.025356813583114195
10000,0.2,sim,1c2ae6f,0.05,0.10465734834789116,0.0013025073124334665,0.04270632547101616,0.02944792488303314,0.034839628269295514
10000,0.2,sim,1c2ae6f,0.1,0.08586486170131838,0.007610920759982904,0.03421797233934749,0.018513405327161534,0.028933588284022496
10000,0.2,sim,1c2ae6f,0.2,0.044522173616509494,-0.0014260358382415116,0.018120073924917816,0.017955712532526102,0.028074523406894987
10000,0.2,sim,1c2ae6f,0.5,0.06449002390555779,-0.00309145035747547,0.02614581161952778,0.02225573642795767,0.03270472349154096
10000,0.2,sim,1c2ae6f,1,0.06583058375086483,-0.009416485811444105,0.025171559767446738,0.010902426220756607,0.0174808557754905
10000,0.5,pool,1c2ae6f,0.01,0.09497547333891102,-9.153235750133764e-4,0.03876276914873417,0.002322247118743189,0.003722216044382245
10000,0.5,pool,1c2ae6f,0.02,0.09278185158302778,-4.198503037717924e-5,0.03787800902616702,0.0010175067989291904,0.0011544379797543366
10000,0.5,pool,1c2ae6f,0.05,0.10819598602480834,-0.012442108999895259,0.04238225834333842,0.001107650470945528,0.0016853433297159088
10000,0.5,pool,1c2ae6f,0.1,0.07249440923224627,0.006998431137506546,0.028756364917509616,7.180292052925425e-4,0.0011941801656739544
10000,0.5,pool,1c2ae6f,0.2,0.06632731681360331,-0.00673681023651531,0.02622659363672428,0.0020232182240520476,0.0032641721552063973
10000,0.5,pool,1c2ae6f,0.5,0.07808327189447417,8.600104673877652e-4,0.031865759161735244,0.0012181550659357986,0.0021547758540337333
10000,0.5,pool,1c2ae6f,1,0.055408582048842296,-0.0023256189987982496,0.022500592371083112,7.493094185609743e-4,0.0011222862286985212
10000,0.5,sim,1c2ae6f,0.01,0.0951715985927039,-0.0013373109912679633,0.03883062102380577,0.013429273512997213,0.021496170059319725
10000,0.5,sim,1c2ae6f,0.02,0.09350781768054635,0.0024192060513021914,0.038097674075692936,0.02923266020727231,0.04062900723996939
10000,0.5,sim,1c2ae6f,0.05,0.1089026615615445,-0.01201793050979746,0.04280421663956013,0.016316647878951884,0.026189826112376587
10000,0.5,sim,1c2ae6f,0.1,0.07363878193935093,0.007928326213425402,0.028998620847183826,0.01285132825816785,0.020411421873561163
10000,0.5,sim,1c2ae6f,0.2,0.07243999027554707,-0.010924823872375578,0.027481634871512495,0.013427391304491519,0.023409325302367476
10000,0.5,sim,1c2ae6f,0.5,0.07786185658824692,-0.005551578956627232,0.03129842524765618,0.01560390467276991,0.018747755785531457
10000,0.5,sim,1c2ae6f,1,0.05876622466105927,-0.0018493408927379676,0.023919827168023787,0.009201974689320994,0.016464840400383866
10000,1,pool,1c2ae6f,0.01,0.10651247751858033,8.232176671286012e-4,0.043475743703014526,9.899759202632624e-4,0.0015585804756741077
10000,1,pool,1c2ae6f,0.02,0.08423792782122388,-7.382679715090958e-5,0.03438991078121086,0.0017584402343392097,0.0030396626339225423
10000,1,pool,1c2ae6f,0.05,0.08030834523978608,0.003317060243476104,0.032617513146568904,0.0012964756688587707,0.0016072141686035845
10000,1,pool,1c2ae6f,0.1,0.09565749077203907,0.001098032334822162,0.039036567238835716,0.002928613971288818,0.0036108059029265525
10000,1,pool,1c2ae6f,0.2,0.07383609484976994,-0.002156153075287094,0.030066246096910186,0.0012422693922313813,0.001755946050248126
10000,1,pool,1c2ae6f,0.5,0.06377528589046126,-0.0042857423917921555,0.02568099674635326,0.0013071191413874669,0.0017728284610515823
10000,1,pool,1c2ae6f,1,0.045640524852133525,9.323036648084426e-4,0.018609327267250182,0.0013481286453882052,0.0022931389637660666
10000,1,sim,1c2ae6f,0.01,0.10669118268301875,0.0010809607011847977,0.04354307753263092,0.020929848763791382,0.0330904348976461
10000,1,sim,1c2ae6f,0.02,0.08383594322700645,-1.670788161677533e-4,0.03422547268915599,0.015374516158906268,0.019664747204269178
10000,1,sim,1c2ae6f,0.05,0.08384062897654122,7.704984815081996e-4,0.034219120044506314,0.025261819778705098,0.037526592953044016
10000,1,sim,1c2ae6f,0.1,0.09799790433508641,0.0023254765005373194,0.03993983435189618,0.017222457747707608,0.0298949503959001
10000,1,sim,1c2ae6f,0.2,0.07458874890260027,-0.0019733162016788725,0.030386722982974828,0.010930404511645491,0.017010443452820493
10000,1,sim,1c2ae6f,0.5,0.0620388710331649,-0.0028869012995069287,0.025162194937349624,0.01099749644207537,0.016638059758307896
10000,1,sim,1c2ae6f,1,0.07493687615974318,0.00564863473589703,0.030066850412326172,0.023446412543343682,0.030550870108553726
10000,10,pool,1c2ae6f,0.01,0.06523404483525343,0.0018772052574110897,0.02656544499940083,0.0010517316447013212,0.0016785760113948514
10000,10,pool,1c2ae6f,0.02,0.08472216049676,-0.009667421398757323,0.03320916103585439,0.0011657595350637669,0.0017034281471881346
10000,10,pool,1c2ae6f,0.05,0.07084786930230191,-0.002391511856520279,0.02882448210265246,0.0014179995356500125,0.0019703848025773877
10000,10,pool,1c2ae6f,0.1,0.06725321883000106,0.004238739300537912,0.027126843955291656,0.002369334536831705,0.002844386650244863
10000,10,pool,1c2ae6f,0.2,0.07343952063365737,0.008667672869695251,0.028701312028793738,0.0010891243914607964,0.0013659333716337576
10000,10,pool,1c2ae6f,0.5,0.07041280462724193,0.008917821842312202,0.027327634905002972,0.0022820757388556227,0.0033273674800684363
10000,10,pool,1c2ae6f,1,0.07673525819686079,-0.004227902371074456,0.031040427670439907,0.0010618030250107283,0.00194211530127096
10000,10,sim,1c2ae6f,0.01,0.06436533260285315,0.0014308290754302489,0.026238052551009867,0.007649876596194684,0.01024023010918513
10000,10,sim,1c2ae6f,0.02,0.08444089557078704,-0.008582903263355748,0.03338729167968911,0.01814370739055859,0.028397466039411564
10000,10,sim,1c2ae6f,0.05,0.07145213224504392,-0.0015693153062090266,0.029127966799342042,0.012847107929760846,0.016705748853106325
10000,10,sim,1c2ae6f,0.1,0.06892639904284396,0.005217864853698242,0.027651075335402436,0.0073955241083242685,0.014390050499714355
10000,10,sim,1c2ae6f,0.2,0.07348722418305423,0.007686014931437688,0.028999779208851377,0.01777883861110936,0.027950394997503816
10000,10,sim,1c2ae6f,0.5,0.07317414015810683,0.006060772799115689,0.0292519429165063,0.015418408222669157,0.022975592100796853
10000,10,sim,1c2ae6f,1,0.08342114588612093,-0.01388574766133637,0.031097169357428713,0.018926555094190313,0.030605392052521385
10000,100,pool,0ffbda7,0.01,0.06702672269240437,0.0072674504328463,0.026380821759127742,0.0013697594194971958,0.001961049906429419
10000,100,pool,0ffbda7,0.02,0.05652305930713554,0.004363850529662033,0.022659056632196656,0.001907936793604767,0.0030096410769505093
10000,100,pool,0ffbda7,0.05,0.05505781226302049,-0.005023959825790808,0.021908604311255773,0.0017197895084549485,0.0030300785765822874
10000,100,pool,0ffbda7,0.1,0.06913418639162316,0.007285824200749992,0.027267307416043995,0.0011250118114650757,0.0017683932300610514
10000,100,pool,0ffbda7,0.2,0.04495842705936734,0.010745397727429698,0.014879957043668648,0.002000714798849683,0.0027463483847409995
10000,100,pool,0ffbda7,0.5,0.07390772951941044,0.0021778929183220042,0.03009400044674539,0.001154460817558231,0.001933419088908969
10000,100,pool,0ffbda7,1,0.06917002214111387,-0.001978353000024153,0.02816915771858161,0.001990076809746697,0.0028037656660911247
10000,100,sim,0ffbda7,0.01,0.06696784821993516,0.0065013978196470845,0.02655523693973376,0.00824545476495792,0.01372031243682013
10000,100,sim,0ffbda7,0.02,0.06025123567243673,0.00782888499739079,0.023318314541154444,0.018677930783867015,0.03201015331324491
10000,100,sim,0ffbda7,0.05,0.0563300358497212,-0.006659225070644693,0.022011365502022883,0.009133121850169687,0.014474649530592286
10000,100,sim,0ffbda7,0.1,0.06966308661354731,0.008320022648725313,0.027195615379673434,0.01427973630025282,0.017985229751883394
10000,100,sim,0ffbda7,0.2,0.0411223044076301,0.007510833673789285,0.015014260914998068,0.014666581773633242,0.02232913832271183
10000,100,sim,0ffbda7,0.5,0.07648878446376742,0.003022955284110373,0.031079748489024922,0.012744186102944515,0.02392797583690517
10000,100,sim,0ffbda7,1,0.06608627290605915,-0.0032713930802113467,0.026780538302103512,0.017754510157228186,0.01845070013664742
10000,1000,pool,0ffbda7,0.01,0.06678709206270657,-0.011820365851957818,0.024570271240354876,0.0019406966000593538,0.0030716426462234487
10000,1000,pool,0ffbda7,0.02,0.07100164062554915,2.3423882958354455e-4,0.02898535194583614,8.969198598328882e-4,0.001186970549476046
10000,1000,pool,0ffbda7,0.05,0.04866518978918493,0.002377064797752702,0.019724764784829495,0.0010249008714784868,0.0013529985244315425
10000,1000,pool,0ffbda7,0.1,0.06657357243552199,-0.0014479364222472408,0.027139950342408736,0.0014112776818446854,0.002760291713331253
10000,1000,pool,0ffbda7,0.2,0.058053309655271536,4.360480338914399e-4,0.02369615276299678,0.0016486687630349595,0.002058131234624669
10000,1000,pool,0ffbda7,0.5,0.05920452261556455,0.0024046693685274402,0.02405022830628048,0.0017425415964724522,0.0024300246004258395
10000,1000,pool,0ffbda7,1,0.07151800890875856,-0.001612647350554261,0.02915253507961692,8.313808752097607e-4,0.0016638750671823983
10000,1000,sim,0ffbda7,0.01,0.06528936349812897,-0.009847839959254603,0.02476833083735581,0.01384382449411284,0.018188521792822727
10000,1000,sim,0ffbda7,0.02,0.07033914979226463,-6.429878641982399e-4,0.028708638052967046,0.011827311628467816,0.014484390339982302
10000,1000,sim,0ffbda7,0.05,0.051025895282408036,0.0053471442184005675,0.020133265514305023,0.012170803725671055,0.022750390318570318
10000,1000,sim,0ffbda7,0.1,0.0668955560378427,0.0015196440586021601,0.02726768389266888,0.015253411356320115,0.028949321795179422
10000,1000,sim,0ffbda7,0.2,0.0589166420239125,0.0017509465680751698,0.023988802332436717,0.013152175558969111,0.017027560373046213
10000,1000,sim,0ffbda7,0.5,0.06353695056666454,0.0062945481014068175,0.025163518807012498,0.01130042999482199,0.019473862741583973
10000,1000,sim,0ffbda7,1,0.07751727211552847,0.003321967294456441,0.031471454462735644,0.02202754583650189,0.027542645462324617
10000,10000,pool,0ffbda7,0.01,0.07726525643452693,0.008184874539033946,0.030463001670263466,0.001292065571330047,0.002306285015642956
10000,10000,pool,0ffbda7,0.02,0.06445249905765542,-0.008868072393337766,0.02477319918425352,0.0015639119669922231,0.0025627816650979655
10000,10000,pool,0ffbda7,0.05,0.058107227001428424,-7.641249038607437e-4,0.023709866120047055,0.0014082816788404582,0.0025293312274041937
10000,10000,pool,0ffbda7,0.1,0.0698631527423414,0.00458854408745202,0.0281499902014334,6.74324511982508e-4,0.0010717457721508494
10000,10000,pool,0ffbda7,0.2,0.07635910896655064,-0.007908459125159112,0.03015363761295277,0.0021351180550479446,0.003486026455237796
10000,10000,pool,0ffbda7,0.5,0.07035831627115909,0.0048042376070172085,0.0283190409283353,0.0011030352284067562,0.0018712576603477098
10000,10000,pool,0ffbda7,1,0.05497789923149952,-0.007765284149701531,0.021058535784630107,9.9578510675578e-4,0.0016620022093710195
10000,10000,sim,0ffbda7,0.01,0.08096186836189184,0.012971792239580372,0.030400712067338374,0.018461731416663185,0.024522231558345188
10000,10000,sim,0ffbda7,0.02,0.06946308279091724,-0.012278207753662153,0.025562321089725296,0.01584118113591962,0.02184202356078413
10000,10000,sim,0ffbda7,0.05,0.06467662896433751,0.004128357792973145,0.026079386194814765,0.020836510568404732,0.025271880591495995
10000,10000,sim,0ffbda7,0.1,0.07639264718910967,0.01060121435597011,0.02933008145696276,0.015386432067388284,0.023379624444188007
10000,10000,sim,0ffbda7,0.2,0.0816827574128893,0.002764462414755945,0.03323206118574183,0.026900848000153778,0.03946469928638815
10000,10000,sim,0ffbda7,0.5,0.06586906342020521,0.003288077341161696,0.026689151354830333,0.008414975699214615,0.012613020594301683
10000,10000,sim,0ffbda7,1,0.05570343039769189,-0.0034009045347744076,0.022485088570511978,0.018894911141234084,0.02186359147554321
10000,100000,pool,0ffbda7,0.01,0.07286327038924723,0.006073765833062727,0.029119616479409173,0.0010567309812299429,0.0019400920529102578
10000,100000,pool,0ffbda7,0.02,0.07284179636762765,7.712528197155466e-4,0.02972753581163267,0.0010552446312488755,0.0018074725068947925
10000,100000,pool,0ffbda7,0.05,0.07985316413522726,-6.841260466755663e-4,0.03259273858730169,0.002053774731342563,0.0031420468391193577
10000,100000,pool,0ffbda7,0.1,0.05667923010174817,-0.003540040607261374,0.022866801991535526,6.912224146041589e-4,0.0010388752461954187
10000,100000,pool,0ffbda7,0.2,0.06469825913566442,-0.009693014061254397,0.024570095664023274,0.0016723519534574548,0.0027562676384394864
10000,100000,pool,0ffbda7,0.5,0.056136975345544314,0.0011065491851950295,0.02289109468166866,0.001471002585220709,0.0016630373706743244
10000,100000,pool,0ffbda7,1,0.0749842697990412,0.0038075757638151102,0.030374481938276878,0.0016887698863579873,0.002420246738138713
10000,100000,sim,0ffbda7,0.01,0.07269036854473261,0.00754951520403475,0.028699357136450925,0.013149977654727713,0.017850394036079426
10000,100000,sim,0ffbda7,0.02,0.07093432369727025,-1.9432791371756802e-4,0.02895816435929833,0.015066604406089337,0.02177205140360613
10000,100000,sim,0ffbda7,0.05,0.08712624595979615,0.00795587570652909,0.03466796548568639,0.022485262682145422,0.03661480705768
10000,100000,sim,0ffbda7,0.1,0.06645769875184442,0.00718385867868807,0.026162883283698975,0.025543653874101964,0.04032079562886865
10000,100000,sim,0ffbda7,0.2,0.05988940313635952,-0.0094035113144181285,0.022569095602124643,0.012242185266006667,0.016928123546672513
10000,100000,sim,0ffbda7,0.5,0.05684111362328941,0.006002383162608266,0.022415547343124436,0.019816466082582758,0.027969932622901872
10000,100000,sim,0ffbda7,1,0.07698171866630274,-9.496250030410779e-4,0.031413304726233916,0.009367525481554466,0.016584200503495298
10000,1000000,pool,0ffbda7,0.01,0.06070257998221122,-0.010017894167573725,0.022666620080272606,0.021132006271044782,0.03141210036209073
10000,1000000,pool,0ffbda7,0.02,0.049980120696142334,-0.003800894667625404,0.020047159662300692,0.0017033720115482254,0.003152930508563033
10000,1000000,pool,0ffbda7,0.05,0.05544711597746141,-0.007026250694462789,0.021518106628641155,0.030638604781171187,0.03547969755905523
10000,1000000,pool,0ffbda7,0.2,36.043681685193626,-6.013877922683714,13.429734568051515,0.003615553414398937,0.0049516218262946774
10000,1000000,pool,0ffbda7,0.5,34.4342773208224,-5.738432430726939,12.83317195159477,0.007815860759116156,0.010033509053487846
10000,1000000,pool,0ffbda7,1,0.07957388935639892,0.016449872664106413,0.028013133834306255,0.023876100445574675,0.03624551599852168
10000,1000000,sim,0ffbda7,0.01,0.05950568100806354,-0.009448045431602093,0.022380544740792582,0.023660896416734842,0.03632638320047185
10000,1000000,sim,0ffbda7,0.02,0.05430822219011417,-0.006788027440681975,0.021106551503573878,0.019523713392311366,0.02719214021180129
10000,1000000,sim,0ffbda7,0.05,0.05488012453398905,-0.007798009143949587,0.02100386626794941,0.03062399084034146,0.037389132164220816
10000,1000000,sim,0ffbda7,0.1,0.06718630872868565,-0.0022093642321087672,0.027339569427009186,0.010603084188671105,0.022031321624696006
10000,1000000,sim,0ffbda7,0.2,0.06860245415728433,-0.0015807845620123058,0.027962187078902703,0.028648723448707437,0.03764969304573015
10000,1000000,sim,0ffbda7,0.5,0.07074052100211983,-6.083835677616017e-4,0.028873287909583552,0.023512513885538926,0.031812712297186393
10000,1000000,sim,0ffbda7,1,0.07997002452798209,0.016736095952574366,0.028031599361563967,0.023879444298375557,0.03613620108956802
10000,10000000,pool,0ffbda7,0.01,0.09585891183832881,-0.005127423027013427,0.038796881699093656,0.01373870222634617,0.02271186694880621
10000,10000000,pool,0ffbda7,0.05,35.3505512099695,-5.889643950606633,13.175318058521222,0.0031884753073360547,0.005114602476037957
10000,10000000,pool,0ffbda7,0.1,0.09038040561529143,1.2756633244007052e-5,0.03689764387869604,0.016572208875501777,0.027185698589655676
10000,10000000,pool,0ffbda7,0.2,0.07727375102059303,0.004764232916453648,0.031185052790023406,0.010837790878358441,0.016561477397332332
10000,10000000,pool,0ffbda7,0.5,34.657412613019254,-5.782053685146015,12.913451514613245,0.004404842719536283,0.006131544234955034
10000,10000000,pool,0ffbda7,1,0.06533759549026294,0.001970861546184344,0.02660105139853141,0.021550174648626727,0.03209778093846383
10000,10000000,sim,0ffbda7,0.01,0.09111469144256537,-0.005196433663843277,0.03683266091332879,0.013731709037122402,0.022972156546097054
10000,10000000,sim,0ffbda7,0.02,0.06873561318522185,0.006428231086007437,0.027314988530651597,0.00909108327762799,0.014998991764899538
10000,10000000,sim,0ffbda7,0.05,0.06465239419160645,0.007726962022897304,0.02523785655877259,0.012978611569256478,0.019552181083547164
10000,10000000,sim,0ffbda7,0.1,0.09055225789170715,-6.229765261686407e-4,0.036962554950411855,0.016566898545983005,0.027778318304595716
10000,10000000,sim,0ffbda7,0.2,0.07680158579877927,0.00131718088408724,0.03132643662127039,0.024144417279291352,0.027266908278995198
10000,10000000,sim,0ffbda7,0.5,0.06897591731766624,-0.004132055213850787,0.02785448464212917,0.008763974068391725,0.011917932776907099
10000,10000000,sim,0ffbda7,1,0.06604132903480078,0.0023254894663651956,0.02686078223337811,0.021704781935950452,0.03333505607814729
