interval,ebar,s,dAI,comp,nch,z
0.01,0.14173528274492456,0.2139395689868866,NA,total,5,0.1
0.02,0.09519944148742292,0.22958964722457073,NA,total,5,0.1
0.05,7.038343721459004e-4,0.28398661695594984,NA,total,5,0.1
0.1,-0.00896563571662861,0.26866862618892035,NA,total,5,0.1
0.2,-0.05442957005880258,0.24011033364902273,NA,total,5,0.1
0.5,-0.0667024617176285,0.1622698655269273,NA,total,5,0.1
1,-0.05008360465127876,0.17926440104185698,NA,total,5,0.1
0.01,-0.005710071286316981,0.039916113964224335,NA,sample,5,0.1
0.02,-0.011342802418043753,0.07695341039489162,NA,sample,5,0.1
0.05,-0.02578979648828159,0.1437532503330622,NA,sample,5,0.1
0.1,-0.028802670908486424,0.18280958771721217,NA,sample,5,0.1
0.2,-0.04060892633486649,0.19750548039066854,NA,sample,5,0.1
0.5,-0.08654335941617576,0.16306843186649797,NA,sample,5,0.1
1,-0.07970029580904098,0.11682829235359987,NA,sample,5,0.1
0.01,0.14745483594933487,0.196913523520258,NA,corr,5,0.1
0.02,0.10656018578838997,0.18182448601038878,NA,corr,5,0.1
0.05,0.026514283333429957,0.15657681798451084,NA,corr,5,0.1
0.1,0.019888282819662095,0.1167675019689454,NA,corr,5,0.1
0.2,-0.01377919957057156,0.07667425222636876,NA,corr,5,0.1
0.5,0.019830084925726823,0.0772255485972696,NA,corr,5,0.1
1,0.02960920565797714,0.12121267582551536,NA,corr,5,0.1
0.01,-0.014310175209010316,0.11464689277005517,NA,total,5,1
0.02,-0.024341006370203512,0.12690621233921762,NA,total,5,1
0.05,-0.026600739392142136,0.10700189206822953,NA,total,5,1
0.1,-0.009541539249983636,0.10857802790081315,NA,total,5,1
0.2,-0.023327107021725007,0.10730844536724479,NA,total,5,1
0.5,-0.01996715021476023,0.09263904838939785,NA,total,5,1
1,0.005801127451703727,0.15364647016914124,NA,total,5,1
0.01,-0.003231357291712255,0.006088509660135602,NA,sample,5,1
0.02,-0.003499088990780484,0.008417493373262594,NA,sample,5,1
0.05,-0.005561702711107056,0.017917594972419466,NA,sample,5,1
0.1,-0.011688349099935595,0.03088529022264857,NA,sample,5,1
0.2,-0.015277267725286172,0.049174324177186327,NA,sample,5,1
0.5,-0.029350698410846407,0.05903982447548479,NA,sample,5,1
1,-0.012202957420891301,0.10596727254265381,NA,sample,5,1
0.01,-0.01108823813247128,0.1105905038094205,NA,corr,5,1
0.02,-0.020841556125838587,0.11990424420457983,NA,corr,5,1
0.05,-0.021030445521846262,0.09169606601210628,NA,corr,5,1
0.1,0.002188804542886532,0.08193717460419012,NA,corr,5,1
0.2,-0.008060117718897373,0.06541392224787027,NA,corr,5,1
0.5,0.009381438185230127,0.056180304535936594,NA,corr,5,1
1,0.01799094336779433,0.06091728122533842,NA,corr,5,1
0.01,0.06894005027461775,0.3025187085836487,NA,total,10,0.05
0.02,0.054246556290779575,0.321435454638929,NA,total,10,0.05
0.05,0.04188934194708664,0.292243510818002,NA,total,10,0.05
0.1,0.005951377908782318,0.2839036776400679,NA,total,10,0.05
0.2,-0.02168600883676788,0.23734775950691187,NA,total,10,0.05
0.5,-0.0650546949598484,0.14420590163739958,NA,total,10,0.05
1,-0.03573042131481319,0.1590221447358649,NA,total,10,0.05
0.01,0.0035014073548400235,0.06546193838730391,NA,sample,10,0.05
0.02,0.0018262827160736106,0.11992671576407647,NA,sample,10,0.05
0.05,0.045846103368756164,0.16521987012872802,NA,sample,10,0.05
0.1,0.014107798848638834,0.21043825277080838,NA,sample,10,0.05
0.2,-0.020993661668428098,0.21230433834936505,NA,sample,10,0.05
0.5,-0.08048106324870069,0.14599078143037525,NA,sample,10,0.05
1,-0.059560369599082494,0.08834546203626216,NA,sample,10,0.05
0.01,0.06555113791130432,0.2503259257963623,NA,corr,10,0.05
0.02,0.05256429544964987,0.2277569612791627,NA,corr,10,0.05
0.05,-0.0038106638739578407,0.14823922028806663,NA,corr,10,0.05
0.1,-0.008150045676587213,0.10268801548826846,NA,corr,10,0.05
0.2,-6.800885857946057e-4,0.08438971733222475,NA,corr,10,0.05
0.5,0.015414173851193567,0.10290535117358172,NA,corr,10,0.05
1,0.02381896853838928,0.1174714367441162,NA,corr,10,0.05
0.01,0.02798217199920989,0.2435618788739749,NA,total,10,0.1
0.02,0.036133488899572734,0.2493841491090572,NA,total,10,0.1
0.05,0.017964102720239985,0.24916271740600165,NA,total,10,0.1
0.1,0.01861239850974842,0.22938281945009853,NA,total,10,0.1
0.2,-0.029482978357870577,0.1960859438961516,NA,total,10,0.1
0.5,-0.06508949336128464,0.12573918847237464,NA,total,10,0.1
1,-0.0202936886282766,0.16226511904277538,NA,total,10,0.1
0.01,-0.010768015146987959,0.049881556594310754,NA,sample,10,0.1
0.02,-4.639447763802503e-4,0.06709108782902876,NA,sample,10,0.1
0.05,0.01531451160264399,0.10827838401735923,NA,sample,10,0.1
0.1,0.02007227441846616,0.15168884489093692,NA,sample,10,0.1
0.2,-0.02705459994395424,0.16473084389448905,NA,sample,10,0.1
0.5,-0.06622462302445149,0.131815171109675,NA,sample,10,0.1
1,-0.04999146182681017,0.08436208006823444,NA,sample,10,0.1
0.01,0.03876103740046134,0.21091861659291242,NA,corr,10,0.1
0.02,0.03671620818874006,0.19628821466402696,NA,corr,10,0.1
0.05,0.002700517748311077,0.15469417049283085,NA,corr,10,0.1
0.1,-0.0013781416117253393,0.1007064359887305,NA,corr,10,0.1
0.2,-0.0024185563595376814,0.06619269919413474,NA,corr,10,0.1
0.5,0.0011310206214564264,0.09039004673529324,NA,corr,10,0.1
1,0.02969562596185286,0.11200098362415413,NA,corr,10,0.1
0.01,0.0052659001875856315,0.20050055527144847,NA,total,10,0.2
0.02,0.028122653963407813,0.19597703538546665,NA,total,10,0.2
0.05,-0.007650233257199592,0.18358313289176564,NA,total,10,0.2
0.1,-0.00409145623279637,0.18027170265740272,NA,total,10,0.2
0.2,-0.021106982645944888,0.15272654913191155,NA,total,10,0.2
0.5,-0.03887630517033585,0.12037277214533125,NA,total,10,0.2
1,-0.016704192649169603,0.1444443830477374,NA,total,10,0.2
0.01,-0.005678991995978842,0.024962457925561177,NA,sample,10,0.2
0.02,0.007560153654179363,0.02822520781981439,NA,sample,10,0.2
0.05,7.969735055592471e-5,0.06261928317058368,NA,sample,10,0.2
0.1,0.0010955811973134858,0.09830161863398482,NA,sample,10,0.2
0.2,-0.013407011779540476,0.1213268827292576,NA,sample,10,0.2
0.5,-0.0452840386920836,0.10234948713792522,NA,sample,10,0.2
1,-0.040068059105724745,0.07923963810660807,NA,sample,10,0.2
0.01,0.010967759757249361,0.1814396039977444,NA,corr,10,0.2
0.02,0.02058433142393345,0.17263372578980463,NA,corr,10,0.2
0.05,-0.007685622662677523,0.12934552961183987,NA,corr,10,0.2
0.1,-0.0051862101857577175,0.09371051307700354,NA,corr,10,0.2
0.2,-0.007689079308941367,0.0611178903262488,NA,corr,10,0.2
0.5,0.006420470738952883,0.07711232420928649,NA,corr,10,0.2
1,0.02334491349512719,0.09761302391264247,NA,corr,10,0.2
0.01,0.008185361672401666,0.11967168437203245,NA,total,10,0.5
0.02,-0.014728202336223739,0.1456887403302556,NA,total,10,0.5
0.05,-0.0026152591682522225,0.13394226297789263,NA,total,10,0.5
0.1,-0.004133570836694945,0.11859013312250083,NA,total,10,0.5
0.2,-0.017675154495274084,0.10815611951073384,NA,total,10,0.5
0.5,-0.008332474808700606,0.08455968521790734,NA,total,10,0.5
1,-0.005455527755131828,0.14651491342320902,NA,total,10,0.5
0.01,-0.0012441261389100166,0.00644093216248659,NA,sample,10,0.5
0.02,1.9338774043335381e-4,0.013660972629359995,NA,sample,10,0.5
0.05,-0.002705690013882666,0.03320423481052428,NA,sample,10,0.5
0.1,-9.647536967006657e-4,0.0472183993230109,NA,sample,10,0.5
0.2,-0.009402117398195194,0.07333784670571104,NA,sample,10,0.5
0.5,-0.015605644107110378,0.08372285969777819,NA,sample,10,0.5
1,-0.024997007219755896,0.0850176234513102,NA,sample,10,0.5
0.01,0.009441894757245788,0.1145681374723387,NA,corr,10,0.5
0.02,-0.014913134032737956,0.1341305017181544,NA,corr,10,0.5
0.05,1.0234691283202377e-4,0.10386364939041741,NA,corr,10,0.5
0.1,-0.003196031108205379,0.07719504380147768,NA,corr,10,0.5
0.2,-0.008277979211326059,0.05117655271056589,NA,corr,10,0.5
0.5,0.007268361998929898,0.056264398914471915,NA,corr,10,0.5
1,0.01951571218862065,0.07406330417646798,NA,corr,10,0.5
0.01,-0.013273761515513415,0.1112811742308998,NA,total,10,1
0.02,-0.010537661791855493,0.09053548081897152,NA,total,10,1
0.05,-0.006168203910927097,0.10227480123083503,NA,total,10,1
0.1,-0.00990649119243487,0.0970012871413163,NA,total,10,1
0.2,-0.009617374383665585,0.07414378727970475,NA,total,10,1
0.5,-0.01506733639557394,0.06918206677714182,NA,total,10,1
1,-3.6780440090625373e-4,0.12181303651055174,NA,total,10,1
0.01,4.6468317196529184e-5,0.004878033023707675,NA,sample,10,1
0.02,-0.001798606965412757,0.008833470685534008,NA,sample,10,1
0.05,0.0021043483915836854,0.01841448108914256,NA,sample,10,1
0.1,-0.0038267381469018155,0.028587832029936887,NA,sample,10,1
0.2,-0.0034076243801979696,0.0444400030860523,NA,sample,10,1
0.5,-0.019538793196954115,0.0491389901468154,NA,sample,10,1
1,-0.014725998217825364,0.08139507719185057,NA,sample,10,1
0.01,-0.01332017943188538,0.10797445528876505,NA,corr,10,1
0.02,-0.008753716075691404,0.0835592699856598,NA,corr,10,1
0.05,-0.00827266751625585,0.08854305900605171,NA,corr,10,1
0.1,-0.006089179664272134,0.07253378964407166,NA,corr,10,1
0.2,-0.0061963511513842525,0.043582409669516424,NA,corr,10,1
0.5,0.00447152802429289,0.04287455803163324,NA,corr,10,1
1,0.014324129740819685,0.05501871800142734,NA,corr,10,1
0.01,0.011676036966614982,0.02918331192260563,NA,total,10,10
0.02,0.002287178517174138,0.023601291795117847,NA,total,10,10
0.05,0.010219183491879016,0.04458196665626015,NA,total,10,10
0.1,-0.003925867847650814,0.03684844179127447,NA,total,10,10
0.2,0.00744823374366271,0.0488071519217802,NA,total,10,10
0.5,0.0033724901823654527,0.047218714489328066,NA,total,10,10
1,0.005738399526041396,0.07494848483804417,NA,total,10,10
0.01,2.807922417098738e-4,0.001064792182000703,NA,sample,10,10
0.02,-0.0010523708491307153,0.0026272952926197687,NA,sample,10,10
0.05,1.0148886838084445e-4,0.0036963438866696443,NA,sample,10,10
0.1,-0.0024415119381906766,0.006327066374455694,NA,sample,10,10
0.2,-0.0012705268720259392,0.010077824996235154,NA,sample,10,10
0.5,3.46550864984387e-4,0.020077595304620575,NA,sample,10,10
1,-0.00227309323055801,0.04043274642864463,NA,sample,10,10
0.01,0.011393582806567428,0.02879246713137323,NA,corr,10,10
0.02,0.0033355866688737686,0.02413042030318637,NA,corr,10,10
0.05,0.010120909519545088,0.04276372688468637,NA,corr,10,10
0.1,-0.001488253289008072,0.032667465397873,NA,corr,10,10
0.2,0.00870449121240047,0.041248529002933805,NA,corr,10,10
0.5,0.003005091273733415,0.033534374476295314,NA,corr,10,10
1,0.0079923309479176,0.040862211764922926,NA,corr,10,10
0.01,0.007343532887831366,0.03251487751462309,NA,total,10,100
0.02,-0.008878523385637924,0.024678598560714964,NA,total,10,100
0.05,0.008890354655056942,0.03404468606172667,NA,total,10,100
0.1,0.007144706930808326,0.03184295727800469,NA,total,10,100
0.2,-0.008783697303422341,0.028672318181001067,NA,total,10,100
0.5,0.01843128972056425,0.03274140444449597,NA,total,10,100
1,0.006643380063317026,0.03728661781088267,NA,total,10,100
0.01,-1.731024225852196e-4,0.0014032060493734504,NA,sample,10,100
0.02,5.430276528991677e-4,0.0020349905471179386,NA,sample,10,100
0.05,-6.56431027782279e-4,0.0032777911754640963,NA,sample,10,100
0.1,0.003180685072177984,0.005112706495712328,NA,sample,10,100
0.2,-0.004890241632977093,0.007680083739977002,NA,sample,10,100
0.5,0.009079179111224847,0.01217152301043804,NA,sample,10,100
1,0.007768935486671169,0.0221331904053476,NA,sample,10,100
0.01,0.007515490680167366,0.0326734762963392,NA,corr,10,100
0.02,-0.009422373929865533,0.024441139473375104,NA,corr,10,100
0.05,0.00954215740823888,0.0331766686849633,NA,corr,10,100
0.1,0.003959272123925179,0.03292369954793477,NA,corr,10,100
0.2,-0.0039030802952875936,0.02991847313866462,NA,corr,10,100
0.5,0.009348854524714772,0.027522835946956117,NA,corr,10,100
1,-0.0011508153723791357,0.028885649757323408,NA,corr,10,100
0.01,0.004240291626530503,0.03325782180956415,NA,total,10,1000
0.02,0.014711811443903834,0.03059652068310328,NA,total,10,1000
0.05,-0.007143387168097576,0.028990601104747597,NA,total,10,1000
0.1,0.002366998281048764,0.033866734432865905,NA,total,10,1000
0.2,-0.0013221243926069032,0.02854317373911939,NA,total,10,1000
0.5,0.006600757139839658,0.03139033545516652,NA,total,10,1000
1,-0.0113514744294561,0.036104349829888735,NA,total,10,1000
0.01,5.326646388828077e-4,0.0013790411547241026,NA,sample,10,1000
0.02,-6.120283547776541e-4,0.001976038299185803,NA,sample,10,1000
0.05,4.921094624248842e-4,0.0030075587986719203,NA,sample,10,1000
0.1,7.03933559525314e-4,0.0028083966595599122,NA,sample,10,1000
0.2,0.0033560757575439634,0.004196452176731792,NA,sample,10,1000
0.5,-0.0016389183533360172,0.008323093673154128,NA,sample,10,1000
1,-0.0037694543297475958,0.01316981760404356,NA,sample,10,1000
0.01,0.00370767081576815,0.03262761903968517,NA,corr,10,1000
0.02,0.015322024820349932,0.029957792375508288,NA,corr,10,1000
0.05,-0.007637413506294895,0.02915886652626127,NA,corr,10,1000
0.1,0.0016583416802955948,0.034374290968896826,NA,corr,10,1000
0.2,-0.00468585637607673,0.02850100364891463,NA,corr,10,1000
0.5,0.008221366164927931,0.028767306572557997,NA,corr,10,1000
1,-0.00760091273520526,0.031497177398282776,NA,corr,10,1000
0.01,-3.406921441268922e-4,0.0304670679834428,NA,total,10,10000
0.02,0.005925572852114989,0.030872430967442785,NA,total,10,10000
0.05,-0.010067200170954171,0.019505088384518393,NA,total,10,10000
0.1,0.014633676739293729,0.030630436269148992,NA,total,10,10000
0.2,0.0095950915381821,0.03200221082021858,NA,total,10,10000
0.5,0.0018331811755184406,0.019876312052249514,NA,total,10,10000
1,0.017741049020506362,0.02714911289408008,NA,total,10,10000
0.01,-5.071056167900716e-4,0.0010919999154405222,NA,sample,10,10000
0.02,2.822066298404506e-4,0.001614989576337394,NA,sample,10,10000
0.05,7.944691818434821e-5,0.002516172397800001,NA,sample,10,10000
0.1,0.003392693221220025,0.003883300682590121,NA,sample,10,10000
0.2,0.003401338478711458,0.008639765171133155,NA,sample,10,10000
0.5,0.0016205339293666808,0.00898939936996614,NA,sample,10,10000
1,0.014072519768372666,0.019422419865105876,NA,sample,10,10000
0.01,1.6696797174589376e-4,0.03054743930283675,NA,corr,10,10000
0.02,0.005642938417749155,0.0307478328359495,NA,corr,10,10000
0.05,-0.010143611718458918,0.01848050674212177,NA,corr,10,10000
0.1,0.011237469674714258,0.029621563552893346,NA,corr,10,10000
0.2,0.006189678288018231,0.030722209359769565,NA,corr,10,10000
0.5,2.0528428833487856e-4,0.019893858871630875,NA,corr,10,10000
1,0.003648773418947895,0.019050863487601634,NA,corr,10,10000
0.01,0.08365099983914659,0.2743610290541169,NA,total,20,0.05
0.02,0.0665339060633344,0.27404410606813184,NA,total,20,0.05
0.05,0.04492268903880015,0.2570422229913911,NA,total,20,0.05
0.1,0.003364781268190388,0.2429448758004325,NA,total,20,0.05
0.2,-0.013039117607947001,0.1990455384612562,NA,total,20,0.05
0.5,-0.0537109376261687,0.1204025725840326,NA,total,20,0.05
1,-0.021963263974227393,0.1381656674993035,NA,total,20,0.05
0.01,0.03417490258545678,0.059871416291329964,NA,sample,20,0.05
0.02,0.04273988819588497,0.09847231641278867,NA,sample,20,0.05
0.05,0.04826991977048453,0.1641278096488714,NA,sample,20,0.05
0.1,0.020488120531637365,0.18649899058927455,NA,sample,20,0.05
0.2,-0.017852600750741753,0.1775179034167442,NA,sample,20,0.05
0.5,-0.05548947137717308,0.11697400303363922,NA,sample,20,0.05
1,-0.03347812219800343,0.07149735643606409,NA,sample,20,0.05
0.01,0.0496487441133095,0.2248104411478029,NA,corr,20,0.05
0.02,0.023790592286370663,0.18719336079707943,NA,corr,20,0.05
0.05,-0.0033399684401947544,0.1155341625719672,NA,corr,20,0.05
0.1,-0.017116331383051738,0.0786124656394701,NA,corr,20,0.05
0.2,0.00481508605159081,0.0726942726101246,NA,corr,20,0.05
0.5,0.0017864289059854061,0.08227241207999514,NA,corr,20,0.05
1,0.011505283335194247,0.0950102749099888,NA,corr,20,0.05
0.01,0.04748334063661255,0.2270782644742201,NA,total,20,0.1
0.02,0.04300654647491759,0.21789316714739154,NA,total,20,0.1
0.05,0.024859742714340338,0.21469173683242607,NA,total,20,0.1
0.1,0.013075857952535299,0.19409077035953629,NA,total,20,0.1
0.2,-0.009489356530935042,0.16194349844366132,NA,total,20,0.1
0.5,-0.04041846106147777,0.09634981786804007,NA,total,20,0.1
1,-0.011861392734437676,0.1323130523520765,NA,total,20,0.1
0.01,0.013100860856543677,0.03177659966509504,NA,sample,20,0.1
0.02,0.021370656772543843,0.05757039048480057,NA,sample,20,0.1
0.05,0.02826989272961514,0.10859436444171777,NA,sample,20,0.1
0.1,0.017771689770252806,0.13888997464849093,NA,sample,20,0.1
0.2,-0.015407969140348003,0.14193355579222278,NA,sample,20,0.1
0.5,-0.04598125850142949,0.08996724060371313,NA,sample,20,0.1
1,-0.030246024099513012,0.06610174275069929,NA,sample,20,0.1
0.01,0.03438055143671027,0.1996588273111308,NA,corr,20,0.1
0.02,0.021631843684932237,0.16864194053866657,NA,corr,20,0.1
0.05,-0.003414852733850858,0.12154989037135598,NA,corr,20,0.1
0.1,-0.004701593287929181,0.0742560955963933,NA,corr,20,0.1
0.2,0.00591947141828172,0.05902138580819791,NA,corr,20,0.1
0.5,0.005560672100338096,0.06607842817169671,NA,corr,20,0.1
1,0.018341187757044918,0.08498919691039977,NA,corr,20,0.1
0.01,0.023496111789043535,0.17612270374847275,NA,total,20,0.2
0.02,0.020797628739817792,0.16009067096280138,NA,total,20,0.2
0.05,0.00749962304883719,0.15681245790999226,NA,total,20,0.2
0.1,-0.007843148612728036,0.15515734034055773,NA,total,20,0.2
0.2,-0.0031332712849502513,0.12654246429482252,NA,total,20,0.2
0.5,-0.03794485290675077,0.08308677051271447,NA,total,20,0.2
1,-0.006978863191496357,0.11951349403321712,NA,total,20,0.2
0.01,0.0054400876844555674,0.017470400552854985,NA,sample,20,0.2
0.02,0.00873759739241058,0.032233498626323305,NA,sample,20,0.2
0.05,0.013380633664472069,0.06861353074131342,NA,sample,20,0.2
0.1,0.0084680554070018,0.09750260987841643,NA,sample,20,0.2
0.2,-0.007908670044860787,0.10809502106430247,NA,sample,20,0.2
0.5,-0.03557154559765249,0.07768196166093409,NA,sample,20,0.2
1,-0.02353753295650386,0.05894608789981943,NA,sample,20,0.2
0.01,0.018056375097110822,0.16104228916360633,NA,corr,20,0.2
0.02,0.012055207671336261,0.13253305129562268,NA,corr,20,0.2
0.05,-0.00588330837221448,0.10272671194259446,NA,corr,20,0.2
0.1,-0.01631540410750919,0.07700222392914105,NA,corr,20,0.2
0.2,0.0047801213408868795,0.047786177386756674,NA,corr,20,0.2
0.5,-0.002363566506437155,0.049484105977477356,NA,corr,20,0.2
1,0.016565532513672553,0.0790617846791199,NA,corr,20,0.2
0.01,0.004774553897262274,0.10917850817501303,NA,total,20,0.5
0.02,0.010550059619398859,0.11401623468227967,NA,total,20,0.5
0.05,0.005304197823111862,0.11750577703100361,NA,total,20,0.5
0.1,-6.713251584935416e-4,0.10839678434648242,NA,total,20,0.5
0.2,-0.024391460251531105,0.08627888547499643,NA,total,20,0.5
0.5,-0.020722943866933036,0.0613044223940912,NA,total,20,0.5
1,-0.010235340570518045,0.09489033663024142,NA,total,20,0.5
0.01,6.51609519198606e-4,0.0075601278879344255,NA,sample,20,0.5
0.02,0.003069058106617162,0.01583393988420611,NA,sample,20,0.5
0.05,0.005397954104032205,0.03307529343629083,NA,sample,20,0.5
0.1,0.007358118047394542,0.05596957818611861,NA,sample,20,0.5
0.2,-0.009066828358424444,0.06736198440909662,NA,sample,20,0.5
0.5,-0.016311656873845327,0.05634299800921538,NA,sample,20,0.5
1,-0.012754595237616944,0.05496318347559961,NA,sample,20,0.5
0.01,0.004120761065907325,0.10230015116602634,NA,corr,20,0.5
0.02,0.007477587084307567,0.10079646145444741,NA,corr,20,0.5
0.05,-1.027919237079275e-4,0.08978962976511033,NA,corr,20,0.5
0.1,-0.00803768097339542,0.06624127667545851,NA,corr,20,0.5
0.2,-0.015324566535952253,0.03982128532605571,NA,corr,20,0.5
0.5,-0.004411809167803301,0.04364428931947471,NA,corr,20,0.5
1,0.002495111553997465,0.052201172763366825,NA,corr,20,0.5
0.01,-8.508808693659045e-4,0.09430937584735614,NA,total,20,1
0.02,0.004432851406692803,0.0943170812957795,NA,total,20,1
0.05,-0.004440293329352403,0.08278204661686056,NA,total,20,1
0.1,0.003545339015970648,0.07585526486727924,NA,total,20,1
0.2,-0.011096069634452461,0.07139541996442127,NA,total,20,1
0.5,-0.00948315369972721,0.060122104440355484,NA,total,20,1
1,0.0038327922722071577,0.09725393037437265,NA,total,20,1
0.01,0.0012738600500897335,0.005514900312348918,NA,sample,20,1
0.02,0.0011101687859782791,0.008495793703132604,NA,sample,20,1
0.05,0.0022323872335277824,0.021513219760324876,NA,sample,20,1
0.1,0.0015453520313516438,0.03139436767340632,NA,sample,20,1
0.2,-5.977204962179775e-4,0.043857012719297865,NA,sample,20,1
0.5,-0.009465260378106414,0.04267959306715358,NA,sample,20,1
1,-0.013465470252222595,0.0600481575852659,NA,sample,20,1
0.01,-0.0021260271565277464,0.08972018611480649,NA,corr,20,1
0.02,0.003321289702244909,0.08755344710079607,NA,corr,20,1
0.05,-0.006677763756672068,0.06360552410571885,NA,corr,20,1
0.1,0.001987132528163569,0.051320618463558086,NA,corr,20,1
0.2,-0.010497346671514116,0.0390200099703491,NA,corr,20,1
0.5,-1.824561322051928e-5,0.04927261256001544,NA,corr,20,1
1,0.017304485080249878,0.05116304864166243,NA,corr,20,1
0.01,-5.79456361211434e-4,0.03164452396522991,NA,total,20,10
0.02,-0.005705731059042482,0.047207015260500244,NA,total,20,10
0.05,0.0021397152016316805,0.03661265915977707,NA,total,20,10
0.1,3.00633915187978e-5,0.0270352504243643,NA,total,20,10
0.2,-0.008454663573830377,0.03726506258687191,NA,total,20,10
0.5,0.008969954439877378,0.06808932443921314,NA,total,20,10
1,0.01013002952232664,0.07624289220475454,NA,total,20,10
0.01,1.230902877746059e-4,0.0014812440423161233,NA,sample,20,10
0.02,3.96113998309423e-4,0.001993841847447331,NA,sample,20,10
0.05,-6.616644135451242e-4,0.004146608885338661,NA,sample,20,10
0.1,-3.7947362668137364e-4,0.002621505845311545,NA,sample,20,10
0.2,-0.002821052934165545,0.01094575718053706,NA,sample,20,10
0.5,0.002861644429582389,0.03201754220939813,NA,sample,20,10
1,0.008856253202078508,0.04168742861204922,NA,sample,20,10
0.01,-7.042013433341422e-4,0.031314993080605605,NA,corr,20,10
0.02,-0.006105913466262645,0.04645261116333911,NA,corr,20,10
0.05,0.002798571707288029,0.033890927973181446,NA,corr,20,10
0.1,4.1159585833012904e-4,0.02567851846888478,NA,corr,20,10
0.2,-0.005646305066616219,0.034060238701506665,NA,corr,20,10
0.5,0.006088490646372035,0.04220780103776909,NA,corr,20,10
1,0.0012581926827133112,0.040541406791941445,NA,corr,20,10
0.01,0.0629667646662679,0.24496186862187228,NA,total,50,0.05
0.02,0.058306895262882456,0.22197854341018808,NA,total,50,0.05
0.05,0.020445419419756822,0.22606149646539184,NA,total,50,0.05
0.1,0.014120286511454474,0.19584292213629054,NA,total,50,0.05
0.2,-0.018663605227505126,0.13727381839269395,NA,total,50,0.05
0.5,-0.023936711133477787,0.07011111253213442,NA,total,50,0.05
1,-0.012349565219154325,0.08787184393316243,NA,total,50,0.05
0.01,0.029950927919381694,0.06194703324786055,NA,sample,50,0.05
0.02,0.04624943409032024,0.10436196357253083,NA,sample,50,0.05
0.05,0.038976997081762096,0.14660212914359044,NA,sample,50,0.05
0.1,0.018168794862013945,0.1530127539773539,NA,sample,50,0.05
0.2,-0.006417891753179601,0.1281386168373499,NA,sample,50,0.05
0.5,-0.031923691273681366,0.06879399368768885,NA,sample,50,0.05
1,-0.013413233920571817,0.045080234854033896,NA,sample,50,0.05
0.01,0.03301490589142286,0.189523877226202,NA,corr,50,0.05
0.02,0.012056155837564126,0.13392069250940403,NA,corr,50,0.05
0.05,-0.01853530021098852,0.09325233322170601,NA,corr,50,0.05
0.1,-0.004046085393065228,0.06419560374995865,NA,corr,50,0.05
0.2,-0.012234096814582122,0.047309413578804096,NA,corr,50,0.05
0.5,0.007977788114661538,0.0465215003161748,NA,corr,50,0.05
1,0.001060579472817308,0.052687792047306996,NA,corr,50,0.05
0.01,0.04235082003200364,0.19765625954690932,NA,total,50,0.1
0.02,0.03000552123332913,0.18295434357432971,NA,total,50,0.1
0.05,0.030292546845901457,0.17288423563834063,NA,total,50,0.1
0.1,0.022055248064010383,0.1594510455857899,NA,total,50,0.1
0.2,-0.007466469584216082,0.12177678678073593,NA,total,50,0.1
0.5,-0.02029110352053087,0.07539102298284808,NA,total,50,0.1
1,-0.004358303655146316,0.06909051497823467,NA,total,50,0.1
0.01,0.016497356786008728,0.03695721158396286,NA,sample,50,0.1
0.02,0.022494964812043446,0.061669704360602005,NA,sample,50,0.1
0.05,0.02597815544522894,0.10254001727564233,NA,sample,50,0.1
0.1,0.009655571655857384,0.12179914947285553,NA,sample,50,0.1
0.2,-0.006913431418925951,0.1110174620223062,NA,sample,50,0.1
0.5,-0.021750744972807164,0.05732444519070406,NA,sample,50,0.1
1,-0.006458985126688,0.03844430554109049,NA,sample,50,0.1
0.01,0.02585063978190025,0.16504125021875496,NA,corr,50,0.1
0.02,0.007508388866770557,0.12822340884999367,NA,corr,50,0.1
0.05,0.004316902739757442,0.08078310499250191,NA,corr,50,0.1
0.1,0.012391954764253707,0.060035465419017046,NA,corr,50,0.1
0.2,-5.521467132417846e-4,0.046867945509368916,NA,corr,50,0.1
0.5,0.0014609061513210567,0.05376950981896474,NA,corr,50,0.1
1,0.00210895067312176,0.042386633688981,NA,corr,50,0.1
0.01,0.024500892280549767,0.14746543971843995,NA,total,50,0.2
0.02,0.02588810167620457,0.14123126531645103,NA,total,50,0.2
0.05,0.01604496423967552,0.13430051135989549,NA,total,50,0.2
0.1,0.005656377841500415,0.1412745845502969,NA,total,50,0.2
0.2,0.004805663652099125,0.10818423698014774,NA,total,50,0.2
0.5,-0.01360950599818373,0.048453885834754795,NA,total,50,0.2
1,0.017829785689732557,0.08348792200572681,NA,total,50,0.2
0.01,0.007044175021137738,0.019454673845586745,NA,sample,50,0.2
0.02,0.013853715854432005,0.0380654143412813,NA,sample,50,0.2
0.05,0.014787827010142269,0.0696253686311401,NA,sample,50,0.2
0.1,0.015720997091654757,0.09492063266931766,NA,sample,50,0.2
0.2,-0.0028286768838491246,0.08742150048041049,NA,sample,50,0.2
0.5,-0.017719744941369613,0.046978316818443965,NA,sample,50,0.2
1,0.006134226879039737,0.04060796340409894,NA,sample,50,0.2
0.01,0.017455800373140262,0.1300300584737829,NA,corr,50,0.2
0.02,0.012033421649275641,0.10816564442916082,NA,corr,50,0.2
0.05,0.0012569598329546293,0.07508206247287935,NA,corr,50,0.2
0.1,-0.010067983900758738,0.06271194831261215,NA,corr,50,0.2
0.2,0.007627161397125638,0.04602369545731915,NA,corr,50,0.2
0.5,0.004104318884754716,0.04052892809621247,NA,corr,50,0.2
1,0.011683820966527784,0.05111776954058284,NA,corr,50,0.2
0.01,0.009231178305261692,0.11583709510348406,NA,total,50,0.5
0.02,0.010010404596968555,0.09739281301618642,NA,total,50,0.5
0.05,0.009535229190425109,0.10151283952937021,NA,total,50,0.5
0.1,0.003781640369397408,0.09718000013533061,NA,total,50,0.5
0.2,-0.0051571185759030505,0.09311683292148393,NA,total,50,0.5
0.5,-0.007641139864204625,0.03355211538350178,NA,total,50,0.5
1,-0.022488823032097607,0.06420904822910664,NA,total,50,0.5
0.01,0.0024947241063826347,0.009002199856174141,NA,sample,50,0.5
0.02,0.003777235390756806,0.017315812303732588,NA,sample,50,0.5
0.05,0.00916572139488584,0.04117157523948224,NA,sample,50,0.5
0.1,0.005425380278197639,0.05327474451603441,NA,sample,50,0.5
0.2,-0.006455252978439045,0.06645084383680656,NA,sample,50,0.5
0.5,-0.012096732421564584,0.039244948151438606,NA,sample,50,0.5
1,-0.018049227654119978,0.03321274496549439,NA,sample,50,0.5
0.01,0.006733972963150071,0.10812275361710882,NA,corr,50,0.5
0.02,0.006231292139321555,0.08242900451666159,NA,corr,50,0.5
0.05,3.6497181435425483e-4,0.06951333490737513,NA,corr,50,0.5
0.1,-0.0016445236876604825,0.051305238895483184,NA,corr,50,0.5
0.2,0.0012973260839159592,0.0350729815976412,NA,corr,50,0.5
0.5,0.004451330942668785,0.026607008183747484,NA,corr,50,0.5
1,-0.004461175020919973,0.04087440276565288,NA,corr,50,0.5
0.01,8.878944698949735e-4,0.08572984963963765,NA,total,50,1
0.02,0.007348735917786611,0.08180207178659744,NA,total,50,1
0.05,-0.002221621095010324,0.07839002301686501,NA,total,50,1
0.1,0.01109641786329981,0.07065072705850246,NA,total,50,1
0.2,-0.009880182663899865,0.05768131290875579,NA,total,50,1
0.5,-0.0011391861893850679,0.03693286204311019,NA,total,50,1
1,-0.0013551444720541633,0.0629993154224699,NA,total,50,1
0.01,0.001997288146854394,0.0061506790544127435,NA,sample,50,1
0.02,0.0030841903290792045,0.013185403336779812,NA,sample,50,1
0.05,0.0026613958804116715,0.021263284215097374,NA,sample,50,1
0.1,0.005357293228452887,0.03782340868002854,NA,sample,50,1
0.2,-0.0067460567831515205,0.043938138328109146,NA,sample,50,1
0.5,-0.008578294600946145,0.03508346253464022,NA,sample,50,1
1,-0.009220268995222016,0.03106628547740536,NA,sample,50,1
0.01,-0.0011106640636037583,0.08089092862330993,NA,corr,50,1
0.02,0.004266541987445168,0.07109344219405511,NA,corr,50,1
0.05,-0.004882196517462617,0.06101081275690336,NA,corr,50,1
0.1,0.00574152326580396,0.04522545942500808,NA,corr,50,1
0.2,-0.003137426685741585,0.036770094616034185,NA,corr,50,1
0.5,0.00743320896288069,0.03547370986448789,NA,corr,50,1
1,0.00785756074428836,0.04038326534590566,NA,corr,50,1
0.01,-0.014989439819285199,0.04121987589506759,NA,total,50,10
0.02,-0.005195933088588307,0.03186046743702495,NA,total,50,10
0.05,0.0066802693634934575,0.02930374229227197,NA,total,50,10
0.1,-0.012999393458209548,0.034535053100807955,NA,total,50,10
0.2,-0.014540824023115262,0.03270859461622161,NA,total,50,10
0.5,-0.009660818946100132,0.03144914441693896,NA,total,50,10
1,-0.00263230405690991,0.05128564626857593,NA,total,50,10
0.01,-4.0776871496641005e-4,0.001969745124476683,NA,sample,50,10
0.02,1.82783494033225e-4,0.0029395032442755807,NA,sample,50,10
0.05,0.001815289315527849,0.004678267214284206,NA,sample,50,10
0.1,0.0010382553818624079,0.009462585405708565,NA,sample,50,10
0.2,-0.0017059258592395754,0.013847721176003431,NA,sample,50,10
0.5,-0.005264891101399998,0.016486575518661208,NA,sample,50,10
1,-0.002047547785553695,0.03223308714737114,NA,sample,50,10
0.01,-0.014581453326218513,0.04048395256700171,NA,corr,50,10
0.02,-0.0053802790508473445,0.030480933182229192,NA,corr,50,10
0.05,0.004864948038665303,0.026814087025159233,NA,corr,50,10
0.1,-0.014035489110475818,0.029276005249839226,NA,corr,50,10
0.2,-0.012843404222604247,0.02714512183105148,NA,corr,50,10
0.5,-0.004404781415152555,0.02748891423140424,NA,corr,50,10
1,-6.03589974828046e-4,0.025401750662657166,NA,corr,50,10
0.01,0.05635802107161735,0.19906167854333912,NA,total,100,0.05
0.02,0.03996594484803432,0.19602204843489318,NA,total,100,0.05
0.05,0.02129434437824135,0.17855695468151303,NA,total,100,0.05
0.1,0.023846577527015998,0.14714267394414848,NA,total,100,0.05
0.2,0.008627882017997506,0.09530651161732473,NA,total,100,0.05
0.5,-0.007754364245826939,0.04631858241035744,NA,total,100,0.05
1,-0.005510366984136514,0.052029033856423754,NA,total,100,0.05
0.01,0.031375239411624616,0.06648102516507286,NA,sample,100,0.05
0.02,0.04023549230194089,0.10204633925945886,NA,sample,100,0.05
0.05,0.031003841647702715,0.1343515360670789,NA,sample,100,0.05
0.1,0.012628959552807227,0.13108447154791114,NA,sample,100,0.05
0.2,8.54085365971571e-4,0.09541929371762867,NA,sample,100,0.05
0.5,-0.00316470893289078,0.042505472609371195,NA,sample,100,0.05
1,-0.009815605372337161,0.03169930693801842,NA,sample,100,0.05
0.01,0.024980991840704955,0.14286748533902952,NA,corr,100,0.05
0.02,-2.682324189098987e-4,0.10330075093547844,NA,corr,100,0.05
0.05,-0.009707456915975127,0.055438939046064714,NA,corr,100,0.05
0.1,0.011221988271630007,0.041922537163022494,NA,corr,100,0.05
0.2,0.007765897557484858,0.0337730257452017,NA,corr,100,0.05
0.5,-0.004589437528116968,0.035780758862783785,NA,corr,100,0.05
1,0.004292399430904542,0.029300039678030205,NA,corr,100,0.05
0.01,0.04077213050987132,0.162361229752153,NA,total,100,0.1
0.02,0.03184724361963296,0.1640940328853625,NA,total,100,0.1
0.05,0.011681067832509254,0.15374450262147704,NA,total,100,0.1
0.1,0.0023660267909877126,0.13381117178371996,NA,total,100,0.1
0.2,-0.009961751598079292,0.09760367558154577,NA,total,100,0.1
0.5,-0.018368961281721705,0.0482082098466732,NA,total,100,0.1
1,0.0024184338808163498,0.05754821448732301,NA,total,100,0.1
0.01,0.016452620028820947,0.03847078551480634,NA,sample,100,0.1
0.02,0.024366898760008422,0.06514225730904975,NA,sample,100,0.1
0.05,0.018813182117412286,0.09883581467587516,NA,sample,100,0.1
0.1,0.009838180432719758,0.10719996521583165,NA,sample,100,0.1
0.2,-0.004982558841741924,0.0893021729331962,NA,sample,100,0.1
0.5,-0.012944457648938312,0.04296865848578712,NA,sample,100,0.1
1,8.315674533565764e-4,0.030036801874234333,NA,sample,100,0.1
0.01,0.024318324546019923,0.1292776904835068,NA,corr,100,0.1
0.02,0.007481940022158396,0.10735236463035261,NA,corr,100,0.1
0.05,-0.007132672926971501,0.06258625637466912,NA,corr,100,0.1
0.1,-0.007469228688280439,0.03773126503988505,NA,corr,100,0.1
0.2,-0.004969429899639911,0.03247457813456703,NA,corr,100,0.1
0.5,-0.005443638996648354,0.032550158887189845,NA,corr,100,0.1
1,0.0015746737874999135,0.03377092567099,NA,corr,100,0.1
0.01,0.021961808522254208,0.12975209615670888,NA,total,100,0.2
0.02,0.016235093330133912,0.13546645252217115,NA,total,100,0.2
0.05,0.008975612130664157,0.1191353626710986,NA,total,100,0.2
0.1,0.009421368915845656,0.11421864493321125,NA,total,100,0.2
0.2,-0.004016340473306928,0.09434461176750471,NA,total,100,0.2
0.5,-0.023924115849821567,0.04457372986066912,NA,total,100,0.2
1,-0.013136426076935609,0.05892911823113433,NA,total,100,0.2
0.01,0.008549894807368055,0.02363959778317596,NA,sample,100,0.2
0.02,0.014925183938571174,0.0418704756312367,NA,sample,100,0.2
0.05,0.014688590588569042,0.06824240221492489,NA,sample,100,0.2
0.1,0.014698053221852714,0.08589436100925392,NA,sample,100,0.2
0.2,9.8843444724474e-5,0.07640292474841782,NA,sample,100,0.2
0.5,-0.008841358790671406,0.039010667885244245,NA,sample,100,0.2
1,-0.019365489140729712,0.034053268500620404,NA,sample,100,0.2
0.01,0.013411972379170224,0.1091397051029269,NA,corr,100,0.2
0.02,0.001309781751830689,0.09960168255229947,NA,corr,100,0.2
0.05,-0.005709026019330255,0.05795134041487659,NA,corr,100,0.2
0.1,-0.005274846691282265,0.036184946462266276,NA,corr,100,0.2
0.2,-0.004114084374314925,0.03722574741956145,NA,corr,100,0.2
0.5,-0.015087527652664724,0.02834086754986882,NA,corr,100,0.2
1,0.0062173349485533476,0.03457220678370331,NA,corr,100,0.2
0.01,0.010609609473952732,0.08763431394982932,NA,total,100,0.5
0.02,0.018337246382159236,0.0992360115597262,NA,total,100,0.5
0.05,0.010705683940353657,0.09072722013990336,NA,total,100,0.5
0.1,0.004334855388611835,0.0867004301487042,NA,total,100,0.5
0.2,0.002030610506655906,0.06779403666756106,NA,total,100,0.5
0.5,-0.0023040528541222642,0.04146581549890166,NA,total,100,0.5
1,-0.01228358515624455,0.05421299077514722,NA,total,100,0.5
0.01,0.002579777434378668,0.01039347652716868,NA,sample,100,0.5
0.02,0.004164424518964467,0.019265106952122187,NA,sample,100,0.5
0.05,0.007422232929636417,0.041010278909255626,NA,sample,100,0.5
0.1,0.004441165048417246,0.05231871916014745,NA,sample,100,0.5
0.2,4.535903642967716e-5,0.05541795484862433,NA,sample,100,0.5
0.5,-0.004046004739768856,0.03569421948303083,NA,sample,100,0.5
1,-0.0067822273251490935,0.033435625428936,NA,sample,100,0.5
0.01,0.008027960403666701,0.07854398812023884,NA,corr,100,0.5
0.02,0.014173407261417728,0.08332926964699384,NA,corr,100,0.5
0.05,0.0032839543278868817,0.05701346767945635,NA,corr,100,0.5
0.1,-1.1324600385090369e-4,0.03889057195754415,NA,corr,100,0.5
0.2,0.0019914904867787153,0.027205690103659898,NA,corr,100,0.5
0.5,0.0017479581097900375,0.02625698041106304,NA,corr,100,0.5
1,-0.0055048442482931136,0.02959676323611489,NA,corr,100,0.5
0.01,0.013292696857982865,0.07521000717232873,NA,total,100,1
0.02,0.01590511943158183,0.06598833860945143,NA,total,100,1
0.05,0.0028936201094039112,0.052154476021247766,NA,total,100,1
0.1,3.0551030055871176e-5,0.07038902585970545,NA,total,100,1
0.2,0.008544540911040262,0.053152635846599565,NA,total,100,1
0.5,0.0017980952601329503,0.048331402625218484,NA,total,100,1
1,0.01942244401394785,0.05290647861533842,NA,total,100,1
0.01,0.002503365049753481,0.005977964856303558,NA,sample,100,1
0.02,0.0029555058856810036,0.011761847623006508,NA,sample,100,1
0.05,0.0014718058504188192,0.02379274824983608,NA,sample,100,1
0.1,0.00798455562118948,0.03840601258188067,NA,sample,100,1
0.2,0.0030233383388150797,0.04156708373783362,NA,sample,100,1
0.5,-0.005324479214981426,0.03434584666424911,NA,sample,100,1
1,0.012774078901962296,0.03639513711086756,NA,sample,100,1
0.01,0.010786075492018697,0.07053509594538043,NA,corr,100,1
0.02,0.012949843053209053,0.056552001630075746,NA,corr,100,1
0.05,0.0014156619083082235,0.03323140475217076,NA,corr,100,1
0.1,-0.007957413786216169,0.03820073110659854,NA,corr,100,1
0.2,0.0055180913960390186,0.026438082934718485,NA,corr,100,1
0.5,0.007108695474431139,0.02565180567727679,NA,corr,100,1
1,0.006638293771320762,0.027085175143444617,NA,corr,100,1
0.01,0.005502068533859531,0.03173318520036214,NA,total,100,10
0.02,0.0038325580013969796,0.025104675194375786,NA,total,100,10
0.05,0.00033819271090760814,0.030246986923484903,NA,total,100,10
0.1,0.00861782666839965,0.02580387604977299,NA,total,100,10
0.2,-0.005842143897304703,0.02840304193809982,NA,total,100,10
0.5,0.0016608257801839007,0.030236234322594535,NA,total,100,10
1,-5.8727078941278016e-5,0.05587607390682719,NA,total,100,10
0.01,0.001077592161673421,0.0014331682262300129,NA,sample,100,10
0.02,-0.0011472937479324091,0.0027098495706307096,NA,sample,100,10
0.05,-0.0035759046362437317,0.004522153736440625,NA,sample,100,10
0.1,1.635314788351356e-5,0.007324942504538067,NA,sample,100,10
0.2,0.0010693072389885423,0.015024627651132966,NA,sample,100,10
0.5,0.0023025797485382335,0.011789421354834078,NA,sample,100,10
1,0.0050888592929800745,0.027910099883567373,NA,sample,100,10
0.01,0.0044256706966394185,0.03150967384689802,NA,corr,100,10
0.02,0.004981625391581443,0.024460365977062696,NA,corr,100,10
0.05,0.003909850619644873,0.028305899471188254,NA,corr,100,10
0.1,0.008599816879554006,0.020630666884388745,NA,corr,100,10
0.2,-0.00691107065197876,0.02336289137342913,NA,corr,100,10
0.5,-6.552008780325637e-4,0.02896160274491084,NA,corr,100,10
1,-0.00515659320169901,0.03327974690349668,NA,corr,100,10
0.01,-0.003273725346419817,0.02696367060750425,NA,total,100,100
0.02,2.486380764426304e-4,0.026455874427220385,NA,total,100,100
0.05,-0.00213820484891584,0.021117941196988257,NA,total,100,100
0.1,0.0017082262478469344,0.035872638896676384,NA,total,100,100
0.2,-0.003494999351453485,0.026563313263344848,NA,total,100,100
0.5,-0.002525501255964643,0.026452918323536436,NA,total,100,100
1,0.007506520668640931,0.044661086281631006,NA,total,100,100
0.01,7.284741809293564e-4,0.0014749025925016785,NA,sample,100,100
0.02,-6.360062579554338e-4,0.0017144571351616592,NA,sample,100,100
0.05,-2.0844253278443255e-4,0.003921631167155633,NA,sample,100,100
0.1,9.85393678239851e-4,0.005389147751515351,NA,sample,100,100
0.2,-0.0013194632565173476,0.0063034200758257,NA,sample,100,100
0.5,-9.087460633656683e-4,0.012837519654413843,NA,sample,100,100
1,3.854623235719994e-5,0.019448918002003775,NA,sample,100,100
0.01,-0.004001639489701282,0.026570744175712493,NA,corr,100,100
0.02,8.827691688439239e-4,0.025785019708905448,NA,corr,100,100
0.05,-0.0019339716281805024,0.01937734653175282,NA,corr,100,100
0.1,7.165268390852372e-4,0.033977763904093475,NA,corr,100,100
0.2,-0.0021841303321269044,0.02597218170311636,NA,corr,100,100
0.5,-0.0016320898949144097,0.024220718544303858,NA,corr,100,100
1,0.007443124789293843,0.03240340754417766,NA,corr,100,100
0.01,0.00223175398856457,0.03393045640232665,NA,total,100,1000
0.02,0.018780631587658962,0.023476806386259534,NA,total,100,1000
0.05,-0.01228721877562355,0.027727306944429018,NA,total,100,1000
0.1,0.009535417379976808,0.03028266917405707,NA,total,100,1000
0.2,-0.0035016176249187555,0.02061508100950412,NA,total,100,1000
0.5,0.011523667910582102,0.019808923596530786,NA,total,100,1000
1,0.003045499790957079,0.02262905342135577,NA,total,100,1000
0.01,7.020417740670556e-4,0.0011815863909523463,NA,sample,100,1000
0.02,-7.138197915632036e-5,0.0022417982141994383,NA,sample,100,1000
0.05,0.0015587387840843316,0.002979931806753941,NA,sample,100,1000
0.1,0.0037701945146013265,0.006293624030694055,NA,sample,100,1000
0.2,1.7549028118854837e-4,0.004846487997560033,NA,sample,100,1000
0.5,0.001417548211185202,0.008510309724288961,NA,sample,100,1000
1,0.006130073745230801,0.01400231728564022,NA,sample,100,1000
0.01,0.0015277150267213903,0.03365058916078364,NA,corr,100,1000
0.02,0.01885084768432434,0.02264218779954027,NA,corr,100,1000
0.05,-0.013846681326328679,0.027706753074776328,NA,corr,100,1000
0.1,0.005760476004551697,0.029204803907611602,NA,corr,100,1000
0.2,-0.003674093541899381,0.018419010765521857,NA,corr,100,1000
0.5,0.010096820412670826,0.017062658444986424,NA,corr,100,1000
1,-0.003089457857623679,0.016923814667405015,NA,corr,100,1000
0.01,-0.012636147657814711,0.024553037446168716,NA,total,100,10000
0.02,0.0023604534094449985,0.022231914043943944,NA,total,100,10000
0.05,0.0013838446300705565,0.026496382979511086,NA,total,100,10000
0.1,-0.008881301183430224,0.030521522812559983,NA,total,100,10000
0.2,0.008366407172907833,0.022420361145034987,NA,total,100,10000
0.5,-0.0038123584703389965,0.01954142470025215,NA,total,100,10000
1,0.004407099490186137,0.032124150838109516,NA,total,100,10000
0.01,-1.2137165364628326e-4,8.806196476373827e-4,NA,sample,100,10000
0.02,-2.7394887148621483e-4,0.0017745723417188007,NA,sample,100,10000
0.05,0.0016204689422458902,0.0022058862041377087,NA,sample,100,10000
0.1,-6.82575102031563e-4,0.0038316424905536065,NA,sample,100,10000
0.2,0.002001099656598611,0.004733910714770047,NA,sample,100,10000
0.5,0.0018706434610709292,0.008978476055007388,NA,sample,100,10000
1,0.0028748786143143854,0.015291277869969713,NA,sample,100,10000
0.01,-0.012514792148627654,0.02483222260206726,NA,corr,100,10000
0.02,0.0026329453888828966,0.02286365472771948,NA,corr,100,10000
0.05,-2.388372424259945e-4,0.027002448557886433,NA,corr,100,10000
0.1,-0.008202080878330381,0.02978126587227576,NA,corr,100,10000
0.2,0.006364949457747996,0.02213778089926092,NA,corr,100,10000
0.5,-0.005697616785041326,0.018567277018150356,NA,corr,100,10000
1,0.001517902162106703,0.026335550711891958,NA,corr,100,10000
0.01,0.0018803778451351061,0.023793606355730176,NA,total,100,100000
0.02,7.848838068727068e-4,0.034794792908835866,NA,total,100,100000
0.05,-0.00719953279197911,0.024540925599255147,NA,total,100,100000
0.1,-0.009558098550358407,0.03211157637403985,NA,total,100,100000
0.2,0.006463265477835577,0.027801013779356263,NA,total,100,100000
0.5,-0.005376292249767799,0.01898116412719854,NA,total,100,100000
1,-0.0035643855832174606,0.03536088055450939,NA,total,100,100000
0.01,1.347946314514717e-4,0.0014521555162270248,NA,sample,100,100000
0.02,-1.1419815095184633e-4,0.00154517336579593,NA,sample,100,100000
0.05,-1.0190196337346223e-4,0.0028299254436033815,NA,sample,100,100000
0.1,4.5758034512711473e-4,0.004416589935259151,NA,sample,100,100000
0.2,3.736247588882036e-4,0.00523407765621543,NA,sample,100,100000
0.5,-0.005512001599320325,0.011585715887789531,NA,sample,100,100000
1,-0.007299506547292718,0.01589705892947616,NA,sample,100,100000
0.01,0.001744013287994584,0.023393630200575524,NA,corr,100,100000
0.02,8.99483379637934e-4,0.0344315820724742,NA,corr,100,100000
0.05,-0.0070992171760259765,0.024614411075150572,NA,corr,100,100000
0.1,-0.01001638920575146,0.03289856986651,NA,corr,100,100000
0.2,0.0060858994685505175,0.028508739720824773,NA,corr,100,100000
0.5,1.3470375129884176e-4,0.022642880637016295,NA,corr,100,100000
1,0.003736156208333897,0.03242377883836967,NA,corr,100,100000
0.01,0.03655140303599384,0.16522028579464698,NA,total,200,0.05
0.02,0.04338134650630426,0.15899968638886627,NA,total,200,0.05
0.05,0.019660219818854956,0.15584067413426012,NA,total,200,0.05
0.1,0.011401481473955937,0.12356284384463131,NA,total,200,0.05
0.2,-4.972340253455481e-4,0.08205516024910715,NA,total,200,0.05
0.5,-0.0037133812051946173,0.03103477928833273,NA,total,200,0.05
1,-0.012115569779136273,0.04816393319873987,NA,total,200,0.05
0.01,0.02757023837404294,0.06842863700270521,NA,sample,200,0.05
0.02,0.03350683566183781,0.09817278851557613,NA,sample,200,0.05
0.05,0.0209573242087069,0.1189726347199003,NA,sample,200,0.05
0.1,0.011741481884168055,0.10757756393309284,NA,sample,200,0.05
0.2,0.0033613534346457375,0.07206219190730877,NA,sample,200,0.05
0.5,-0.002044544080925406,0.036923591133069825,NA,sample,200,0.05
1,-0.009521189777993,0.0343543894584713,NA,sample,200,0.05
0.01,0.008980834604083998,0.10315328313921203,NA,corr,200,0.05
0.02,0.009873533856031156,0.06621041054706278,NA,corr,200,0.05
0.05,-0.0012967340681281057,0.04354351981381673,NA,corr,200,0.05
0.1,-0.00034722558184635527,0.03350111077992017,NA,corr,200,0.05
0.2,-0.003858680777506349,0.027745209923356,NA,corr,200,0.05
0.5,-0.0016775277112530305,0.024721569010677256,NA,corr,200,0.05
1,-0.002595345310589761,0.023513895433645505,NA,corr,200,0.05
0.01,0.02422173178719903,0.14909358530075661,NA,total,200,0.1
0.02,0.017029766412522306,0.13402006690340115,NA,total,200,0.1
0.05,0.01741043212477244,0.12037909014560816,NA,total,200,0.1
0.1,0.010595726797631164,0.11163374745371644,NA,total,200,0.1
0.2,-0.004529349926385458,0.07290658516094689,NA,total,200,0.1
0.5,-0.012981787303655104,0.02912145817992413,NA,total,200,0.1
1,0.006383681391687384,0.05918906668013354,NA,total,200,0.1
0.01,0.015900533957816,0.04235073091178806,NA,sample,200,0.1
0.02,0.020609549259088113,0.06686241316993734,NA,sample,200,0.1
0.05,0.015584968376880443,0.09139334037251244,NA,sample,200,0.1
0.1,0.008198994298543927,0.09207943486973769,NA,sample,200,0.1
0.2,3.14752070881488e-4,0.06741880508637746,NA,sample,200,0.1
0.5,-0.009770282801962274,0.028174213832621583,NA,sample,200,0.1
1,0.007571983777972109,0.026898048858527267,NA,sample,200,0.1
0.01,0.008323327501386833,0.11103648131842588,NA,corr,200,0.1
0.02,-0.003577349192953478,0.07346953431217422,NA,corr,200,0.1
0.05,0.0018260629288961684,0.03877801626218376,NA,corr,200,0.1
0.1,0.0023979172396811736,0.029338125002909974,NA,corr,200,0.1
0.2,-0.004841802765200261,0.02003133553514251,NA,corr,200,0.1
0.5,-0.0032183614425417744,0.027989787738995967,NA,corr,200,0.1
1,-0.001200755678367765,0.037586267546700754,NA,corr,200,0.1
0.01,0.01746318150458443,0.10852470718598221,NA,total,200,0.2
0.02,0.0019344568966034221,0.10968337418631756,NA,total,200,0.2
0.05,0.01623290874625522,0.10125077326342734,NA,total,200,0.2
0.1,-0.0017404804108813669,0.10505449808717837,NA,total,200,0.2
0.2,-0.0037305842425230484,0.0726058768816874,NA,total,200,0.2
0.5,-0.006929231757867767,0.033293845441176015,NA,total,200,0.2
1,-0.009636633490934174,0.042331672804099656,NA,total,200,0.2
0.01,0.009519056978973097,0.025339565434866023,NA,sample,200,0.2
0.02,0.012185254983350999,0.042951632477279275,NA,sample,200,0.2
0.05,0.011508640195092033,0.06791526647622269,NA,sample,200,0.2
0.1,0.005273798150546703,0.07531020445010299,NA,sample,200,0.2
0.2,0.0020560963175400965,0.062257242522633156,NA,sample,200,0.2
0.5,-0.0076469293781085785,0.03185266073016834,NA,sample,200,0.2
1,-0.006070403256037555,0.02401585011306889,NA,sample,200,0.2
0.01,0.007945431215134156,0.08612653413113851,NA,corr,200,0.2
0.02,-0.010251045630593047,0.07469264769272461,NA,corr,200,0.2
0.05,0.00472327557743747,0.04236757590112327,NA,corr,200,0.2
0.1,-0.007009125971682104,0.03679661498372819,NA,corr,200,0.2
0.2,-0.005777710342580514,0.03393514368926303,NA,corr,200,0.2
0.5,7.205198106158586e-4,0.021425982949553595,NA,corr,200,0.2
1,-0.003572047426679907,0.029482415866884926,NA,corr,200,0.2
0.01,0.023803936029914565,0.09121449835629769,NA,total,200,0.5
0.02,0.0032412278465673303,0.08477165690451051,NA,total,200,0.5
0.05,0.012546178607989502,0.0739651941112882,NA,total,200,0.5
0.1,0.007498611485746619,0.07367659367359797,NA,total,200,0.5
0.2,1.4803587352785995e-5,0.04471331195234909,NA,total,200,0.5
0.5,-0.0037443021706807093,0.04069816871103596,NA,total,200,0.5
1,0.009772636932935976,0.047483103613553644,NA,total,200,0.5
0.01,0.003894172218073155,0.01332224741769659,NA,sample,200,0.5
0.02,0.004614806501019544,0.0218187477689673,NA,sample,200,0.5
0.05,0.007872386485356066,0.040823644336462774,NA,sample,200,0.5
0.1,0.004878814641273566,0.052066581323335255,NA,sample,200,0.5
0.2,-0.0025853558588139636,0.05006334030358967,NA,sample,200,0.5
0.5,-0.00293666115666637,0.024860599421535727,NA,sample,200,0.5
1,0.0027804679334490537,0.025111154536154676,NA,sample,200,0.5
0.01,0.019906036915524946,0.07970244716052675,NA,corr,200,0.5
0.02,-0.001374331617360304,0.065929978059447,NA,corr,200,0.5
0.05,0.004673400798208523,0.03994693755912089,NA,corr,200,0.5
0.1,0.0026141265041071246,0.029481963326246943,NA,corr,200,0.5
0.2,0.0026035493469811094,0.020895697263792954,NA,corr,200,0.5
0.5,-8.039573613838987e-4,0.028414899629276142,NA,corr,200,0.5
1,0.006984161913864027,0.031049276983143814,NA,corr,200,0.5
0.01,0.008786703618358234,0.06652703592757951,NA,total,200,1
0.02,0.003010548430757669,0.06662233558257649,NA,total,200,1
0.05,0.006874866572364905,0.07299493064699988,NA,total,200,1
0.1,-0.0016145358432090695,0.0626997256288837,NA,total,200,1
0.2,-0.007642645507578738,0.05629936008257236,NA,total,200,1
0.5,0.005933059103523417,0.03545147150107086,NA,total,200,1
1,0.01087152792900694,0.050872672828589934,NA,total,200,1
0.01,0.0017836506726107064,0.008242960171974166,NA,sample,200,1
0.02,0.005304238009702043,0.013378660685558649,NA,sample,200,1
0.05,0.007262626331526298,0.027281505167344657,NA,sample,200,1
0.1,0.0011324700757813363,0.03868500376221231,NA,sample,200,1
0.2,6.834106213994278e-4,0.04149138291196711,NA,sample,200,1
0.5,-0.0029560069098369585,0.024408828254183997,NA,sample,200,1
1,0.010121985217195009,0.03280587293630051,NA,sample,200,1
0.01,0.0070035476680033,0.06006261676682301,NA,corr,200,1
0.02,-0.0022969279267117467,0.055499716506529746,NA,corr,200,1
0.05,-3.8782218484390154e-4,0.05279976208657391,NA,corr,200,1
0.1,-0.002749764268456525,0.032896083302510704,NA,corr,200,1
0.2,-0.008315691555602052,0.02931818975842721,NA,corr,200,1
0.5,0.00890360624708612,0.02490397479457613,NA,corr,200,1
1,7.425753873843464e-4,0.03436680775024381,NA,corr,200,1
0.01,0.0027063857600247133,0.03327173287942872,NA,total,200,10
0.02,0.007577535231809925,0.03397864323069454,NA,total,200,10
0.05,0.005091824885470293,0.03739276611438331,NA,total,200,10
0.1,-0.004387937163729288,0.034391414354280024,NA,total,200,10
0.2,0.0018786726040762331,0.028067302223075845,NA,total,200,10
0.5,0.005287543492811073,0.027350910164891606,NA,total,200,10
1,-0.004574971686819636,0.03149107247281947,NA,total,200,10
0.01,0.0018970090217444642,0.001524172098873294,NA,sample,200,10
0.02,-3.252630841770417e-4,0.0026454974271916776,NA,sample,200,10
0.05,0.001191517086642138,0.006947170748320117,NA,sample,200,10
0.1,-0.0032688533510855378,0.00854162345957771,NA,sample,200,10
0.2,0.0031409366663696352,0.013043301953341352,NA,sample,200,10
0.5,2.538352886118832e-4,0.016677219790912613,NA,sample,200,10
1,-0.009276663394564249,0.016175973405135022,NA,sample,200,10
0.01,8.079250404170003e-4,0.03239775171893508,NA,corr,200,10
0.02,0.007902229737952293,0.033277864677057005,NA,corr,200,10
0.05,0.0038978530261827332,0.03318431961405992,NA,corr,200,10
0.1,-0.001118289137484884,0.029944442753684974,NA,corr,200,10
0.2,-0.0012652608403675035,0.01928479604120671,NA,corr,200,10
0.5,0.005022823567122918,0.02277099925732141,NA,corr,200,10
1,0.004675981090783048,0.023985811871516594,NA,corr,200,10
0.01,0.029160435451291742,0.12372278541308424,NA,total,500,0.05
0.02,0.020320351575916176,0.1243429635976719,NA,total,500,0.05
0.05,0.015002312163223048,0.121361148782539,NA,total,500,0.05
0.1,0.006097497155964458,0.09192256723894814,NA,total,500,0.05
0.2,-0.003943111458655931,0.048362609773033895,NA,total,500,0.05
0.5,-0.009370121014117924,0.037337183589798775,NA,total,500,0.05
1,0.001353022217774732,0.04268651631991726,NA,total,500,0.05
0.01,0.022425811275529183,0.06905696791470899,NA,sample,500,0.05
0.02,0.019023083343860655,0.08989022924927109,NA,sample,500,0.05
0.05,0.0124607034657695,0.09681523573045332,NA,sample,500,0.05
0.1,0.00806125452642133,0.0798163010755837,NA,sample,500,0.05
0.2,0.0012629930738415876,0.05185101189446454,NA,sample,500,0.05
0.5,-0.0031428369866882185,0.015885587259899664,NA,sample,500,0.05
1,0.001906362640302997,0.025706096996895647,NA,sample,500,0.05
0.01,0.006734421102907559,0.06269822165558314,NA,corr,500,0.05
0.02,0.0013002741079392163,0.03870663961028145,NA,corr,500,0.05
0.05,0.0025472554875449085,0.03483137459926483,NA,corr,500,0.05
0.1,-0.001954442872074804,0.028793408578492486,NA,corr,500,0.05
0.2,-0.005200673576715554,0.023329301864257006,NA,corr,500,0.05
0.5,-0.006222347455813855,0.03230670954298495,NA,corr,500,0.05
1,-5.463293814815613e-4,0.029021685576353894,NA,corr,500,0.05
0.01,0.018280252227104554,0.11539940122291086,NA,total,500,0.1
0.02,0.023235421177634663,0.11169945165555456,NA,total,500,0.1
0.05,0.005575555591798572,0.09623947019214171,NA,total,500,0.1
0.1,-4.894504099728995e-4,0.0762912531451755,NA,total,500,0.1
0.2,-0.0013875726465636237,0.05743297917719346,NA,total,500,0.1
0.5,0.00664256145014408,0.02421675807445173,NA,total,500,0.1
1,-0.0023175092650084637,0.03429348022372832,NA,total,500,0.1
0.01,0.014253322409366002,0.04578971830394501,NA,sample,500,0.1
0.02,0.015861524758018546,0.06550498979641549,NA,sample,500,0.1
0.05,0.006035336553338028,0.07754334240306977,NA,sample,500,0.1
0.1,0.0029310071459138095,0.072041581947877,NA,sample,500,0.1
0.2,-0.0018927610852228066,0.048365378838231915,NA,sample,500,0.1
0.5,-0.0017306232558756659,0.014846692413227608,NA,sample,500,0.1
1,-0.003438176846052152,0.01469059335339049,NA,sample,500,0.1
0.01,0.004027734463822531,0.07621610210418338,NA,corr,500,0.1
0.02,0.007377292537314071,0.0520741932235511,NA,corr,500,0.1
0.05,-4.5972760595490864e-4,0.03180834865075652,NA,corr,500,0.1
0.1,-0.003422636362786677,0.026563961734583932,NA,corr,500,0.1
0.2,4.93936198776144e-4,0.021656733083588814,NA,corr,500,0.1
0.5,0.008377684934333494,0.02061794305360658,NA,corr,500,0.1
1,0.0011070647889580767,0.027839783109758397,NA,corr,500,0.1
0.01,0.004782592973999294,0.09340787133486536,NA,total,500,0.2
0.02,0.009262246849429327,0.08750112972188889,NA,total,500,0.2
0.05,0.011439308210597944,0.07838120159969249,NA,total,500,0.2
0.1,0.0034184670908693916,0.06361898919924538,NA,total,500,0.2
0.2,-0.0123218892736771,0.0546092278814853,NA,total,500,0.2
0.5,0.0015812582712884818,0.035397906591623306,NA,total,500,0.2
1,-5.649258843330585e-4,0.027756248043549186,NA,total,500,0.2
0.01,0.007364774020461599,0.028146674168496123,NA,sample,500,0.2
0.02,0.009898754650655161,0.04515762233274363,NA,sample,500,0.2
0.05,0.007665142572866731,0.06217229037160226,NA,sample,500,0.2
0.1,0.002510076679661114,0.06103604400108791,NA,sample,500,0.2
0.2,-0.0038890525156129135,0.04422503600522126,NA,sample,500,0.2
0.5,-0.0065554192420890535,0.019462748014188316,NA,sample,500,0.2
1,0.002385846026854571,0.016432709302189513,NA,sample,500,0.2
0.01,-0.00258031400843602,0.06886268462330583,NA,corr,500,0.2
0.02,-6.354261376943698e-4,0.04819089863769415,NA,corr,500,0.2
0.05,0.003772803778148589,0.025995497368784988,NA,corr,500,0.2
0.1,9.064453447201451e-4,0.016189026950039077,NA,corr,500,0.2
0.2,-0.0084356014397141,0.030562349351349116,NA,corr,500,0.2
0.5,0.008137109588379248,0.032692741027297856,NA,corr,500,0.2
1,-0.002941893803960434,0.020151457452659585,NA,corr,500,0.2
0.01,-0.008043887030312532,0.06939542719555059,NA,total,500,0.5
0.02,0.007806150054189572,0.07253062734854177,NA,total,500,0.5
0.05,-0.001829322930155373,0.0685252647061892,NA,total,500,0.5
0.1,-0.01049963749964187,0.07409897216940586,NA,total,500,0.5
0.2,-0.0027719736212756343,0.05737449365255537,NA,total,500,0.5
0.5,-0.0024340237468294806,0.03160036046765251,NA,total,500,0.5
1,-0.010954015024149248,0.039237045889038806,NA,total,500,0.5
0.01,0.003299642007581059,0.014091732919210346,NA,sample,500,0.5
0.02,0.0040780828176470284,0.026702708699227782,NA,sample,500,0.5
0.05,0.006864795502296016,0.04165096191833709,NA,sample,500,0.5
0.1,0.0020060537220279655,0.04818274162172325,NA,sample,500,0.5
0.2,0.003928761457206556,0.04072925205447832,NA,sample,500,0.5
0.5,-0.006577237108620223,0.011367763026025067,NA,sample,500,0.5
1,-0.005053170760907952,0.02540141025987089,NA,sample,500,0.5
0.01,-0.011343154810403482,0.057064616729068006,NA,corr,500,0.5
0.02,0.0037306224614898687,0.05118634787684048,NA,corr,500,0.5
0.05,-0.008693551847916217,0.033602986992865506,NA,corr,500,0.5
0.1,-0.012505212782320673,0.03327217755635379,NA,corr,500,0.5
0.2,-0.006700010128465005,0.027068812369992635,NA,corr,500,0.5
0.5,0.004147315314128787,0.02693782155425123,NA,corr,500,0.5
1,-0.0059030589093805,0.025292338609681716,NA,corr,500,0.5
0.01,0.0032389195920015145,0.051847318165677767,NA,total,500,1
0.02,0.005388298244170258,0.06367604635308796,NA,total,500,1
0.05,-0.0021573904789225764,0.05183954999705931,NA,total,500,1
0.1,0.0026577806640361245,0.05426866919290396,NA,total,500,1
0.2,4.696536289916583e-4,0.03883478679807559,NA,total,500,1
0.5,-0.0034365326342198493,0.03227467430483827,NA,total,500,1
1,-0.006419730379607921,0.04038235771273278,NA,total,500,1
0.01,2.218871190953507e-4,0.008563752933201932,NA,sample,500,1
0.02,0.0035481670393192285,0.01590431991399228,NA,sample,500,1
0.05,0.0016954032870889015,0.028595248173606407,NA,sample,500,1
0.1,0.002725276383275781,0.037830487533559214,NA,sample,500,1
0.2,7.160638424197564e-5,0.03349410849913237,NA,sample,500,1
0.5,-0.0035071131006771407,0.01633259093579194,NA,sample,500,1
1,-0.0014827632914515664,0.01892125881472575,NA,sample,500,1
0.01,0.0030156754364215085,0.04516030865602296,NA,corr,500,1
0.02,0.0018409419942051906,0.05047595911898828,NA,corr,500,1
0.05,-0.0038519571073908727,0.032713522950803764,NA,corr,500,1
0.1,-6.749981537309132e-5,0.024171489045084368,NA,corr,500,1
0.2,4.014172725722662e-4,0.024573077371648922,NA,corr,500,1
0.5,6.26357433973649e-5,0.032168161245371564,NA,corr,500,1
1,-0.004936703168131144,0.030510394830152412,NA,corr,500,1
0.01,-0.008636506806405047,0.043412949824775095,NA,total,500,10
0.02,0.0013338595496337586,0.03423180678583249,NA,total,500,10
0.05,-0.008834942532930903,0.038340851687614634,NA,total,500,10
0.1,-0.006380245785924674,0.03250957504149428,NA,total,500,10
0.2,1.4766563342859568e-4,0.02056268261112133,NA,total,500,10
0.5,3.263825312513247e-4,0.025123683718089512,NA,total,500,10
1,0.006514144967040661,0.03669654781718586,NA,total,500,10
0.01,0.0011394475836710466,0.0019119337552568922,NA,sample,500,10
0.02,1.7029432565027436e-4,0.0030725957226361085,NA,sample,500,10
0.05,-0.0010909110900823018,0.006821718046478216,NA,sample,500,10
0.1,0.001624107086185722,0.009302929607688427,NA,sample,500,10
0.2,0.002184948996039793,0.013648365420307737,NA,sample,500,10
0.5,-0.007231528344145228,0.010835088952813854,NA,sample,500,10
1,0.0034492999339616115,0.01964823748548088,NA,sample,500,10
0.01,-0.009776594704856385,0.042251010891500754,NA,corr,500,10
0.02,0.0011634540139671531,0.03258170373626748,NA,corr,500,10
0.05,-0.007743719846334048,0.03370383729571372,NA,corr,500,10
0.1,-0.00800818686180527,0.02972886832502446,NA,corr,500,10
0.2,-0.0020421734932610388,0.01803224507966859,NA,corr,500,10
0.5,0.007545549915646297,0.022071261456447954,NA,corr,500,10
1,0.0030611740778033174,0.02361750135900108,NA,corr,500,10
0.01,0.024978338573764317,0.10497302889766948,NA,total,1000,0.05
0.02,0.016751445750850517,0.10821875558530117,NA,total,1000,0.05
0.05,0.002144496018637112,0.08406489677069796,NA,total,1000,0.05
0.1,-0.0013156099987805929,0.0634214001051244,NA,total,1000,0.05
0.2,0.004294951060206148,0.048854010123454465,NA,total,1000,0.05
0.5,-0.008257644076082583,0.03544435592761095,NA,total,1000,0.05
1,0.0012633369312353441,0.03707155792404047,NA,total,1000,0.05
0.01,0.017044886247087353,0.06792665453909197,NA,sample,1000,0.05
0.02,0.01247653945649967,0.08137056478027667,NA,sample,1000,0.05
0.05,0.00693964208701022,0.07647120764594809,NA,sample,1000,0.05
0.1,-1.2652709073807129e-5,0.058726210338913516,NA,sample,1000,0.05
0.2,-0.001092007270553435,0.04010194199513378,NA,sample,1000,0.05
0.5,-0.003570512301785292,0.02112205892751467,NA,sample,1000,0.05
1,0.010020841428190607,0.01964830851268243,NA,sample,1000,0.05
0.01,0.007935414526484875,0.04262318201181682,NA,corr,1000,0.05
0.02,0.004272004486048922,0.03102650451807894,NA,corr,1000,0.05
0.05,-0.004795378031953659,0.024418036819746202,NA,corr,1000,0.05
0.1,-0.001294272320927834,0.032074643498350465,NA,corr,1000,0.05
0.2,0.005384912855706974,0.02473160260487043,NA,corr,1000,0.05
0.5,-0.004687524949829936,0.03304259386152139,NA,corr,1000,0.05
1,-0.008757081160712174,0.03017026363096175,NA,corr,1000,0.05
0.01,0.010526480422079513,0.09629158320736682,NA,total,1000,0.1
0.02,0.007215399088099379,0.08966983315944461,NA,total,1000,0.1
0.05,0.008981256006217016,0.07664633808781626,NA,total,1000,0.1
0.1,0.002709495043304421,0.06606604903636147,NA,total,1000,0.1
0.2,9.064329699292217e-4,0.045441945245920025,NA,total,1000,0.1
0.5,-0.017806230457719355,0.026527434603708145,NA,total,1000,0.1
1,0.0065892573281733004,0.029332987971529067,NA,total,1000,0.1
0.01,0.010988853461417923,0.047516011434227574,NA,sample,1000,0.1
0.02,0.0072650625533503665,0.061926660858120396,NA,sample,1000,0.1
0.05,0.009719316931969781,0.06732920801082963,NA,sample,1000,0.1
0.1,0.008973397039808113,0.054934157852890506,NA,sample,1000,0.1
0.2,0.0025164410945635184,0.04033735403949399,NA,sample,1000,0.1
0.5,-0.011515311389107327,0.016953846016718645,NA,sample,1000,0.1
1,0.005967836000155535,0.01670998200323028,NA,sample,1000,0.1
0.01,-4.6379482244728114e-4,0.05278109497538152,NA,corr,1000,0.1
0.02,-4.8839131284748295e-5,0.03364671456756681,NA,corr,1000,0.1
0.05,-7.344192456364192e-4,0.028109193231127164,NA,corr,1000,0.1
0.1,-0.0062607775179044775,0.03110954397857157,NA,corr,1000,0.1
0.2,-0.0016220711158297756,0.020209565308499287,NA,corr,1000,0.1
0.5,-0.0062980336011946554,0.022330788631535217,NA,corr,1000,0.1
1,6.45164092730325e-4,0.02103843593183683,NA,corr,1000,0.1
0.01,0.009841298709917828,0.08371444682395873,NA,total,1000,0.2
0.02,-0.0022368719009589074,0.0802278538459883,NA,total,1000,0.2
0.05,0.0025835143529058693,0.07570124089671876,NA,total,1000,0.2
0.1,0.012211913172360877,0.056809008008770985,NA,total,1000,0.2
0.2,-0.011927692499478898,0.05341469613879723,NA,total,1000,0.2
0.5,-0.00953656775728672,0.020237555743281274,NA,total,1000,0.2
1,0.019618039809543634,0.04072629461185029,NA,total,1000,0.2
0.01,0.004691172915032055,0.03120585788941403,NA,sample,1000,0.2
0.02,0.007476809638164089,0.04544931579594892,NA,sample,1000,0.2
0.05,0.006335594729379767,0.055813951149313895,NA,sample,1000,0.2
0.1,0.001408099550492347,0.04843889858102921,NA,sample,1000,0.2
0.2,-0.007565169929679834,0.04059592649745419,NA,sample,1000,0.2
0.5,-0.004504200601601231,0.016406630594443906,NA,sample,1000,0.2
1,0.01397885222540229,0.023203863390728045,NA,sample,1000,0.2
0.01,0.005147903020399446,0.05647323669088305,NA,corr,1000,0.2
0.02,-0.009712589285223804,0.042166417479484616,NA,corr,1000,0.2
0.05,-0.0037555359264359717,0.027066312454995512,NA,corr,1000,0.2
0.1,0.010798063789246934,0.028542360944577506,NA,corr,1000,0.2
0.2,-0.004357781007208732,0.030005204647421138,NA,corr,1000,0.2
0.5,-0.005035435758351056,0.02219304817207097,NA,corr,1000,0.2
1,0.005639005216599287,0.021049366652823337,NA,corr,1000,0.2
0.01,0.009342847023272228,0.06160622485671696,NA,total,1000,0.5
0.02,0.015505728548556653,0.055943454374676196,NA,total,1000,0.5
0.05,0.0019954791255607915,0.058690013469078275,NA,total,1000,0.5
0.1,-4.972673874834367e-4,0.059595430197435434,NA,total,1000,0.5
0.2,-0.0039051793193338236,0.03456212193875618,NA,total,1000,0.5
0.5,-0.0016632801481207304,0.026722179145407254,NA,total,1000,0.5
1,-0.0019103694892556964,0.03587210840607329,NA,total,1000,0.5
0.01,0.002770673186989763,0.01621720497609029,NA,sample,1000,0.5
0.02,0.0046640076897135905,0.0276056080474227,NA,sample,1000,0.5
0.05,0.003672889702165792,0.0403653833671931,NA,sample,1000,0.5
0.1,0.00426078304217593,0.043174354261382684,NA,sample,1000,0.5
0.2,-9.835890613386564e-4,0.03163745209310045,NA,sample,1000,0.5
0.5,-0.0042205749852545285,0.01699278620247954,NA,sample,1000,0.5
1,0.004408570304296888,0.020530862052781304,NA,sample,1000,0.5
0.01,0.0065709003308670666,0.04780797729672722,NA,corr,1000,0.5
0.02,0.010844123436405909,0.03306534017975243,NA,corr,1000,0.5
0.05,-0.001676849632343252,0.027193321488669323,NA,corr,1000,0.5
0.1,-0.004762524586569771,0.028476333766502163,NA,corr,1000,0.5
0.2,-0.0029128221110250197,0.021157805318794992,NA,corr,1000,0.5
0.5,0.002552208286583001,0.023810475732947586,NA,corr,1000,0.5
1,-0.006316115705743829,0.024587717663409565,NA,corr,1000,0.5
0.01,-0.0016368630227134506,0.05396407453226006,NA,total,1000,1
0.02,0.005658939422344506,0.04769395838274188,NA,total,1000,1
0.05,-5.604184796725492e-4,0.042921538453248344,NA,total,1000,1
0.1,0.0067446133048967875,0.045347271776132514,NA,total,1000,1
0.2,0.01577147840859649,0.04281165988179917,NA,total,1000,1
0.5,-0.008276158002918903,0.032804471691158306,NA,total,1000,1
1,-0.003114068340535565,0.04400148070401733,NA,total,1000,1
0.01,0.001311191897206063,0.010193680530382,NA,sample,1000,1
0.02,0.0019248597015123594,0.016997919634474206,NA,sample,1000,1
0.05,-2.4579336735818723e-4,0.027584116468453917,NA,sample,1000,1
0.1,0.0017502755985622036,0.0327391977987046,NA,sample,1000,1
0.2,0.0067501742296408665,0.03271606680784448,NA,sample,1000,1
0.5,-0.013002743620793601,0.014144488674099644,NA,sample,1000,1
1,5.072234331196851e-4,0.0241778047350474,NA,sample,1000,1
0.01,-0.0029485913229816713,0.04624603417694225,NA,corr,1000,1
0.02,0.003732054743765516,0.03459971869079083,NA,corr,1000,1
0.05,-3.1614649492189086e-4,0.027029222590017003,NA,corr,1000,1
0.1,0.004998703949347591,0.025841028965505938,NA,corr,1000,1
0.2,0.009025530784051074,0.02594981438294006,NA,corr,1000,1
0.5,0.0047265878658352125,0.02913063012088331,NA,corr,1000,1
1,-0.003612738534313973,0.033570578752039705,NA,corr,1000,1
0.01,0.002073154275784154,0.03593321453875215,NA,total,1000,10
0.02,0.0021452979392526154,0.03260563771325501,NA,total,1000,10
0.05,-0.004781836145346716,0.03453087212799507,NA,total,1000,10
0.1,0.006354639659760322,0.02556746109863395,NA,total,1000,10
0.2,-3.6290907903271014e-4,0.03834994631938183,NA,total,1000,10
0.5,0.013120408783952289,0.0274023568305436,NA,total,1000,10
1,-0.0011674624731177136,0.05093971132652399,NA,total,1000,10
0.01,3.6448124897457327e-4,0.0016332825508997282,NA,sample,1000,10
0.02,6.142782335704738e-5,0.004365374212991207,NA,sample,1000,10
0.05,0.0021635033846175997,0.00927443311361534,NA,sample,1000,10
0.1,-5.114429241417932e-4,0.009521965593305105,NA,sample,1000,10
0.2,0.004340201385549237,0.017070373982639497,NA,sample,1000,10
0.5,0.00972924428507623,0.015596320409887034,NA,sample,1000,10
1,-0.00417989992771113,0.03392297349242782,NA,sample,1000,10
0.01,0.0017085843381620185,0.035172854882923446,NA,corr,1000,10
0.02,0.002082580133228946,0.031209119408943185,NA,corr,1000,10
0.05,-0.006943228530138074,0.028462730675584108,NA,corr,1000,10
0.1,0.006865496659911623,0.022296838685258807,NA,corr,1000,10
0.2,-0.004701708955554709,0.02999015495385707,NA,corr,1000,10
0.5,0.003377881696035702,0.023419587799265798,NA,corr,1000,10
1,0.003002253852177138,0.02320086246528938,NA,corr,1000,10
0.01,-0.006991126159578896,0.027350372476620286,NA,total,1000,100
0.02,-0.003203229990889794,0.025148035102198617,NA,total,1000,100
0.05,0.006690173180575454,0.023832794322572244,NA,total,1000,100
0.1,-0.0011255489763556687,0.029774682956448046,NA,total,1000,100
0.2,-0.0018830612254605063,0.03505937011562767,NA,total,1000,100
0.5,-0.003700456678581213,0.023328578184598825,NA,total,1000,100
1,-3.3589520003213984e-4,0.025809929070637443,NA,total,1000,100
0.01,-0.001201864808141707,0.0013936388123351121,NA,sample,1000,100
0.02,7.522138255012288e-5,0.002008426961554353,NA,sample,1000,100
0.05,8.987048100521379e-5,0.004061910257839796,NA,sample,1000,100
0.1,-0.0012354924699942455,0.004299655228351139,NA,sample,1000,100
0.2,-4.88810430922924e-4,0.009711186317402296,NA,sample,1000,100
0.5,-5.393191606555186e-4,0.008970440411390893,NA,sample,1000,100
1,0.0024709862738926934,0.013525564310760388,NA,sample,1000,100
0.01,-0.0057904788376053435,0.026850732179875433,NA,corr,1000,100
0.02,-0.0032789840319062446,0.025123382917934176,NA,corr,1000,100
0.05,0.006600593645329373,0.023331269794923077,NA,corr,1000,100
0.1,1.0857669675729089e-4,0.029979745456345148,NA,corr,1000,100
0.2,-0.0013980758440988446,0.03081525854086926,NA,corr,1000,100
0.5,-0.0031602692367668802,0.025171144264378807,NA,corr,1000,100
1,-0.0027987000423489216,0.021597598542413377,NA,corr,1000,100
0.01,0.0033669360561629,0.020480167691140173,NA,total,1000,1000
0.02,0.004183971130600003,0.026435222718902873,NA,total,1000,1000
0.05,-0.0089397293966235,0.026703619724792092,NA,total,1000,1000
0.1,-0.0077630401012836435,0.025139131234091776,NA,total,1000,1000
0.2,0.005555193897932501,0.03311182704014834,NA,total,1000,1000
0.5,0.0031000720914852926,0.02280410187501946,NA,total,1000,1000
1,-0.005211662318165892,0.031046643491375273,NA,total,1000,1000
0.01,9.963792985459648e-4,7.415765100381851e-4,NA,sample,1000,1000
0.02,-5.5429492421645324e-5,0.001928744287711319,NA,sample,1000,1000
0.05,0.0014233689577750222,0.004760962440076625,NA,sample,1000,1000
0.1,0.0015260601954117533,0.0030409457128096166,NA,sample,1000,1000
0.2,0.0023069290326589347,0.007441528359980019,NA,sample,1000,1000
0.5,-0.00569200674110091,0.011390270295226513,NA,sample,1000,1000
1,0.0025442810911925034,0.015536664790041609,NA,sample,1000,1000
0.01,0.0023702909638367428,0.020145025363782258,NA,corr,1000,1000
0.02,0.0042376485538894865,0.02638228057672461,NA,corr,1000,1000
0.05,-0.010366272758935821,0.025543878967744366,NA,corr,1000,1000
0.1,-0.009290363461568453,0.025797652670988665,NA,corr,1000,1000
0.2,0.0032449850739626317,0.029905053181179548,NA,corr,1000,1000
0.5,0.008786953361157116,0.024891091486654665,NA,corr,1000,1000
1,-0.007752912594646075,0.025498228478701455,NA,corr,1000,1000
0.01,4.751659342446112e-4,0.036620175321663256,NA,total,1000,10000
0.02,0.0046673660440249495,0.02295337407948996,NA,total,1000,10000
0.05,-0.003439131786849615,0.023213193893402245,NA,total,1000,10000
0.1,-0.005433629088711308,0.03316468730824988,NA,total,1000,10000
0.2,4.5940899464167096e-4,0.014603617069372044,NA,total,1000,10000
0.5,-0.019707435688677454,0.032133534623339885,NA,total,1000,10000
1,0.001533545228661428,0.021670702414379024,NA,total,1000,10000
0.01,2.524881093433208e-4,0.001201298290400441,NA,sample,1000,10000
0.02,-3.729751939030042e-5,0.002253688511573019,NA,sample,1000,10000
0.05,1.3515611540232853e-4,0.00326250485679029,NA,sample,1000,10000
0.1,-0.00403227867962155,0.006248673114867523,NA,sample,1000,10000
0.2,0.00318301839336263,0.007311123043391888,NA,sample,1000,10000
0.5,-0.008108371642083124,0.009493553219858073,NA,sample,1000,10000
1,0.006932108783056087,0.013837052526224481,NA,sample,1000,10000
0.01,2.233938020029723e-4,0.03671207111057612,NA,corr,1000,10000
0.02,0.004704400119062266,0.02246708589998803,NA,corr,1000,10000
0.05,-0.003579972765534082,0.022384978845219623,NA,corr,1000,10000
0.1,-0.0014039624760845857,0.03386172647375749,NA,corr,1000,10000
0.2,-0.0027308059855602283,0.01635607073606441,NA,corr,1000,10000
0.5,-0.011605197215977005,0.028914845080645925,NA,corr,1000,10000
1,-0.0054061522582917595,0.023659053595695256,NA,corr,1000,10000
0.01,0.0020238675322954277,0.024260035769316367,NA,total,1000,100000
0.02,0.009390164442502676,0.030934581430668125,NA,total,1000,100000
0.05,-0.005606807981765912,0.026285390288469587,NA,total,1000,100000
0.1,-0.00548134090298792,0.02303881906100231,NA,total,1000,100000
0.2,-0.006925609622374108,0.03044210880805813,NA,total,1000,100000
0.5,0.0025858143921757295,0.028835514664171814,NA,total,1000,100000
1,-0.016534404186968197,0.028709922650419353,NA,total,1000,100000
0.01,-2.817575703182658e-4,0.0013882473727099094,NA,sample,1000,100000
0.02,-9.008080219877143e-4,0.001641705687437966,NA,sample,1000,100000
0.05,0.0016472127511875006,0.0038665117760383005,NA,sample,1000,100000
0.1,-0.003279252498078625,0.0037057973836559163,NA,sample,1000,100000
0.2,-0.0022891285981671665,0.00646674696728145,NA,sample,1000,100000
0.5,0.0035895441109349063,0.01099430041984696,NA,sample,1000,100000
1,-0.01476018634838102,0.01543129234756324,NA,sample,1000,100000
0.01,0.002305248085452871,0.024421988330236198,NA,corr,1000,100000
0.02,0.010289068990488513,0.03089708171159937,NA,corr,1000,100000
0.05,-0.007255743098899986,0.025752902778345722,NA,corr,1000,100000
0.1,-0.002202085932549351,0.023800049532045318,NA,corr,1000,100000
0.2,-0.004647177763964678,0.028497992475307068,NA,corr,1000,100000
0.5,-0.0010151105836718572,0.03162935887336602,NA,corr,1000,100000
1,-0.0017920701689352965,0.026068351808287014,NA,corr,1000,100000
0.01,-0.01034800836598788,0.021585606501486825,NA,total,1000,1000000
0.02,-0.00260052489954886,0.029217850568538272,NA,total,1000,1000000
0.05,-0.009328102521741169,0.028838351271765834,NA,total,1000,1000000
0.1,-0.01642662256204337,0.030193302160876238,NA,total,1000,1000000
0.2,-0.006206539102434601,0.027774872421629057,NA,total,1000,1000000
0.5,0.0017922614033835627,0.030973798215248174,NA,total,1000,1000000
1,-0.00310885681936631,0.03892451666175317,NA,total,1000,1000000
0.01,-6.295302631328639e-4,0.0011657005582889214,NA,sample,1000,1000000
0.02,-6.447655270941854e-5,0.0012187065193116611,NA,sample,1000,1000000
0.05,-0.0013426317830543201,0.003256162937004417,NA,sample,1000,1000000
0.1,-6.513320037579431e-4,0.004761600111881247,NA,sample,1000,1000000
0.2,-0.0022730641264596886,0.006344492954067215,NA,sample,1000,1000000
0.5,-0.0029080530069262324,0.010209536768695735,NA,sample,1000,1000000
1,0.003663731475648978,0.015011088508275284,NA,sample,1000,1000000
0.01,-0.009717215891495322,0.02136065469460093,NA,corr,1000,1000000
0.02,-0.0025364079926529833,0.029616601170854913,NA,corr,1000,1000000
0.05,-0.007988435400110754,0.028011278573415135,NA,corr,1000,1000000
0.1,-0.015778786608109965,0.029029675212704005,NA,corr,1000,1000000
0.2,-0.003936311568518635,0.026777404687422093,NA,corr,1000,1000000
0.5,0.004676802966345672,0.029639272120259286,NA,corr,1000,1000000
1,-0.00678992339647086,0.028722653967315225,NA,corr,1000,1000000
0.01,0.019527872033912864,0.10095768104045204,NA,total,2000,0.05
0.02,0.006135957447881297,0.09713678690897971,NA,total,2000,0.05
0.05,0.0032578182854460526,0.06208966224904122,NA,total,2000,0.05
0.1,-0.01100443966054359,0.04938144924744633,NA,total,2000,0.05
0.2,0.004999441938902437,0.03927177525946522,NA,total,2000,0.05
0.5,0.0015808385969480713,0.025913298041328445,NA,total,2000,0.05
1,-0.006179573191019394,0.03059022566948856,NA,total,2000,0.05
0.01,0.01128848263866382,0.06454117592332388,NA,sample,2000,0.05
0.02,0.009776839972224283,0.07161291792200761,NA,sample,2000,0.05
0.05,0.001958370852902676,0.060267332387708705,NA,sample,2000,0.05
0.1,7.472244908303968e-4,0.04439366285538276,NA,sample,2000,0.05
0.2,0.0033745815608194484,0.030192051169083866,NA,sample,2000,0.05
0.5,-0.0033640476900417588,0.009441696998190833,NA,sample,2000,0.05
1,-0.0058386355246150086,0.0174799442625031,NA,sample,2000,0.05
0.01,0.008238189797138584,0.04006482721697086,NA,corr,2000,0.05
0.02,-0.003641841314202828,0.03247503453248205,NA,corr,2000,0.05
0.05,0.001299821279490137,0.02005584253767389,NA,corr,2000,0.05
0.1,-0.01174414445526132,0.024079984294468927,NA,corr,2000,0.05
0.2,0.0016286008648883797,0.02673686557930255,NA,corr,2000,0.05
0.5,0.004942590748316192,0.025679404875370865,NA,corr,2000,0.05
1,-3.366821469149354e-4,0.02121779508086078,NA,corr,2000,0.05
0.01,-0.0010051874764494741,0.08210229265672964,NA,total,2000,0.1
0.02,0.014965882396401814,0.07377659778830666,NA,total,2000,0.1
0.05,-0.007283811114732174,0.0667905882559565,NA,total,2000,0.1
0.1,0.015730692381900634,0.04610693609662172,NA,total,2000,0.1
0.2,-0.0021280433471913083,0.0370935905375483,NA,total,2000,0.1
0.5,0.006139979177034261,0.033462719765852945,NA,total,2000,0.1
1,-0.0020516050181071215,0.039492607617549545,NA,total,2000,0.1
0.01,0.006935319062921611,0.046383823502381245,NA,sample,2000,0.1
0.02,0.006301099182474769,0.05668082590268026,NA,sample,2000,0.1
0.05,0.00574805417163139,0.05448534366432527,NA,sample,2000,0.1
0.1,0.003528549258999457,0.040476149546030404,NA,sample,2000,0.1
0.2,6.759972616815812e-5,0.02528357203040419,NA,sample,2000,0.1
0.5,0.0010775369752808752,0.01608427452231318,NA,sample,2000,0.1
1,-0.007461292389977452,0.014783670488858354,NA,sample,2000,0.1
0.01,-0.007940404825766034,0.04142845236061664,NA,corr,2000,0.1
0.02,0.008665092748232782,0.027235511289507606,NA,corr,2000,0.1
0.05,-0.013034028120530922,0.024626339238980173,NA,corr,2000,0.1
0.1,0.012199135863924113,0.03147345596654638,NA,corr,2000,0.1
0.2,-0.0021960578754739485,0.03166152101904064,NA,corr,2000,0.1
0.5,0.00505957817473922,0.024928861370681045,NA,corr,2000,0.1
1,0.005410310147433933,0.030767020725976407,NA,corr,2000,0.1
0.01,-0.0010848618398960005,0.08184545051219322,NA,total,2000,0.2
0.02,0.0015968021589075534,0.07174200869498684,NA,total,2000,0.2
0.05,0.01809057723329927,0.0662908693599035,NA,total,2000,0.2
0.1,0.004032953318591328,0.04711800575598881,NA,total,2000,0.2
0.2,0.007707706265391311,0.03850312454587164,NA,total,2000,0.2
0.5,5.966017888780229e-5,0.03264089699233149,NA,total,2000,0.2
1,0.006322485237227427,0.02788950487329249,NA,total,2000,0.2
0.01,0.005267681564182405,0.032865328757135576,NA,sample,2000,0.2
0.02,0.005630879804301022,0.04406355943592522,NA,sample,2000,0.2
0.05,0.00620182230091527,0.04783371776996027,NA,sample,2000,0.2
0.1,0.0014558407102877064,0.038035304257992786,NA,sample,2000,0.2
0.2,0.008536361650361706,0.030000697773835815,NA,sample,2000,0.2
0.5,0.0018359091111820297,0.01219419501444233,NA,sample,2000,0.2
1,-0.002689983865489134,0.018727018903593243,NA,sample,2000,0.2
0.01,-0.006355087148859587,0.05250255973368184,NA,corr,2000,0.2
0.02,-0.0040340677657895235,0.03618875492045028,NA,corr,2000,0.2
0.05,0.01188690506835217,0.035688704355051365,NA,corr,2000,0.2
0.1,0.0025702150729714577,0.024960070063405938,NA,corr,2000,0.2
0.2,-8.224525074732155e-4,0.020191878338012476,NA,corr,2000,0.2
0.5,-0.0017812984890619562,0.026669123868198124,NA,corr,2000,0.2
1,0.008994364503345231,0.02175941278582953,NA,corr,2000,0.2
0.01,0.008738471215934502,0.056634452775935686,NA,total,2000,0.5
0.02,0.011638768553553173,0.05082103063598489,NA,total,2000,0.5
0.05,0.011775277841347584,0.051988106519462604,NA,total,2000,0.5
0.1,0.004904605374151053,0.046730123182244385,NA,total,2000,0.5
0.2,5.042491284186823e-4,0.04183359131119777,NA,total,2000,0.5
0.5,-0.0014645330082960592,0.024703079503505556,NA,total,2000,0.5
1,3.4515046216082194e-4,0.019374495920278147,NA,total,2000,0.5
0.01,0.0019193011416953456,0.017934569132475195,NA,sample,2000,0.5
0.02,0.0027633054567244896,0.02790669024959277,NA,sample,2000,0.5
0.05,0.0036791189188745124,0.036666274142736585,NA,sample,2000,0.5
0.1,0.0049353956436186276,0.03426610100175497,NA,sample,2000,0.5
0.2,-0.0030140994151088753,0.027642973187053506,NA,sample,2000,0.5
0.5,-0.004605480407998114,0.016057693901745558,NA,sample,2000,0.5
1,0.0016129369051050492,0.013629732938866521,NA,sample,2000,0.5
0.01,0.006818666389834403,0.04118689388731097,NA,corr,2000,0.5
0.02,0.008870980815827578,0.029910721866491508,NA,corr,2000,0.5
0.05,0.008094828776395079,0.02815599722301415,NA,corr,2000,0.5
0.1,-2.9318523632787703e-5,0.02913496129701521,NA,corr,2000,0.5
0.2,0.0035157894049271175,0.026426059582224843,NA,corr,2000,0.5
0.5,0.0031380753053676623,0.024382164459050292,NA,corr,2000,0.5
1,-0.0012658672160977995,0.021485659363123213,NA,corr,2000,0.5
0.01,1.4435930931841826e-4,0.04053333976580475,NA,total,2000,1
0.02,-0.003326736952446091,0.03699984904195631,NA,total,2000,1
0.05,-0.005290113305336908,0.04586377671359399,NA,total,2000,1
0.1,0.00336192948925684,0.049145637279808814,NA,total,2000,1
0.2,-2.7633749284301415e-5,0.030522319881601066,NA,total,2000,1
0.5,-0.008585103890716905,0.03255426848829188,NA,total,2000,1
1,-0.004876683374768411,0.04140261290305547,NA,total,2000,1
0.01,0.0011106483141169598,0.010549765002636137,NA,sample,2000,1
0.02,0.0011160178621890822,0.019645628566350343,NA,sample,2000,1
0.05,-7.144945508971194e-4,0.027620924823879484,NA,sample,2000,1
0.1,-9.374671054504988e-4,0.02991993533676946,NA,sample,2000,1
0.2,8.442120078678713e-4,0.025540124431046612,NA,sample,2000,1
0.5,-0.004255049905352799,0.008680977574561816,NA,sample,2000,1
1,-5.3963461504167e-4,0.031175240351228328,NA,sample,2000,1
0.01,-9.669407462951481e-4,0.03341890870210332,NA,corr,2000,1
0.02,-0.004442639761806138,0.022375362949782967,NA,corr,2000,1
0.05,-0.0045779592423078365,0.02549823034281015,NA,corr,2000,1
0.1,0.004301345095828487,0.024340785362942336,NA,corr,2000,1
0.2,-8.728388939557627e-4,0.02693642751029607,NA,corr,2000,1
0.5,-0.004330304355074658,0.030760528068196794,NA,corr,2000,1
1,-0.004332190626475954,0.024210992042251574,NA,corr,2000,1
0.01,0.0018830786261474829,0.027218250183303216,NA,total,2000,10
0.02,-0.0077516478994496575,0.03423303441823496,NA,total,2000,10
0.05,-0.00943192462786909,0.0282095639943045,NA,total,2000,10
0.1,-3.707775845393782e-4,0.029924548173245524,NA,total,2000,10
0.2,-0.012133456806647827,0.03941674770051871,NA,total,2000,10
0.5,0.0033531585679161015,0.026277468134300687,NA,total,2000,10
1,-0.0013409399626780618,0.034227725208454816,NA,total,2000,10
0.01,7.02021513396598e-5,0.002366050142922512,NA,sample,2000,10
0.02,6.0646192587592285e-5,0.00488032673007743,NA,sample,2000,10
0.05,1.805714751493913e-4,0.00817099446386032,NA,sample,2000,10
0.1,0.0013203760652033413,0.012381522306888599,NA,sample,2000,10
0.2,-0.0026179356218042835,0.01199584208395997,NA,sample,2000,10
0.5,0.0010799297919363896,0.009650323305345265,NA,sample,2000,10
1,-0.01059056914856143,0.022741973502362085,NA,sample,2000,10
0.01,0.001812392265311447,0.026771328587325276,NA,corr,2000,10
0.02,-0.007811823472238916,0.031303626165297443,NA,corr,2000,10
0.05,-0.009617363807542599,0.025654941799565182,NA,corr,2000,10
0.1,-0.0016944310371303604,0.02613798209534245,NA,corr,2000,10
0.2,-0.009512610083527018,0.03610188978886891,NA,corr,2000,10
0.5,0.002271821090613551,0.023982463772894543,NA,corr,2000,10
1,0.009237732163976007,0.02218492829932191,NA,corr,2000,10
0.01,0.00574154769175492,0.07701894611471892,NA,total,5000,0.05
0.02,-0.0013160501106270217,0.07695769953252703,NA,total,5000,0.05
0.05,-0.0034872066618075134,0.04890890201192509,NA,total,5000,0.05
0.1,0.004097297837108745,0.040028615751200806,NA,total,5000,0.05
0.2,-0.0047886539488952926,0.03225656632635804,NA,total,5000,0.05
0.5,0.0015163215247269404,0.026218905212687525,NA,total,5000,0.05
1,-0.007426201392871384,0.03295901479663711,NA,total,5000,0.05
0.01,0.005117117054614032,0.05606155061990824,NA,sample,5000,0.05
0.02,0.004173389613881191,0.05548224860752775,NA,sample,5000,0.05
0.05,0.004633615971923715,0.04174905290308056,NA,sample,5000,0.05
0.1,0.002706702089638238,0.029418706158652337,NA,sample,5000,0.05
0.2,-0.002470649185700417,0.018416345529269088,NA,sample,5000,0.05
0.5,0.002260613688823099,0.014337728019894268,NA,sample,5000,0.05
1,8.793885569177399e-4,0.018750828476033012,NA,sample,5000,0.05
0.01,6.233400772072057e-4,0.032705946051906146,NA,corr,5000,0.05
0.02,-0.005492298505531675,0.03077518861765459,NA,corr,5000,0.05
0.05,-0.008119164210275816,0.02433484474716716,NA,corr,5000,0.05
0.1,0.001388561478880803,0.020668682270759353,NA,corr,5000,0.05
0.2,-0.0023269170498714962,0.024430246636639313,NA,corr,5000,0.05
0.5,-7.291818684139415e-4,0.023905882219506205,NA,corr,5000,0.05
1,-0.008301133366534798,0.026244763809460513,NA,corr,5000,0.05
0.01,-0.0025452903036908476,0.0683860865577253,NA,total,5000,0.1
0.02,0.009437563921768938,0.06687637478401554,NA,total,5000,0.1
0.05,-0.0034158238736854063,0.04449593053303193,NA,total,5000,0.1
0.1,0.0030675693418999255,0.033234318745752986,NA,total,5000,0.1
0.2,9.902631834128204e-4,0.032848997040343796,NA,total,5000,0.1
0.5,-0.004613756066200996,0.026792994182866053,NA,total,5000,0.1
1,0.008454866881814875,0.041962240937475664,NA,total,5000,0.1
0.01,0.0048923529639931206,0.04395776182050333,NA,sample,5000,0.1
0.02,0.004004556595756464,0.048380167190914904,NA,sample,5000,0.1
0.05,2.8573018331031966e-4,0.04002004868363777,NA,sample,5000,0.1
0.1,0.00267213823886552,0.027448116148157845,NA,sample,5000,0.1
0.2,0.0024094027648363862,0.017187467937722464,NA,sample,5000,0.1
0.5,-0.002672024848902761,0.013786227180596338,NA,sample,5000,0.1
1,0.001752042882013346,0.025092540774464253,NA,sample,5000,0.1
0.01,-0.007437017156167755,0.03167923380191585,NA,corr,5000,0.1
0.02,0.005432358656937112,0.025162460533949636,NA,corr,5000,0.1
0.05,-0.0036982398632911203,0.0269503376906941,NA,corr,5000,0.1
0.1,3.971442238185887e-4,0.024707230796627747,NA,corr,5000,0.1
0.2,-0.0014171971034911339,0.02470932656831447,NA,corr,5000,0.1
0.5,-0.001935896443448216,0.022676234840089033,NA,corr,5000,0.1
1,0.006688351335551396,0.027089497856063648,NA,corr,5000,0.1
0.01,0.00357417109259108,0.06383107302902455,NA,total,5000,0.2
0.02,0.008181912833908745,0.054795366661114966,NA,total,5000,0.2
0.05,-0.001077730281154682,0.042287284129246136,NA,total,5000,0.2
0.1,-0.012075475615865312,0.04150330605641059,NA,total,5000,0.2
0.2,-0.0011739940360044462,0.03622063552358116,NA,total,5000,0.2
0.5,0.0044788905215368425,0.024235121788658446,NA,total,5000,0.2
1,0.0026374035215866497,0.03777073685693464,NA,total,5000,0.2
0.01,0.00378859195342685,0.03290373051278081,NA,sample,5000,0.2
0.02,0.0028538961665816568,0.03939183048466193,NA,sample,5000,0.2
0.05,0.0013329207598010678,0.036121164841886697,NA,sample,5000,0.2
0.1,0.00319871788122239,0.030405760665737674,NA,sample,5000,0.2
0.2,0.0035016816653287127,0.022723975985989204,NA,sample,5000,0.2
0.5,-0.005256643010018602,0.012932701422761685,NA,sample,5000,0.2
1,0.010984371680096673,0.031972405481961605,NA,sample,5000,0.2
0.01,-2.1556212577451437e-4,0.03441895641654471,NA,corr,5000,0.2
0.02,0.005329152812401621,0.024642993380608224,NA,corr,5000,0.2
0.05,-0.00240821483062407,0.021230502118465295,NA,corr,5000,0.2
0.1,-0.015275167423382138,0.02766522531869575,NA,corr,5000,0.2
0.2,-0.004660754284531919,0.030241893405091834,NA,corr,5000,0.2
0.5,0.00972996768003982,0.020566407926870856,NA,corr,5000,0.2
1,-0.008337910238606116,0.02194019552426609,NA,corr,5000,0.2
0.01,0.009376362253097736,0.058110623638073025,NA,total,5000,0.5
0.02,0.0014093228747292445,0.051955685401054524,NA,total,5000,0.5
0.05,-0.013826899624346826,0.04684324063068803,NA,total,5000,0.5
0.1,-0.001757335771712864,0.033206148789007815,NA,total,5000,0.5
0.2,0.0017120279607105552,0.027817101854535505,NA,total,5000,0.5
0.5,-0.013889043953240351,0.026073175650394187,NA,total,5000,0.5
1,0.00799383589014504,0.03518385292451003,NA,total,5000,0.5
0.01,0.002840070445280079,0.020264505277015957,NA,sample,5000,0.5
0.02,0.0012625071085879268,0.028856881825579345,NA,sample,5000,0.5
0.05,0.0022301976076025683,0.02892681587431468,NA,sample,5000,0.5
0.1,0.002610838524289109,0.02676689847243991,NA,sample,5000,0.5
0.2,0.0036145044561824158,0.020669672079902005,NA,sample,5000,0.5
0.5,-0.0032778539993775354,0.015357853617150495,NA,sample,5000,0.5
1,0.001786381334853483,0.027137153491108786,NA,sample,5000,0.5
0.01,0.006536486143737747,0.041831220481906024,NA,corr,5000,0.5
0.02,1.467556275631486e-4,0.033012713454351784,NA,corr,5000,0.5
0.05,-0.016058320255048386,0.029261434743786934,NA,corr,5000,0.5
0.1,-0.004370712868198083,0.023136944599650357,NA,corr,5000,0.5
0.2,-0.0019067337800640985,0.025357315851438057,NA,corr,5000,0.5
0.5,-0.010612945981734937,0.02695596981689689,NA,corr,5000,0.5
1,0.006207854978038452,0.01834314707497988,NA,corr,5000,0.5
0.01,0.008821238084328414,0.03955541514312543,NA,total,5000,1
0.02,0.0012345379211444786,0.03385617919892878,NA,total,5000,1
0.05,0.003659514660530742,0.040638697953541844,NA,total,5000,1
0.1,-0.0010667301306422888,0.036700003825304535,NA,total,5000,1
0.2,0.005290516353057877,0.030893214359232934,NA,total,5000,1
0.5,-0.004970253371870852,0.025862254806121015,NA,total,5000,1
1,-0.0033078638977203562,0.01704138019844349,NA,total,5000,1
0.01,0.0017699206593030084,0.013134422648659761,NA,sample,5000,1
0.02,6.385790646991559e-4,0.020342851855245977,NA,sample,5000,1
0.05,0.001788263359145857,0.027502107454732257,NA,sample,5000,1
0.1,4.858449389827197e-4,0.02379475623117485,NA,sample,5000,1
0.2,0.007511539853003737,0.021211337839583226,NA,sample,5000,1
0.5,-0.004453789049549769,0.010552493647178843,NA,sample,5000,1
1,-0.0025360192145751784,0.011608514900363593,NA,sample,5000,1
0.01,0.007051123207096315,0.03091562458317654,NA,corr,5000,1
0.02,5.916325640178411e-4,0.023121673293956008,NA,corr,5000,1
0.05,0.0018712198921725846,0.029416708113427545,NA,corr,5000,1
0.1,-0.0015523144322568483,0.021104784684738403,NA,corr,5000,1
0.2,-0.0022197328180211637,0.020863577411566307,NA,corr,5000,1
0.5,-5.169508308714264e-4,0.02444226236281054,NA,corr,5000,1
1,-7.838045535613624e-4,0.014104177334228356,NA,corr,5000,1
0.01,-0.010190195636877172,0.03333552919365541,NA,total,5000,10
0.02,0.006180674420040834,0.029683374423774254,NA,total,5000,10
0.05,0.004913525424275926,0.04226357458589238,NA,total,5000,10
0.1,-0.0023656856392361546,0.031057524054713476,NA,total,5000,10
0.2,-0.006088379283363246,0.029990234120868372,NA,total,5000,10
0.5,-0.007779222564816822,0.022515575855355765,NA,total,5000,10
1,-0.004539307214327312,0.024862020218130054,NA,total,5000,10
0.01,5.549017846075504e-4,0.003340094177754634,NA,sample,5000,10
0.02,-9.090277819360531e-4,0.006649063500252501,NA,sample,5000,10
0.05,-0.0021983658137580972,0.010670172544081001,NA,sample,5000,10
0.1,-3.2188015806121443e-4,0.010755553897832865,NA,sample,5000,10
0.2,-0.0010853141650397065,0.016939409268074794,NA,sample,5000,10
0.5,-0.011468210522764775,0.010361009711511722,NA,sample,5000,10
1,2.3766963086877256e-5,0.013166094319734313,NA,sample,5000,10
0.01,-0.010744316295014147,0.0316543607695611,NA,corr,5000,10
0.02,0.007088871445904113,0.02770794943398404,NA,corr,5000,10
0.05,0.007108511460459619,0.03592278164516923,NA,corr,5000,10
0.1,-0.0020393039832640077,0.024893333422942938,NA,corr,5000,10
0.2,-0.004996318580883013,0.020185293896792997,NA,corr,5000,10
0.5,0.003688819580862124,0.020899316668923286,NA,corr,5000,10
1,-0.004581630865205503,0.018679449530516524,NA,corr,5000,10
0.01,0.012640306451981586,0.07186702130600245,NA,total,10000,0.05
0.02,-0.0022638525145539973,0.06088769097072558,NA,total,10000,0.05
0.05,-0.0042364948605735165,0.03936530563687449,NA,total,10000,0.05
0.1,-0.002268471796257635,0.03718985392807432,NA,total,10000,0.05
0.2,0.0034935779470940116,0.0251885794334262,NA,total,10000,0.05
0.5,0.0010953414636583325,0.02735368781204541,NA,total,10000,0.05
1,-0.01903643093251054,0.0242674906885402,NA,total,10000,0.05
0.01,0.004627230724784671,0.04814933037430657,NA,sample,10000,0.05
0.02,0.0034935722561678243,0.04359007510735455,NA,sample,10000,0.05
0.05,0.002626268540102206,0.029568790103906242,NA,sample,10000,0.05
0.1,9.139043065955883e-4,0.02285464250444239,NA,sample,10000,0.05
0.2,0.0028427821762010523,0.014840280693883623,NA,sample,10000,0.05
0.5,-0.0022628094114002495,0.012153522867009261,NA,sample,10000,0.05
1,-0.011882223572124886,0.010774913009636143,NA,sample,10000,0.05
0.01,0.00801213286981776,0.031333782906408536,NA,corr,10000,0.05
0.02,-0.005757469781615717,0.026174469258124493,NA,corr,10000,0.05
0.05,-0.006865208542546944,0.027507400213457895,NA,corr,10000,0.05
0.1,-0.0031818193207082852,0.02587272935728741,NA,corr,10000,0.05
0.2,6.427198685200836e-4,0.022036735362946373,NA,corr,10000,0.05
0.5,0.0033588451747082458,0.029348370898203698,NA,corr,10000,0.05
1,-0.007170636650632217,0.02496380208105873,NA,corr,10000,0.05
0.01,-0.0018673701768595501,0.059305746080555936,NA,total,10000,0.1
0.02,0.0025176591449068146,0.05343346832713671,NA,total,10000,0.1
0.05,0.003317618938078038,0.043245981352030914,NA,total,10000,0.1
0.1,0.0027029361890720622,0.03385031561269491,NA,total,10000,0.1
0.2,-0.007275309000122712,0.029531661243622852,NA,total,10000,0.1
0.5,-0.002198338776442244,0.026371160053635188,NA,total,10000,0.1
1,0.0067072653189086005,0.0329637695093081,NA,total,10000,0.1
0.01,0.0024096421217728835,0.039751853131727084,NA,sample,10000,0.1
0.02,0.00388400540488057,0.03878154087144958,NA,sample,10000,0.1
0.05,0.0031599293404484517,0.029019075717158345,NA,sample,10000,0.1
0.1,-0.001504793191970421,0.021973978608402042,NA,sample,10000,0.1
0.2,-0.0038781627964168935,0.01236161489177414,NA,sample,10000,0.1
0.5,7.214485590432366e-4,0.01048988272477472,NA,sample,10000,0.1
1,0.0038605450411338758,0.017595921288780243,NA,sample,10000,0.1
0.01,-0.004276905762199056,0.033558119103586,NA,corr,10000,0.1
0.02,-0.0013658843755672545,0.03244085736209717,NA,corr,10000,0.1
0.05,1.551953191496664e-4,0.03290087377246606,NA,corr,10000,0.1
0.1,0.004210071946686861,0.028787979637289584,NA,corr,10000,0.1
0.2,-0.0034035957469185437,0.028625134523851906,NA,corr,10000,0.1
0.5,-0.002931180784840802,0.02491681382393102,NA,corr,10000,0.1
1,0.002838110893091285,0.026201495105124237,NA,corr,10000,0.1
0.01,0.0061183896999240294,0.05790632158830354,NA,total,10000,0.2
0.02,0.004675999944894016,0.04256670262661832,NA,total,10000,0.2
0.05,0.0013025073124334665,0.04270632547101616,NA,total,10000,0.2
0.1,0.007610920759982904,0.03421797233934749,NA,total,10000,0.2
0.2,-0.0014260358382415116,0.018120073924917816,NA,total,10000,0.2
0.5,-0.00309145035747547,0.02614581161952778,NA,total,10000,0.2
1,-0.009416485811444105,0.025171559767446738,NA,total,10000,0.2
0.01,0.0018968645382974698,0.030041897761408816,NA,sample,10000,0.2
0.02,0.001296126103896247,0.034299731228241724,NA,sample,10000,0.2
0.05,0.0047076517553417,0.02878127436287086,NA,sample,10000,0.2
0.1,-0.003287886973039094,0.019356938512849114,NA,sample,10000,0.2
0.2,-0.002237263902576271,0.012335273315016423,NA,sample,10000,0.2
0.5,-0.0015787933426064063,0.012554377993717586,NA,sample,10000,0.2
1,-0.004833351447869092,0.007872915853099717,NA,sample,10000,0.2
0.01,0.0042218508677584945,0.0330941243470555,NA,corr,10000,0.2
0.02,0.003382127515436908,0.021940749746956242,NA,corr,10000,0.2
0.05,-0.003401960615179887,0.027966092320302335,NA,corr,10000,0.2
0.1,0.010895641630388992,0.02603191679614408,NA,corr,10000,0.2
0.2,8.117843145520155e-4,0.01962869801903144,NA,corr,10000,0.2
0.5,-0.00152240097063896,0.026143258791749155,NA,corr,10000,0.2
1,-0.004597305524814158,0.02471203435137431,NA,corr,10000,0.2
0.01,-0.0013373109912679633,0.03883062102380577,NA,total,10000,0.5
0.02,0.0024192060513021914,0.038097674075692936,NA,total,10000,0.5
0.05,-0.01201793050979746,0.04280421663956013,NA,total,10000,0.5
0.1,0.007928326213425402,0.028998620847183826,NA,total,10000,0.5
0.2,-0.010924823872375578,0.027481634871512495,NA,total,10000,0.5
0.5,-0.005551578956627232,0.03129842524765618,NA,total,10000,0.5
1,-0.0018493408927379676,0.023919827168023787,NA,total,10000,0.5
0.01,0.001336066198030282,0.020343607870637485,NA,sample,10000,0.5
0.02,0.004440772772638042,0.025953243892273253,NA,sample,10000,0.5
0.05,9.012754379867262e-4,0.025668305960101525,NA,sample,10000,0.5
0.1,0.0021154532752250535,0.018802121960425917,NA,sample,10000,0.5
0.2,-0.006956143142220363,0.017256675924723273,NA,sample,10000,0.5
0.5,-0.008669680172926022,0.01573480569659712,NA,sample,10000,0.5
1,0.0010096065759084211,0.015289619029892504,NA,sample,10000,0.5
0.01,-0.002673085192408064,0.027818585312840535,NA,corr,10000,0.5
0.02,-0.0020204047127904187,0.021867113237783734,NA,corr,10000,0.5
0.05,-0.012917329718225434,0.02316871670094211,NA,corr,10000,0.5
0.1,0.005807680964214562,0.020641516245084885,NA,corr,10000,0.5
0.2,-0.003966939510775697,0.026636030253689515,NA,corr,10000,0.5
0.5,0.0031172636191965004,0.025078486155271983,NA,corr,10000,0.5
1,-0.002868036212551091,0.020848295093401397,NA,corr,10000,0.5
0.01,0.0010809607011847977,0.04354307753263092,NA,total,10000,1
0.02,-1.670788161677533e-4,0.03422547268915599,NA,total,10000,1
0.05,7.704984815081996e-4,0.034219120044506314,NA,total,10000,1
0.1,0.0023254765005373194,0.03993983435189618,NA,total,10000,1
0.2,-0.0019733162016788725,0.030386722982974828,NA,total,10000,1
0.5,-0.0028869012995069287,0.025162194937349624,NA,total,10000,1
1,0.00564863473589703,0.030066850412326172,NA,total,10000,1
0.01,2.3125180002943934e-4,0.014025583372815733,NA,sample,10000,1
0.02,1.2699146345630617e-4,0.019436533476777457,NA,sample,10000,1
0.05,-0.0024395176429746796,0.023026877063030488,NA,sample,10000,1
0.1,5.73347997095632e-4,0.019566250837964153,NA,sample,10000,1
0.2,0.0024978440701671776,0.012278840017331741,NA,sample,10000,1
0.5,0.003251378155155642,0.008759573965382577,NA,sample,10000,1
1,0.008012027640260901,0.02982162927076809,NA,sample,10000,1
0.01,8.512272010197372e-4,0.03381613665396304,NA,corr,10000,1
0.02,-2.932385416452114e-4,0.02525565061604866,NA,corr,10000,1
0.05,0.0032100737689200964,0.0237606907638624,NA,corr,10000,1
0.1,0.0017551689717831415,0.028315439148545753,NA,corr,10000,1
0.2,-0.0044688761277402915,0.028961105824870884,NA,corr,10000,1
0.5,-0.006135508878735102,0.02671073886012312,NA,corr,10000,1
1,-0.0023824342469462895,0.01710361856340622,NA,corr,10000,1
0.01,0.0014308290754302489,0.026238052551009867,NA,total,10000,10
0.02,-0.008582903263355748,0.03338729167968911,NA,total,10000,10
0.05,-0.0015693153062090266,0.029127966799342042,NA,total,10000,10
0.1,0.005217864853698242,0.027651075335402436,NA,total,10000,10
0.2,0.007686014931437688,0.028999779208851377,NA,total,10000,10
0.5,0.006060772799115689,0.0292519429165063,NA,total,10000,10
1,-0.01388574766133637,0.031097169357428713,NA,total,10000,10
0.01,-4.1588920499332946e-4,0.003811458905890444,NA,sample,10000,10
0.02,4.6026934832066216e-4,0.005969766773925023,NA,sample,10000,10
0.05,0.003394530000817603,0.007681906943367172,NA,sample,10000,10
0.1,0.0028167308207468662,0.012300698934761432,NA,sample,10000,10
0.2,7.131864155897659e-4,0.01443040305883185,NA,sample,10000,10
0.5,-0.0032789761484113777,0.013634981608378675,NA,sample,10000,10
1,-0.010868529382655014,0.009909628385243167,NA,sample,10000,10
0.01,0.0018456485860878166,0.025672897550490844,NA,corr,10000,10
0.02,-0.009043926752207958,0.031111840458211713,NA,corr,10000,10
0.05,-0.004958018516376062,0.02772405076283066,NA,corr,10000,10
0.1,0.002407587721522499,0.023230909827958567,NA,corr,10000,10
0.2,0.0069686857268205825,0.022422509494722357,NA,corr,10000,10
0.5,0.009324871225466205,0.025644238515965638,NA,corr,10000,10
1,-0.003029328966010825,0.02888235734986164,NA,corr,10000,10
0.01,0.0065013978196470845,0.02655523693973376,NA,total,10000,100
0.02,0.00782888499739079,0.023318314541154444,NA,total,10000,100
0.05,-0.006659225070644693,0.022011365502022883,NA,total,10000,100
0.1,0.008320022648725313,0.027195615379673434,NA,total,10000,100
0.2,0.007510833673789285,0.015014260914998068,NA,total,10000,100
0.5,0.003022955284110373,0.031079748489024922,NA,total,10000,100
1,-0.0032713930802113467,0.026780538302103512,NA,total,10000,100
0.01,-6.52955171775326e-4,0.0016711425615406536,NA,sample,10000,100
0.02,0.0021885688863791464,0.002442588405376364,NA,sample,10000,100
0.05,-0.0014040505902071032,0.0027319876953594835,NA,sample,10000,100
0.1,0.0015696325274620019,0.005180515412446975,NA,sample,10000,100
0.2,-0.0020090020897610057,0.009390288382111476,NA,sample,10000,100
0.5,0.0029230657695008917,0.014530635903220648,NA,sample,10000,100
1,-0.0037289840029203964,0.013233413331039924,NA,sample,10000,100
0.01,0.007152401233313634,0.02635611790014741,NA,corr,10000,100
0.02,0.005640508383601435,0.02291209861492471,NA,corr,10000,100
0.05,-0.005253836592164557,0.022051394751076394,NA,corr,10000,100
0.1,0.006747904797145162,0.027227144032169744,NA,corr,10000,100
0.2,0.009521616428630498,0.01638531061887353,NA,corr,10000,100
0.5,1.0929725237847716e-4,0.028146824419596882,NA,corr,10000,100
1,4.5162660807726937e-4,0.024613745343502046,NA,corr,10000,100
0.01,-0.009847839959254603,0.02476833083735581,NA,total,10000,1000
0.02,-6.429878641982399e-4,0.028708638052967046,NA,total,10000,1000
0.05,0.0053471442184005675,0.020133265514305023,NA,total,10000,1000
0.1,0.0015196440586021601,0.02726768389266888,NA,total,10000,1000
0.2,0.0017509465680751698,0.023988802332436717,NA,total,10000,1000
0.5,0.0062945481014068175,0.025163518807012498,NA,total,10000,1000
1,0.003321967294456441,0.031471454462735644,NA,total,10000,1000
0.01,2.1759632366630016e-4,0.0013222088419898154,NA,sample,10000,1000
0.02,5.441623174989327e-4,0.0014090989363300425,NA,sample,10000,1000
0.05,0.0015737740680377642,0.003475414255582423,NA,sample,10000,1000
0.1,0.0021329077325842323,0.004388368923971541,NA,sample,10000,1000
0.2,0.0013376727541816078,0.004038105084470054,NA,sample,10000,1000
0.5,0.0033212029400200714,0.011355533885263367,NA,sample,10000,1000
1,-0.0010416791542707902,0.019861608455293948,NA,sample,10000,1000
0.01,-0.010065245076280212,0.024551506917060845,NA,corr,10000,1000
0.02,-0.0011877218799075898,0.02880218188591717,NA,corr,10000,1000
0.05,0.00376863188114031,0.018581791845412247,NA,corr,10000,1000
0.1,-6.13577422582866e-4,0.02825818240760331,NA,corr,10000,1000
0.2,4.106555593374808e-4,0.022623730636267422,NA,corr,10000,1000
0.5,0.0029699843046998684,0.024412852450203623,NA,corr,10000,1000
1,0.004361584972240124,0.02301841975704767,NA,corr,10000,1000
0.01,0.012971792239580372,0.030400712067338374,NA,total,10000,10000
0.02,-0.012278207753662153,0.025562321089725296,NA,total,10000,10000
0.05,0.004128357792973145,0.026079386194814765,NA,total,10000,10000
0.1,0.01060121435597011,0.02933008145696276,NA,total,10000,10000
0.2,0.002764462414755945,0.03323206118574183,NA,total,10000,10000
0.5,0.003288077341161696,0.026689151354830333,NA,total,10000,10000
1,-0.0034009045347744076,0.022485088570511978,NA,total,10000,10000
0.01,8.885689481006633e-4,0.0011176961603776851,NA,sample,10000,10000
0.02,-7.787347784712982e-4,0.0014552431569128462,NA,sample,10000,10000
0.05,5.480089241476889e-4,0.0018830234029079853,NA,sample,10000,10000
0.1,0.002078870107946269,0.0050643899650991645,NA,sample,10000,10000
0.2,0.002003572690244268,0.005017913633523805,NA,sample,10000,10000
0.5,9.633539126646623e-4,0.008467626916132313,NA,sample,10000,10000
1,7.426541701429778e-4,0.010556922874693333,NA,sample,10000,10000
0.01,0.012083798872625662,0.030773173304556277,NA,corr,10000,10000
0.02,-0.01150049007242179,0.025035514680177087,NA,corr,10000,10000
0.05,0.0035807116127183026,0.026389712923862014,NA,corr,10000,10000
0.1,0.008518252499365896,0.028832381915959628,NA,corr,10000,10000
0.2,7.527007847667262e-4,0.030532804109833077,NA,corr,10000,10000
0.5,0.002316856113469216,0.028285012079282024,NA,corr,10000,10000
1,-0.004146389189315115,0.01979297492334543,NA,corr,10000,10000
0.01,0.00754951520403475,0.028699357136450925,NA,total,10000,100000
0.02,-1.9432791371756802e-4,0.02895816435929833,NA,total,10000,100000
0.05,0.00795587570652909,0.03466796548568639,NA,total,10000,100000
0.1,0.00718385867868807,0.026162883283698975,NA,total,10000,100000
0.2,-0.0094035113144181285,0.022569095602124643,NA,total,10000,100000
0.5,0.006002383162608266,0.022415547343124436,NA,total,10000,100000
1,-9.496250030410779e-4,0.031413304726233916,NA,total,10000,100000
0.01,5.452902007580339e-4,0.0012931223872788512,NA,sample,10000,100000
0.02,7.580314024876296e-4,0.001717185307467836,NA,sample,10000,100000
0.05,-8.131766176476378e-4,0.0036424323508659254,NA,sample,10000,100000
0.1,-8.698285734909273e-4,0.0044962460246135445,NA,sample,10000,100000
0.2,-3.619736389279467e-4,0.005920069518935074,NA,sample,10000,100000
0.5,9.994560906129127e-4,0.009273991262132752,NA,sample,10000,100000
1,7.682918545684783e-4,0.016458512234268776,NA,sample,10000,100000
0.01,0.007004343738674449,0.02834491095424644,NA,corr,10000,100000
0.02,-9.519016145212827e-4,0.02922864351906678,NA,corr,10000,100000
0.05,0.008769802211612263,0.03482128631369097,NA,corr,10000,100000
0.1,0.008051167680661974,0.025615491342243103,NA,corr,10000,100000
0.2,-0.009043160292451367,0.022734384678692852,NA,corr,10000,100000
0.5,0.005000074565381137,0.022534551609353772,NA,corr,10000,100000
1,-0.0017273299213204807,0.02481191444978834,NA,corr,10000,100000
0.01,-0.009448045431602093,0.022380544740792582,NA,total,10000,1000000
0.02,-0.006788027440681975,0.021106551503573878,NA,total,10000,1000000
0.05,-0.007798009143949587,0.02100386626794941,NA,total,10000,1000000
0.1,-0.0022093642321087672,0.027339569427009186,NA,total,10000,1000000
0.2,-0.0015807845620123058,0.027962187078902703,NA,total,10000,1000000
0.5,-6.083835677616017e-4,0.028873287909583552,NA,total,10000,1000000
1,0.016736095952574366,0.028031599361563967,NA,total,10000,1000000
0.01,5.831358207242578e-4,0.0017798661302011103,NA,sample,10000,1000000
0.02,6.203451669462355e-4,0.001590579348912118,NA,sample,10000,1000000
0.05,-0.0024886178344909774,0.003914638814137065,NA,sample,10000,1000000
0.1,5.544426978221444e-4,0.003920666974208938,NA,sample,10000,1000000
0.2,-0.0066377121470381825,0.008371429439937038,NA,sample,10000,1000000
0.5,3.8981409882061255e-4,0.01033310058335519,NA,sample,10000,1000000
1,0.013271560433002203,0.01051766348157224,NA,sample,10000,1000000
0.01,-0.010030552102836113,0.022429037567070712,NA,corr,10000,1000000
0.02,-0.007412016034452219,0.02100579638482931,NA,corr,10000,1000000
0.05,-0.005308634312833417,0.02033157344468653,NA,corr,10000,1000000
0.1,-0.0027646921032580974,0.027538487132111943,NA,corr,10000,1000000
0.2,0.005057531010899307,0.0263802966313763,NA,corr,10000,1000000
0.5,-0.0010114583849683556,0.02555363379382242,NA,corr,10000,1000000
1,0.0034392701604201727,0.02598877872980283,NA,corr,10000,1000000
0.01,-0.005196433663843277,0.03683266091332879,NA,total,10000,10000000
0.02,0.006428231086007437,0.027314988530651597,NA,total,10000,10000000
0.05,0.007726962022897304,0.02523785655877259,NA,total,10000,10000000
0.1,-6.229765261686407e-4,0.036962554950411855,NA,total,10000,10000000
0.2,0.00131718088408724,0.03132643662127039,NA,total,10000,10000000
0.5,-0.004132055213850787,0.02785448464212917,NA,total,10000,10000000
1,0.0023254894663651956,0.02686078223337811,NA,total,10000,10000000
0.01,-9.566948401148247e-5,0.0015844876509293491,NA,sample,10000,10000000
0.02,-3.3462989557939035e-5,9.706999990714043e-4,NA,sample,10000,10000000
0.05,0.001999196234530321,0.003270445506595209,NA,sample,10000,10000000
0.1,-9.95657550059997e-4,0.003535289809836471,NA,sample,10000,10000000
0.2,-0.004048928683207125,0.00659539300082048,NA,sample,10000,10000000
0.5,-0.0033078168639086485,0.004585235940733961,NA,sample,10000,10000000
1,1.93528844277875e-4,0.015117302973959666,NA,sample,10000,10000000
0.01,-0.005100721433274096,0.03713114338258508,NA,corr,10000,10000000
0.02,0.006459234060593368,0.02707347746371215,NA,corr,10000,10000000
0.05,0.005730095866680998,0.024855231611561945,NA,corr,10000,10000000
0.1,3.640789871513838e-4,0.03616366262510313,NA,corr,10000,10000000
0.2,0.005352389012100546,0.03059901200287616,NA,corr,10000,10000000
0.5,-8.422054619564654e-4,0.028988785315531625,NA,corr,10000,10000000
1,0.0021169308602846802,0.022123084998664225,NA,corr,10000,10000000
