interval,ebar,s,wmax,lmax,lmin,lmax_m,lmax_lo,lmax_hi,lmin_m,lmin_lo,lmin_hi,ebar_m,ebar_lo,ebar_hi,s2_m,s2_lo,s2_hi,nch,z
0.01,0.14173528274492456,0.2139395689868866,0.48098881315635267,1.6176731881434496,0.8657875465203986,1.620221349513409,1.57438134177804,1.665894044380392,0.8623349080235808,0.8305993312579113,0.8917134054576719,0.1411521487723931,0.1188433061080142,0.1612071434689855,0.04686393388172475,0.0420056402200225,0.05304413521893354,5,0.1
0.02,0.09519944148742292,0.22958964722457073,0.48631214805841055,1.6263075657378225,0.8122672047707413,1.628159441191371,1.579538591515252,1.677868745137881,0.808704844515045,0.77501429830854,0.8517927612873897,0.09471272826702486,0.07779795137303414,0.1160768437188528,0.05365892959904205,0.04676623791845778,0.06251935478457227,5,0.1
0.05,7.038343721459004e-4,0.28398661695594984,0.43707351413120976,1.528777901260079,0.6459239451275358,1.530580583362094,1.484799850139932,1.578870516780792,0.6440879023706355,0.5957732982788905,0.6840591819722881,1.9179991411979e-4,-0.01926541058873277,0.01429055214445174,0.08171704993036304,0.07097551752531653,0.09434466380928448,5,0.1
0.1,-0.00896563571662861,0.26866862618892035,0.4127110442806234,1.4821385565332057,0.6618535015543091,1.484067111365263,1.425998008535869,1.530545502768165,0.6599341116990916,0.6273235450745163,0.6992055598214417,-0.00944411211221307,-0.02496290512672733,0.00811562820486767,0.07313564737328222,0.06292108576449307,0.08220504288217009,5,0.1
0.2,-0.05442957005880258,0.24011033364902273,0.4340417398533249,1.3639880480996687,0.6478852122872327,1.366008506131914,1.319251619931508,1.401833009684703,0.6462123944091752,0.6181751902643962,0.6720319176519471,-0.05489907455684701,-0.07462143626971332,-0.03957056951669831,0.05856394498986184,0.05334865959597111,0.06601255130154543,5,0.1
0.5,-0.0667024617176285,0.1622698655269273,0.34276003694583806,1.1839356072971672,0.7098085189457276,1.187207083516304,1.148404636565882,1.237747904501603,0.7080498438372858,0.6837424382321597,0.736778039428466,-0.06716305308727567,-0.0835574802699712,-0.04803518965606927,0.02719374641796257,0.02293559377763311,0.03176060356549346,5,0.1
1,-0.05008360465127876,0.17926440104185698,0.31436716350853827,1.3104106615636915,0.7302508574642512,1.312013161962762,1.253270955548394,1.369006663944752,0.7280293943411712,0.7012406064881004,0.7559096219546153,-0.0505997329793122,-0.07479740153304446,-0.03193603982067847,0.03306786020464689,0.02763236358047344,0.03945625899967306,5,0.1
0.01,-0.014310175209010316,0.11464689277005517,0.20085155512351915,1.148201044989654,0.8180338554758901,1.154992204828746,1.121258277902056,1.195945041985352,0.8117092512535925,0.718188221507702,0.8987955764567457,-0.01506874376949258,-0.03976100496780265,0.01035880385519282,0.01465229078878327,0.00787737436778466,0.02475473661640291,5,1
0.02,-0.024341006370203512,0.12690621233921762,0.24102594339798855,1.1617627767856067,0.7858212392507331,1.165403657663867,1.135360494028361,1.201540866123164,0.783186356266783,0.7376147519361917,0.8390764366093868,-0.0248118591710395,-0.04236713819161747,-0.00777296300903072,0.01701995480587733,0.01238981477797831,0.02228679089857356,5,1
0.05,-0.026600739392142136,0.10700189206822953,0.2125434554770557,1.1120071217793266,0.8085251807106013,1.117407695022175,1.089985640298927,1.153048073428845,0.805308005010643,0.7271167480666663,0.8731689768362563,-0.02710584944466535,-0.04802267023357858,-0.00853440923733445,0.01242435616579843,0.00689785550392972,0.0202689607016329,5,1
0.1,-0.009541539249983636,0.10857802790081315,0.1668737047209269,1.181605024748016,0.8741248466655536,1.185221908807838,1.149465834221076,1.220346129200951,0.8542053993618802,0.804869743460382,0.8941536274562956,-0.0100625227081763,-0.02827179577790176,0.00903760425258496,0.01278531394557953,0.00906254090501097,0.01756651034831448,5,1
0.2,-0.023327107021725007,0.10730844536724479,0.16190178419642712,1.147853510540223,0.8505247354084869,1.152808980501752,1.120278859560993,1.19173046358801,0.8421884864727538,0.8032597245840409,0.8859881914291117,-0.023777362753913,-0.03919943322574154,-0.00783239362761733,0.01237273322727614,0.00930384030482173,0.01561708674435301,5,1
0.5,-0.01996715021476023,0.09263904838939785,0.14976752162349335,1.1231280556663725,0.8609080956788617,1.129979352131926,1.085247732008415,1.179489526351811,0.8559804353502979,0.8260927784721315,0.8883929644074997,-0.02041964282365717,-0.03645534631652299,3.3504295160525e-4,0.00941544074111424,0.00666014113019399,0.01230995379787227,5,1
1,0.005801127451703727,0.15364647016914124,0.3108261749821133,1.364552007292829,0.8413753884568212,1.366443601116337,1.287342365531014,1.445746527958772,0.8371083799414655,0.8083291994692802,0.8679129328816988,0.00529707369805987,-0.01509535367077324,0.02197171727434286,0.02451129469450402,0.01826390633758688,0.03165210482596104,5,1
0.01,0.06894005027461775,0.3025187085836487,0.5754488896632807,1.7779284415122798,0.674475093208976,1.779377405684777,1.730307269096782,1.833648636507362,0.6697911066968014,0.6209915554179569,0.7237620574150947,0.068007050374627,0.04452522573360285,0.1007583840441147,0.09348649302506626,0.07863955538156935,0.1091159426247678,10,0.05
0.02,0.054246556290779575,0.321435454638929,0.5725378908109244,1.7727604195618967,0.6446892575220204,1.774455343455217,1.725669519346722,1.823529507806809,0.6421988327244622,0.5994599776900483,0.6817481141741613,0.0536050325638484,0.0308023030630959,0.07802622133605866,0.1046475167844154,0.09243484834147958,0.1193049440163431,10,0.05
0.05,0.04188934194708664,0.292243510818002,0.48456420488780877,1.6234673555211612,0.6540809223042003,1.625076762845352,1.573596268062395,1.675950151961799,0.6524637212049442,0.6202010110169986,0.6824420352745852,0.04129516093173713,0.02078415773651798,0.06423453297318733,0.08653797757513444,0.07660424611988823,0.09693139069293932,10,0.05
0.1,0.005951377908782318,0.2839036776400679,0.4742812888024932,1.5415222959378097,0.6223321728732019,1.543121785266263,1.491310238662545,1.587457783539834,0.6213139845845316,0.6036594487825395,0.6426221782333438,0.00553554334349595,-0.01069945357007174,0.01868496194387192,0.08140365981114561,0.07501446313791132,0.08824221421849282,10,0.05
0.2,-0.02168600883676788,0.23734775950691187,0.4436141859637126,1.3721823006887284,0.6417129549384648,1.374335770750339,1.329578017191886,1.425282602877799,0.6406059680043623,0.6194946248489048,0.6620239809577484,-0.02211688993204935,-0.03689119638978627,-0.00729787610429937,0.0571587935588657,0.05041374258476425,0.06384452969568606,10,0.05
0.5,-0.0650546949598484,0.14420590163739958,0.335841324910081,1.1248762625415574,0.7147365076984199,1.129095934473807,1.095721808137359,1.168370789478366,0.7130572744684542,0.6827857435696594,0.7408691977231938,-0.06551935208440204,-0.08356456438013635,-0.04803347245071442,0.021659831410717,0.01807873348792702,0.02636278453516496,10,0.05
1,-0.03573042131481319,0.1590221447358649,0.29397621298780147,1.2647661360524474,0.7452942195551304,1.266689894539397,1.207935786180129,1.321575095606897,0.7432551516496365,0.714471752882176,0.7725677755809649,-0.03623576650439365,-0.05265828978093161,-0.02015261745386606,0.02622482988283247,0.02132372456695322,0.0311346453170723,10,0.05
0.01,0.02798217199920989,0.2435618788739749,0.4296286863860671,1.53668682486232,0.6984303957273282,1.538278209023022,1.500856482148775,1.574841093429742,0.6936142473405914,0.6372975812903319,0.7380953236169372,0.02713761194113234,-0.00157169246624565,0.0515837313996959,0.06104788627582557,0.05243557462308655,0.07567392608649297,10,0.1
0.02,0.036133488899572734,0.2493841491090572,0.42279414840230356,1.5262200887838284,0.6816705677132249,1.527800980418661,1.484138099056233,1.563926743212838,0.6794838551461164,0.6431993812123189,0.7148612460673274,0.03560438692792708,0.01737895687199956,0.054903660863938,0.06325143263734681,0.05156693332408575,0.0729151448387963,10,0.1
0.05,0.017964102720239985,0.24916271740600165,0.39498465423416385,1.4657050891277448,0.6736903774643221,1.467923968316398,1.429416787781958,1.519118702902301,0.6721419200318762,0.6480865224927801,0.7091126962888517,0.01751711908026748,0.00373252193124524,0.03293194438574949,0.0629603414398963,0.05675616192362949,0.07039906222317298,10,0.1
0.1,0.01861239850974842,0.22938281945009853,0.3574222606148984,1.4280956412973196,0.6994770737467756,1.431034854894879,1.381580079083104,1.464184036329827,0.6979334340746634,0.6765417813480648,0.7219650089326022,0.01810523864789727,-0.00277031968443886,0.03677211607659215,0.05354369929972755,0.04785385125116624,0.05904287193601242,10,0.1
0.2,-0.029482978357870577,0.1960859438961516,0.3773998899422799,1.3055922690140092,0.6856418377926052,1.307576252827276,1.269799982362981,1.350037852816715,0.6842344505847248,0.6649597150711843,0.7046834514892293,-0.02990902042524056,-0.0431130123296516,-0.01556509055022631,0.03927305352155737,0.03419254687408156,0.04348901498492341,10,0.1
0.5,-0.06508949336128464,0.12573918847237464,0.278793378287165,1.1185888651236717,0.7566962369360921,1.123412280959369,1.088491329036352,1.161413959229903,0.7545304724003291,0.7283872626068915,0.7829048676671854,-0.06552999172146834,-0.08117856922863265,-0.05017240929295318,0.01662743748421733,0.01359092930814487,0.02000600956861938,10,0.1
1,-0.0202936886282766,0.16226511904277538,0.2887754797207064,1.3347920070087753,0.7733958272228455,1.336585682425776,1.280516951168535,1.401095212828723,0.7711203921265637,0.736755264861119,0.8007823891674417,-0.02079509424977637,-0.0387390115886966,-0.00318069319692137,0.02724655127235785,0.02286701428656668,0.03335104616848828,10,0.1
0.01,0.0052659001875856315,0.20050055527144847,0.33224445306879363,1.368621592473028,0.7173119523123579,1.37081298666817,1.333576386637931,1.413797886259952,0.7148161990666826,0.6750190472705746,0.747346506714716,0.00473859171651062,-0.01557157146969409,0.02268210257679902,0.04122898022961467,0.0355679130275447,0.04871074666860985,10,0.2
0.02,0.028122653963407813,0.19597703538546665,0.33038785535492377,1.391507727537364,0.7463648947361596,1.393819699119813,1.351341451066103,1.435092987390282,0.7429541823721251,0.7096598681197145,0.7735999962867239,0.02749521073806105,0.0081501007210147,0.04857628558489396,0.03962216455068448,0.03428542353931988,0.04735260696096953,10,0.2
0.05,-0.007650233257199592,0.18358313289176564,0.31076495589185854,1.3255476189793594,0.7328861161900524,1.327619936025096,1.285627990612392,1.363000869534966,0.7310023644556836,0.7037437742634869,0.7579448169509513,-0.00807836286443409,-0.0224108532243696,0.00763044590992331,0.03452814254603032,0.02957250891568983,0.03981962858504563,10,0.2
0.1,-0.00409145623279637,0.18027170265740272,0.29859074295193094,1.3061624671330339,0.7418629599607429,1.308513518500789,1.271466290439448,1.357800988408019,0.7401315962944417,0.7216065871618884,0.7691916303586368,-0.00450056164136216,-0.01899976785460575,0.01217739992985224,0.03327008997277289,0.02783058047570378,0.03784280264115611,10,0.2
0.2,-0.021106982645944888,0.15272654913191155,0.2847897430551188,1.2294943215084722,0.7521723871626846,1.232751264273195,1.195662935498584,1.274232478631694,0.7504952193323864,0.7200390809451674,0.7777363226931252,-0.02151613182511374,-0.03383051118640211,-0.00819280222127602,0.02409304355749949,0.01973026334149165,0.02784898981008586,10,0.2
0.5,-0.03887630517033585,0.12037277214533125,0.24773663546733607,1.1384590971637871,0.7805654894754064,1.141978495375423,1.108279687996486,1.170199533721399,0.7783493407658101,0.7500244286091273,0.8036270988142323,-0.03927776599899521,-0.0593433009137808,-0.0232891701279818,0.01523252571430913,0.01210891721818851,0.01832529325320172,10,0.2
1,-0.016704192649169603,0.1444443830477374,0.25403280710287013,1.2892140989535834,0.7989214930409237,1.29115271120424,1.22975907624723,1.357440373821383,0.7957716260207894,0.7685534790311774,0.8334314569389273,-0.01721702248216699,-0.04050952906857429,0.00248866143002337,0.0217904986257636,0.0168459411771756,0.02767672925844212,10,0.2
0.01,0.008185361672401666,0.11967168437203245,0.19270557155680879,1.2103961889281383,0.824724760823092,1.214094074306223,1.183870420317724,1.248515107681471,0.8196420685723521,0.7830161859951711,0.8629783969843292,0.00758334542258571,-0.00873234140468012,0.03384615535088824,0.01545548197603486,0.0112153782579724,0.01951567214483849,10,0.5
0.02,-0.014728202336223739,0.1456887403302556,0.2493988890875693,1.2310038239637968,0.779269069452645,1.233415492456333,1.197796051414772,1.264681299431217,0.7771018049923508,0.7504265180649358,0.8043850296776702,-0.01508877238430984,-0.0263521125363517,-0.00207216869482778,0.02192579486195187,0.01839259232082576,0.02582168653207732,10,0.5
0.05,-0.0026152591682522225,0.13394226297789263,0.2149812799401585,1.2221045137504762,0.806556538822675,1.225320408393782,1.189013785154462,1.262776998771445,0.8039521437084125,0.7713646845364319,0.830446811073027,-0.00301884293256272,-0.01719891894284565,0.01188081463632222,0.01870561375415946,0.01491517528552379,0.02330922795285,10,0.5
0.1,-0.004133570836694945,0.11859013312250083,0.2101851515377691,1.1974903210053038,0.8104341789435534,1.200931840495813,1.152974156056075,1.236918443128392,0.8075449173737597,0.7828095121341151,0.8309550561099701,-0.00458772435326941,-0.01981085580514932,0.01064980954392849,0.01491886161714049,0.01130426185066599,0.01758930846991967,10,0.5
0.2,-0.017675154495274084,0.10815611951073384,0.18449106128546905,1.1814709747020529,0.8315273726519932,1.18462383991773,1.147443094318648,1.220179845064302,0.8281648404497004,0.80421234579897,0.8591171076367325,-0.0180898050623993,-0.03405732647648477,-0.00391347791427075,0.01248086640367211,0.00995348289538347,0.01558396789585356,10,0.5
0.5,-0.008332474808700606,0.08455968521790734,0.12642634321845997,1.1347658648963512,0.8979020150921982,1.140156217434809,1.097378827582799,1.184002461493172,0.8890892712891751,0.8645974417907605,0.9184742468994463,-0.00878165731414242,-0.0243645987931807,0.01057109780599835,0.00798067692070272,0.005304297281113,0.01063930833946988,10,0.5
1,-0.005455527755131828,0.14651491342320902,0.2765028331158738,1.3185106882060276,0.8186760271434413,1.320323289577204,1.236384893571238,1.395412251299871,0.8150735787090827,0.7830063258442199,0.8535429902002387,-0.00599789617672467,-0.02901692099749092,0.01156369387836349,0.02244060660806324,0.01527375781974867,0.02954226419146451,10,0.5
0.01,-0.013273761515513415,0.1112811742308998,0.19167119757285742,1.1789836022169506,0.8255782760104602,1.182309003026446,1.145846876343584,1.223622578472581,0.822486727302131,0.7956858676051186,0.8527130780559329,-0.013658010592396,-0.02659119528750351,-0.00168715429861814,0.01311774873549433,0.01003013297080595,0.01621979957837561,10,1
0.02,-0.010537661791855493,0.09053548081897152,0.1593688497611076,1.1298237521036856,0.8526817894839063,1.13437874581887,1.095403085322596,1.171429730412308,0.8486478410180779,0.8225213512858962,0.8778864034130789,-0.01099479689331631,-0.02582689772996383,0.00666501313293101,0.00906107498656864,0.00624883487094004,0.01254821494758943,10,1
0.05,-0.006168203910927097,0.10227480123083503,0.16670514546011284,1.1494859599069862,0.8464491539218159,1.154176081781866,1.112623955443823,1.187733019342342,0.8434295138143514,0.8127215889518863,0.873329098979045,-0.00655791046716844,-0.019187334868966,0.00852080440070838,0.01119336166394979,0.00868118501578618,0.01405053211265626,10,1
0.1,-0.00990649119243487,0.0970012871413163,0.16956631419044296,1.141288824900757,0.8440307814065006,1.14580846116386,1.114389504120325,1.183525409681003,0.8408915564768316,0.8124703800723784,0.8660587536931037,-0.01031048335834053,-0.02329190256038694,0.00840961986366134,0.01016540636405709,0.00806286711463692,0.01262011396186674,10,1
0.2,-0.009617374383665585,0.07414378727970475,0.13326937191120625,1.1016410635960334,0.8752292981632741,1.107257212754633,1.076028980882484,1.144768981784946,0.8711188962678079,0.8405012819219501,0.90134758819634,-0.01000261755936129,-0.02496735694130003,0.00360836810141342,0.00621687042091941,0.00437512576999702,0.00814332235703534,10,1
0.5,-0.01506733639557394,0.06918206677714182,0.13028067041826283,1.0880387083115506,0.8778490100918264,1.094511180173891,1.056786844747137,1.13187120962461,0.8731897341187513,0.8413055537736016,0.8999891377735205,-0.0154613336617137,-0.03076256083458773,0.00151184777841188,0.00550951053642346,0.00376357870495162,0.00730569564102187,10,1
1,-3.6780440090625373e-4,0.12181303651055174,0.23699030269592652,1.2674288270729628,0.872839048952507,1.269810805479491,1.205972194281942,1.345203062615239,0.865933867688595,0.8325589199803085,0.8938439461051455,-9.1649915377188e-4,-0.02283975289493144,0.01941472889982666,0.01580958382363313,0.01109957595253629,0.02075908820905836,10,1
0.01,0.011676036966614982,0.02918331192260563,0.05327283288149467,1.0547173674460382,0.971169496958916,1.072244110581429,1.042795657441418,1.111992974754606,0.954793313159891,0.9292991568113758,0.9828787671082396,0.01124782704221761,-0.00715342388049602,0.0272029529919413,0.00164106334789749,7.9983628273139e-4,0.00280964005345058,10,10
0.02,0.002287178517174138,0.023601291795117847,0.03411306459376152,1.0347015882294979,0.9705742611102454,1.055517717346594,1.031223465006892,1.088638018814253,0.9495590537463576,0.9200862586062628,0.9765204299389124,0.0018746104521159,-0.01360397677379334,0.01768483354852219,0.00131950323550899,7.2860002484585e-4,0.00232051557947484,10,10
0.05,0.010219183491879016,0.04458196665626015,0.08402245744247824,1.0876533194464142,0.9522824993484182,1.097810948815778,1.053260795395881,1.142965854168399,0.940651428576946,0.9149086161427196,0.9645777235308544,0.00978244409913726,-0.00456601055508993,0.0282407859852058,0.00279143920930117,0.00137664129267645,0.00440826858791705,10,10
0.1,-0.003925867847650814,0.03684844179127447,0.06338522495307188,1.0549893101709706,0.93858183889339,1.067237487426407,1.033993747305703,1.116865530666558,0.9287537248279985,0.8987938535251825,0.9588105598154288,-0.00435963900796931,-0.0219857788026804,0.01414257952209377,0.00214053667974714,9.4775014191605e-4,0.00358293870494583,10,10
0.2,0.00744823374366271,0.0488071519217802,0.10714558339673334,1.1130962910230626,0.9508814722972447,1.11827062965659,1.056103848708803,1.180483595796378,0.9391325317921368,0.915885345874168,0.9665391259389248,0.00700307289226433,-0.00740379254620989,0.02491010589944482,0.00320017841660746,0.00134556312045499,0.00542380342926873,10,10
0.5,0.0033724901823654527,0.047218714489328066,0.08258671202089726,1.0860928466616384,0.9392401221967303,1.094840935956927,1.044259569186225,1.140974108858162,0.9285163008941416,0.8984342086067538,0.9505238483686522,0.00291168917135998,-0.01077006964151822,0.02016504846890344,0.00309114229654415,0.00152692611009614,0.004978172821423,10,10
1,0.005738399526041396,0.07494848483804417,0.16442697109462662,1.178717485960606,0.9269334417432813,1.182032948097047,1.106746286897766,1.262086116227429,0.9172641769084556,0.8945861289822984,0.9375452844007756,0.00521831827363146,-0.01275185950150086,0.02294181109625191,0.00655440355469799,0.00353802994856959,0.01082983002956677,10,10
0.01,0.007343532887831366,0.03251487751462309,0.05491682203562201,1.0564527374326587,0.9594445292056932,1.072445122107067,1.044529538798481,1.11101607786933,0.9466847800405735,0.9204017013968068,0.96621635936488115,0.00694066277581618,-0.007695940623466,0.01918752598355335,0.00181909099516891,0.00104095105543624,0.00300294376799028,10,100
0.02,-0.008878523385637924,0.024678598560714964,0.05472804878782076,1.024860717036182,0.946742580739772,1.042829717321772,1.0203292051515651,1.072889853124527,0.9354258582486712,0.9090310601535734,0.96286477373149,-0.00928325382624966,-0.02439606034134181,0.00653161887161571,0.00136381143757268,7.2425496870997e-4,0.00220635758613695,10,100
0.05,0.008890354655056942,0.03404468606172667,0.054453349975230055,1.0559632145545852,0.9587061442295686,1.074054437152889,1.040382970716025,1.115393409224095,0.9464594133745524,0.9238291966036204,0.9688765623581764,0.00847672130453724,-0.00800083506315029,0.02515460501952639,0.00192115814370923,9.0405037876691e-4,0.0033747477152486,10,100
0.1,0.007144706930808326,0.03184295727800469,0.05962317312679619,1.061436493379797,0.9732081726248712,1.076959339399319,1.044763841636182,1.121854177515418,0.9504002084101324,0.9267552721469594,0.9779991163855778,0.00671358597190924,-0.00598413838415702,0.02287012654122337,0.00181689597627383,9.5911770509984e-4,0.0029465283536161,10,100
0.2,-0.008783697303422341,0.028672318181001067,0.06280244250155012,1.0241418363161923,0.9391289873371839,1.046246640751535,1.019879170087342,1.074705382302641,0.928072289889677,0.8978550566119798,0.9572861551922158,-0.00922242762357487,-0.02566724609719241,0.00612498633974876,0.00164077877771737,8.6718598635306e-4,0.00286998465049067,10,100
0.5,0.01843128972056425,0.03274140444449597,0.05695400734424442,1.058607121122932,0.964829382009518,1.08285378389624,1.052735619596713,1.109715642235587,0.953365148138642,0.929698719227768,0.9736309144370306,0.01798511701842812,0.00475588986309036,0.03206431533278223,0.00191353781919928,0.00104342474751419,0.00290351597436384,10,100
1,0.006643380063317026,0.03728661781088267,0.059765952117672466,1.0615880550308534,0.9631842857768164,1.080918256154136,1.051158849351934,1.123345580004348,0.942023285906926,0.9128414583898224,0.9687171181537914,0.00615546534202128,-0.01038491895264106,0.02400180977432397,0.00229292106159642,0.00125257975385548,0.00423790991578919,10,100
0.01,0.004240291626530503,0.03325782180956415,0.05509811386758538,1.0525567273000538,0.9463922891904467,1.066836977132637,1.035029492161281,1.095993203981204,0.937393240646757,0.8991424847096064,0.9651107294118518,0.00383505285524348,-0.00836111401024593,0.01676507570307557,0.00187008144641128,8.9244978401886e-4,0.0033287184650779,10,1000
0.02,0.014711811443903834,0.03059652068310328,0.057184379431559365,1.058851022748056,0.972517304071555,1.077624348307364,1.053524429571707,1.109040287225741,0.9569593199472844,0.9245148618013848,0.9779178435396058,0.01429661459382247,-0.00142120032328224,0.02909019467365305,0.00171421864756601,0.00106245581163672,0.00282003721881313,10,1000
0.05,-0.007143387168097576,0.028990601104747597,0.05493399266438781,1.032857163204462,0.9465476249782451,1.048991368150228,1.026633281517158,1.076640828862419,0.9344047979225022,0.9027922884068524,0.9564753417229664,-0.00752321239644661,-0.02189980289172078,0.00565792240370789,0.00155690145449747,8.9866807377074e-4,0.00262735141226726,10,1000
0.1,0.002366998281048764,0.033866734432865905,0.046999390361780344,1.0481213701046148,0.9542105588572101,1.066668069923888,1.035646697215067,1.09856892124583,0.940633276295965,0.913604470220738,0.9633832738711388,0.00194750240406189,-0.01631344038526347,0.01813380663309836,0.00190746190626546,0.00102036886105613,0.00318583369706477,10,1000
0.2,-0.0013221243926069032,0.02854317373911939,0.05091639136386603,1.0522349136793026,0.9620070526967058,1.06441907568035,1.028892586042517,1.112494487394523,0.9449554006818822,0.9235552581650904,0.9670802723506624,-0.00174218324802455,-0.01386566233048235,0.01225724177830489,0.00160153220986487,8.2842564944764e-4,0.0024222674308435,10,1000
0.5,0.006600757139839658,0.03139033545516652,0.05479660229235988,1.056325738589833,0.9601150059812992,1.071009431373696,1.043151523228892,1.105715671701631,0.9464275950419142,0.9183472954183668,0.975804007793533,0.00617091619350569,-0.00747306659216746,0.01995515319118575,0.00179185196461403,8.8031911895509e-4,0.00300934199706687,10,1000
1,-0.0113514744294561,0.036104349829888735,0.06299393219178963,1.0412822810991693,0.9389491710353371,1.055218750611092,1.034588737573894,1.080684580031809,0.9209601199373691,0.8791782179833953,0.94776474291368,-0.0118368870386479,-0.02607908932138008,0.00344536680623582,0.00222625740539801,0.00132475812199094,0.00358578456140357,10,1000
0.01,-3.406921441268922e-4,0.0304670679834428,0.039950545555094266,1.0384564113793906,0.9608369556356487,1.060867655564199,1.030039598383913,1.093244752253803,0.9436523671692808,0.9228307793305504,0.96524613474443,-7.4737423330759e-4,-0.0160210912234037,0.01164682013152858,0.00168836408791749,8.5618518430953e-4,0.00293859161509203,10,10000
0.02,0.005925572852114989,0.030872430967442785,0.06156423695602039,1.0634988102609455,0.9651180667418258,1.074220031023709,1.03979774654713,1.111539612607183,0.948720680014866,0.920994481306594,0.9715699297449988,0.00552551085606372,-0.00885549918546877,0.01535087120866134,0.00171733452203866,8.5993662447459e-4,0.00275128253806398,10,10000
0.05,-0.010067200170954171,0.019505088384518393,0.04070543423165117,1.0193276765962755,0.9601119043987376,1.03764884204144,1.013452265601383,1.064217589602617,0.9418270429783298,0.9140009473336694,0.9643333440487248,-0.01045330768169108,-0.02514376362564163,0.0036046157708011,0.00111023517587545,4.9527383191759e-4,0.00184620126435762,10,10000
0.1,0.014633676739293729,0.030630436269148992,0.06129035288185325,1.0632075747581229,0.9832185830532162,1.080819228965832,1.04236381132361,1.118796258647409,0.9607850813657514,0.9353762184727642,0.9823999445005124,0.0142300730984128,-9.8030831901283e-4,0.02747622767214829,0.00169309029942994,7.4102533493001e-4,0.00300716833483082,10,10000
0.2,0.0095950915381821,0.03200221082021858,0.05309888440404383,1.0545339169217622,0.9586237879142929,1.070398675244504,1.041471828935586,1.100436868702235,0.9459767061503576,0.9197587396827164,0.9685006309899886,0.00917992532422551,-0.0046442801471568,0.02573857927832304,0.001804157734128,9.8447596488316e-4,0.00277344762111826,10,10000
0.5,0.0018331811755184406,0.019876312052249514,0.03772352816258739,1.0202380063770855,0.9629791407035486,1.050421875926578,1.029969357884464,1.073232692418874,0.9486434086168825,0.91809712170646,0.9755734367209188,0.00140292884125662,-0.01511480299824296,0.01774595019287215,0.00119549255316387,5.4868645832555e-4,0.0021050435028538,10,10000
1,0.017741049020506362,0.02714911289408008,0.06307114312969371,1.0651026112691542,0.9819988434036376,1.081856700202481,1.04707523587084,1.135234687234498,0.9612237104774088,0.932956083115442,0.9825463206147876,0.01726184366988157,-7.9341521845145e-4,0.03354418443275131,0.00163393073987377,8.4953998145977e-4,0.00288770351578966,10,10000
0.01,0.08365099983914659,0.2743610290541169,0.4997378195301976,1.6482890648432458,0.6969290109093149,1.650143459860585,1.604415215417133,1.687233185789603,0.6958634862400048,0.6722619492167278,0.7244942544583735,0.08325879268397511,0.07166633843490194,0.0986650568404122,0.07603599432663505,0.07031578951147434,0.08297139874725688,20,0.05
0.02,0.0665339060633344,0.27404410606813184,0.5018657776281108,1.6518002894509374,0.6836245157908971,1.653606643679451,1.593497718848006,1.700904111153986,0.6827062598548918,0.6646712301749348,0.7013192662506782,0.06616206379768116,0.05331051350894729,0.08145270897791435,0.07579589070273371,0.06850504032371055,0.08184058571190206,20,0.05
0.05,0.04492268903880015,0.2570422229913911,0.43991915110979907,1.5525816889304445,0.6786521242852778,1.554152549465495,1.498916700803968,1.601491035190547,0.6776363736644049,0.6613194996076003,0.694585446135947,0.04455246249587819,0.03262326974731995,0.05568197114235493,0.06678115486519072,0.05993994674992556,0.07313946710668101,20,0.05
0.1,0.003364781268190388,0.2429448758004325,0.42253317053265643,1.4601034522034408,0.6553845145128407,1.461702805149451,1.416071339317663,1.519773119267872,0.6545713171027713,0.6387424709389764,0.6702384925702936,0.00300073013740331,-0.0094050318766729,0.01877806219487555,0.05970355217037327,0.05464842539361373,0.064813718687572075,20,0.05
0.2,-0.013039117607947001,0.1990455384612562,0.36648124049037967,1.3275529621319322,0.6931691398737339,1.329558895351183,1.294734300100868,1.3641680398164,0.6919951941417518,0.6659746743798839,0.7162718392371097,-0.01344123595589205,-0.0266897568616234,-2.5961383540171e-4,0.04039300929338618,0.03530458578246037,0.04576265195253029,20,0.05
0.5,-0.0537109376261687,0.1204025725840326,0.29685980415932395,1.085123930017406,0.7431481913444716,1.090803913936798,1.05272665272845,1.121929232811207,0.7414366183738541,0.714508629936426,0.7618199576033808,-0.05412994468489953,-0.06907930488989668,-0.03768745626398042,0.01527626069498412,0.01251597666777623,0.01850834166559534,20,0.05
1,-0.021963263974227393,0.1381656674993035,0.26335753809733237,1.2308161380138498,0.7684670919254808,1.233145908718126,1.176993316718756,1.280010941974083,0.7664636254253385,0.7417263970055799,0.7978704931457608,-0.022461682012973182,-0.04504161099654253,-1.8825773900448e-4,0.01998193998559499,0.01557754467052778,0.02499082374026353,20,0.05
0.01,0.04748334063661255,0.2270782644742201,0.3872349673655747,1.4729025346454074,0.7013760302476362,1.474725322778038,1.428665995162536,1.527235129364932,0.7003744008874843,0.6797014029774426,0.7209595654769158,0.04711399366778848,0.03364039142820101,0.05815443163986272,0.05226741335383989,0.04733786051796831,0.05707297164994615,20,0.1
0.02,0.04300654647491759,0.21789316714739154,0.3761390103399546,1.4566496090550305,0.7296441725797322,1.45862257089413,1.417591772992601,1.494752943367815,0.7284580049729016,0.7027360867268035,0.7492668076772799,0.04263362983160696,0.02797178268356711,0.05431396460862557,0.04818801131615944,0.04318068584313581,0.05312309671667101,20,0.1
0.05,0.024859742714340338,0.21469173683242607,0.3435325700158043,1.3889632064703323,0.7092603801464341,1.391659290769305,1.344331483242798,1.432031221735481,0.708118982591768,0.6904834215664972,0.7302563250610701,0.02448906777393412,0.01044023655441473,0.03560737831108463,0.04679925140677285,0.0414895081038618,0.05260950940015673,20,0.1
0.1,0.013075857952535299,0.19409077035953629,0.33106661641027824,1.337403132900062,0.7181573263839363,1.340260277742774,1.293517141943294,1.37846157872032,0.7169562722488096,0.6924331283776655,0.7413789302316933,0.01268695060670447,-0.0038339554851498,0.02408409167513357,0.03841102594544381,0.03262660741548613,0.04332586018393435,20,0.1
0.2,-0.009489356530935042,0.16194349844366132,0.29728065729384173,1.2703070358908088,0.7428355009017248,1.272919104928876,1.239237664879204,1.31202312587531,0.7413639513957204,0.7163420576236785,0.7670912880235372,-0.00988860627394231,-0.02201997604120652,0.00258160723521815,0.02698914936400303,0.02288480024624066,0.03145471992918137,20,0.1
0.5,-0.04041846106147777,0.09634981786804007,0.21177841306679585,1.0989677780239304,0.8091439734347654,1.103066106942811,1.070670237149481,1.135850485755365,0.8059861275263767,0.7801699572661193,0.8340660038596523,-0.04085021386372999,-0.05651070595138147,-0.02314980786625002,0.01008205273751431,0.00779404340928758,0.01249957768163727,20,0.1
1,-0.011861392734437676,0.1323130523520765,0.23073991548615583,1.2595316121786637,0.8098366023321639,1.261773615136861,1.211002555676086,1.313024084796504,0.8071593713006107,0.7849682180032254,0.8364267641989322,-0.01239022611641071,-0.0333623428046589,0.00952823486457654,0.01846585223842975,0.01411471644399419,0.02226128479906266,20,0.1
0.01,0.023496111789043535,0.17612270374847275,0.28294818221773566,1.327036395952503,0.7539418754881438,1.329369894205885,1.300862560228359,1.363018334956823,0.7525298497076295,0.7316231133498045,0.7758239945787699,0.02311929247972365,0.00889539064390488,0.03495648549839349,0.03174424582528552,0.02832691288695217,0.03524232160557295,20,0.2
0.02,0.020797628739817792,0.16009067096280138,0.2748407411992511,1.3163210224661313,0.7778089738010039,1.318259868963986,1.283134871971169,1.349643736813187,0.7761497607800181,0.7535138586597804,0.7989390488570092,0.02045114100556178,0.00935756805340485,0.03374730535400517,0.02629785373582884,0.02256855509460472,0.02973598187479277,20,0.2
0.05,0.00749962304883719,0.15681245790999226,0.27682032396342543,1.2567484250083778,0.7581907135751075,1.259331140504857,1.225071894546792,1.299390735085811,0.7567169692737533,0.7317442135177563,0.7870409533120675,0.00713389672560796,-0.00513405602315694,0.02118810994096129,0.02528837152259671,0.02091515091077711,0.02978416200719156,20,0.2
0.1,-0.007843148612728036,0.15515734034055773,0.2966118803380556,1.2315860462697312,0.7433324583249815,1.234277128682312,1.202615827471315,1.273568739834567,0.7419806250072422,0.7177960695622847,0.7645020591417673,-0.00821591906267555,-0.02199684602702486,0.00472341158413161,0.02478559727797392,0.0211547127931567,0.02935497441695334,20,0.2
0.2,-0.0031332712849502513,0.12654246429482252,0.22001322355957845,1.2182117548619062,0.8025081858775057,1.220948160562471,1.190048424231794,1.254617857471818,0.8003086313891979,0.777396912223759,0.827275994215749,-0.00353002436824883,-0.01711925171129415,0.01058706034011267,0.01676439470644202,0.01379294749961017,0.01984313392337989,20,0.2
0.5,-0.03794485290675077,0.08308677051271447,0.1811658786067592,1.0785378882481378,0.8342969552004653,1.084206880801978,1.056138208449858,1.119777825756714,0.8312889569730807,0.80341389874033875,0.8543087836069809,-0.03833482263811893,-0.05461239465310678,-0.02567187106856962,0.00763191192506852,0.00567663979189762,0.00934949043753599,20,0.2
1,-0.006978863191496357,0.11951349403321712,0.20605866969117276,1.228825296681125,0.8199789223304099,1.231145714259754,1.171813788082567,1.286316325364776,0.8169165720343419,0.7898711239275757,0.8428014102060779,-0.0074679684431273,-0.02278725640714609,0.00954467905000368,0.01519983518896653,0.01179489044574586,0.01879715185934645,20,0.2
0.01,0.004774553897262274,0.10917850817501303,0.18636903599578156,1.1877628398847355,0.8299672506685535,1.191068398493096,1.150688591452889,1.227962327029042,0.8278633172297988,0.8017002086345186,0.8521320863941612,0.00441381833357657,-0.01096710542494087,0.01761810059678676,0.01259165470512136,0.00998341335919563,0.01529247485718399,20,0.5
0.02,0.010550059619398859,0.11401623468227967,0.19296899422596012,1.1969118819655515,0.8245075382372136,1.200711759086079,1.166801772049031,1.23449086296648,0.8223274763475389,0.800519872154434,0.8487078500285641,0.01016542538794587,-0.00166335956478597,0.02176312058327488,0.01373016924254347,0.01128731077565386,0.01656984447298048,20,0.5
0.05,0.005304197823111862,0.11750577703100361,0.19167114690792164,1.2112721208792991,0.8293979923696584,1.214737895521644,1.176291033250696,1.244196485052378,0.8270837618273341,0.8037130723811188,0.8585209606823782,0.00493118737502174,-0.00930954959777758,0.01811733250871096,0.01450376471303548,0.01190683373044654,0.01682664601907998,20,0.5
0.1,-6.713251584935416e-4,0.10839678434648242,0.1892125962433949,1.181230842338364,0.8276105410985525,1.184766215903116,1.146836093845016,1.222341326483366,0.8250739359540504,0.8064677328537757,0.8501507230782798,-0.00105586184235196,-0.01198034892893349,0.0130191859631865,0.01247864899351428,0.00985540243328448,0.01479296438361712,20,0.5
0.2,-0.024391460251531105,0.08627888547499643,0.15930397045384878,1.1373704867880063,0.8527371126823662,1.14048505024975,1.101012304385659,1.173136416217403,0.8494994500228179,0.8236248489070217,0.88023502823714594,-0.02477580181838817,-0.03746488086953517,-0.01210341689602983,0.00815970202110518,0.0059874029815557,0.01003697292800814,20,0.5
0.5,-0.020722943866933036,0.0613044223940912,0.11541068114597483,1.0738401179289807,0.8910001517955424,1.081868865008156,1.046996324467234,1.116985499397932,0.8848426411885518,0.8559764389734877,0.917236130431396,-0.02116630738240474,-0.03413179828026522,-0.00703423617512017,0.0045874814817822,0.00279421779272116,0.00631789131787759,20,0.5
1,-0.010235340570518045,0.09489033663024142,0.1697975924220656,1.1850649609149329,0.8676568370798332,1.188044147375974,1.140962629753633,1.237935793371828,0.8621967211779478,0.8302303210412101,0.8873987014150919,-0.01074710590082236,-0.03264234272101117,0.00805328329602811,0.00992303533159984,0.00717950093748862,0.01351075233096783,20,0.5
0.01,-8.508808693659045e-4,0.09430937584735614,0.1587991620189327,1.169672445290325,0.853167690240062,1.173302595286141,1.133556952363672,1.21021488823898,0.8502296388217193,0.8236629093114045,0.8772806511541745,-0.00126412602308158,-0.01546793177655667,0.01194929553131467,0.00967705947281154,0.00746124068168775,0.01249564754079452,20,1
0.02,0.004432851406692803,0.0943170812957795,0.1612074528033329,1.166133831720603,0.8511154864976643,1.16991070485156,1.137840788263062,1.206769906208322,0.8483924790514888,0.8266593010677857,0.8713730673639004,0.00406346845941786,-0.00958128250101377,0.01445060545139134,0.00960268535135675,0.00716165886006845,0.01200428107691618,20,1
0.05,-0.004440293329352403,0.08278204661686056,0.13258946913082165,1.1417811656879813,0.8812395812947652,1.145752781947919,1.11273214312317,1.179301216374481,0.8769571216702058,0.8515506983309382,0.9090759636948872,-0.00480358310496774,-0.01904006521171891,0.00734093631807722,0.00753500927776972,0.00588723337173831,0.00966760264298992,20,1
0.1,0.003545339015970648,0.07585526486727924,0.11823858219469176,1.1255126066048142,0.8938664440205077,1.131830381802704,1.103194866983962,1.161461670750982,0.889638439011411,0.8610833863459526,0.9149949245560696,0.00314853008927767,-0.01171316512403082,0.01840102140003749,0.00649558926162574,0.00461923316458718,0.00858735809656381,20,1
0.2,-0.011096069634452461,0.07139541996442127,0.12359482819997379,1.114090815507276,0.8837378340024491,1.118442651965045,1.081765194883506,1.15658757195939,0.8796471778473614,0.8514424211374301,0.9027567074291278,-0.01147094581529584,-0.02582195712724941,0.00409040492666331,0.00579765513121007,0.00401975035689062,0.00776764742878977,20,1
0.5,-0.00948315369972721,0.060122104440355484,0.08811317285393146,1.0878458234997124,0.9156572433157429,1.095666711277298,1.060300901882004,1.135909243310447,0.9060280378902624,0.8805531099972588,0.9308943863735633,-0.00988129977462919,-0.02437091635207273,0.00589442817568116,0.00434574244008229,0.00249787649855423,0.00634329499093707,20,1
1,0.0038327922722071577,0.09725393037437265,0.1784444090357901,1.1953564304098654,0.867643741536489,1.198240455858146,1.142701996763932,1.242600592151212,0.8632453235346031,0.8369010856309025,0.8907186892456502,0.00336291873020957,-0.01910496148182595,0.02116210231661437,0.01031027730706526,0.00749816476442335,0.01344788581479005,20,1
0.01,-5.79456361211434e-4,0.03164452396522991,0.052909093283372434,1.043074054845098,0.9484662305141879,1.058769894695773,1.037822640052118,1.086663798140978,0.9352013674697152,0.8995868903167319,0.9637118473283884,-0.00100520242876209,-0.01771009751771904,0.01368745829482543,0.00179574845977356,8.6538726784444e-4,0.00308090817824675,20,10
0.02,-0.005705731059042482,0.047207015260500244,0.07850058707358243,1.069066141551796,0.9245015171809762,1.077693472505469,1.048987743675654,1.111113121221313,0.9171319583560582,0.8872655733622989,0.9500180415391992,-0.00608793582927133,-0.02063558385410376,0.00866097627587563,0.00293992816185767,0.00171915600096603,0.00482422421685262,20,10
0.05,0.0021397152016316805,0.03661265915977707,0.06288306573390541,1.0649023083805926,0.9505585729464018,1.073746527833482,1.040751457502624,1.105157586956303,0.938468170150692,0.907095971034983,0.9663141955109048,0.00172903177064478,-0.01806770225090529,0.01857630643325386,0.002088756012701,0.00112374843083407,0.00339074092303508,20,10
0.1,3.00633915187978e-5,0.0270352504243643,0.05292795332440868,1.0308727607146675,0.9484483425708431,1.052725303231632,1.026618813562261,1.073919950753246,0.9377628476423732,0.9110167453694562,0.9669352854958924,-3.8924564389397e-4,-0.01629457653714597,0.01554522004659393,0.00150994800929592,7.3423442521519e-4,0.00242370806357403,20,10
0.2,-0.008454663573830377,0.03726506258687191,0.05940325984838067,1.0446186464888998,0.9423266900087826,1.060019803814878,1.029057858411986,1.092901852792202,0.9283853071125762,0.8992875538009839,0.9591363146433828,-0.00887001350926093,-0.02444971312486197,0.00693391788940932,0.00216023520389799,0.00112142209731007,0.00332466371336301,20,10
0.5,0.008969954439877378,0.06808932443921314,0.13110254781544367,1.1400846885118265,0.9158523744215461,1.144836558226631,1.094125922414744,1.206891672184121,0.9095033447473512,0.8791677987662696,0.9401092888769748,0.00852767693605347,-0.00632854563293431,0.02518620390110137,0.00544498839240081,0.0027749262383909,0.00828806550357319,20,10
1,0.01013002952232664,0.07624289220475454,0.16054788447656762,1.1741539955440017,0.9276339650630898,1.177725063801282,1.119178221296201,1.26801093285709,0.9177090641692808,0.8926607099557039,0.9424221760234366,0.00964458715036325,-0.00993090767785437,0.02885099680189511,0.00668531728931263,0.00387580115530832,0.01047171704236977,20,10
0.01,0.0629667646662679,0.24496186862187228,0.44261162847832813,1.5567676127144117,0.7099499405346573,1.558238306770998,1.506187513747385,1.609340277349959,0.7089118247279559,0.6880631659285362,0.7275431685528351,0.06260778533335809,0.05086574842769299,0.07542093459938035,0.06069077912498173,0.05536207483487803,0.06653142723825159,50,0.05
0.02,0.058306895262882456,0.22197854341018808,0.403258610928995,1.4966939030194235,0.7290633227524372,1.498792579458345,1.457934060223322,1.540026753749128,0.7278995742614083,0.7073397532947668,0.7510789174982802,0.05792683353033674,0.04469440981733312,0.06967722755847791,0.05000389551594108,0.04532552795313127,0.0547213212547505,50,0.05
0.05,0.020445419419756822,0.22606149646539184,0.3819326066362704,1.4651133428892888,0.6900607273031805,1.466553172686099,1.422186357304115,1.512592267810147,0.689031715136524,0.6668603965818007,0.7081479785761342,0.02009397106360795,0.0085936055256203,0.03152337754705806,0.051781613263270083,0.04610556204565603,0.05754605668589509,50,0.05
0.1,0.014120286511454474,0.19584292213629054,0.337044667626334,1.3737488616740685,0.7138769520016065,1.375763704713108,1.332201970359747,1.414143587094414,0.7126758196629421,0.6883495749504597,0.7323020490004681,0.0137307068230165,-0.00110450241550909,0.02721534890045339,0.03909755583028943,0.03480456017941785,0.04418603571920487,50,0.05
0.2,-0.018663605227505126,0.13727381839269395,0.26316361316351167,1.2245093309387527,0.7686161313061848,1.226987658342111,1.189184368592987,1.265129348975822,0.7671395090292904,0.734212968595118,0.7896631894551895,-0.01903835294783754,-0.03056317594537845,-0.00330630210199787,0.01955613000178759,0.01693311308581845,0.02415204836112251,50,0.05
0.5,-0.023936711133477787,0.07011111253213442,0.15068461541297162,1.0708353025084283,0.8601189241384741,1.078009503578739,1.049129842350056,1.109583317316152,0.8558380581990632,0.8295730089180635,0.88552480202935,-0.02435968234156448,-0.03972416309686777,-0.00796055642021594,0.00570350220517975,0.00366996216759733,0.00793214893060242,50,0.05
1,-0.012349565219154325,0.08787184393316243,0.15345212045340256,1.1658519653222623,0.8694330663590529,1.168591439244163,1.125186003524918,1.218222662800597,0.8648959416104998,0.8329932676700567,0.8933998290506994,-0.01282685650003098,-0.03131381507650196,0.0035024498024909,0.00860302051435321,0.00600854916445321,0.01122620986433939,50,0.05
0.01,0.04235082003200364,0.19765625954690932,0.3418609255123314,1.4075645275855824,0.7453779647714235,1.409769459447201,1.373883644176868,1.450728111820749,0.7442436409762331,0.7242871188763391,0.7638202393308986,0.04199527347021039,0.02687425126967125,0.05241393326048769,0.03974567769063093,0.03558939505239898,0.0450341762381844,50,0.1
0.02,0.03000552123332913,0.18295434357432971,0.33607389369704815,1.399442430965382,0.7631550998698087,1.401028824114985,1.358667048250362,1.445274987124303,0.761891089549234,0.7389926910755062,0.7802113316203088,0.02966096481764362,0.01863331156717361,0.03948664734279439,0.03412932821534838,0.03019808554132949,0.03846219161932003,50,0.1
0.05,0.030292546845901457,0.17288423563834063,0.314599175499116,1.369710187511018,0.776284787159633,1.372111613667079,1.336220443995791,1.409957055698054,0.7748312425118233,0.7500474036768143,0.7994434700616152,0.02992070613495072,0.01857278894721705,0.04173608279615938,0.0305951371015039,0.02658410793853914,0.03440484839647993,50,0.1
0.1,0.022055248064010383,0.1594510455857899,0.26013879299926057,1.2971101039746136,0.7717256565366679,1.299577839934521,1.269131098496764,1.332221978447499,0.7700969954311369,0.7510303997383343,0.786735084498473,0.021672536544851,0.00873449406044124,0.03696817894377056,0.02614027714203685,0.02263249583245892,0.02974441298073623,50,0.1
0.2,-0.007466469584216082,0.12177678678073593,0.21711442780976498,1.1968076762196158,0.804837868201164,1.199833736890649,1.163773312155835,1.228106728934818,0.8027647736804918,0.7829049448635409,0.8278292209464408,-0.00784112163270086,-0.02083544797595855,0.00610450460381128,0.0155396712117065,0.01241811535214866,0.0187290030599714,50,0.1
0.5,-0.02029110352053087,0.07539102298284808,0.16936438241322488,1.074704092716576,0.8442012352516615,1.082458318796868,1.054654994923534,1.11340766820305,0.8412077647441837,0.8135373489757343,0.8668121928414783,-0.02069765121874402,-0.03502375148254015,-0.00150889388360408,0.00644433983609725,0.00481566646243601,0.00850876552718612,50,0.1
1,-0.004358303655146316,0.06909051497823467,0.1301766237388117,1.0998785750513278,0.8779403521182207,1.105745954929452,1.068996077710861,1.156965527651022,0.8739022268120086,0.8354197912595681,0.9071652836384776,-0.00482445470372349,-0.0261642267431639,0.01445372661059601,0.00561971818577966,0.00366211970540204,0.00749980568067612,50,0.1
0.01,0.024500892280549767,0.14746543971843995,0.25314347937868137,1.2880680747840352,0.7895177491242017,1.290611293511187,1.255855270043058,1.32417563877935,0.7878162686364822,0.7704023105948321,0.8157850554150151,0.02414071829556136,0.0144810390466602,0.03667015586607834,0.0224418438969955,0.019380715207431,0.02569936508844926,50,0.2
0.02,0.02588810167620457,0.14123126531645103,0.24991607240011637,1.2839176560384389,0.8089299030532875,1.286619529033193,1.243970270892185,1.316814823815556,0.8072764169949135,0.7811563223908351,0.8349933065634685,0.02551827452893626,0.01253964323490759,0.04011342238584133,0.02064185159290005,0.01709309527622727,0.02429036469718355,50,0.2
0.05,0.01604496423967552,0.13430051135989549,0.22249774397226885,1.245996697607168,0.8005168127363204,1.249065521956517,1.212060726282862,1.283648848533974,0.7987037231899323,0.777357097836586,0.8198665577791664,0.01567841535902862,0.00293557239633628,0.03144525462221513,0.01873321792973297,0.01523656552379037,0.02195318045020196,50,0.2
0.1,0.005656377841500415,0.1412745845502969,0.24330778316937704,1.2501934795716982,0.7840301653427931,1.252917444794875,1.215738745922538,1.294039716179621,0.782488329633904,0.7626722788933529,0.8099408553849459,0.00528872400542325,-0.00774628091468359,0.01901669235935986,0.02064872375053485,0.01708232471675623,0.02403289505297177,50,0.2
0.2,0.004805663652099125,0.10818423698014774,0.18443842144721717,1.2025429281516788,0.8364806477074469,1.205600431264886,1.169303332830227,1.241602323137253,0.8340079525943627,0.8091867635693513,0.8619532950182633,0.00442079998190058,-0.01119380817510233,0.02022367780669298,0.01242430225935676,0.0093476535586695109,0.01483659163369723,50,0.2
0.5,-0.01360950599818373,0.048453885834754795,0.08425925346920968,1.0740495859983905,0.9191929212481851,1.081121388279008,1.051300612176582,1.120384400792364,0.9108742635958756,0.8840546829824503,0.934814518977841,-0.01402803195857468,-0.03032038138150272,7.6557496481288e-4,0.00313475687599613,0.00210815944544421,0.00444142583563339,50,0.2
1,0.017829785689732557,0.08348792200572681,0.15287226995949113,1.165176141441684,0.8797372972028139,1.169187983768961,1.131922252750043,1.227682044689038,0.875401683374142,0.840613213995022,0.9128319875904074,0.01734245507108758,-0.00197410497246967,0.03670506016796939,0.00786769418913218,0.00591741023494629,0.01068658289283804,50,0.2
0.01,0.009231178305261692,0.11583709510348406,0.1954421272598836,1.1950339788032527,0.822470940833889,1.198618811796949,1.159493888162784,1.236248354770454,0.8202373238548973,0.7961253420812329,0.8446327067689341,0.00885376801522322,-0.00765238789263421,0.02303406813734798,0.01412266368815097,0.01150956877521052,0.01662521591253459,50,0.5
0.02,0.010010404596968555,0.09739281301618642,0.16572107926508264,1.1802438613242412,0.8607616612301576,1.183825992119543,1.151306355309869,1.217499241235261,0.8578913159645782,0.8255043123081892,0.8881235283528788,0.00964341166376758,-0.0047398294286075,0.02211266125606808,0.01018475151399662,0.00779600349967405,0.01324263477178194,50,0.5
0.05,0.009535229190425109,0.10151283952937021,0.16589135392463092,1.1772332613975407,0.8471382674378356,1.181351846301924,1.152427887340993,1.226173182182364,0.8444281307142241,0.8218631259150362,0.8668619335296075,0.0091744804443068,-0.00224217853594263,0.02056483023648964,0.01099882201356892,0.00851659362282318,0.01355551795812834,50,0.5
0.1,0.003781640369397408,0.09718000013533061,0.1729870735873579,1.1540033553234963,0.8411484878067955,1.158587888289609,1.128819345587026,1.190761006082813,0.8388355866428888,0.8132158043345019,0.8644888313174997,0.0034147424222057,-0.00975863944602668,0.01561313567871637,0.01014438076387541,0.00774458435049558,0.01234673843639637,50,0.5
0.2,-0.0051571185759030505,0.09311683292148393,0.16027107466496066,1.1499825552907448,0.8519128256796811,1.154010286714341,1.122517079532634,1.189730207165351,0.8490069856216887,0.8245212092194616,0.8747583138531947,-0.00552069172949645,-0.01860410558201975,0.00622475995261647,0.00935775789858454,0.00720817175154006,0.01156447180059506,50,0.5
0.5,-0.007641139864204625,0.03355211538350178,0.06389695693722984,1.0446655039428352,0.9381016594187548,1.057763965178416,1.035131144005936,1.085836726685971,0.9294732537728074,0.8976379750134584,0.9574490771108654,-0.00805789144020731,-0.02516966186222377,0.00974738388697265,0.00188916955338863,0.00114758320116864,0.00295180274529855,50,0.5
1,-0.022488823032097607,0.06420904822910664,0.12627938392690524,1.0916577997438264,0.88136857216969,1.098178168415873,1.045587685927514,1.150113474584642,0.8757281505195849,0.8454495039490337,0.9049614271353704,-0.02302418961928067,-0.04046844825157757,-0.00288268378699759,0.00510467790782555,0.00280939706122475,0.007657838252776,50,0.5
0.01,8.878944698949735e-4,0.08572984963963765,0.14521196525493907,1.1500803883875872,0.8648389578708909,1.154087393679011,1.119480782134888,1.191280190993586,0.8621710098442863,0.8329191165379656,0.8928279792983107,5.3522378587901e-4,-0.01049130854430267,0.01285815093103651,0.00802154457580216,0.00569990733211685,0.01048169135981358,50,1
0.02,0.007348735917786611,0.08180207178659744,0.14808081777391605,1.133687990389319,0.8623614179955938,1.138147548348052,1.102870424421896,1.173146796431786,0.859763562253572,0.8305883071273678,0.8882827057299376,0.00699137095630734,-0.00307737024794415,0.02003851278260511,0.00737373645511299,0.00489258668029118,0.01012221306541836,50,1
0.05,-0.002221621095010324,0.07839002301686501,0.13089872849313053,1.1348235363769714,0.8773066160553975,1.138880679267171,1.11289479976648,1.17324270578878,0.8734217676916676,0.8469023859574143,0.8997829214546227,-0.0025944831676827,-0.01783454660102804,0.00896850586332784,0.00684852500679289,0.0051431555331791,0.00897810201984878,50,1
0.1,0.01109641786329981,0.07065072705850246,0.11776553454022166,1.1242132949836816,0.8889044455727175,1.129333041900054,1.102739666461363,1.16336572558791,0.8854278139078091,0.8507472671148197,0.9109583109161852,0.01073687555908716,-0.00529869411951586,0.02644663167893864,0.00566453904720921,0.00401410411715362,0.00765075015677307,50,1
0.2,-0.009880182663899865,0.05768131290875579,0.10556312758560327,1.077626175793124,0.8998176677369701,1.084286522599395,1.054346561326669,1.111313129083846,0.8946762788479112,0.8650671918199357,0.9206919163017024,-0.01025101347532026,-0.02235111036781478,0.00128304484259259,0.0040346951284189,0.00295984063530873,0.0054948433563433,50,1
0.5,-0.0011391861893850679,0.03693286204311019,0.05553812110844721,1.0557334772861504,0.9459759613308605,1.06904691414692,1.037533377466398,1.107087799372261,0.932247064542146,0.9089535131241638,0.9602180155462964,-0.00157628083576759,-0.01911092600741422,0.0153542943385632,0.00216731510712544,0.00121845234681277,0.00357422221401619,50,1
1,-0.0013551444720541633,0.0629993154224699,0.10203618716754007,1.1066672865160432,0.9029968741784534,1.114147046289998,1.079878134644044,1.150944461150984,0.8963982818761401,0.8690014253585545,0.9389601621064988,-0.00188295978405573,-0.02200672945806211,0.01880601796119376,0.00491410357323017,0.00252013865347798,0.00701972681248066,50,1
0.01,-0.014989439819285199,0.04121987589506759,0.08407013654312691,1.0495705011419723,0.9193667726265295,1.058524690222844,1.030937722301726,1.092259731500403,0.9118304115757712,0.890419184514992,0.9346028517641688,-0.01536905407510817,-0.03008077331570588,-0.00108203775888953,0.00240970276150465,0.00158317396937479,0.00361481665252823,50,10
0.02,-0.005195933088588307,0.03186046743702495,0.04853164635009443,1.0445130862561298,0.9526271916551893,1.057847878255089,1.032341044180105,1.083322230962294,0.936999401469714,0.9163321523867708,0.9527470939415952,-0.00557395799593738,-0.01876481112245881,0.00747389141310238,0.00173465485654741,8.8633139007426e-4,0.00251155033639892,50,10
0.05,0.0066802693634934575,0.02930374229227197,0.04328779903182666,1.0442383824039772,0.9621962827343219,1.06278534060779,1.040820061413532,1.090189882882836,0.9492421317360978,0.9234187397757392,0.9743179337684074,0.00630575419534116,-0.00523897761803491,0.01833096673516145,0.00156884178465373,7.945165203027e-4,0.00268977985684031,50,10
0.1,-0.012999393458209548,0.034535053100807955,0.058319954037193644,1.038133416569317,0.9433480711222666,1.051232723555812,1.026230751530508,1.083726401524336,0.928062532084574,0.9023006524648662,0.9515858399382396,-0.01336951421055135,-0.02438742065243964,0.00124731320793363,0.00189637488061534,0.00109198664334161,0.00286026410588004,50,10
0.2,-0.014540824023115262,0.03270859461622161,0.07028642149764078,1.0277406146025299,0.9321268005135324,1.043286161216908,1.013290503400912,1.072254022166349,0.9207656582672482,0.8872316821204451,0.9504056258134792,-0.01494418357616603,-0.02971309302636443,-5.793593293965e-4,0.00182106727288758,0.00101277060861699,0.00319958410435421,50,10
0.5,-0.009660818946100132,0.03144914441693896,0.046872192634403294,1.0420908653245293,0.9542093447799147,1.056031094067851,1.017582792544549,1.085458233179738,0.9341366354722656,0.9073436199529052,0.956404532830279,-0.01007527567137632,-0.02863138420760073,0.00516872572085783,0.00175500999929789,9.6617253124133e-4,0.00280328774719778,50,10
1,-0.00263230405690991,0.05128564626857593,0.09817293919032087,1.1031535470941547,0.9350712566474796,1.107806804370212,1.057877167799296,1.174434204435217,0.9244388818887812,0.900538091399949,0.949127806300188,-0.00309457017738693,-0.02475627420126983,0.01895745534579743,0.00346607272376374,0.0015262384545647,0.0058240322467474,50,10
0.01,0.05635802107161735,0.19906167854333912,0.3775950916822676,1.4587721542973122,0.7526939709861717,1.460453729241552,1.419562834390085,1.499234891127832,0.75157550655249,0.7323640784689993,0.7748582321504804,0.05600504490173716,0.04109453684405572,0.06723851070680278,0.04029174797728114,0.03585296451120355,0.04390203738051419,100,0.05
0.02,0.03996594484803432,0.19602204843489318,0.3606002444399814,1.4341900208333178,0.7566324612729016,1.43592775814584,1.388473023852134,1.471293156491841,0.7551890064073432,0.7367349932166487,0.7790267699868758,0.03960325088323909,0.02614178472017838,0.04942080278166508,0.03912535411717438,0.03548156195979613,0.04403956042467034,100,0.05
0.05,0.02129434437824135,0.17855695468151303,0.3245750995793344,1.3834426956960675,0.7626692834783102,1.385250922870596,1.344622370795413,1.421382676219463,0.7611973171292766,0.7331923025931297,0.7857691624047041,0.02093108093673315,0.00960374749766039,0.03399355452001332,0.03257534569320077,0.0288234958198727,0.03826938052462389,100,0.05
0.1,0.023846577527015998,0.14714267394414848,0.28076274460064804,1.3241394074404138,0.8046054103671182,1.326106146137643,1.285292360246348,1.368893825673882,0.8027748985106926,0.7764145806370153,0.8277513672420762,0.02347689851893799,0.01063492582375741,0.03540709115989589,0.02235328084950191,0.0190315461236745,0.02593214132481154,100,0.05
0.2,0.008627882017997506,0.09530651161732473,0.16833368720890363,1.183331407329366,0.8538904471801407,1.186621623298965,1.153068925038,1.22861409927517,0.8512976771259738,0.8268475887181803,0.8774465999400152,0.00823943011252425,-0.00697859067262364,0.02647997095267766,0.0098061919236232,0.00780889330284612,0.01221656192395402,100,0.05
0.5,-0.007754364245826939,0.04631858241035744,0.09226714299456545,1.0510114240059352,0.9118615195875495,1.063893018291439,1.037595244753052,1.099831596852666,0.9054382278958272,0.8779967816565182,0.928422428265707,-0.00816424438345573,-0.02314611298230062,0.00584752542872878,0.00291559299258896,0.00199859396818532,0.00452712110902091,100,0.05
1,-0.005510366984136514,0.052029033856423754,0.09170825432549362,1.0794102098460487,0.9123712910981009,1.08717143966139,1.049427440712331,1.137422722869186,0.905433893498138,0.870782510562885,0.9402291094936032,-0.00600374371967905,-0.02412720637179265,0.02008227417098321,0.00360651762957571,0.00180422305781093,0.006059565421164,100,0.05
0.01,0.04077213050987132,0.162361229752153,0.3137364448028402,1.3685290060812525,0.7934253100607636,1.370608970105455,1.331698809426976,1.405529193524681,0.79206781267932,0.7680324327517754,0.8127088730755995,0.04042856645699123,0.02845352871938223,0.05224009141841296,0.02701753148436335,0.02351962932488027,0.03061426352191608,100,0.1
0.02,0.03184724361963296,0.1640940328853625,0.2988524965335054,1.3483107282980715,0.781111419184415,1.350529998768476,1.307295703761602,1.396663779335386,0.7795579190460927,0.7570862084171216,0.8021126555067517,0.03148760481940543,0.0184510116194307,0.04545994844305187,0.02761170041504483,0.02335937994440561,0.03156103242451418,100,0.1
0.05,0.011681067832509254,0.15374450262147704,0.26571123747190045,1.3043583544845279,0.7807397077526294,1.306508367133582,1.263240989808272,1.348426178076996,0.7789242873334454,0.7536379689671917,0.8027077481260148,0.01132102142128024,-0.0014012129535781,0.02400219716875533,0.02432384349918557,0.02132465695827877,0.02854464564862559,100,0.1
0.1,0.0023660267909877126,0.13381117178371996,0.2351034687857131,1.236482069186791,0.7904890544546009,1.238849996554154,1.210298587456056,1.273078163163682,0.7888880203793355,0.7649128819890372,0.8089417260543895,0.0020391881356267,-0.01001382886627555,0.01173576395966332,0.01853238642831358,0.01681481053724963,0.02165295359894964,100,0.1
0.2,-0.009961751598079292,0.09760367558154577,0.1947718842925675,1.1383439189814235,0.8230223809766002,1.142631822665491,1.111735702807086,1.177038968990699,0.8209610502157645,0.7954709160625307,0.8450740510047037,-0.01032942865142012,-0.02388692145654026,0.00157189448727771,0.01022458046135864,0.00793058587637555,0.01281304291764218,100,0.1
0.5,-0.018368961281721705,0.0482082098466732,0.11516377570479669,1.0326247520898495,0.8912201717420545,1.049702522939293,1.026330549781948,1.081311973649148,0.8857367124942458,0.8488054384576877,0.9144231291756936,-0.01881708599026087,-0.03492046931548765,-0.00130197580692798,0.00315557701041657,0.00207635930975728,0.00476634915385753,100,0.1
1,0.0024184338808163498,0.05754821448732301,0.09793438110539383,1.1028904122842955,0.910828087356701,1.109056726622777,1.067035535812436,1.150033087186082,0.904542653569152,0.8640014834016039,0.9375277453310392,0.00193993749126576,-0.01668799655285071,0.01746142206300476,0.00419353956214401,0.00232503633712726,0.00631755247800974,100,0.1
0.01,0.021961808522254208,0.12975209615670888,0.21464839542064246,1.2353945819052707,0.8068250737016358,1.238812765441782,1.202963956066546,1.282821000145624,0.8051175412675756,0.7822367030578056,0.8283316364258224,0.02158513030738951,0.00676688711354319,0.03493126836903489,0.01754809223632749,0.01499690378389022,0.02080901569724587,100,0.2
0.02,0.016235093330133912,0.13546645252217115,0.22690062686832924,1.2547051777621174,0.8000826168095678,1.257453780670382,1.222723272627213,1.297125383401297,0.7985532721199284,0.7737240375587714,0.8209766057786176,0.0158878244853173,0.00406042432454879,0.02716570927427146,0.0190178878012872,0.0162977994874187,0.02299000321508057,100,0.2
0.05,0.008975612130664157,0.1191353626710986,0.21213448382150446,1.236314138148957,0.8347439134176893,1.238971553261432,1.200533915969791,1.272980575161907,0.832414533036529,0.8114481101493294,0.8663972434156689,0.00861247976577665,-0.00357183141160004,0.02062512180649418,0.01488409472274781,0.01168408562803651,0.01858832221329444,100,0.2
0.1,0.009421368915845656,0.11421864493321125,0.19690434365644385,1.1959689834532814,0.821269189163126,1.198973588880947,1.164287303802606,1.233295937533575,0.8192468213553755,0.7968586495525904,0.8395916084650235,0.00906564046801194,-0.00335838810190888,0.01946071804610067,0.01372468317653768,0.01144017493609835,0.01630976824787907,100,0.2
0.2,-0.004016340473306928,0.09434461176750471,0.1639197527760124,1.1597839173327833,0.8488101338042041,1.163758844935388,1.121358246142312,1.197935876067831,0.8460335533989096,0.8241003663772941,0.8729117152936556,-0.00439246651652147,-0.02074023537090023,0.01326432746695373,0.00960005823201028,0.00684559765529108,0.01175439192011844,100,0.2
0.5,-0.023924115849821567,0.04457372986066912,0.10510788039715796,1.028110906927432,0.900227400458079,1.045511178508551,1.013173779487718,1.074985557221877,0.8939009257456686,0.86092499682205,0.9287775767383396,-0.02435507794978642,-0.04555950400570467,-0.01075569707657639,0.00278327011565355,0.00170843444033438,0.00407024273368483,100,0.2
1,-0.013136426076935609,0.05892911823113433,0.1034688841931628,1.0885262740905888,0.9017040795553117,1.094515390745808,1.053028589798223,1.133163041213804,0.895166349533713,0.8611840488328929,0.9320722621070938,-0.01360205056004371,-0.02779329628684519,0.00366391190077963,0.00433871240310658,0.00262092694510816,0.00643197965839183,100,0.2
0.01,0.010609609473952732,0.08763431394982932,0.1520923530670201,1.1642677551652156,0.8668836965913153,1.168150800889567,1.127575954963956,1.201753884065706,0.8640995683077907,0.833602145091073,0.8926507326629488,0.01024583005291285,-0.00276938899100065,0.02379726860712574,0.00836671865622706,0.00653467993998991,0.01077261389897141,100,0.5
0.02,0.018337246382159236,0.0992360115597262,0.17264218123480649,1.188440782581055,0.8581311966322667,1.191924464982605,1.155619469900788,1.227212602453335,0.8555298715299152,0.8290515362238509,0.8789557595798845,0.01797540722664652,0.00464981247924268,0.03141214448107468,0.01053423786987136,0.00785850333674782,0.0127921582102892,100,0.5
0.05,0.010705683940353657,0.09072722013990336,0.15525542250363422,1.1560824207345604,0.8561964577089957,1.160381265751029,1.11950237853741,1.191388532850439,0.8536706443131301,0.8263393720591999,0.8756591854939515,0.01034808086722284,-0.00336361827547362,0.02280305344295432,0.00891102065173009,0.00681970205006545,0.01133307442945583,100,0.5
0.1,0.004334855388611835,0.0867004301487042,0.15178469195638064,1.1639096103510205,0.8731313509707642,1.167248497926476,1.136238561298018,1.201618312627391,0.8699865831519369,0.8438473941691511,0.8907899899726947,0.00397737923148809,-0.00982894803359263,0.01700271395872765,0.00819424569919798,0.0062796788640511,0.01105792367084916,100,0.5
0.2,0.002030610506655906,0.06779403666756106,0.12246497019643111,1.1081506923062778,0.8847368965603619,1.114044773672026,1.08322469345974,1.145647014558205,0.8808784153729969,0.8501943539382796,0.9074922384657652,0.00164042715591383,-0.01199945397770949,0.01427909259772869,0.00533413022537541,0.00355660734868173,0.00722898421414076,100,0.5
0.5,-0.0023040528541222642,0.04146581549890166,0.07891143682309773,1.053897267425375,0.9241217639803113,1.068556126451166,1.043252247807585,1.106718664664843,0.917453985477805,0.8915146314667772,0.9463770049352158,-0.00271779577545314,-0.01794028845830424,0.01359488926036224,0.00248893984240065,0.00147336791082058,0.00395149297781982,100,0.5
1,-0.01228358515624455,0.05421299077514722,0.09591819234516154,1.0821021111055722,0.908538338419393,1.08851442778036,1.052026444523194,1.140312692217679,0.9004806259542186,0.8753926435952548,0.9273503929949688,-0.01278259466491379,-0.03259511543655982,0.00381373968208257,0.00387173809961358,0.00235055697684621,0.00630217538627013,100,0.5
0.01,0.013292696857982865,0.07521000717232873,0.12517517663576355,1.1311920199928107,0.8823423232858649,1.136625269201622,1.104000596363322,1.167631679004372,0.8791976722147417,0.8517257698287513,0.9032081668818764,0.01293649204047351,0.00129981589817875,0.02651631130945122,0.00633064158404147,0.00466295570647776,0.00846306324756213,100,1
0.02,0.01590511943158183,0.06598833860945143,0.11905137145195999,1.1264277830327847,0.9060336352529879,1.131682117320776,1.101586839796307,1.164270937594309,0.9020801087445592,0.8716022847672938,0.9342326371475924,0.01555402126013493,0.00318391676693825,0.02593671197141899,0.00502721681164494,0.00361389772180082,0.00688333539456907,100,1
0.05,0.0028936201094039112,0.052154476021247766,0.08836454477592671,1.0749748743579066,0.9154271017213811,1.084483436419644,1.059592384176407,1.110598048188888,0.9107045530879596,0.8818486777415351,0.9366999409832631,0.00252737442929118,-0.01154950133088405,0.01547211084011359,0.00340957746484017,0.00226996421465682,0.00511680821848233,100,1
0.1,3.0551030055871176e-5,0.07038902585970545,0.1308420984778461,1.1089106002113842,0.8773562993492434,1.114017121970128,1.084274367652829,1.144039418678256,0.8740688797555233,0.8447711976050623,0.9002929749148488,-3.2512509861282e-4,-0.01575504236977032,0.01275261765528981,0.00562460909334008,0.00395950299189982,0.00757485783814093,100,1
0.2,0.008544540911040262,0.053152635846599565,0.08557535939276825,1.0784346110657475,0.9179839617335332,1.090535392018348,1.066771972201748,1.117899275613229,0.9128214013985296,0.8803130994083108,0.9420582860456465,0.00815909990322176,-0.00678923024713438,0.02273671416154609,0.00354973454313608,0.00243602472279148,0.00520353926977686,100,1
0.5,0.0017980952601329503,0.048331402625218484,0.08219994856648803,1.0724198677325392,0.9210877701035979,1.083658878285428,1.051592701098044,1.126181516054233,0.9142714386879162,0.8841913223779059,0.9422164918874256,0.001366724247245,-0.01392794986002428,0.01699257825344962,0.0031419328397326,0.00186238682377084,0.00461742924719082,100,1
1,0.01942244401394785,0.05290647861533842,0.10472451406635176,1.1104046673496306,0.933697399880053,1.119703092625678,1.075276164996696,1.161249706279892,0.9266683423974432,0.8901079058075392,0.953577181067864,0.01891435117315722,1.249076201909e-4,0.03815198776521436,0.00373051532465665,0.00225420684081548,0.00559772262952609,100,1
0.01,0.005502068533859531,0.03173318520036214,0.056153351309089106,1.057759880162101,0.9575653843856703,1.069797952891131,1.044751568078317,1.100824535741121,0.946203122135018,0.9203113628808004,0.9714841288595608,0.0051299741835796,-0.0090616419116709,0.01919349881520811,0.00170417088495686,9.7497513796767e-4,0.00255441792543015,100,10
0.02,0.0038325580013969796,0.025104675194375786,0.03913097894671658,1.039906680612206,0.9664874136241798,1.057789914633139,1.03268373556012,1.082488473466221,0.949863304532651,0.9249655867233162,0.970196830551318,0.00344658177842983,-0.00878719117355837,0.0144951322098903,0.00136980135874893,6.8179447136602e-4,0.00221284390723386,100,10
0.05,0.00033819271090760814,0.030246986923484903,0.057596373869639235,1.0592873533569036,0.9702001428951494,1.068075014171026,1.03728383300798,1.095132273610736,0.9486710497720277,0.9275581193001384,0.9720319993968252,-2.997363859689422e-5,-0.01123662340350029,0.01374649015302677,0.00160719762622992,8.7160975942158e-4,0.00246009826470358,100,10
0.1,0.00861782666839965,0.02580387604977299,0.05853058451703883,1.060277413271316,0.9812305694498203,1.070154782422253,1.039432949847797,1.101535154132594,0.9595360123052704,0.9376434340033452,0.9839270070963124,0.00825130641836371,-0.00415640189808311,0.0192744275693944,0.00136111248441727,5.8692933953304e-4,0.00234414565008994,100,10
0.2,-0.005842143897304703,0.02840304193809982,0.04661435939363845,1.0420481536671553,0.9544554033873284,1.053574639550045,1.027340068999903,1.083310779903492,0.9407901300177,0.9104119486401748,0.9651584776980224,-0.00620308685667359,-0.02340554225302814,0.00713722551068571,0.00148358934715298,6.950802710384e-4,0.0028143649328692,100,10
0.5,0.0016608257801839007,0.030236234322594535,0.044968531084616833,1.0351392231414225,0.9560275665103258,1.058985503101718,1.037552041382085,1.086710448734974,0.9416045492929332,0.9112414517942998,0.9708787661299604,0.00123166131273058,-0.01631433784177259,0.02126297145747652,0.00169764233150619,7.3769625906321e-4,0.0027745965983728,100,10
1,-5.8727078941278016e-5,0.05587607390682719,0.09394229574353279,1.0984963561727974,0.9157001955739543,1.104616958306196,1.061966780623951,1.152361633906057,0.9093810774087098,0.875251451379,0.9356417736164576,-5.284126076842e-4,-0.0186686750547095,0.01719324153970409,0.00398154139917987,0.00256172336461935,0.00594198673482,100,10
0.01,-0.003273725346419817,0.02696367060750425,0.044092817296408675,1.0319075425833761,0.9568651397159023,1.050804352280161,1.02503803912966,1.073473369796856,0.9416930658357704,0.9191011619788289,0.963969913366574,-0.00365690611796818,-0.01579613287426476,0.01008913950637763,0.0014511438943348,7.9624371499523e-4,0.00238515341611915,100,100
0.02,2.486380764426304e-4,0.026455874427220385,0.046949402650616284,1.037609097821656,0.9541356731050659,1.055478922689004,1.032505263897103,1.089864702955127,0.9428775204431082,0.9140823239598764,0.9682351269980098,-1.4568175737779e-4,-0.01607503133697979,0.01423406906391982,0.001435477112608,7.6271250896972e-4,0.00225361869581449,100,100
0.05,-0.00213820484891584,0.021117941196988257,0.03301456642586098,1.0263380813799672,0.9675244661129822,1.047336461307298,1.023051626034685,1.072332998507154,0.9485409576962875,0.9275195102017204,0.9666460275503947,-0.00252286833622321,-0.01893021960573723,0.01278659374596726,0.00116278331612639,6.2393944512364e-4,0.00195012667278312,100,100
0.1,0.0017082262478469344,0.035872638896676384,0.053532431698743145,1.0515769935423165,0.9478751993023932,1.067860432471935,1.044869124031079,1.100189800569546,0.9366533467726648,0.912732264061254,0.960731550309218,0.00130889009948551,-0.01132449797923503,0.01248112621175095,0.00204516815938931,0.00102216482352524,0.0032451804959868,100,100
0.2,-0.003494999351453485,0.026563313263344848,0.03928781727016716,1.0348408535513476,0.9614739405139856,1.05136948807889,1.024531781186079,1.076304313018934,0.9439226067506038,0.923168611152316,0.9607632135418992,-0.00387979495909344,-0.02162861339316791,0.01267824375711623,0.00142024916765397,8.2239097473692e-4,0.00225337803156349,100,100
0.5,-0.002525501255964643,0.026452918323536436,0.04844842024715603,1.0306724315444873,0.9527064784032216,1.052435712060402,1.028213899681344,1.086767132397219,0.9395788002636966,0.909104804717644,0.9653419677196268,-0.00295364374645786,-0.01771113523243454,0.01420489044257369,0.00149972867945266,8.5066250914233e-4,0.00232963636617881,100,100
1,0.007506520668640931,0.044661086281631006,0.06795196942488266,1.070313899452035,0.9421164701544643,1.088897501836537,1.05458944876296,1.123280009551201,0.9313319781739812,0.8977166154597228,0.960331130886934,0.0070276055461996,-0.00997443277418135,0.02489168824867024,0.00288098746101269,0.00165652764654327,0.00424572531562416,100,100
0.01,0.00223175398856457,0.03393045640232665,0.05954813556471484,1.0498736703963452,0.942190179643304,1.064423196883758,1.035133525776628,1.104875164020978,0.9340268561106364,0.9003326896218334,0.9649204523524124,0.00183015158548571,-0.01243545499305202,0.01672412330483081,0.00189913181904657,9.551960050811e-4,0.00326380766225214,100,1000
0.02,0.018780631587658962,0.023476806386259534,0.04987236563274356,1.0511369266173414,0.9853399413631205,1.072607266024371,1.038612886307473,1.106504131879807,0.967668779262134,0.9437867856130424,0.9890131861724158,0.01839339646595729,6.9405986749846e-4,0.03075974016074502,0.00127549149871232,5.394988261349e-4,0.00213876832977947,100,1000
0.05,-0.01228721877562355,0.027727306944429018,0.0655201703312845,1.0206127759092578,0.9365801554370967,1.041945479861245,1.015846649613134,1.075160514402818,0.926679561736586,0.8953682437080672,0.9512792303998732,-0.01269499974396632,-0.02810506735667683,-5.9261272649772e-4,0.00153943894005776,6.9250657564509e-4,0.00277098883332136,100,1000
0.1,0.009535417379976808,0.03028266917405707,0.054339387996704604,1.0558428817542167,0.9656775069765443,1.074231823871605,1.045402736179343,1.125274886527869,0.9515786965264624,0.9277796905589052,0.9798045140666164,0.00909234850075707,-0.00368900283736704,0.02367149259530559,0.00174472987577506,8.6381743087322e-4,0.00291113851086836,100,1000
0.2,-0.0035016176249187555,0.02061508100950412,0.03138016825800354,1.030116491353442,0.969107079285492,1.047581722839249,1.029883047020629,1.075010413114361,0.9479710163943932,0.927261387177912,0.9668076251691404,-0.00388252020350384,-0.01642155720255694,0.00889473165572236,0.00114998666616605,6.1646355657293e-4,0.00183609538407919,100,1000
0.5,0.011523667910582102,0.019808923596530786,0.04565283766048935,1.0467109692450753,0.9870301509835145,1.064483322980758,1.034067230445226,1.097281191508766,0.9635013865682228,0.9384608529413864,0.9836028387093008,0.01110174143655507,-0.0062628346199528,0.03060321502971727,0.00116033610296347,5.3417776941591e-4,0.00215230661828974,100,1000
1,0.003045499790957079,0.02262905342135577,0.03212508335802972,1.0326466641395484,0.9697549593110866,1.057061140308934,1.033520128308408,1.093676634757141,0.9498163449376116,0.923239495021194,0.9739873756805092,0.00257206736081726,-0.01429900890018957,0.01841436786859391,0.00137577550820213,6.9649050304619e-4,0.00255312390501333,100,1000
0.01,-0.012636147657814711,0.024553037446168716,0.05257579834799859,1.0185246217863657,0.9487824021914739,1.038019807161447,1.019184703941494,1.06193957186061,0.9355575124288138,0.9096427277498612,0.9581107316144646,-0.01300223048128009,-0.0244288234579712,0.0015430114103079,0.00129680964354062,6.3895276690146e-4,0.00248089474614691,100,10000
0.02,0.0023604534094449985,0.022231914043943944,0.03787870640682601,1.0386052490755884,0.9766258466111479,1.055651782215387,1.028220317299361,1.077419012060153,0.9536599669160652,0.9230540289540856,0.978107332554272,0.0019596296856605,-0.0154121687793958,0.01755792153981452,0.00123599041857861,5.8634521435292e-4,0.00217059126724091,100,10000
0.05,0.0013838446300705565,0.026496382979511086,0.044417229959291704,1.045418443802188,0.9688156328820422,1.060835379962226,1.034735913396915,1.09181257109688,0.9483264105989888,0.91960105489705,0.9708846256496632,9.6249338315763e-4,-0.01289431796619908,0.01728435128369709,0.00148513212032595,7.1025492626543e-4,0.00242196974593932,100,10000
0.1,-0.008881301183430224,0.030521522812559983,0.06422569752940606,1.0293247357093973,0.9377933180086617,1.048503397476298,1.02571359877366,1.074149390935478,0.9290831699691346,0.9006430855429488,0.9564491460659356,-0.00927092408709078,-0.02549336937774565,0.00500274053720539,0.00165712032084686,8.83476130527e-4,0.00243297651950112,100,10000
0.2,0.008366407172907833,0.022420361145034987,0.041533742341019836,1.042408334555572,0.9729411654766753,1.061691500766073,1.038539571433583,1.095172442186901,0.9569124089274323,0.9309694270161464,0.9812541431897044,0.00795882945449074,-0.00806653624497462,0.02644622201439329,0.0012570995691847601,6.2070246616598e-4,0.00228047898065885,100,10000
0.5,-0.0038123584703389965,0.01954142470025215,0.03101032194330764,1.0253357753426768,0.9694655662557675,1.047777971345403,1.019206358113024,1.082650408081941,0.9467555136894196,0.9201894711219988,0.96781136490851,-0.00426006325213165,-0.0200684124541179,0.01135905247546014,0.00121641918470379,5.9294497663295e-4,0.00235691693413364,100,10000
1,0.004407099490186137,0.032124150838109516,0.05744248079414372,1.041876265354036,0.944176197089613,1.064431166527195,1.037685310274977,1.102860679950255,0.9351856378452302,0.9044975984378528,0.962055878372266,0.00393162659400864,-0.01606137320721261,0.02089458394655248,0.00189477910189487,9.0544331665951e-4,0.0029435930967208,100,10000
0.01,0.0018803778451351061,0.023793606355730176,0.04332035270079278,1.044272376747917,0.9724307402661637,1.05907556335636,1.033859430801742,1.094980411530739,0.9521928273364462,0.9201115426202024,0.9770805291294454,0.00148255817187486,-0.01409247784233493,0.01593485424565907,0.0013034989379181,6.2722918351444e-4,0.00209357300148311,100,100000
0.02,7.848838068727068e-4,0.034794792908835866,0.05530543540720905,1.0548386380161998,0.9461961020215794,1.068213153984998,1.044073004623937,1.097065426530961,0.9359504090017984,0.9121101044288846,0.9585226135942876,3.7558733550886e-4,-0.01536761833614722,0.01636522344074796,0.00198148145046391,0.00107105291094455,0.00291757761599824,100,100000
0.05,-0.00719953279197911,0.024540925599255147,0.03705375055620783,1.037748798914238,0.9676589035992539,1.051537125947977,1.027317322368588,1.077902527341903,0.9447466545628322,0.9258070648227156,0.96518700165115,-0.00760085213968805,-0.02253795159878154,0.00848405209312132,0.00133968059755547,6.6371493798835e-4,0.00208116152961261,100,100000
0.1,-0.009558098550358407,0.03211157637403985,0.05609874763873339,1.0411892994787209,0.9454457707432669,1.05382910229843,1.018852072563006,1.089798189344883,0.9315200320011722,0.900945547669944,0.9570867724290344,-0.00995789757227474,-0.02388985707483231,0.00544603354579971,0.00177284262852192,9.4789249914661e-4,0.00288436292430206,100,100000
0.2,0.006463265477835577,0.027801013779356263,0.05914501209473291,1.0609290771336588,0.9705062292780359,1.071929568296631,1.038608293484336,1.110016246953264,0.9536473608099534,0.9246391008152798,0.9734363381728012,0.00606013443826317,-0.00939551308677733,0.02267389280270661,0.00152243251392178,7.244570372842e-4,0.00251969489621669,100,100000
0.5,-0.005376292249767799,0.01898116412719854,0.03305282878924237,1.025817177104723,0.9674874470485023,1.043601288025583,1.019144476103591,1.06961239574564,0.9456890374664996,0.9110169897748576,0.9735602986468684,-0.00578654792900968,-0.02017315695308437,0.00975403410752277,0.00112438746568354,4.4045493810531e-4,0.00190036155822607,100,100000
1,-0.0035643855832174606,0.03536088055450939,0.06092359959690181,1.0504772363752939,0.9408951217966455,1.065337242868324,1.030866600681165,1.104517935718905,0.9308861644868536,0.903546308829304,0.9575997103240318,-0.00400044645772227,-0.01873387095662452,0.00995102168774413,0.00206416070960162,0.00113632711397038,0.00321269482515633,100,100000
0.01,0.03655140303599384,0.16522028579464698,0.31202232346393005,1.3661851906748979,0.7955613099679308,1.368131554766144,1.33406226726265,1.404583003824978,0.7939322384626784,0.772946806509473,0.8156462297525614,0.0362002183257849,0.02319996617623249,0.0485931611954863,0.02795975714624642,0.02392977285883672,0.03152676849037311,200,0.05
0.02,0.04338134650630426,0.15899968638886627,0.3058636434208983,1.357797149350079,0.800271680623312,1.35989971362731,1.318194770076019,1.396578952416714,0.7984931713830649,0.7741634969304605,0.8191231122073115,0.04302014545572472,0.02860074977753733,0.05420337530049178,0.02597221026822718,0.02203009354072311,0.03017941566865857,200,0.05
0.05,0.019660219818854956,0.15584067413426012,0.289645121694931,1.3359533030476312,0.7881304626078732,1.337751711673749,1.305645902498564,1.368580185783861,0.7866481550966141,0.7639303252898484,0.8041280321809444,0.01933361648726997,0.00910937429266678,0.0311875575001286,0.02490713135807853,0.02168241233586003,0.02863045028425347,200,0.05
0.1,0.011401481473955937,0.12356284384463131,0.23001676486834874,1.2586211103698206,0.8267458247000572,1.26088535669642,1.226073228862617,1.303464351323432,0.8246220381694479,0.7975012317689542,0.8469778030855455,0.01104219023977083,-0.00351587205407169,0.02641060706959624,0.01593969493485834,0.01264970577570169,0.01895033341195262,200,0.05
0.2,-4.972340253455481e-4,0.08205516024910715,0.13894413154505275,1.1444041164068406,0.8702766481117932,1.14851752040516,1.110732161036209,1.182344592079104,0.867109249541615,0.8383534894894906,0.8991175533719982,-8.7997717852586e-4,-0.01274011892317415,0.0097558709813845,0.00746892324697258,0.00512207598740661,0.0095745840664601,200,0.05
0.5,-0.0037133812051946173,0.03103477928833273,0.05172421318588152,1.0408229206061261,0.9495907153321476,1.058237689363651,1.02915219552325,1.088762467633957,0.9354662157338922,0.9093133067115118,0.9585109914833504,-0.00415078086835246,-0.01750760510205504,0.00844143556612451,0.00179479692017455,9.1084196233297e-4,0.00283761934290924,200,0.05
1,-0.012115569779136273,0.04816393319873987,0.07199603950310375,1.0729867501519892,0.9305345811832284,1.08052081151419,1.049947057558393,1.132801344817442,0.9153826646211544,0.8942341186216236,0.9462788490556364,-0.01257935424563328,-0.03294955237129935,0.00319433316025942,0.0031713173396430098,0.00169706099264689,0.0054830749971153,200,0.05
0.01,0.02422173178719903,0.14909358530075661,0.28045777888141066,1.3237356518825845,0.8028740496543829,1.325661275205383,1.281067088554806,1.365867854844191,0.8011405175859551,0.7759904001456728,0.8219058189207618,0.02386712935953569,0.0093970185753388,0.03623186680695501,0.02290134867756084,0.01917925733734586,0.026808393310984,200,0.1
0.02,0.017029766412522306,0.13402006690340115,0.23896911889797717,1.269939318852628,0.8075054505690158,1.27251237737018,1.235624519416313,1.306128868329799,0.805671625458172,0.782744163463686,0.8289980003290284,0.01666865793518167,0.00582239030862614,0.02937470254775981,0.01865298710504331,0.01595274872249203,0.02202146430289341,200,0.1
0.05,0.01741043212477244,0.12037909014560816,0.20725300768023983,1.230293806188662,0.8214365998707298,1.232950211125757,1.200524694867387,1.283583336722918,0.8194694608582038,0.7927476909321212,0.8373508579173594,0.01704307084130764,0.00668328099035557,0.02902102589636048,0.0151898001667047,0.01257896451402335,0.01857645185666281,200,0.1
0.1,0.010595726797631164,0.11163374745371644,0.19668903283199318,1.2024904142187045,0.8214460363472139,1.205482953100034,1.165382268773754,1.244563624829512,0.8195593562734735,0.7929802434945977,0.8459679866107721,0.01022863598222387,-0.00473863778992895,0.02497395842475859,0.01314593581179975,0.00999443659708612,0.01607080766793233,200,0.1
0.2,-0.004529349926385458,0.07290658516094689,0.14232200990097857,1.1084938254220367,0.8673419188281856,1.11296488930393,1.075649052846651,1.16198721954955,0.8641113039491048,0.8301849759014938,0.8994999197026836,-0.00491324944047236,-0.02076353841305729,0.00954088985462827,0.00603159808374306,0.00405363983298972,0.00810128086731622,200,0.1
0.5,-0.012981787303655104,0.02912145817992413,0.05160741332047941,1.0343278285763957,0.9497016338773949,1.04597991468476,1.020772076991215,1.074335953643105,0.932900624903317,0.9112399358773724,0.9593292444235948,-0.01337800314949446,-0.02871769458559552,0.00302084246413988,0.00157750436588263,7.8772105656254e-4,0.00254567569734764,200,0.1
1,0.006383681391687384,0.05918906668013354,0.11364146415983914,1.1203503671060306,0.9244003268654785,1.126397127642687,1.082721303493746,1.171762216610352,0.9179965210810476,0.8922977289719806,0.9416883859636443,0.00589891702507404,-0.00715483098282827,0.02563640372197479,0.00440373729422892,0.00278724006613513,0.00644819878479398,200,0.1
0.01,0.01746318150458443,0.10852470718598221,0.2000243486369689,1.221432498014582,0.8515550521805474,1.224071314029128,1.18794475418711,1.26089888499817,0.8492699378460764,0.8266195862383656,0.8724484313387346,0.01711893687530859,0.00611567989985966,0.02783422030007964,0.01243185574051,0.00974959615290492,0.01491303178192263,200,0.2
0.02,0.0019344568966034221,0.10968337418631756,0.18816396908891986,1.2070314149658616,0.8348378083770731,1.209590705734762,1.179496184255894,1.241861660591817,0.8323620657187295,0.8064939999212732,0.857616409537735,0.00158557792812001,-0.01181896225196956,0.01479974150535632,0.01269336402698567,0.01018630076720475,0.01589240298232579,200,0.2
0.05,0.01623290874625522,0.10125077326342734,0.192637479859957,1.2124431787683723,0.8608029646464046,1.215230577500191,1.184809713223267,1.247779855795205,0.8582868266771829,0.83453274374781,0.8879367217715903,0.01589388839591077,0.00160811856591263,0.02713109409901684,0.01090200693970584,0.00792085568361634,0.01366387837622066,200,0.2
0.1,-0.0017404804108813669,0.10505449808717837,0.18096622852600938,1.1928117177414084,0.8344635392836499,1.195488260625148,1.16363483976209,1.225603930257701,0.8321251044587414,0.8089348145096621,0.8564624810929471,-0.00208026526472555,-0.01342920715182131,0.00853924377531061,0.01168101277520361,0.00941751396421939,0.01397388076935258,200,0.2
0.2,-0.0037305842425230484,0.0726058768816874,0.12586083729842115,1.110886577844299,0.8817375432244325,1.116090425134363,1.085796834486955,1.155630831838224,0.8773353894589168,0.8496082460459302,0.9044349761226622,-0.00411759025517946,-0.01658982092434861,0.00837137509709241,0.00601189677857762,0.0044835961294122,0.00777464113110567,200,0.2
0.5,-0.006929231757867767,0.033293845441176015,0.061554714655815315,1.0464558781727846,0.9403014960591962,1.058498257281855,1.031110042736188,1.086897959769397,0.9302153759356724,0.8998714916405774,0.957618799351176,-0.00733448887506604,-0.02267089130861988,0.01017758688494026,0.00186369896075974,8.3704457758275e-4,0.00306167435808105,200,0.2
1,-0.009636633490934174,0.042331672804099656,0.07018563554612185,1.061430488012085,0.9322207505344,1.071546144371948,1.03310626212559,1.115321209512486,0.9201534167477216,0.8935521143589775,0.9399236745748474,-0.01013057677230008,-0.02691531360947742,0.00778443233625724,0.00270810775982631,0.00151078644885186,0.00457751108186343,200,0.2
0.01,0.023803936029914565,0.09121449835629769,0.16112005138238414,1.1748259998335586,0.8688147624539958,1.178977811300443,1.142098275582912,1.220191175268155,0.8661386143959912,0.8458900358957976,0.8928094025382793,0.02343065076031781,0.01039042428396328,0.03627413156128644,0.00902387419425797,0.00681995164531935,0.01101764556819864,200,0.5
0.02,0.0032412278465673303,0.08477165690451051,0.14184570120462214,1.1508683286993808,0.86775513972938,1.154518128848223,1.128161142264233,1.186948176602298,0.8646511949895138,0.8428685844555424,0.8921949932315709,0.00288841520277846,-0.00746572273156554,0.0150411065975423,0.00786493325634824,0.00602759331800757,0.00999399411982946,200,0.5
0.05,0.012546178607989502,0.0739651941112882,0.1368294074138134,1.1466325248270808,0.9007010155741312,1.150975361992382,1.123991862491583,1.183318841440523,0.8965652832793772,0.8735547788067066,0.92943023961098,0.01218553135446292,-2.9661692209739e-4,0.02367628476524531,0.00615923366210419,0.00428207851360735,0.00803184136614112,200,0.5
0.1,0.007498611485746619,0.07367659367359797,0.13139112926700963,1.1404137432834136,0.889840528133182,1.144254596402754,1.111235609954411,1.183222650225962,0.8865677497246283,0.8623572646839202,0.9158875844818286,0.00714512246621961,-0.00601514688102133,0.01988482781143706,0.00609113616489439,0.00420693385524682,0.0086871057436774,200,0.5
0.2,1.4803587352785995e-5,0.04471331195234909,0.07657840816424202,1.0795868354405953,0.9287984673462633,1.08617521108051,1.0596040281778,1.117302196991899,0.9216815098679824,0.895229869308477,0.9517777758334603,-3.624993012274e-4,-0.01241823095341632,0.01054972209788248,0.00271756896451121,0.00158797778760993,0.00359061421974955,200,0.5
0.5,-0.0037443021706807093,0.04069816871103596,0.07589645501508742,1.0537107839480282,0.9269121786981382,1.066153671401746,1.03676359552538,1.109616357975393,0.9204496379923576,0.8940479056184747,0.95328942989598,-0.0041436637210852,-0.01824542014629939,0.01155302431063068,0.00239522880479393,0.00124894119920256,0.0037645596092418,200,0.5
1,0.009772636932935976,0.047483103613553644,0.07720594962007381,1.0669194348635433,0.92569918657749,1.086931106248645,1.052405126401592,1.132916387367476,0.9189769755903936,0.8936598924486425,0.9541806108370788,0.00928693327996703,-0.0094553898365915,0.02949460702440786,0.00314093697590449,0.00176333449879348,0.00536400276151367,200,0.5
0.01,0.008786703618358234,0.06652703592757951,0.11853090433390455,1.1258416669511568,0.9099151179012096,1.130777004699094,1.099665281836583,1.165970100044451,0.9048383244672942,0.8796534359677939,0.9319868948603226,0.00842082580170302,-0.00299680668899907,0.02320843325938757,0.005120094051667,0.00342148379637166,0.00667223503015922,200,1
0.02,0.003010548430757669,0.06662233558257649,0.10562097276137436,1.1114005455838272,0.8998881887344378,1.117277039817899,1.088293774187848,1.148201315679734,0.8948072671444084,0.8689916810960662,0.9281081983298852,0.00263522374235699,-0.01285054161528745,0.01429694031173553,0.00515568832079352,0.00367629902756105,0.00679306201997294,200,1
0.05,0.006874866572364905,0.07299493064699988,0.12217050442319023,1.1276159667953884,0.8849974596562963,1.132172399972593,1.102138029465414,1.163544262109599,0.8817401888837167,0.8581037242286778,0.9033749053427398,0.00652818760040249,-0.00660007773605983,0.02073985110615043,0.00598269438459275,0.00443753829834393,0.0079514027355019,200,1
0.1,-0.0016145358432090695,0.0626997256288837,0.10437385410564302,1.090301827536096,0.9008884336165363,1.097498798554966,1.068070917799187,1.118833028603328,0.8962181812380647,0.8708742133971643,0.9220612330813313,-0.00197355431442273,-0.01450696986996041,0.01046168867280713,0.00460759736776018,0.00301656698006268,0.00647481920007403,200,1
0.2,-0.007642645507578738,0.05629936008257236,0.10657928080146968,1.07100698314773,0.8989037795240666,1.078176502594588,1.050047317330085,1.107711469631228,0.8948043425896001,0.8647335858709317,0.9238633839083068,-0.00797577188505916,-0.01879581878485028,0.00236058300451695,0.0038019351999529,0.00245969874361046,0.00552546448404337,200,1
0.5,0.005933059103523417,0.03545147150107086,0.04978731611117562,1.050844700112727,0.9514317571895698,1.068491030300625,1.042844975186299,1.101257529060008,0.9398125921192434,0.9152626843219012,0.9627693368095264,0.00553456396903302,-0.00825708478562763,0.0221859171664748,0.00200160973743696,0.00107620917804757,0.00298566249216913,200,1
1,0.01087152792900694,0.050872672828589934,0.08703462121361412,1.0909344485390546,0.9217054963475204,1.100235872902544,1.057297748702029,1.14467520187575,0.915911502278844,0.8882722664960865,0.9491225006014248,0.01038107637413682,-0.00778137004258117,0.02887876526399297,0.00347667329233657,0.00200649170918131,0.00535729563501824,200,1
0.01,0.0027063857600247133,0.03327173287942872,0.06082259455787461,1.0489300989092736,0.9409901617448191,1.062602035420543,1.036495737714906,1.094144134181937,0.9334178838595748,0.907069261035348,0.9668306747176258,0.00233055809409869,-0.00978495222309071,0.01370922477447073,0.00182380616933216,7.0027500068184e-4,0.0029671652028078,200,10
0.02,0.007577535231809925,0.03397864323069454,0.05358107042653881,1.0550425210477947,0.9555772876448736,1.069358701604957,1.049351045626254,1.096506380782524,0.9445283672128668,0.9211598172574064,0.9696856976211268,0.00722454698509076,-0.00453358988872273,0.021032521091608702,0.00182431574076053,0.00101821002641158,0.00273108147375247,200,10
0.05,0.005091824885470293,0.03739276611438331,0.06350679886236035,1.0655667304183751,0.9511939851650479,1.076958917308344,1.049219770613734,1.107258278453963,0.941132869803516,0.9105824025246452,0.96584475140662,0.00472832189920211,-0.00661038053453428,0.01841236343937156,0.0020890372955808,0.00126372800777755,0.00317925573447127,200,10
0.1,-0.004387937163729288,0.034391414354280024,0.06102122542300454,1.0476325723559887,0.9408032706167007,1.058962935201864,1.033773996359716,1.083349412317198,0.9304165030163964,0.9024721613816528,0.956367854479015,-0.00475944088761206,-0.02011986870387186,0.00630209279694786,0.0018876558102947,0.00100088546304947,0.00284011251614187,200,10
0.2,0.0018786726040762331,0.028067302223075845,0.045897078325817665,1.0469666498511399,0.9608212159478666,1.061788394674972,1.03652258911021,1.089200548662614,0.946907622084127,0.9177946489648938,0.970513534393747,0.00149475173433696,-0.01175168084961473,0.01463636509232904,0.00151633492840752,6.9238134605897e-4,0.00254422710199714,200,10
0.5,0.005287543492811073,0.027350910164891606,0.05235179646439247,1.0537463815661894,0.9684901799388914,1.068091715088917,1.044237581573117,1.094741956761337,0.952812010391914,0.9285216704962788,0.9802958683756856,0.00487169423878931,-0.01035925048215721,0.02040565486860642,0.00151927410162512,6.7504619589449e-4,0.00246761960401405,200,10
1,-0.004574971686819636,0.03149107247281947,0.04916850140765177,1.0503973292576183,0.9593688927182157,1.065339285968524,1.032780438139671,1.100774204610999,0.9371031876847892,0.9030405407607868,0.9674604574002806,-0.00508617791927339,-0.02453592108055618,0.01501909481426268,0.00192406138885805,9.5396017887763e-4,0.00320421622291071,200,10
0.01,0.029160435451291742,0.12372278541308424,0.21711646940487864,1.2424888056425964,0.8178243816672295,1.245260008633156,1.209655900608425,1.285014614056833,0.8160257596255951,0.7897550168993955,0.8399206129640213,0.02881106004493707,0.01644828735676643,0.04048309173347522,0.01597496110556228,0.01303437223198682,0.01895875770078947,500,0.05
0.02,0.020320351575916176,0.1243429635976719,0.2370212675191639,1.2674680733901835,0.8341260878089181,1.269886759672511,1.235515681198805,1.29965113779008,0.8319818031207418,0.810826685358411,0.8555201028246489,0.01997883219003676,0.00773095757079663,0.03019406857934991,0.01611341805622231,0.0134104313926192,0.0185839612059206,500,0.05
0.05,0.015002312163223048,0.121361148782539,0.22320492909451634,1.2500767245799513,0.826000741193988,1.252404185202692,1.21877198324876,1.289620511333376,0.8240349486292713,0.8046685335294158,0.8493040770363149,0.0146628840036933,0.00381254417886642,0.02563208633792781,0.01537854047357352,0.01213940233046809,0.01821067597563993,500,0.05
0.1,0.006097497155964458,0.09192256723894814,0.16785616275583776,1.182766472542108,0.8651413567883559,1.185695782413352,1.154968729639218,1.22104408212972,0.8621702752654167,0.8356501260627733,0.884679666830319,0.00573424946731108,-0.01032868734167051,0.01647385737787384,0.0091401850061133,0.00685129926127207,0.01174377500622174,500,0.05
0.2,-0.003943111458655931,0.048362609773033895,0.08073616983084948,1.084084844545933,0.9273571191277061,1.089954323988858,1.061008576653067,1.123526450686289,0.9195940397588038,0.8998926142916874,0.939721484399901,-0.00431366591664749,-0.01363935848807986,0.00877872223627648,0.00304763203266692,0.00165989215487445,0.00469881298132784,500,0.05
0.5,-0.009370121014117924,0.037337183589798775,0.08156213962335875,1.0307855033944129,0.921675435509981,1.049110055949801,1.022864695858108,1.074129778650691,0.9149424244807364,0.8870438571047505,0.9411892572212746,-0.00976290116397361,-0.02523356812363148,0.00379977708993135,0.00212680945843261,0.00104760266325288,0.00322757962490255,500,0.05
1,0.001353022217774732,0.04268651631991726,0.08074924095552659,1.0515052321821627,0.9224249688497328,1.071049780422157,1.036533993984287,1.126079984997052,0.9160094366925026,0.8846917510737726,0.9478874620529334,9.0115830319579e-4,-0.02182293182145998,0.01557268375499447,0.0026486901063732,0.00139559355965688,0.00448785310626315,500,0.05
0.01,0.018280252227104554,0.11539940122291086,0.20404500424888714,1.2263533433253986,0.8300056781171554,1.229438497830861,1.191399480229249,1.268335029871972,0.8278032524345322,0.8018761985793181,0.8497468334910724,0.0179272147579621,0.00398015612331633,0.03232905640903971,0.01397456219349089,0.01159451401453125,0.01650598803050064,500,0.1
0.02,0.023235421177634663,0.11169945165555456,0.19693026752859635,1.2176591273650559,0.8347926863433455,1.220774890404591,1.190507129678791,1.26453530060134,0.8327946827782706,0.8154530971319405,0.8556903711304987,0.02288255439716117,0.00583380501233829,0.03277898633692374,0.01314545277878675,0.01070534791364576,0.01556859288008339,500,0.1
0.05,0.005575555591798572,0.09623947019214171,0.16492128408080176,1.1793002853517347,0.8510391546564097,1.182448725451085,1.142073369994604,1.221192491412314,0.8486899437680856,0.8219728491889682,0.8737715229020412,0.0052214948571298,-0.01003243349874113,0.02011378236880389,0.00992036498731818,0.00769450975648927,0.01302232536143365,500,0.1
0.1,-4.894504099728995e-4,0.0762912531451755,0.12670051498995388,1.1349233590725287,0.8809974786309472,1.139030252790288,1.102286161682927,1.175517405946839,0.8772863933771368,0.8549001300915988,0.8975000491136492,-8.6152225592746e-4,-0.01447682178347853,0.01235784902194208,0.00651889966535909,0.00475413037709831,0.00865222624709746,500,0.1
0.2,-0.0013875726465636237,0.05743297917719346,0.10166614566461839,1.0908707286983579,0.9033310823305378,1.097692046612891,1.06682481980206,1.125871501411535,0.8987606858197146,0.8671279449309863,0.9225271879153124,-0.00177021497181401,-0.01514272232051765,0.0127426518832859,0.00402478085727653,0.00297117300430181,0.00540174703392225,500,0.1
0.5,0.00664256145014408,0.02421675807445173,0.03801703499008709,1.034500419847565,0.9626965412254792,1.058938221496054,1.033053990862763,1.082749483508264,0.9496863534524684,0.9216546678753252,0.971986226147062,0.00623112511608621,-0.00899578134083859,0.01889855614170614,0.00135965150383324,6.3404504008813e-4,0.00213340798536146,500,0.1
1,-0.0023175092650084637,0.03429348022372832,0.054467423081242666,1.050488879863549,0.9469893583507226,1.065842438114027,1.030065021907959,1.102431187524433,0.9318448288538298,0.9065632177522503,0.9591194843667948,-0.00280604727936854,-0.02127479674776223,0.01626566146634425,0.00207371431864273,0.0010924325326668,0.00324289196539264,500,0.1
0.01,0.004782592973999294,0.09340787133486536,0.16392931709693076,1.1634986134262497,0.8488020155505085,1.166925636724878,1.13514361427532,1.197026998383109,0.84611545456386,0.8205246292819717,0.867411932539765,0.00443379340713933,-0.00821070763769962,0.01611525355015295,0.00938953216311104,0.00743769441826006,0.01205861451694061,500,0.2
0.02,0.009262246849429327,0.08750112972188889,0.16709312165962734,1.1818643173508536,0.8863597023435078,1.18504600955391,1.145144404837709,1.221099889731041,0.882556142860371,0.8530263679836182,0.908718597557224,0.008893917540474,-0.00576418223097687,0.02058703093556426,0.00835496829987808,0.00585564786342879,0.01091435789773261,500,0.2
0.05,0.011439308210597944,0.07838120159969249,0.13682407683015785,1.1466264126227759,0.883371576046635,1.150970771289398,1.122382646751352,1.186696463932714,0.8799221129001176,0.8541837493417902,0.9010618902109252,0.01108813696651001,-5.019180541014e-4,0.02105139915596361,0.00681831151908333,0.00517004218127331,0.00882666136782971,500,0.2
0.1,0.0034184670908693916,0.06361898919924538,0.11183263080834936,1.118325671716975,0.9000621491118136,1.122819467876917,1.094327214774685,1.155310075443483,0.896131834344465,0.8690738524354011,0.9294629846368836,0.00304550264957479,-0.01055846731400758,0.01864870959158215,0.00474383350458822,0.00342013578313635,0.00698238678609034,500,0.2
0.2,-0.0123218892736771,0.0546092278814853,0.08924502258653656,1.0933485185908487,0.928146034859388,1.097933509362214,1.069181743728418,1.132156856034227,0.9142680590866856,0.8877483759778749,0.939107687699834,-0.01268636176720419,-0.02544207250350392,-0.00130692981734664,0.00367705713099721,0.00251222848456171,0.00520055920709286,500,0.2
0.5,0.0015812582712884818,0.035397906591623306,0.05609181047133343,1.0576947867359041,0.9562127538695399,1.070966606920867,1.044628221828474,1.107790679985146,0.940634033891467,0.9161342731775242,0.9597474836002104,0.0011692583053984,-0.01161992840837051,0.01697092681692245,0.00202263928805828,0.00105488833048489,0.00327287609526539,500,0.2
1,-5.649258843330585e-4,0.027756248043549186,0.05205481320734958,1.0323146365799,0.9492768325089658,1.056345268974739,1.026775315643489,1.084028726681119,0.9378185223132096,0.908470778501584,0.965672467716886,-0.00100841954047661,-0.01759452104448378,0.01219461053288011,0.00160380612337015,8.282258103809e-4,0.00289506392755577,500,0.2
0.01,-0.008043887030312532,0.06939542719555059,0.11766568165971024,1.1219633789629426,0.8889932096737092,1.125741733009807,1.094484652899024,1.159901315387674,0.8848214759052386,0.856385377822599,0.9047837842333432,-0.00838485529618908,-0.01839830347016354,0.00205712791738982,0.00546877712664525,0.00404636821986616,0.00713699496612162,500,0.5
0.02,0.007806150054189572,0.07253062734854177,0.12817826190993026,1.1192215677616655,0.8796965487796744,1.124355337277918,1.092667638200451,1.154629530841741,0.8765905688750268,0.8422030623008719,0.9034779207786724,0.00746000915054021,-0.00426857752025595,0.01717460042601961,0.00592330275249774,0.00420005546844516,0.00808997520522268,500,0.5
0.05,-0.001829322930155373,0.0685252647061892,0.11520943634010757,1.1173004992566622,0.8911794789918464,1.121530709835479,1.090133889593381,1.165511649352551,0.8867485283370925,0.8590904288218195,0.9133114515941176,-0.00219465611857373,-0.01691762965061704,0.01023188142300293,0.00538698459366249,0.00356769882447545,0.00756078126960849,500,0.5
0.1,-0.01049963749964187,0.07409897216940586,0.13622978270461966,1.1131797279456417,0.8726420913892392,1.117351737343007,1.078457557760005,1.147913008459529,0.8691896107229035,0.8463033912958808,0.8932942687491188,-0.01084829621536429,-0.02243801116513588,8.594175075523e-4,0.00615396561059756,0.00458789165848978,0.00776065925015547,500,0.5
0.2,-0.0027719736212756343,0.05737449365255537,0.10711402611614006,1.0821835729836435,0.8984232234386356,1.089427816068581,1.063543580169473,1.118666345877544,0.8942285032285594,0.8671984524317728,0.9245623270111558,-0.00314428349471342,-0.01691001771968755,0.01117264066881553,0.00399322507988126,0.00267370301937292,0.00556860902262689,500,0.5
0.5,-0.0024340237468294806,0.03160036046765251,0.04160886629034404,1.0361798297431284,0.9592449002230248,1.058044236460619,1.033991627870514,1.085360354300638,0.9402199146868854,0.9187226387515268,0.9635155619840632,-0.00283035356251516,-0.01863886624365297,0.0158336510609549,0.0017294510101509,9.7761941232866e-4,0.00276151455809484,500,0.5
1,-0.010954015024149248,0.039237045889038806,0.08488780649905521,1.031751722944838,0.9186153412913537,1.05343050047278,1.022058843457989,1.093076428954064,0.9111667614666203,0.8728458686054658,0.9436304106008004,-0.01140706134118794,-0.03382434886148925,0.00488447733395795,0.00235731836931177,0.00127913802681212,0.00415432082288821,500,0.5
0.01,0.0032389195920015145,0.051847318165677767,0.08997895510601318,1.0875152746017067,0.9139504190585193,1.093758177939042,1.066754241861229,1.12058414492705,0.90930288376163515,0.8786839802386596,0.9390412049775784,0.00289007838409928,-0.00856213282832225,0.01417715772201382,0.0033515874140678,0.00215132703407514,0.00508722882344889,500,1
0.02,0.005388298244170258,0.06367604635308796,0.11426706473792349,1.1210514782282444,0.9044225276716955,1.125485680787534,1.086282956508012,1.150182253666369,0.9001301785771147,0.8706801293838027,0.9260025147009,0.00504278514007161,-0.00786918752791163,0.01756574534622247,0.00471044188055587,0.00332887119550707,0.00668577705462105,500,1
0.05,-0.0021573904789225764,0.05183954999705931,0.10255134816126428,1.1079941939136912,0.9482099193446818,1.112018573202143,1.081508502471558,1.142822870556365,0.9323932818138652,0.9123962941845594,0.9537365567893816,-0.00249652793033704,-0.01263915099012074,0.00976997758858625,0.00333420589024262,0.00211930555054886,0.00471394757249713,500,1
0.1,0.0026577806640361245,0.05426866919290396,0.09698387405554129,1.0805362409912682,0.9075706414490246,1.088446687297955,1.055296881318835,1.115862074550551,0.9033207378583706,0.8757171368301677,0.9302273174560488,0.00229713960545236,-0.01263376317657189,0.01470681067273466,0.00362191186396014,0.00227017099127602,0.00501780811981141,500,1
0.2,4.696536289916583e-4,0.03883478679807559,0.06086475212495222,1.0627551690884895,0.9433754329464251,1.071932719321061,1.041514034459761,1.096021703885079,0.9329044519663444,0.9085734243887692,0.9534655390058686,1.0335954592595e-4,-0.01299567628561574,0.01354767855269246,0.00220319834303173,0.00134672056252342,0.00322462041836279,500,1
0.5,-0.0034365326342198493,0.03227467430483827,0.0558930778520738,1.037088477389953,0.9456402403708117,1.053636676335889,1.031730777906873,1.081977097549802,0.9335596612614664,0.907324709601692,0.9555320577107652,-0.00383730909585194,-0.01785165012703997,0.01271083796675229,0.00178255191858111,0.0010375128908303,0.0028447200464941,500,1
1,-0.006419730379607921,0.04038235771273278,0.07386443797201182,1.0469141679011074,0.9287975949929544,1.063273579895992,1.035910146683894,1.091116210038899,0.9187128815700928,0.8934559367807019,0.9518612124518258,-0.00686687728413606,-0.02251590410925932,0.00818178337053553,0.00245969375528452,0.00138951843577863,0.0036829457795572,500,1
0.01,-0.008636506806405047,0.043412949824775095,0.06945289813668652,1.0719215705123804,0.9420738200681253,1.077767301374869,1.054170805476772,1.102890771215539,0.9287264470041598,0.9022988446937132,0.9513843613325726,-0.00897960810596185,-0.0207115972623003,0.00158740826376536,0.00253943578412543,0.00153981819167158,0.00378522508516781,500,10
0.02,0.0013338595496337586,0.03423180678583249,0.056259748479605035,1.0469140728562878,0.945293565432099,1.062502350590407,1.033713786905564,1.096090864497071,0.9367709285344772,0.9069935980047942,0.9660357124081872,9.7883446604231e-4,-0.01014764492911942,0.01413091157851547,0.00184503349714101,9.7614598110236e-4,0.00287809118179815,500,10
0.05,-0.008834942532930903,0.038340851687614634,0.06924209279402206,1.0579446666331458,0.9331007557629143,1.065745257880815,1.032980310456976,1.100358384617444,0.9247548352406266,0.8987376572617207,0.9476510178710752,-0.00919241980177257,-0.02323534754911084,0.00178965073912904,0.00214634863910329,0.00133909604930933,0.00330750730151805,500,10
0.1,-0.006380245785924674,0.03250957504149428,0.05962410792665851,1.0435950082629555,0.942118601948954,1.055735156433365,1.028972145972878,1.084224123123135,0.9318241282383792,0.9101377709372068,0.9533401124106928,-0.00675776850052073,-0.01761433351674668,0.00547782152112847,0.00177459782043044,0.00105534733763478,0.00265456593878063,500,10
0.2,1.4766563342859568e-4,0.02056268261112133,0.028796976083925906,1.0281161646786723,0.9716137052629816,1.049363326308613,1.028022206933397,1.07180550036466,0.951789996128417,0.9273068417480976,0.9742994946975888,-2.3304082606887e-4,-0.01186497925437677,0.01171625274947125,0.00115219712521009,6.1183140118914e-4,0.00198986950110701,500,10
0.5,3.263825312513247e-4,0.025123683718089512,0.042769777467427404,1.0436975844881031,0.9657915551531062,1.05786776378401,1.032510064637521,1.085059367407415,0.9478537439048162,0.930842548413264,0.9734171322045828,-9.433086991702965e-5,-0.01415700403332734,0.01787307650899728,0.00141118769672893,6.6012541534197e-4,0.00248602023915402,500,10
1,0.006514144967040661,0.03669654781718586,0.06303417665341955,1.0533908906057743,0.9389113842918096,1.074221564996303,1.039882318117435,1.122909005601415,0.931225399305486,0.9055382822219938,0.9626982875654252,0.00603301270901217,-0.01239953890679342,0.02109726895312303,0.00223534286786211,0.00119664814708248,0.00359089407558751,500,10
0.01,0.024978338573764317,0.10497302889766948,0.20827754981419302,1.2315549399622714,0.8655938370923908,1.234216363962738,1.195966158934871,1.272642958671005,0.8630443166436182,0.8366214819547573,0.8871459778051832,0.024632720585653,0.01146909728856102,0.03581507408497352,0.01167349414575837,0.00944469871319327,0.01404524689878722,1000,0.05
0.02,0.016751445750850517,0.10821875558530117,0.21432420091007282,1.239024282485887,0.8538121620914534,1.24117018357745,1.203716872765114,1.277624677346341,0.8511028085186961,0.8227547178951804,0.8787720058949732,0.0163962693531879,0.00667305471937006,0.02945404583201083,0.01239429986186734,0.00981855183512666,0.01459951853101015,1000,0.05
0.05,0.002144496018637112,0.08406489677069796,0.15235425436034483,1.16457271832945,0.8769394733931234,1.167823633577026,1.13921156361996,1.204395593172333,0.8738172726199427,0.8450206609210623,0.901039590172575,0.00178068217821041,-0.01001978648002302,0.01274039347638614,0.00775580767993006,0.00603720487995659,0.01010140625723549,1000,0.05
0.1,-0.0013156099987805929,0.0634214001051244,0.10785725828005475,1.113888735644122,0.9038157450865915,1.117765471667093,1.08277984645053,1.151302902197616,0.8988884327409061,0.8711801192901693,0.9269003318438468,-0.0016697580985949,-0.01620498887515309,0.01314412785282773,0.00468116571061419,0.00309554620370122,0.00649434836214106,1000,0.05
0.2,0.004294951060206148,0.048854010123454465,0.08363885592301341,1.0872361739943535,0.9261380455555996,1.094329297596322,1.064719760283993,1.136916842686182,0.9208191669803364,0.8965180212838824,0.9409558890288424,0.00391679466855777,-0.01280595391424664,0.01648830574099982,0.00309686802135834,0.00194494640434929,0.00462010320191739,1000,0.05
0.5,-0.008257644076082583,0.03544435592761095,0.07478830605258305,1.0320269905052197,0.9279399047989313,1.051348246713316,1.028530019428966,1.076817817061038,0.9201490513105978,0.8956932418844374,0.9512211064834588,-0.00865465192894233,-0.02283509296874118,0.00453182914846206,0.00200929001923719,0.0011343123655668,0.00364139043620313,1000,0.05
1,0.0012633369312353441,0.03707155792404047,0.061086312139209044,1.06299065922554,0.9448467158187384,1.074974136862999,1.046851131472973,1.118302375507015,0.9345634682082526,0.906329717920227,0.9642343023333222,8.1135121994991e-4,-0.01308632600125857,0.0188185804335029,0.00221589660636555,0.00106214719016939,0.00385792877845753,1000,0.05
0.01,0.010526480422079513,0.09629158320736682,0.17124197017127354,1.1867778791285266,0.8655007785047683,1.190225810019948,1.156849093192956,1.224067417271047,0.8630930873451885,0.8377166367938478,0.8936172885126563,0.01018280852037293,-0.00220374623883379,0.02209041315699256,0.00991993473238517,0.00701885135158521,0.01167269017810852,1000,0.1
0.02,0.007215399088099379,0.08966983315944461,0.15636639967626817,1.1692545390985905,0.8630339930854554,1.172748157047191,1.148194212898608,1.206358226124591,0.860544648230184,0.8390261678798774,0.8852314973107704,0.00686438443729426,-0.00666767929726215,0.01968999106269334,0.00870399150915736,0.00678265067840646,0.01078009370080528,1000,0.1
0.05,0.008981256006217016,0.07664633808781626,0.14575106865686938,1.1569081615003445,0.8927117222053955,1.160165328554652,1.127298525057778,1.1888537993395,0.8891323433919776,0.8661648937289146,0.9163967191124558,0.00863249473106403,-0.00117832780456547,0.02030326923214273,0.00654131616805008,0.00487426542616299,0.00836107596257754,1000,0.1
0.1,0.002709495043304421,0.06606604903636147,0.11878024070887054,1.0997355544122418,0.888002926214435,1.105975511457695,1.078548291740876,1.13092054192962,0.8847442632003998,0.856329990633744,0.9067790732497584,0.00235359234261829,-0.00895968707023134,0.01661810885167323,0.00503813907599171,0.00352752816020902,0.00670472598717124,1000,0.1
0.2,9.064329699292217e-4,0.045441945245920025,0.0754282559739937,1.0710769653106624,0.927346259701608,1.08022903372052,1.052699511792873,1.10988627663033,0.9216896874845106,0.8954244100830147,0.9497297055591324,5.3960210432426e-4,-0.01095799413724896,0.01263090251285436,0.0027597111383907,0.00154363670479861,0.00400190304086686,1000,0.1
0.5,-0.017806230457719355,0.026527434603708145,0.05878472724652745,1.0167461373828839,0.9429097300842084,1.036910239623761,1.010338843676513,1.068690060953711,0.9276411999873908,0.8996079598682205,0.9508863067446782,-0.01821172577836677,-0.03652101680340002,-0.00420680890601439,0.00146103080936511,7.6500555058543e-4,0.00239958893885974,1000,0.1
1,0.0065892573281733004,0.029332987971529067,0.044111511176197396,1.0443789274474888,0.9568472523611989,1.066830934095662,1.043014945421995,1.10300092252756,0.9454448397954124,0.9186409037914328,0.9731840091229268,0.00613628100135747,-0.00907765495588464,0.02303001357631014,0.00170601856771679,9.3017143841349e-4,0.00270834484041385,1000,0.1
0.01,0.009841298709917828,0.08371444682395873,0.14636039380670382,1.1576133095495986,0.8696338110251496,1.161160585935817,1.124634717708896,1.190506192846474,0.8672429231764298,0.8449095634488126,0.8939327702829281,0.009501328416568,-0.00445748514110207,0.02255576073533782,0.00764982531891051,0.00525204905542624,0.00982950953717977,1000,0.2
0.02,-0.0022368719009589074,0.0802278538459883,0.13700353214709973,1.1468321992932708,0.8816154973640858,1.150506206484361,1.116858380106911,1.188530487329552,0.8777229259765653,0.8550224810668678,0.901999040513662,-0.00258699217146497,-0.0116919483208678,0.00860892720317174,0.00711070880391918,0.00528071067314337,0.00941488048204596,1000,0.2
0.05,0.0025835143529058693,0.07570124089671876,0.1372922716405699,1.1471633828521757,0.8867967941941075,1.150381957305397,1.120382587827018,1.177732859461202,0.8831163801401403,0.8557200223889031,0.9087641322021274,0.00223971173265347,-0.01007549127067956,0.01314726943269497,0.00639400192310031,0.00488781907493278,0.00839324437272606,1000,0.2
0.1,0.012211913172360877,0.056809008008770985,0.10860572835689568,1.1147227601139258,0.9269486229855973,1.120531240024256,1.086818049195501,1.154768598465484,0.9211698122428228,0.8758397715566125,0.9494904801853774,0.01182632552225162,-0.00145710012799673,0.0236909992638615,0.00396126299687826,0.00258953704489331,0.00616717560105798,1000,0.2
0.2,-0.011927692499478898,0.05341469613879723,0.10598642042099342,1.0587954447353796,0.8994368619669226,1.068366560182851,1.044045276455634,1.096689219601395,0.8944534085357602,0.8687819345946322,0.9226881366497304,-0.01229164097449592,-0.02291095642277008,-5.963174435102e-4,0.00355301474899912,0.00233768488709396,0.00512646241311469,1000,0.2
0.5,-0.00953656775728672,0.020237555743281274,0.04230852978114853,1.0192378368518422,0.9585739863219487,1.041694706594721,1.017749523242828,1.078687888586413,0.9420372866650992,0.9162350506964508,0.964787668756782,-0.00995344519496014,-0.02617745581876562,0.00307256083235092,0.0011927935580824,5.1541949269408e-4,0.00191074991450556,1000,0.2
1,0.019618039809543634,0.04072629461185029,0.08485514356812363,1.0885593704507275,0.9555143434358506,1.099863768136567,1.064517422548189,1.148306544387668,0.9466952313860107,0.9202037451915784,0.9741851966948002,0.01916590772569358,4.9210587571359e-4,0.03817843102885089,0.00248945833513964,0.00115568727738131,0.00402507509799631,1000,0.2
0.01,0.009342847023272228,0.06160622485671696,0.10399097789763868,1.1095904440318578,0.9045814198858789,1.114705097926567,1.083904356677434,1.145768431282187,0.9005181540791815,0.873504444008814,0.9252581066919014,0.00899492224413023,-0.00175554584155348,0.01896066927312543,0.00446630958294957,0.00300554347386457,0.0061431662317465,1000,0.5
0.02,0.015505728548556653,0.055943454374676196,0.09994447138546698,1.10510955116957,0.9273379335157709,1.111887035523845,1.078415615000203,1.137250855921671,0.922108039725319,0.8959318876335491,0.95145605422558,0.01517861810256386,0.00394360148069,0.02526217499528563,0.00375660818816538,0.00230962384467771,0.00529646749130371,1000,0.5
0.05,0.0019954791255607915,0.058690013469078275,0.10589670834669399,1.1117070405176264,0.9153605333049051,1.116657257798095,1.08846927197382,1.149290411030482,0.9094409257583504,0.8828656089871425,0.9389271644190228,0.00162657112015643,-0.01306010179427597,0.01723522279469872,0.00413809088045703,0.00272254853894675,0.0057345128185113,1000,0.5
0.1,-4.972673874834367e-4,0.059595430197435434,0.10616329121976689,1.0957740872740145,0.8992777919185382,1.101850960223056,1.069737731847184,1.134435453209305,0.8953092183699741,0.8714536310502228,0.9257449040586724,-8.688412925532e-4,-0.01419283065199601,0.01546095518268497,0.00424873685009145,0.00281137156334194,0.00603176522502889,1000,0.5
0.2,-0.0039051793193338236,0.03456212193875618,0.05466033226446064,1.0561818028592505,0.9495065573752353,1.065190139383755,1.042898453244805,1.104251276463259,0.9351326033882098,0.9121013679691272,0.9577269171660774,-0.00427197303543072,-0.01609212261909568,0.00837660576402693,0.00189007817119899,0.00111407862637508,0.0028413483787349,1000,0.5
0.5,-0.0016632801481207304,0.026722179145407254,0.03930170573700052,1.0400842356982554,0.9629644207440965,1.054722169540403,1.028683055139159,1.082940949394561,0.9425417604940796,0.9111333276029404,0.9676873449770702,-0.00208789973649648,-0.01863820402590949,0.01174087502597695,0.0015058988558028,8.149838319727e-4,0.00257332992410616,1000,0.5
1,-0.0019103694892556964,0.03587210840607329,0.06474479460946954,1.0378983119859755,0.9373066385634483,1.063019452349709,1.033266942951993,1.094034834479406,0.9287990123654404,0.9031533738551338,0.9550715008240008,-0.00237901310378306,-0.02255714852903779,0.01437052785339097,0.00214900758238482,0.00118809917079298,0.00356515255663037,1000,0.5
0.01,-0.0016368630227134506,0.05396407453226006,0.0931509013182952,1.0976273561866057,0.9234717015798866,1.102479819129984,1.075165505972896,1.134379616529366,0.916386738845287,0.891953220557899,0.9402648449816756,-0.00198200811195553,-0.01274355613945066,0.01033071224893132,0.00357268660493692,0.00215555952242276,0.00460239981802047,1000,1
0.02,0.005658939422344506,0.04769395838274188,0.08299203456298726,1.077670938673132,0.9203584782484149,1.085701729007998,1.055846607520574,1.115812430880942,0.9154110523932742,0.8897890334533007,0.9427706731142568,0.00530519981066053,-0.00616718541621634,0.01846549493988597,0.00294631814138217,0.00188317220070741,0.0041398709307271,1000,1
0.05,-5.604184796725492e-4,0.042921538453248344,0.07628196105543275,1.0667085985032305,0.9265549173220142,1.074884079229748,1.045552308280377,1.108908335182945,0.9208465774791345,0.8990106951331946,0.9463179862077667,-9.0907393843121e-4,-0.01403621430654775,0.01042371528845288,0.0025014060956999,0.00140231602988244,0.00373778953469412,1000,1
0.1,0.0067446133048967875,0.045347271776132514,0.08758991551850699,1.0915404064522582,0.9483914729041591,1.097313758476007,1.072106845186948,1.121202650970343,0.9388688187626436,0.91327945680447,0.9602038403805112,0.00642015121793749,-0.00536715190352282,0.01575029775440848,0.00267732396875396,0.0017549810063179,0.00418946901514265,1000,1
0.2,0.01577147840859649,0.04281165988179917,0.08041030597299723,1.0837316380279949,0.9401857546197414,1.092078666810509,1.062295866535526,1.126661014663315,0.9333841866596204,0.9085347550053056,0.958900078386508,0.01540459300993335,9.2790468172032e-4,0.02770968563948208,0.00253192469169776,0.00159330496361932,0.00367853716622995,1000,1
0.5,-0.008276158002918903,0.032804471691158306,0.04926703784905515,1.0422380299759173,0.9519268952443409,1.055149146819772,1.029261178332891,1.081865581801204,0.9341733946838195,0.911012533170276,0.9602550196247356,-0.0086760629651482,-0.02220956857976466,0.00899770009363876,0.00182251681266186,8.8173103604382e-4,0.00280351351337899,1000,1
1,-0.003114068340535565,0.04400148070401733,0.0677854748606871,1.0637285003313164,0.9344609174348167,1.076166363321626,1.046460188441084,1.108847486322746,0.9231141216687,0.8915608615082127,0.952661209938994,-0.00356713698216879,-0.02025357918054542,0.01296131895377431,0.00277301989695295,0.00161172329362775,0.00440574764568689,1000,1
0.01,0.002073154275784154,0.03593321453875215,0.05845236522010254,1.0601944823609335,0.9446668318354557,1.070056541112668,1.043367753802106,1.099156548659541,0.9363874341533766,0.9122906532446796,0.961286602737794,0.00171341467615582,-0.01007237998734722,0.0145386429465362,0.00197756471904564,0.00107360703378304,0.00285663488965176,1000,10
0.02,0.0021452979392526154,0.03260563771325501,0.051517054301452044,1.0526371399396672,0.9497874518625569,1.065393555756517,1.043554261098917,1.090194418565402,0.9401228180964804,0.9133807195410804,0.9669853402187568,0.00178612295236229,-0.01002634560354192,0.01297049320971263,0.0017519483599837,0.00108181472494341,0.00271533652392783,1000,10
0.05,-0.004781836145346716,0.03453087212799507,0.051934255981559034,1.0492824555093359,0.9493912815890935,1.060848222354382,1.036258510544852,1.088417235917977,0.9362328861811277,0.9103227853334452,0.9613499198448068,-0.00513667450258939,-0.01872400854111157,0.00878206084852622,0.00186223215407672,0.00107649662416287,0.0029641296709436,1000,10
0.1,0.006354639659760322,0.02556746109863395,0.04610520442937941,1.047184573617558,0.9733010936069623,1.060571713517896,1.038204426463077,1.084189072282957,0.9547235066758206,0.9297019571161882,0.9769468038990105,0.00600150283761511,-0.00766218875773095,0.01652024949706483,0.00132149006597801,6.0363027522279e-4,0.0023194211530334,1000,10
0.2,-3.6290907903271014e-4,0.03834994631938183,0.051835069240671466,1.0500659902300051,0.949485453286356,1.066377215847622,1.045062453507138,1.094536341489669,0.9367440038987752,0.9137825785286836,0.9553080236448072,-7.10385069814e-4,-0.01413363536236921,0.01046828451237477,0.00213120956110836,0.0013532920574669,0.00310836036532161,1000,10
0.5,0.013120408783952289,0.0274023568305436,0.0481412403391773,1.0493188510090414,0.9721818997989244,1.070599218481101,1.043884380422731,1.104725699940816,0.958116338214834,0.935489079763401,0.9786576326055428,0.01271583542455836,-2.7079261090834e-4,0.02743452869256213,0.00151173440003373,7.7366129021968e-4,0.00257200352283081,1000,10
1,-0.0011674624731177136,0.05093971132652399,0.08856818442128613,1.0926087489659455,0.9283569519782476,1.099474678568823,1.060149655012135,1.144947490301536,0.9165224359711084,0.8775363999556671,0.948126832346888,-0.00164260460906202,-0.01987352436671649,0.01539604671661017,0.00347141394213712,0.00201220069040973,0.00499094571229718,1000,10
0.01,-0.006991126159578896,0.027350372476620286,0.04653739326942002,1.0318159573899746,0.9545288669475329,1.047290462310856,1.021266232009037,1.073176611134944,0.9386877595724192,0.9058259666069436,0.9639761972962072,-0.00735463650226843,-0.02115669915359201,0.00477899070590811,0.00143768212723765,7.3998718873837e-4,0.0023231202931539,1000,100
0.02,-0.003203229990889794,0.025148035102198617,0.03853980914637812,1.0349868756362504,0.9621933998794808,1.050470305815865,1.02901528532885,1.073488461702166,0.946587613198998,0.922405032341742,0.966339005041312,-0.00355482397486327,-0.01401865920679595,0.00818114303497481,0.00130670684931712,5.5913895399148e-4,0.00203727905273349,1000,100
0.05,0.006690173180575454,0.023832794322572244,0.0478591462709294,1.0490228861324018,0.9702379808606421,1.060877675678622,1.033314039420385,1.088131274438183,0.9550176832477268,0.9316697966963352,0.978810750738342,0.00633747616474085,-0.00773316230915741,0.02090822507469949,0.00123148984381064,6.6923831993559e-4,0.00199078381242134,1000,100
0.1,-0.0011255489763556687,0.029774682956448046,0.052103724416535234,1.0352054483502793,0.9492304033666978,1.055241080633945,1.030221797222805,1.081250532052028,0.9393785412225136,0.918851270025382,0.9598310244846864,-0.00148446647922507,-0.01480881876763051,0.01207602847929254,0.00156454470555088,8.3309999398358e-4,0.00248304598188563,1000,100
0.2,-0.0018830612254605063,0.03505937011562767,0.052374546569751664,1.0537703546800863,0.9502613979422814,1.065525541670139,1.030443006543622,1.110128622373737,0.9364251156453643,0.9126751411541602,0.9578142258146032,-0.00226052056173979,-0.01416018081995181,0.01098567240523862,0.00193526026794616,0.00106761598091213,0.00315114978126302,1000,100
0.5,-0.003700456678581213,0.023328578184598825,0.03913446046737751,1.0294459013972004,0.961621400390167,1.04806874275872,1.024111139412629,1.073820941467891,0.9444185130825916,0.9193929204547048,0.9671358297574236,-0.00410167181027435,-0.01859553728664922,0.01336403661881603,0.00128741415702401,6.6000683055311e-4,0.00214831349809548,1000,100
1,-3.3589520003213984e-4,0.025809929070637443,0.0399899288613033,1.0408002920955077,0.9640972659836833,1.05743744471409,1.031038914479855,1.092214402915631,0.94459199485394,0.9149214941872506,0.9792813398897292,-7.9158608788281e-4,-0.01626935568570502,0.02125290621969525,0.001495646811646,7.6510081600366e-4,0.00261518177059394,1000,100
0.01,0.0033669360561629,0.020480167691140173,0.02857139506562404,1.0289834725546396,0.9732028718156809,1.052718350099824,1.033084847522707,1.078394048435712,0.9551779616710978,0.9330842580798552,0.977290936673014,0.00299684790120931,-0.01021465887274643,0.01741769705299949,0.0011167628916259,5.2851291379987e-4,0.00166029256735726,1000,1000
0.02,0.004183971130600003,0.026435222718902873,0.036702325055868984,1.0373841715967749,0.9642088262683347,1.058163161203715,1.032637749928675,1.08391435491924,0.948466701233764,0.928996077755916,0.9705909662668306,0.00379895608604555,-0.00777396681592283,0.01908843327068563,0.00142315542211636,8.1361558530983e-4,0.00232382670411215,1000,1000
0.05,-0.0089397293966235,0.026703619724792092,0.04111783998267785,1.0381492736667655,0.9597160303637096,1.049829721116609,1.030465284126391,1.075205726407777,0.9404168216804144,0.915870141637417,0.965512280778354,-0.00931308713850337,-0.02175229414641452,0.00485321643561679,0.00141617340688524,5.8000223215949e-4,0.00226759286423541,1000,1000
0.1,-0.0077630401012836435,0.025139131234091776,0.03954931684443102,1.0311490055750654,0.9612225483587787,1.048593934978491,1.026319916156637,1.077050392161866,0.9416569027688908,0.921430281629545,0.9666861401100414,-0.0081492253655228,-0.01809799251368259,0.00592238164734679,0.00136552536466844,6.7199575338361e-4,0.00239555927612014,1000,1000
0.2,0.005555193897932501,0.03311182704014834,0.06836716687694686,1.0707583833238965,0.9679340305263899,1.079148134377877,1.048343413805063,1.115625380799726,0.9516149411653614,0.9336897602703368,0.973054548980119,0.00517840214907079,-0.00963237264121279,0.02012812560041909,0.0017930560535766,0.00108500627122841,0.00285817446347959,1000,1000
0.5,0.0031000720914852926,0.02280410187501946,0.04162927976812056,1.0259381165968597,0.959225318898434,1.053355298698469,1.03032155009989,1.081442595540152,0.9480806314021952,0.9269094017464644,0.96968385457772,0.00269731097357187,-0.00995705667707689,0.01557173336070438,0.00127677683809387,6.364763182528e-4,0.00216482893907879,1000,1000
1,-0.005211662318165892,0.031046643491375273,0.05518917725141588,1.0418772620984627,0.9463061114300407,1.058166924514866,1.029127948749713,1.091661191602299,0.9333009238490116,0.9045042474369194,0.9633436321387452,-0.00564713296236589,-0.02116826126957991,0.00990110491724744,0.00178300819464489,8.4320281127116e-4,0.00292459980065417,1000,1000
0.01,4.751659342446112e-4,0.036620175321663256,0.05820787211508766,1.0599353038049975,0.9484152840429777,1.070298411325794,1.039854838361791,1.09326677404099,0.9367089053747758,0.916279944130538,0.9606885834469944,1.0108209202962e-4,-0.0115662957201076,0.01302076686818352,0.0020458044877625,0.00113781726055519,0.00298757856150179,1000,10000
0.02,0.0046673660440249495,0.02295337407948996,0.044590267759258534,1.0455993563616526,0.9720334538405301,1.05902799238892,1.036429964207802,1.082081477911048,0.9558287498517368,0.9254111734703754,0.975249888799288,0.00429846374724309,-0.01396364592971746,0.01725492218563446,0.00121414796578219,6.3149980971565e-4,0.00192323607810714,1000,10000
0.05,-0.003439131786849615,0.023213193893402245,0.038549340489484864,1.0343898763424026,0.9621842289277573,1.049927668566634,1.024407953653067,1.07824274676166,0.9453341091041588,0.9223762770784838,0.9614206984780144,-0.0038401957045547,-0.01922592682704838,0.00881840712776053,0.00128963895002407,6.6310149052699e-4,0.00217426706412653,1000,10000
0.1,-0.005433629088711308,0.03316468730824988,0.059635106016562155,1.0389814992302822,0.9421082405008481,1.054802532113562,1.028579410337521,1.082671570966827,0.9310660790234264,0.9029281745422336,0.9663421952408546,-0.00583160474273416,-0.02029939895715466,0.00922114507916535,0.00183845822595852,6.8955135951211e-4,0.00283075518463909,1000,10000
0.2,4.5940899464167096e-4,0.014603617069372044,0.022287289614044196,1.022537506682388,0.9812637079544104,1.044945158326298,1.02286327781778,1.071752457536122,0.9559645361856216,0.9264189862344644,0.9838463509760056,7.522599128624787e-5,-0.01370560685415211,0.01551555179816433,9.266416467162e-4,3.7389253876217e-4,0.001609480566397,1000,10000
0.5,-0.019707435688677454,0.032133534623339885,0.05444589902475142,1.0266585481116002,0.9470097416225329,1.043913994782361,1.017660372962274,1.077626940961681,0.9255651289300864,0.8981257069014461,0.9468486681118756,-0.02012124479622252,-0.03824450175634692,-0.00506339245628004,0.00181067220069746,9.1117856209496e-4,0.00328045521154329,1000,10000
1,0.001533545228661428,0.021670702414379024,0.03809818342515001,1.0388332240755926,0.9730321980338825,1.056374894700149,1.029711024467188,1.09243949174247,0.9512221937268516,0.926784375991696,0.97673241528549,0.00109145445537239,-0.01458255649626626,0.01997936329616749,0.00129217623588128,6.62216238349e-4,0.00215147701796126,1000,10000
0.01,0.0020238675322954277,0.024260035769316367,0.04357359716480712,1.0445368664351125,0.9704774524932075,1.057278245921782,1.035204074072646,1.082470585930777,0.9502793960154854,0.926928777929192,0.9755207967379552,0.00163575530955609,-0.01121050425445375,0.01768940129248553,0.00131674508683962,6.6731399099484e-4,0.00222831201191665,1000,100000
0.02,0.009390164442502676,0.030934581430668125,0.05896172582713685,1.0607346412221874,0.972370176445778,1.073610764158854,1.050488701659404,1.097683846879294,0.9532583864411708,0.9306338715537954,0.9717176163769852,0.00900349077106478,-0.00537785559125849,0.02101132667428901,0.00168563256926026,9.2372101370007e-4,0.00259393921689666,1000,100000
0.05,-0.005606807981765912,0.026285390288469587,0.049656470450495024,1.0270263489161537,0.9515562560513221,1.047415735496672,1.019486415947285,1.077357429022965,0.9387458986897992,0.918953959416606,0.962599150630194,-0.00599515973533604,-0.01818218510617595,0.01152084959783203,0.00141480635177491,6.7158154956866e-4,0.00215857593916267,1000,100000
0.1,-0.00548134090298792,0.02303881906100231,0.039926714814378955,1.0254745013770707,0.960859853364842,1.044951528166598,1.019352791261123,1.071589534922259,0.942902617982063,0.9157233759106094,0.9685559545354644,-0.00588230453539182,-0.02511439836696894,0.01054409669418315,0.00127665581156478,6.1448182393889e-4,0.00203218235052425,1000,100000
0.2,-0.006925609622374108,0.03044210880805813,0.05357143206623077,1.0432871590497388,0.9478382325421513,1.056179858091131,1.025960101243413,1.095402441128766,0.9355628179319097,0.9092080923846902,0.9584554123668488,-0.00733292122222959,-0.02242075041803063,0.00869261499564775,0.0016812952480868,0.00100866573165212,0.00317320567796805,1000,100000
0.5,0.0025858143921757295,0.028835514664171814,0.04468839317497917,1.045701961267165,0.9690018422682526,1.064033900453964,1.037462180356375,1.093675411401687,0.9471324673872872,0.9226978503132934,0.9665669521039476,0.00214925092624437,-0.01215218485623124,0.01691397888732193,0.00164088193695747,8.0843726947396e-4,0.00244855984675287,1000,100000
1,-0.016534404186968197,0.028709922650419353,0.06581608462764171,1.0219063644314916,0.9363030489813214,1.04373217761402,1.019448606963414,1.075965585061857,0.9230509338746878,0.8974841209088814,0.951823338930846,-0.01701213581116576,-0.03312426445896817,0.00131261057209744,0.00169779618984787,8.8476610444644e-4,0.00290699229695062,1000,100000
0.01,-0.01034800836598788,0.021585606501486825,0.04216023495121968,1.0259593450122362,0.9587161484289167,1.042241844807163,1.013129914564406,1.076490919682067,0.9412005609368518,0.9168509164378048,0.9599722236384952,-0.01074735676184384,-0.02439506948824377,0.00129137160925425,0.00122051121652344,6.3738266912173e-4,0.00215599262492959,1000,1000000
0.02,-0.00260052489954886,0.029217850568538272,0.050566522471201594,1.0518668338088337,0.9579483433441451,1.061930527705078,1.031958465216488,1.096369492913319,0.9423183818874172,0.9182119256004158,0.9631355752579922,-0.00299926857026379,-0.01623745324854258,0.00924771311497051,0.00160809558657405,7.8099260942497e-4,0.00268607681732962,1000,1000000
0.05,-0.009328102521741169,0.028838351271765834,0.054153338880487865,1.0272889128925167,0.9472868394610764,1.04657355163385,1.02529860106041,1.075667167612193,0.9321943385333682,0.9023674864738404,0.9606490374606298,-0.00972433414059581,-0.02526230750116996,0.00452200553467087,0.00155943735783662,8.1789841111007e-4,0.00242003930392668,1000,1000000
0.1,-0.01642662256204337,0.030193302160876238,0.06333672588921514,1.0265008756259728,0.938627360337794,1.040729721328259,1.021593352588796,1.063986319182455,0.9250971701521984,0.8995834673165751,0.950444848524737,-0.01681849106910349,-0.03056332722827711,-0.00389497674320697,0.00165125221234862,8.105012681539e-4,0.00299265837782987,1000,1000000
0.2,-0.006206539102434601,0.027774872421629057,0.0499680796955974,1.0318558756837375,0.9512597885181125,1.048714879585549,1.024541392866258,1.078712595008456,0.9376446715383592,0.9143762140191816,0.9602443098312194,-0.0065947051263071,-0.02042244421737947,0.01020150902259278,0.00149413031565756,6.9804950759999e-4,0.00252547511967872,1000,1000000
0.5,0.0017922614033835627,0.030973798215248174,0.050238822466474146,1.0413725724518665,0.9510022766684544,1.060410467860699,1.033585177612587,1.102622892842191,0.9392536921428196,0.90339180274436,0.9615209471010182,0.00136105691200134,-0.0139733434275641,0.01456646841392008,0.00176262176359052,9.9264638266244e-4,0.00336705450010856,1000,1000000
1,-0.00310885681936631,0.03892451666175317,0.06863774644860815,1.056316152048695,0.9336648422291911,1.069640456635238,1.025166702403005,1.110569398411395,0.9251693476414696,0.8875886177189606,0.9562857390045876,-0.00357647431193025,-0.02293946074642398,0.01425254305390355,0.00235927979797227,0.00104830580663271,0.00377218930880979,1000,1000000
0.01,0.019527872033912864,0.10095768104045204,0.18880217843181385,1.2078019995630485,0.8577596439189885,1.210654035832958,1.174854651251747,1.242179234817445,0.8553434049373935,0.8289067258918311,0.8826659145653359,0.01917993503596798,0.00829573868415527,0.03211096256496928,0.01086101074797675,0.00849050405636976,0.01332112291849818,2000,0.05
0.02,0.006135957447881297,0.09713678690897971,0.18375884816420898,1.2017259897222416,0.863319951336827,1.204310041038272,1.173005949124414,1.238830789874537,0.8606811180200807,0.8367160507230851,0.8867579049610546,0.0057986123043344,-0.006888488159615,0.01884449306053232,0.01007806187885776,0.00750639392295601,0.01232726211156515,2000,0.05
0.05,0.0032578182854460526,0.06208966224904122,0.11491601434488832,1.1217792202528385,0.9118013507618471,1.126376241333778,1.096437713998905,1.159705564844287,0.9067392967394858,0.8820386125250758,0.9318248009643864,0.00288221154085227,-0.0084070910507833,0.01589060143114596,0.00456551772695484,0.0028813844972345,0.00605456747796095,2000,0.05
0.1,-0.01100443966054359,0.04938144924744633,0.09274955752923479,1.0703783240707812,0.9114217304257658,1.077630003723915,1.047058182613407,1.108791382401766,0.9060450140697828,0.8804605198036957,0.9308377074564032,-0.01137366277972065,-0.024697597430841,3.7518620752641e-4,0.00313776437441437,0.00204169155814718,0.00431245917798381,2000,0.05
0.2,0.004999441938902437,0.03927177525946522,0.06567597173040735,1.0678806375841094,0.9427878869937053,1.077014550262189,1.046577863434683,1.104436799916185,0.935284228720462,0.9105113252310462,0.9613673115693656,0.00463055487979127,-0.01124068405225355,0.01737193911287847,0.00223955314082878,0.0011561608930485,0.00353394891056853,2000,0.05
0.5,0.0015808385969480713,0.025913298041328445,0.04203027413888085,1.0371957176820996,0.9588407520549878,1.056447261744589,1.032650229101134,1.088169755518954,0.9471195175101956,0.9201038303061096,0.9706638449094482,0.00118693370678726,-0.01275505168867052,0.01673708268640359,0.00140718073764239,7.1681953632534e-4,0.00230712832493435,2000,0.05
1,-0.006179573191019394,0.03059022566948856,0.04172155527861972,1.0426041307130136,0.9602472450589924,1.060337748046171,1.0254453323161,1.105917004608827,0.937967106745326,0.909964109968294,0.9624786459950432,-0.00665385112529166,-0.02826681447360113,0.00858129508821549,0.00180274006219851,8.164336171047e-4,0.00305003686072961,2000,0.05
0.01,-0.0010051874764494741,0.08210229265672964,0.14274589251323302,1.1445417838229042,0.866974345579373,1.148031055162835,1.110081621654599,1.180604054593187,0.8641032849952185,0.8339400999583033,0.8936983614466365,-0.00134838701275578,-0.01235869701359955,0.01202927166648017,0.00739476060141344,0.00505264771961102,0.00958902989378896,2000,0.1
0.02,0.014965882396401814,0.07377659778830666,0.15438766775900373,1.1669431853515377,0.9098801239552247,1.170187658697784,1.133621618104399,1.195656495328027,0.905366847361079,0.8805844903436568,0.928546579262442,0.01461394852339453,0.00439228372064467,0.0263215502831074,0.00611648225102041,0.00460889936210017,0.00778632420685277,2000,0.1
0.05,-0.007283811114732174,0.0667905882559565,0.11515998257500375,1.117248141265773,0.8912235522622514,1.121250820244195,1.08261350463429,1.160389949678793,0.8869215672467772,0.8637892742010649,0.9134119723016646,-0.0076458188808293,-0.01821157820477231,0.00308578160541188,0.0051558365234084,0.00337326932006516,0.00696847244294181,2000,0.1
0.1,0.015730692381900634,0.04610693609662172,0.07332062201549569,1.0760754951052194,0.9394873559817527,1.08901760301332,1.055237673619018,1.116011098185747,0.9329467981695178,0.8974747538892092,0.957598232212902,0.01536818113811426,2.7003908669318e-4,0.02690186087946537,0.00280713169509911,0.0017303837866831,0.00405707274399408,2000,0.1
0.2,-0.0021280433471913083,0.0370935905375483,0.05402918936364761,1.0555154115286076,0.9554524349120305,1.067875536223313,1.036576572778046,1.098172453010597,0.9381284327255526,0.91512065306681,0.9591313742287386,-0.0025000158880191,-0.01920170911725023,0.00929813022595715,0.00207873384761268,0.00100827932050714,0.00301853903485435,2000,0.1
0.5,0.006139979177034261,0.033462719765852945,0.05468139893866144,1.0455925440351228,0.9467867471685268,1.065490951802123,1.044723356626366,1.098233204468056,0.9392133824322236,0.912389075147539,0.9665492008738484,0.00574541415128893,-0.00924454737161156,0.02265068630730506,0.00185612151543463,0.00107437160483847,0.00276438974180215,2000,0.1
1,-0.0020516050181071215,0.039492607617549545,0.06565248231368238,1.059970679315085,0.9364562428577966,1.072863139231154,1.049122972873993,1.103354788515471,0.925699309344822,0.8994570048047275,0.9519733025561424,-0.00251551304626161,-0.02063699429831322,0.01109721937648249,0.00242752309562777,0.00117377106749887,0.0037368640802639,2000,0.1
0.01,-0.0010848618398960005,0.08184545051219322,0.14272914143598586,1.1379830875752839,0.8669888684552437,1.141798606749781,1.103141238488456,1.176063881713957,0.864167962987933,0.8435460605326741,0.8888601511540255,-0.00142037412103093,-0.01435081622106452,0.01184605756919107,0.00733107171670946,0.00548173768097992,0.00906351926167873,2000,0.2
0.02,0.0015968021589075534,0.07174200869498684,0.11992548959351888,1.1274128444603995,0.8926814020159104,1.13151486157547,1.096210316198821,1.162201523496893,0.8886808502790572,0.8600933319107018,0.914395952255769,0.00125479054304652,-0.00999495530954478,0.01360809965612604,0.00579861634859793,0.0040174698116599,0.00787276466168565,2000,0.2
0.05,0.01809057723329927,0.0662908693599035,0.12158127676944327,1.1292811465186743,0.9078652610680145,1.134724628996981,1.097974525951524,1.164076225122137,0.9042534814011752,0.8748009789885709,0.9289863896148994,0.01773668736403282,0.00576515230213856,0.03056353140661192,0.00507196451930332,0.00335407697878997,0.00666866379799832,2000,0.2
0.1,0.004032953318591328,0.04711800575598881,0.0958926095721665,1.100640859354292,0.9446395325827053,1.105541587811677,1.0710617401642,1.137619057917786,0.9348817338589512,0.9133311760183548,0.9581378448069594,0.0036593474612412,-0.00798553050862281,0.01888369783148402,0.00292541171561704,0.00172090969991047,0.00418358503564249,2000,0.2
0.2,0.007707706265391311,0.03850312454587164,0.0710496775526671,1.0505859100969854,0.9314156205297279,1.066339325538823,1.049443826724995,1.087908803931857,0.9259992978774668,0.8979322089597179,0.9553832735494056,0.00735165660581713,-0.00365726026143069,0.02049405287944182,0.00215723697694077,0.00131717660523709,0.00309196347366688,2000,0.2
0.5,5.966017888780229e-5,0.03264089699233149,0.052794605057612465,1.0542130928432774,0.9589203748654888,1.068321320001369,1.038661347010912,1.108461958804728,0.9428218781882134,0.9172314356927886,0.962818254193088,-3.6234803165557e-4,-0.01561368084654489,0.01246249710968035,0.00186311505238303,0.00112040308012362,0.00309430294035207,2000,0.2
1,0.006322485237227427,0.02788950487329249,0.04703031579125068,1.0481537842093298,0.9748100263053091,1.067042841623247,1.041415943578861,1.097305289631177,0.9492271879886685,0.9115196139882266,0.9778444305270448,0.00585449751821751,-0.011340192868695,0.02105656767375726,0.00164642388374237,8.4480473768942e-4,0.00307716568732314,2000,0.2
0.01,0.008738471215934502,0.056634452775935686,0.10454239581595214,1.110202460807687,0.9152711866772776,1.115305307868468,1.086555751446866,1.146478018864128,0.9108565338998208,0.8872876425558793,0.9388602405671592,0.00839239839666084,-0.00539756416183742,0.02160172673538446,0.00386261683346135,0.00263597543893769,0.0054383896879509,2000,0.5
0.02,0.011638768553553173,0.05082103063598489,0.08498477297742338,1.08870048890526,0.9233803175841551,1.096202557997986,1.063043259780457,1.124217382990883,0.9174578117605996,0.8888857045368965,0.9440680712327943,0.01127728577954668,-0.00186678870526851,0.02381437948464801,0.00326733268562466,0.00196340877896219,0.00503903473205816,2000,0.5
0.05,0.011775277841347584,0.051988106519462604,0.10470133240232829,1.1103789266200597,0.9452298237284281,1.114857863352873,1.082317240226851,1.149285086370422,0.9358396349075396,0.91405550628852394,0.9633207903554546,0.01143423976713028,-0.00103765577224666,0.0215659302781044,0.00335497940219565,0.00236090053608359,0.00475656497210593,2000,0.5
0.1,0.004904605374151053,0.046730123182244385,0.09398831394247419,1.098546908159799,0.9507915836732628,1.103515296120887,1.074875941851737,1.134950733832967,0.9394034684383614,0.9162689382841742,0.9635628648940976,0.0045578479459526,-0.0086488899807223,0.01744626732049824,0.0028400602973291,0.00177394779400057,0.00408907673683837,2000,0.5
0.2,5.042491284186823e-4,0.04183359131119777,0.061553302488472635,1.0634871815312947,0.9450985175280913,1.075702453310363,1.047759315069073,1.115409220628286,0.9332779094471192,0.9078959783626026,0.9535998880228348,1.1958187507816e-4,-0.01220907530693938,0.0126748121447911,0.00247404441866733,0.0012052831841502,0.00362550806792568,2000,0.5
0.5,-0.0014645330082960592,0.024703079503505556,0.04054302279483995,1.0413761116495608,0.9629935827115708,1.054903446788271,1.031130491988298,1.080820692973578,0.9468358332108792,0.9229423296803168,0.9698827957606064,-0.0018554010771433,-0.01530235589958182,0.01054632677458142,0.00134790613215098,6.2954724339222e-4,0.00218072203994905,2000,0.5
1,3.4515046216082194e-4,0.019374495920278147,0.02926456170979937,1.0265578239776687,0.9711594988589674,1.052301802792223,1.0206623869597,1.081172134043114,0.9505122153469786,0.9188674098205876,0.9762537520298946,-1.0895403358711e-4,-0.02211479877950824,0.01395858689116686,0.00119923792195475,5.375271077622e-4,0.00190122699711113,2000,0.5
0.01,1.4435930931841826e-4,0.04053333976580475,0.06703150213783665,1.0631026211019847,0.9351657411526717,1.071803469793126,1.039981468374238,1.099812882175332,0.928085988654449,0.9010707862525388,0.9554919589408766,-2.0939383292684e-4,-0.01444176775312335,0.01189855852590591,0.00231798215498613,0.00124029433881438,0.00340654972348115,2000,1
0.02,-0.003326736952446091,0.03699984904195631,0.06418638597069837,1.060135695195709,0.93783018485038006,1.068355657182024,1.038236617436663,1.092633494649117,0.929914654759194,0.9073308026934028,0.9565833355663512,-0.00368836156709118,-0.01531716545805575,0.01209292101848224,0.00204951856269256,0.00133027227575067,0.0029480386934716,2000,1
0.05,-0.005290113305336908,0.04586377671359399,0.09320307349321011,1.059752619418107,0.9110084798360565,1.068460115785169,1.038500216382399,1.10405291773945,0.90622230032102,0.8822513035994664,0.9354779487554106,-0.00566557232387697,-0.01939287507989214,0.0080126061086864,0.00280797651509387,0.00171831025793436,0.00419600878963157,2000,1
0.1,0.00336192948925684,0.049145637279808814,0.0873801275011115,1.0818057876535607,0.9163287076795793,1.088449153979104,1.056770616633562,1.117800547966816,0.91120058245548885,0.8803701388670999,0.937224807896982,0.00300282150728423,-0.00715155149070716,0.01573092769950479,0.00309593426238259,0.00183978927107825,0.00461700426699718,2000,1
0.2,-2.7633749284301415e-5,0.030522319881601066,0.051521576033502436,1.0371030034365993,0.9497831571879044,1.055311567021058,1.029518990075781,1.080953724122883,0.9390999691109416,0.917014287137926,0.9657068553011822,-3.8696105302286e-4,-0.01120280479935556,0.01256370232641904,0.00161563064926698,8.8112107125304e-4,0.00237832884694055,2000,1
0.5,-0.008585103890716905,0.03255426848829188,0.060364391777886293,1.0353658489671058,0.9414214248483034,1.051241380049408,1.02662195457098,1.07662222098674,0.9286095722238936,0.8928992826317781,0.9545973718266472,-0.00899268972234067,-0.02496404690608316,0.00539881224584029,0.00182312503799314,8.7767800973743e-4,0.00297488386451521,2000,1
1,-0.004876683374768411,0.04140261290305547,0.07200258714191353,1.0635011990015928,0.9305284883988375,1.075423345436636,1.03181048236824,1.125205730803072,0.9214873549892656,0.887154719020095,0.95093425622392,-0.00534488442336832,-0.022144149978943,0.01477792250293379,0.00256551823569243,9.3998610727883e-4,0.0042059796174618,2000,1
0.01,0.0018830786261474829,0.027218250183303216,0.04076203491515274,1.0391073480146822,0.9600575629466068,1.055315733384184,1.03256974997463,1.078395057019826,0.9474297795251096,0.9207651098475672,0.9712267355484392,0.00154720468448246,-0.00877269709450144,0.01304623550938728,0.00137944864213567,6.4912163527694e-4,0.00237461587296988,2000,10
0.02,-0.0077516478994496575,0.03423303441823496,0.0529926318272923,1.0522510372062666,0.9483870003357665,1.060493493752851,1.034106161485599,1.080906280595158,0.9345754719371484,0.9136669040204868,0.953819524089494,-0.00809883017405137,-0.02240936689583561,0.00374108425580042,0.00182928038014998,0.00113405320351261,0.00264798165368456,2000,10
0.05,-0.00943192462786909,0.0282095639943045,0.06409697241079187,1.0202799922715828,0.9379140433347822,1.040908459386346,1.021855059732346,1.063953077283843,0.9299467782255004,0.9032426314215642,0.9491539972997244,-0.00977709274245326,-0.02235083243402357,6.9482537336396e-4,0.00145796697243006,7.8943233671442e-4,0.00257380693991841,2000,10
0.1,-3.707775845393782e-4,0.029924548173245524,0.04604867394114395,1.0469066738821886,0.9549954776657587,1.060795598978891,1.036596554612996,1.092891452756566,0.942536060567894,0.9095848115533708,0.9632689819066972,-7.3898836760795e-4,-0.00972698214082779,0.0119457297850899,0.00160403358345655,9.0309282980312e-4,0.00257927571932313,2000,10
0.2,-0.012133456806647827,0.03941674770051871,0.06456685448323642,1.05705289516577,0.9374734378647377,1.065006670348571,1.02982779263682,1.088126287708848,0.9254656664868676,0.9015534805709756,0.9482450652942168,-0.0125065697967252,-0.02507091302820224,0.00281621771649542,0.00225440222874491,0.00130543324967868,0.00342909926095718,2000,10
0.5,0.0033531585679161015,0.026277468134300687,0.04298779302614633,1.0439251516058037,0.9664643661223045,1.059373627133223,1.032971198770542,1.084346565737939,0.9479004401503376,0.9229728197424248,0.9787503007127256,0.00294227071951003,-0.01391440207518244,0.01896708146195047,0.00145763246997398,7.6780507407779e-4,0.00221764276878553,2000,10
1,-0.0013409399626780618,0.034227725208454816,0.04934030314740922,1.0505778048487877,0.9527167910399796,1.064545402256989,1.039002950169002,1.091230822008426,0.9349166504818232,0.8905246081851157,0.9685590715066634,-0.00180756340105088,-0.02102263627183536,0.01317393680979585,0.00204533399775332,0.0010599047667559,0.00359766243157176,2000,10
0.01,0.00574154769175492,0.07701894611471892,0.13333868741589033,1.1426369295517986,0.8807533189515537,1.146916504679538,1.118181192418509,1.182270562021901,0.8774570930339014,0.8512807326305312,0.9069536743751424,0.0053871720919575,-0.00772216438257325,0.0151847287478159,0.00660955463795572,0.00463718546839743,0.00895848016979265,5000,0.05
0.02,-0.0013160501106270217,0.07695769953252703,0.13401015959141743,1.1434044361075333,0.8851111070478237,1.147181274509646,1.113390038605093,1.171988810856469,0.881371990132764,0.8518508179532828,0.9080573152283632,-0.00167626824220375,-0.01419508192358534,0.00811655787514518,0.00661285697201966,0.00480120261279515,0.00883152625639419,5000,0.05
0.05,-0.0034872066618075134,0.04890890201192509,0.08307219169074877,1.086620250669867,0.9313038573007153,1.091924763456301,1.06452614228222,1.117928320930855,0.9234621136054332,0.8917466161233998,0.953333005845986,-0.00383172503469659,-0.01456096976809215,0.00674046498818703,0.00304752212236686,0.0020367108130014,0.00445266399712633,5000,0.05
0.1,0.004097297837108745,0.040028615751200806,0.06169140931289632,1.0610764617547224,0.9401729706532079,1.072517589161073,1.049687196067226,1.093447249083317,0.9322080056642738,0.9073162403029836,0.9554536043201168,0.00374201085135289,-0.00760643347374724,0.01309034081480171,0.0022844806768269,0.00138381416475462,0.00330002284646012,5000,0.05
0.2,-0.0047886539488952926,0.03225656632635804,0.05769508144362141,1.0341262611065687,0.9439377276890375,1.054235037067713,1.024921551275217,1.082767630408489,0.9335810629126388,0.903721807697997,0.9581877739001328,-0.00516336421005776,-0.01877337666095654,0.00982723895538904,0.00173827034927573,9.5100292809316e-4,0.00272635660848555,5000,0.05
0.5,0.0015163215247269404,0.026218905212687525,0.04438739318784016,1.0453872523563374,0.9621322522352069,1.059346441106801,1.029422259820408,1.090556278861851,0.9466114180682216,0.9194536529861642,0.968455894530184,0.00111761480197212,-0.01299926927809818,0.01402635405130599,0.00144269589890698,7.4670452007014e-4,0.00244045841850091,5000,0.05
1,-0.007426201392871384,0.03295901479663711,0.06175981331600629,1.034730072193024,0.9401086612579346,1.053092922630347,1.021234921595023,1.086306817883864,0.9272763534646457,0.8997933150482181,0.952845459463362,-0.00788146158545136,-0.02747099023507336,0.00981669155961514,0.00192652585045563,8.416206902087e-4,0.00314071425356132,5000,0.05
0.01,-0.0025452903036908476,0.0683860865577253,0.11666755307983667,1.118386472657518,0.8898809821854519,1.12190613637244,1.096121541992459,1.155362300748964,0.8863329469463711,0.8551308703614934,0.9120193558637764,-0.00287346129078793,-0.01394006139865414,0.00847871061012567,0.00530342559241665,0.00371129646858847,0.00762561610722342,5000,0.1
0.02,0.009437563921768938,0.06687637478401554,0.11644490008289225,1.123495604247041,0.8951880274847801,1.128245745781173,1.089903107958006,1.16338298014694,0.891549839905199,0.864861970672943,0.9165705939824071,0.00908159342953413,-0.005677421009776,0.01987430638217562,0.00514945300453429,0.00359353464855708,0.00709228356586909,5000,0.1
0.05,-0.0034158238736854063,0.04449593053303193,0.07724181087410141,1.080303273890084,0.9392746124296356,1.086448824874353,1.057436833136683,1.116356417519485,0.9296060401590144,0.9012962530500366,0.9528593461533172,-0.00375992987957445,-0.0144560347038164,0.00839409744161774,0.00263394386495665,0.00181254533558505,0.0036762848869968,5000,0.1
0.1,0.0030675693418999255,0.033234318745752986,0.05531356325353928,1.0568719589341053,0.9585854753273799,1.067819381984686,1.038367162099842,1.091374629250744,0.943288054455817,0.9185480428877422,0.9638455005849385,0.0026973568067926,-0.01156477775615767,0.01396240609625586,0.00180598301172175,0.00107826066695491,0.00268611090515817,5000,0.1
0.2,9.902631834128204e-4,0.032848997040343796,0.05513867391742651,1.0566871394607997,0.9598428339952331,1.066385385333512,1.043439261841692,1.093304223467939,0.9426732810861502,0.9191460700273988,0.96609446770184,6.2794365411879e-4,-0.01100976259360372,0.01359147347718909,0.00177197502227172,9.2023335518231e-4,0.00275791805518881,5000,0.1
0.5,-0.004613756066200996,0.026792994182866053,0.046373182309980866,1.027245444630031,0.9546856239188408,1.048762232885478,1.028961743317049,1.077287336035211,0.9406658739782956,0.905813612186857,0.9680800513082934,-0.00499614527889337,-0.0200192535430859,0.00931496207831808,0.00142669740101283,7.438538582286e-4,0.00250516907164206,5000,0.1
1,0.008454866881814875,0.041962240937475664,0.07037501392495171,1.0729104621825718,0.9648102407818607,1.092233605273943,1.047942723092178,1.149216910770904,0.9453479091047716,0.9139344188298608,0.9735304843222612,0.00795032103300285,-0.0128507908859555,0.0286541869459728,0.0026703624718435,0.00105598253811327,0.00443505318681729,5000,0.1
0.01,0.00357417109259108,0.06383107302902455,0.11055405760679587,1.1075944513677984,0.8953379290555548,1.112999859724081,1.077968970776797,1.141187687486987,0.8916548235656055,0.8687610889667308,0.918698020801659,0.00322165793727071,-0.0080480514883801,0.01535044535289775,0.0047465857479855,0.00311050965695975,0.00633700221895094,5000,0.2
0.02,0.008181912833908745,0.054795366661114966,0.11470460127225468,1.1215420865285362,0.9325620903920222,1.125803607610809,1.093907730463469,1.158318131489322,0.9267275298293574,0.9021904930876872,0.9444118009721968,0.00783774497844764,-0.00141537114692227,0.02203633484801452,0.0036584763126357,0.0025297810768538,0.00486393222858527,5000,0.2
0.05,-0.001077730281154682,0.042287284129246136,0.0777994084617185,1.0809058163620027,0.9431833337122899,1.08611698123576,1.050920556704068,1.117196199020794,0.934034696220261,0.9114838798870256,0.9546173021959664,-0.00141700973130998,-0.01772796935671907,0.01167547386891375,0.00242076962758255,0.00138921947319149,0.00381102428597616,5000,0.2
0.1,-0.012075475615865312,0.04150330605641059,0.0743852754187334,1.0559337544132499,0.9283139683814148,1.063676927907964,1.034665775134398,1.092672207731724,0.9190094641231316,0.892321859155464,0.9431148147073098,-0.0124360230195028,-0.0256264169153889,2.1505141596965e-4,0.00240792284716798,0.0015073675337003,0.00356723741933651,5000,0.2
0.2,-0.0011739940360044462,0.03622063552358116,0.05433414643210417,1.0510079471969016,0.9471155783300745,1.064154466711327,1.040064620797826,1.093328228060164,0.935801925002444,0.9067787307305494,0.9578762243914632,-0.00153714498698515,-0.01304463488475046,0.00951946319963788,0.00200572649558612,0.00117749401156438,0.00329510761665797,5000,0.2
0.5,0.0044788905215368425,0.024235121788658446,0.03814208966968332,1.0388788363424826,0.9627168528605541,1.057238787639655,1.030237778573527,1.08648313476757,0.9490783246601552,0.9201677965679516,0.9725968550164574,0.00406858241575527,-0.01188926315311146,0.01821051579382844,0.00134966572259426,7.6908792709752e-4,0.0023152526195134,5000,0.2
1,0.0026374035215866497,0.03777073685693464,0.06480509619409495,1.059826404702752,0.937250119191984,1.075090837353763,1.035209616457334,1.147819296542693,0.9297010252492562,0.8918925100716226,0.9580436339295866,0.00216691417056792,-0.01430386249954397,0.02150065817740867,0.00228249082599084,9.3146514698854e-4,0.00469799550498274,5000,0.2
0.01,0.009376362253097736,0.058110623638073025,0.10925784747717887,1.1154499292142783,0.9227333050022613,1.120805951076134,1.095292792691746,1.163103897344222,0.917015892389678,0.8991662053745766,0.9403214011000466,0.00901302301934752,-0.00159670449938244,0.02411276142069313,0.0040698192870084,0.00283537086292118,0.00556865712511662,5000,0.5
0.02,0.0014093228747292445,0.051955685401054524,0.0878815673807472,1.0854090956498013,0.9158693391051804,1.091279785532927,1.065004965733585,1.12424677157995,0.9106709653426052,0.8853609782480891,0.938224211006029,0.00106156549707516,-0.01169784876187501,0.01598084171245961,0.00335775935302917,0.00222837806487851,0.00457126475545556,5000,0.5
0.05,-0.013826899624346826,0.04684324063068803,0.09287544573513837,1.0619406386006363,0.911307000401031,1.068913057707804,1.045297464428424,1.093533381416259,0.9053982933440274,0.87976606170149,0.9284650157409068,-0.01416957747815099,-0.02755151104677319,-0.0022954429964661,0.00284383459320129,0.00181107633738265,0.00375790012404923,5000,0.5
0.1,-0.001757335771712864,0.033206148789007815,0.062267653045452905,1.0446546997278239,0.9396313579368037,1.059046388607132,1.034943383805925,1.080096253017618,0.9322197547743684,0.9022439531601424,0.956699188588731,-0.00212444955542214,-0.01282665607379913,0.01060104796466726,0.00179806490863904,9.1006926723405e-4,0.0029151410893225,5000,0.5
0.2,0.0017120279607105552,0.027817101854535505,0.04564743861114159,1.0467053180161552,0.9656369968742862,1.061267447265009,1.03607584318524,1.095134204768062,0.9487885433747028,0.9260063610172462,0.9729683043594416,0.00134366587095308,-0.01184206917305948,0.01286518594107052,0.00147210033633085,6.8638729541455e-4,0.00280602122830587,5000,0.5
0.5,-0.013889043953240351,0.026073175650394187,0.05163719333339814,1.019802481533735,0.949673352171586,1.039792514831555,1.015568863500218,1.069035035943944,0.9322973719000618,0.9000675356743021,0.956430523563944,-0.01429787988177758,-0.02793390307148283,2.9656664716974e-4,0.00145179846374728,6.2087173385323e-4,0.00280478963409839,5000,0.5
1,0.00799383589014504,0.03518385292451003,0.06292492062485162,1.0649468806833562,0.9551349298638052,1.077891119994258,1.047484717325162,1.112907889019239,0.9392544791358828,0.8945677319550669,0.9730868671961086,0.00749041978028225,-0.01227302681992592,0.02691527023668864,0.00215588370120224,0.0011609820884697,0.00426010092894715,5000,0.5
0.01,0.008821238084328414,0.03955541514312543,0.06856630516350581,1.0709716335461075,0.9418244902819943,1.080536574891993,1.0549769313416,1.107525031314615,0.9357171765529804,0.9116397552080416,0.9612798905993288,0.00848392543705608,-0.00209193779592913,0.01898772484667014,0.00221066383143974,0.00125494297565492,0.00327979634183118,5000,1
0.02,0.0012345379211444786,0.03385617919892878,0.05718282019729192,1.0588493717525445,0.9552089008141408,1.069169824832049,1.047018663060937,1.104989086391902,0.9427159840416084,0.916877767024062,0.9645736789209796,8.7464466071616e-4,-0.01162806603554947,0.01401014527523746,0.00183221225167657,9.3162818214983e-4,0.00282229138236629,5000,1
0.05,0.003659514660530742,0.040638697953541844,0.06792090962779024,1.0702806562357592,0.9457939559131424,1.079086802967041,1.059113506995703,1.106820484113572,0.9363344605077992,0.9090293538869484,0.960429090063596,0.00330058360403084,-0.00859083363323781,0.01544914449471452,0.00233512578512833,0.00132189215531901,0.00335277797398548,5000,1
0.1,-0.0010667301306422888,0.036700003825304535,0.07045997619035854,1.0730016229585757,0.9554991083443483,1.079833603646481,1.051872653229097,1.110130162098474,0.9422548223796252,0.9118204853946432,0.9659345175362426,-0.00142038930141385,-0.0152305485557853,0.01065769538063695,0.00201849169754938,0.00115424889811896,0.00318175174066949,5000,1
0.2,0.005290516353057877,0.030893214359232934,0.05384605528594559,1.0553221283861223,0.9687817857685432,1.066707605051236,1.041028751673398,1.101346892497785,0.9500694689027864,0.9255742582028744,0.9705416805713168,0.00493807920025333,-0.00871092734711471,0.01867996254351995,0.00161838731663033,9.5081166030789e-4,0.00264411381503823,5000,1
0.5,-0.004970253371870852,0.025862254806121015,0.03702149589011489,1.036402214361226,0.9636554204953846,1.053852865875331,1.026379577771789,1.079514195270691,0.9432658805118858,0.9210582219918212,0.962307317853322,-0.00539004002172288,-0.02031623353023847,0.00731308023039859,0.00144729676567812,7.5074359243694e-4,0.00237776821246634,5000,1
1,-0.0033078638977203562,0.01704138019844349,0.026824842445125913,1.0205661578539933,0.9735317480317269,1.04830666907903,1.022197222439525,1.094446092694304,0.9490327027856148,0.9176947035252055,0.9699721423543156,-0.00379220948027235,-0.02213670138000206,0.01605328280941569,0.0011741758085667,5.8591884577568e-4,0.00211148465502572,5000,1
0.01,-0.010190195636877172,0.03333552919365541,0.06221476679836046,1.0372667805997944,0.9396810528270519,1.0509977861061,1.025094988819025,1.071953310940293,0.9285900620368718,0.9017466253661652,0.9539654435408014,-0.01054505144452267,-0.02360514707294165,0.00262925007296702,0.00178692608387158,9.4706282357996e-4,0.00284572935015306,5000,10
0.02,0.006180674420040834,0.029683374423774254,0.04507747944981095,1.0461089087115574,0.9664955361720435,1.063356348615246,1.039339313432685,1.092817028095513,0.950237273769591,0.9293833161083324,0.9714622217090116,0.00582270577895499,-0.00640347148467263,0.02079144317530184,0.00156040554724648,7.7721023966616e-4,0.00304844462429027,5000,10
0.05,0.004913525424275926,0.04226357458589238,0.07666655617398693,1.079682003065843,0.9423885130595497,1.087039470325616,1.060100864056183,1.117679779862039,0.9339826779733506,0.9121991526721096,0.958284134598508,0.00455560993307696,-0.00963489944137615,0.01713166381057299,0.00245688245441731,0.00146120260939448,0.00371269066486507,5000,10
0.1,-0.0023656856392361546,0.031057524054713476,0.04947323661070755,1.0477477970690185,0.9517306293329473,1.059936137293548,1.025966177945673,1.092853444725502,0.941066973985205,0.914145899748251,0.966031079965238,-0.00272107490715002,-0.01465907131597063,0.00771776158786627,0.00163437370556891,7.3011533956325e-4,0.00253769757592494,5000,10
0.2,-0.006088379283363246,0.029990234120868372,0.05103898681983396,1.0382030296874531,0.950241622911296,1.051637488008864,1.02464483798914,1.079855116850969,0.9359857962311132,0.9108266709302484,0.962480518854665,-0.00646025030774452,-0.0166991179373594,0.00697355009539944,0.00160784189087552,7.0589722377597e-4,0.00270372163459393,5000,10
0.5,-0.007779222564816822,0.022515575855355765,0.04585305905305863,1.0204586343370992,0.9551823072719747,1.041975727153772,1.018987534876727,1.073986796555379,0.9396505192747486,0.9141996966142802,0.9637513340749944,-0.00818776601339063,-0.02351621051464442,0.00482171612363625,0.00127360637985416,6.3466582881273e-4,0.00209721861658066,5000,10
1,-0.004539307214327312,0.024862020218130054,0.04179501022980878,1.033889006963827,0.9590663592160645,1.054436511940787,1.027255245181647,1.089147416857472,0.94001603469464,0.9053832916752208,0.9641330578208236,-0.00503434337533715,-0.02377513105796552,0.0103566006719992,0.00154026435407815,6.4223183913133e-4,0.00279424159433767,5000,10
0.01,0.012640306451981586,0.07186702130600245,0.14944810499825423,1.161193209124756,0.9106696518053503,1.16453635320589,1.128920548636516,1.199137273173229,0.9061381673443096,0.8773814569765138,0.9319406020836632,0.01229451827102756,5.2996785622726e-4,0.02540068109413288,0.00582144452368938,0.00392499284171796,0.00788288485243327,10000,0.05
0.02,-0.0022638525145539973,0.06088769097072558,0.10898858735074668,1.1034339451304296,0.8967406516263643,1.108125552455353,1.063742863319421,1.135609665645723,0.8925090048838201,0.8628118922445869,0.9216203723321986,-0.00262077931158254,-0.01506794540027232,0.00931813978617064,0.00439089397636085,0.00297120937100205,0.00637043091729916,10000,0.05
0.05,-0.0042364948605735165,0.03936530563687449,0.07155130092649428,1.0511569661009323,0.9309485178483285,1.061737256486333,1.039159634652373,1.085660213233403,0.923068564883142,0.8977763285566516,0.9458345103199128,-0.00458615454278144,-0.01891859246105757,0.00571189630009279,0.00221658760451592,0.00127082004452505,0.00357471556778297,10000,0.05
0.1,-0.002268471796257635,0.03718985392807432,0.06002554471839474,1.0581313781848058,0.9417404767817076,1.067640936122152,1.04338205237929,1.097083756514456,0.9326229324566252,0.9108990698240031,0.9549882952034048,-0.00262042106299611,-0.01454780570383062,0.01174956938907385,0.00204919813797484,0.00126268911879469,0.00316488900776708,10000,0.05
0.2,0.0034935779470940116,0.0251885794334262,0.04332596558723198,1.044278238146629,0.9643935958791968,1.057823734399229,1.030472073575072,1.083526456059261,0.9498118283248485,0.9283785477367816,0.979738882880941,0.00311399542402055,-0.0091406019611456,0.01851282092329062,0.00135748386077363,5.7284480968692e-4,0.0021573175455815302,10000,0.05
0.5,0.0010953414636583325,0.02735368781204541,0.03936490152272071,1.0401499667156853,0.9663176356857127,1.058391751515741,1.03442217151598,1.086604704655434,0.9464584831011436,0.9233636736897256,0.9667357092709964,6.8528251468371e-4,-0.01647609295097546,0.01453843835876823,0.001514897246626,7.9119379583547e-4,0.00247613381647634,10000,0.05
1,-0.01903643093251054,0.0242674906885402,0.06618020016361534,1.0074362265820624,0.9359621885548622,1.035820803461952,1.012467520035982,1.066743092408012,0.9234142798579326,0.8983352618387244,0.9523303353126692,-0.01952895890113173,-0.0372360570221173,5.8386448159323e-4,0.00148716500709331,8.2948579266111e-4,0.00234567790536051,10000,0.05
0.01,-0.0018673701768595501,0.059305746080555936,0.1010013488948149,1.1062781340152559,0.9081771615406914,1.111584393675806,1.084900211785055,1.141832866559023,0.9036854998521464,0.8775485686715072,0.9363287010587292,-0.00220896623577994,-0.01199188968804861,0.01102010172663908,0.00417230956746691,0.00284494093192069,0.00561425946914939,10000,0.1
0.02,0.0025176591449068146,0.05343346832713671,0.08997025751151037,1.0941417407231286,0.9171606707644346,1.100024902336346,1.070608760011105,1.13557361207054,0.9118185534730634,0.8872150469412217,0.937662370999641,0.00217853951374496,-0.01032088793458228,0.01344919562004899,0.00350501768867357,0.00215466620594223,0.00481016646287103,10000,0.1
0.05,0.003317618938078038,0.043245981352030914,0.07084119477871959,1.0734107491008795,0.9481059931989392,1.081561763650575,1.054870202601268,1.112619839932972,0.9329641263685452,0.9153148074503036,0.9545911568555016,0.0029574050107013,-0.00851967529229145,0.01406111523483784,0.00255937613755724,0.00158061565448902,0.00356103582506578,10000,0.1
0.1,0.0027029361890720622,0.03385031561269491,0.05594150036716344,1.0497076385596154,0.9455944512006254,1.063250112723302,1.037131720954709,1.089095021092868,0.9382185357083824,0.9141395465877322,0.9602337653493284,0.00236292243353118,-0.01242402839550096,0.01368180572175383,0.00178298200748005,0.00102953122124375,0.00274766676697349,10000,0.1
0.2,-0.007275309000122712,0.029531661243622852,0.05492276695476093,1.0438993774880518,0.9465582507066717,1.053091408476635,1.029311879766364,1.080655170481728,0.9352520030720146,0.909390061571445,0.9587024823917036,-0.00763965350235472,-0.0199200716688422,0.00640332256891041,0.00155974594379253,8.3663601167702e-4,0.00256603052787796,10000,0.1
0.5,-0.002198338776442244,0.026371160053635188,0.04105057148983951,1.0303413042178964,0.9597805911860552,1.053529724446314,1.032785156578165,1.077836395135921,0.9410005108928,0.9135882846888024,0.9648295733252228,-0.00264079619683089,-0.01725805574760097,0.01161146275763444,0.00152734945357177,7.8857391075568e-4,0.00230901559437061,10000,0.1
1,0.0067072653189086005,0.0329637695093081,0.06287571521996142,1.0648944808300942,0.9645187918506628,1.077611448897574,1.045218101707009,1.123699342312233,0.9465981332755878,0.916614902598314,0.9742025695805696,0.00622342187963155,-0.01220533612235772,0.02593657604834803,0.0019657810638092,9.0086022078777e-4,0.00370033483285502,10000,0.1
0.01,0.0061183896999240294,0.05790632158830354,0.1163608835714397,1.1234012160308797,0.9265590355271293,1.127763747875467,1.102451376210976,1.158287135855891,0.920313996778547,0.8938448164030122,0.9487508827976102,0.00576845566920005,-0.00704444492138682,0.01819347231279462,0.00401900227809691,0.00268212873056398,0.00550748129927104,10000,0.2
0.02,0.004675999944894016,0.04256670262661832,0.07594746840396194,1.0789058960199076,0.9405994664091967,1.086154106673072,1.062038379402847,1.113432262504283,0.9334599672627816,0.907132342804288,0.9567232653052816,0.00434427762174808,-0.00582595575147135,0.01435481948867514,0.00244939192285183,0.00160401683482018,0.00352646297016157,10000,0.2
0.05,0.0013025073124334665,0.04270632547101616,0.07102220676888328,1.0736050669032329,0.9405655498428778,1.081598378378832,1.053583196169457,1.107427785378503,0.9325474866258048,0.9097951671413524,0.955511938773636,9.6183709049054e-4,-0.01200475227244762,0.01338902219395535,0.00247177181040329,0.00164613151064376,0.00392021952897795,10000,0.2
0.1,0.007610920759982904,0.03421797233934749,0.07460820498371684,1.077461923964787,0.9691290710858748,1.084189584597588,1.056531502994295,1.111161313694989,0.95177924514861,0.9290332011609568,0.9738876403587876,0.00726058899444724,-0.00365927388849725,0.01919171983775382,0.00184099615368602,0.00107987492126529,0.00281514540050881,10000,0.2
0.2,-0.0014260358382415116,0.018120073924917816,0.03110441761788389,1.0204868345630052,0.9693743480310197,1.044683911334955,1.023312518397423,1.071931199717394,0.9522406690971372,0.9319103601292492,0.9736959324916672,-0.00179448625486075,-0.01225869521553917,0.01294481241526668,0.00102607580027677,5.0456205112615e-4,0.00176778723712356,10000,0.2
0.5,-0.00309145035747547,0.02614581161952778,0.041359126138271814,1.0392997403808513,0.9594844921068925,1.053928914000927,1.02414431015063,1.079093330078224,0.94275035272566,0.916583691716842,0.9692492567863952,-0.00350260856208011,-0.02086494184384184,0.01272683748136504,0.00143318544321748,7.4554569993115e-4,0.00255419776424655,10000,0.2
1,-0.009416485811444105,0.025171559767446738,0.04742487527834326,1.0212830030100932,0.9536821155450138,1.046760906424538,1.022065994213197,1.075908640312417,0.935936773403563,0.9120336122949828,0.9581797973145668,-0.00988992045805916,-0.02587867444699139,0.00500988578642646,0.00151782668585515,8.8627753947298e-4,0.00254980162240045,10000,0.2
0.01,-0.0013373109912679633,0.03883062102380577,0.06649128282943172,1.0687516475441599,0.9442704962650983,1.075789075281095,1.049694153709359,1.102161428015463,0.9349354278175328,0.9165777540253373,0.9605364291029148,-0.00169121089369105,-0.01201732713675861,0.00831082087982201,0.00218866557801685,0.0011674267741429,0.00357230709541338,10000,0.5
0.02,0.0024192060513021914,0.038097674075692936,0.05918521505735938,1.060971730483086,0.9449178844556596,1.072232940109886,1.043228663205045,1.103467940970722,0.9375523296067386,0.9122801240131329,0.9663110888493868,0.00207642580921283,-0.00964813677962934,0.01363417430139802,0.00210122442480994,0.00125202731402751,0.00317531873908688,10000,0.5
0.05,-0.01201793050979746,0.04280421663956013,0.06870596343595385,1.068362480413931,0.9336011525988457,1.074464037414518,1.049167947931456,1.104705061419873,0.923262816611152,0.8985960378608535,0.951332095923524,-0.01235555855044285,-0.02559975439156549,9.9817103965568e-4,0.00247047721439604,0.00154055223495395,0.00348934278820525,10000,0.5
0.1,0.007928326213425402,0.028998620847183826,0.05585949405007919,1.0574490954084403,0.9705393094433868,1.069974987106624,1.045283112321378,1.098765159305478,0.9538828666157864,0.9274655974486192,0.97160926883546,0.00756273797597681,-0.00534554403631617,0.02113437021008838,0.00153214025848461,8.2222366769026e-4,0.00245950536164704,10000,0.5
0.2,-0.010924823872375578,0.027481634871512495,0.05406038208718831,1.0257444439247194,0.9473749003008708,1.04380199135785,1.020825678322916,1.066624911809043,0.9339214083333186,0.901235884761818,0.9567797863470644,-0.0112999881733024,-0.02449702565060946,8.4156682795772e-4,0.00146450315423776,8.3550098804192e-4,0.00242459975948924,10000,0.5
0.5,-0.005551578956627232,0.03129842524765618,0.047220992255250546,1.039867933403379,0.9538765749606137,1.056300589626448,1.033225884531335,1.087672331641816,0.9363304579391668,0.9070938015408164,0.9627107587024508,-0.00595211914382743,-0.0213524736603501,0.00689709295353906,0.00173630157432993,9.1849360666533e-4,0.00281407117247159,10000,0.5
1,-0.0018493408927379676,0.023919827168023787,0.03316725751306031,1.0327187616065077,0.9673767450284929,1.053853323507653,1.029326319810417,1.085182674908429,0.942544305343866,0.9069446874613892,0.9740245181093294,-0.00234497778343913,-0.02200160400368095,0.01557931115002604,0.00148775490580896,6.8099334712483e-4,0.0029540410484723,10000,0.5
0.01,0.0010809607011847977,0.04354307753263092,0.07296521160134936,1.0756931146228792,0.9396809879499359,1.082888329093477,1.052051032093982,1.116362069287142,0.9317147044087088,0.9022570886629588,0.9526204312039228,7.4144309913715e-4,-0.01041019861779144,0.01219949909910404,0.00254557489518098,0.00148092935689507,0.00396394185777378,10000,1
0.02,-1.670788161677533e-4,0.03422547268915599,0.0578785947883387,1.0595863485963057,0.9572596070895376,1.068589351690595,1.043436509214114,1.100292660566149,0.943557806422814,0.9241765654360664,0.9656466787829756,-5.0796794302641e-4,-0.01243666917432054,0.01536086778548376,0.00181001907903274,0.00109129002512104,0.0027966678025724,10000,1
0.05,7.704984815081996e-4,0.034219120044506314,0.057589606375211606,1.0592801846598996,0.953745306148772,1.068937300273342,1.040067267087756,1.097821928128567,0.941623025242876,0.9194310969389148,0.9696665117294232,4.1701666553404e-4,-0.01221338007266064,0.01063014549331828,0.00184772888956375,9.6070318948837e-4,0.00280990721966432,10000,1
0.1,0.0023254765005373194,0.03993983435189618,0.07424196071763312,1.051286291947879,0.9284470189541444,1.064127806101267,1.040001871017014,1.091874353339595,0.922455956757177,0.8983709322454647,0.9483599065532072,0.0019813049239023,-0.00864494543815194,0.01238040027049936,0.0022486851165679,0.00147304391604756,0.0033131950587983,10000,1
0.2,-0.0019733162016788725,0.030386722982974828,0.043826839912010924,1.0448014213176129,0.9593707911463241,1.058057261919678,1.034642156525108,1.087521667061489,0.9425336374340704,0.9247502555644374,0.9643525618352587,-0.00232817004375136,-0.01549358236099198,0.0092502603828979,0.00159926153591403,8.5643236718051e-4,0.0024750824761456,10000,1
0.5,-0.0028869012995069287,0.025162194937349624,0.0473304556853203,1.0271087746705447,0.9537721660734371,1.049767056559894,1.028061740473365,1.075301498142562,0.9411017905331212,0.910348978304215,0.9657304010571496,-0.00327989118173091,-0.01755473047604687,0.00983321098052744,0.00137066045653366,6.5370165643274e-4,0.00215648125558117,10000,1
1,0.00564863473589703,0.030066850412326172,0.06181990189816523,1.0637707443832716,0.967391426485401,1.075139037309121,1.033907174539357,1.130453704601345,0.949355060674915,0.9139163792824732,0.9735667723661036,0.00518520845643964,-0.01314616060229828,0.02390052327049343,0.00174155136711032,8.775184555929e-4,0.00338220838931534,10000,1
0.01,0.0014308290754302489,0.026238052551009867,0.0481175198250822,1.0369638391539169,0.9530217815431318,1.05333653551792,1.031668208117093,1.076266078463406,0.9435349316601388,0.9228366616157104,0.9674500635933504,0.00108656567188685,-0.014517303183567,0.01152109293219966,0.00133868938096206,7.1225447224915e-4,0.00213066216265837,10000,10
0.02,-0.008582903263355748,0.03338729167968911,0.05883130700622689,1.0447279410714783,0.9428658105984503,1.055332467841537,1.033361570889947,1.079610713933326,0.9318049396433896,0.915465018068053,0.9516474267859472,-0.00893725830893806,-0.02204539193195379,0.00284818666971157,0.00178549433469971,0.00106214472850481,0.00280640419725766,10000,10
0.05,-0.0015693153062090266,0.029127966799342042,0.04513260393294409,1.0360558543671208,0.9558707212117884,1.054449780836054,1.033977885162983,1.078602032116259,0.942112561702988,0.9200949649589548,0.959658730592997,-0.00191965411244662,-0.01325381923026255,0.01050826392227911,0.00151601375909912,8.781819931215e-4,0.00219808030322185,10000,10
0.1,0.005217864853698242,0.027651075335402436,0.05313878814648755,1.0545759976111642,0.9707415563721522,1.064879621178493,1.042910783481918,1.086139576374888,0.9543775308134972,0.9299643195585918,0.9744676986449524,0.0048898573414998,-0.00484837681633627,0.01743954943668004,0.00139230465466208,7.2746750256817e-4,0.00222150525815507,10000,10
0.2,0.007686014931437688,0.028999779208851377,0.05622522305985955,1.0578359059486035,0.9766722561636122,1.070396577662581,1.038210370905217,1.096968789909871,0.9553652539292528,0.9353901178096042,0.9793701864761576,0.00731241901363593,-0.00815875875050539,0.01891438845172079,0.00153967635723367,7.1719644930546e-4,0.00234845601377254,10000,10
0.5,0.006060772799115689,0.0292519429165063,0.05493506168782214,1.0564720069388893,0.9698627778711777,1.070500022767658,1.043732955317675,1.0987681993162841,0.9494654275495558,0.9234168671203824,0.9794451265457834,0.00561621843975777,-0.01282809935761588,0.02215393491663614,0.00168982328474526,8.5013810065136e-4,0.00262624990419229,10000,10
1,-0.01388574766133637,0.031097169357428713,0.06110461273221172,1.0395589232913722,0.9407248228342908,1.051785758343405,1.020995594019758,1.087780369416503,0.9249661189394596,0.8957090929055064,0.9515967700910672,-0.01436429348451833,-0.03027889239639557,0.00500460693187198,0.00184428006058801,9.2110063972221e-4,0.00296308293837598,10000,10
0.01,0.0065013978196470845,0.02655523693973376,0.05390457957573171,1.0553838921715049,0.9726212719717248,1.066614075864231,1.041841828011879,1.092920391633265,0.9551010738020314,0.9305478777000148,0.975565723735055,0.00613699353800528,-0.00616544686149086,0.01764081618457937,0.00139760475451712,5.9298020355025e-4,0.00220540184034803,10000,100
0.02,0.00782888499739079,0.023318314541154444,0.040594793398483014,1.0414300257150502,0.9741960175396367,1.061002061121875,1.034257030909025,1.085197202905241,0.9579565377238798,0.9364222101847136,0.9772361814194366,0.0074659606173902,-0.00459814576946108,0.0185018258404637,0.00123828362150178,5.6101092185141e-4,0.00205207782458063,10000,100
0.05,-0.006659225070644693,0.022011365502022883,0.03215433039799526,1.0264041427855348,0.9683571236062137,1.044636366204659,1.029198315704956,1.064541229807987,0.9471951052549756,0.9251887432531576,0.9736616871301352,-0.00700962790455743,-0.0201062226156135,0.00603186490456289,0.00114753646727049,5.4971795051045e-4,0.00174040289718676,10000,100
0.1,0.008320022648725313,0.027195615379673434,0.04886356077435129,1.0500770692634418,0.972720510436077,1.065096251370043,1.044094478486972,1.087151993641361,0.954503049699286,0.932212022257054,0.975905594482521,0.00794952361734324,-0.00535992164715068,0.02067344561690635,0.00144238459744078,7.3327133180309e-4,0.00205456744133151,10000,100
0.2,0.007510833673789285,0.015014260914998068,0.028154408845438007,1.028554490071893,0.9865457706140622,1.051972388177612,1.033113261201477,1.075678777220101,0.963717798299311,0.9377796501945777,0.9794603141423252,0.00715680486236906,-0.00274296718712231,0.02227036017985487,8.9548880139397e-4,4.0304268336534e-4,0.00147200594247525,10000,100
0.5,0.003022955284110373,0.031079748489024922,0.051197226576080335,1.0525304597925202,0.9628379440182645,1.066371123617856,1.037465122938241,1.096645321534142,0.9473806285241614,0.920720282569859,0.9717714228520422,0.00262857228281451,-0.01436868657997292,0.01992615871188278,0.00168950230502696,0.00102948532702175,0.00268560508960988,10000,100
1,-0.0032713930802113467,0.026780538302103512,0.04201399118864279,1.0424066837586852,0.9588563649383512,1.056039727608356,1.03003852186048,1.094029245218156,0.9408079311741196,0.9052012746471396,0.96901183065287,-0.00373806352964461,-0.02299906164209996,0.01647568988662645,0.00156149809850578,7.1636920979171e-4,0.00275113039725159,10000,100
0.01,-0.009847839959254603,0.02476833083735581,0.045497018613315975,1.032664957159228,0.9555224513496205,1.044386229805058,1.022786538720957,1.071529952413788,0.940409239691451,0.9169869708108016,0.9596933248993124,-0.01018774500938297,-0.0211556996477069,4.7722130470302e-4,0.00126178794156529,7.2536918348074e-4,0.0021079797931809,10000,1000
0.02,-6.429878641982399e-4,0.028708638052967046,0.051202559996173576,1.0325905855872994,0.950086201582473,1.053289770002342,1.024797854860467,1.084394646490213,0.9405974856023116,0.9184269309415444,0.960168546334806,-9.9466236982051e-4,-0.01504119004102941,0.01204097398072202,0.0014854882013956,8.2951075957881e-4,0.00240954610086129,10000,1000
0.05,0.0053471442184005675,0.020133265514305023,0.03158789484842709,1.0320920871866128,0.9748298032459626,1.054401690340606,1.036300898160251,1.076345825589529,0.9569501181993548,0.9299209019518344,0.9814135162811122,0.00497444580481941,-0.00565101601976722,0.01595625838678044,0.00111848897033121,4.9884717554745e-4,0.00193695310256248,10000,1000
0.1,0.0015196440586021601,0.02726768389266888,0.040331746153539294,1.0370665774681496,0.9604707538157633,1.056356544572701,1.037786362462178,1.086401043896819,0.9481912300663488,0.9269614685742368,0.9752018827585424,0.00115481739283189,-0.01094710970375295,0.0143945854041718,0.00143237588767755,7.5842254843221e-4,0.00251985453494282,10000,1000
0.2,0.0017509465680751698,0.023988802332436717,0.035902090933785824,1.0365543534536337,0.9682614973261553,1.053632330361933,1.031199287760335,1.080450858407114,0.952071167305732,0.9294420629377648,0.9803972261018096,0.00139126043577096,-0.01215536633833314,0.01612874765399826,0.00124698735569017,6.5093782260195e-4,0.00202942650614129,10000,1000
0.5,0.0062945481014068175,0.025163518807012498,0.042957308443530205,1.0438933284683345,0.9746351502046336,1.060254992202162,1.033774306085843,1.08982026118654,0.954846389347414,0.9352726752492222,0.973679834170996,0.00591591050432278,-0.01098012835876017,0.01941482551025628,0.00133546835224458,6.7279027117549e-4,0.00212284380167768,10000,1000
1,0.003321967294456441,0.031471454462735644,0.04388716560272201,1.044864451586163,0.9588657924714641,1.065386351020092,1.032542377669998,1.100666230363635,0.9436466918323012,0.91313100801239,0.9653519937191232,0.00287237956044095,-0.01365189569675125,0.01772700821827801,0.00181973324335769,9.4888138830602e-4,0.00306499650282809,10000,1000
0.01,0.012971792239580372,0.030400712067338374,0.06699034839433825,1.069285157806113,0.9704858193996935,1.080653608009928,1.048909481978673,1.113587724426846,0.9568391756728996,0.9364394934019968,0.9785145301963514,0.01257555127781507,-0.00299922678695004,0.0276544645951023,0.00166236983093819,9.1766554475382e-4,0.00246911322144232,10000,10000
0.02,-0.012278207753662153,0.025562321089725296,0.04380441641361968,1.02486698854943,0.9571411402643942,1.043789795193308,1.017014544897118,1.070834785320697,0.9361168193310304,0.9088705640749668,0.9570147899049304,-0.01267304901815198,-0.02696397947666802,-3.9514705730485e-4,0.0014044260754747,6.734037316347e-4,0.0021909274133899,10000,10000
0.05,0.004128357792973145,0.026079386194814765,0.051061731711453895,1.052387856981548,0.9753825889644662,1.064038234591607,1.031622528988731,1.100360706684024,0.9553353768975348,0.9346485157433262,0.9745917895053652,0.00376616415206331,-0.00936893226299249,0.01340982120152292,0.00136963321983768,6.1865421192004e-4,0.00240674448303738,10000,10000
0.1,0.01060121435597011,0.02933008145696276,0.04539431337881472,1.0456108485826494,0.95562059354683,1.066907933003099,1.041557786996601,1.102642350573906,0.9470698299203152,0.9188399868906124,0.972562742099636,0.01020954725504824,-0.00530192985251924,0.02207204418893392,0.00160287915743476,8.4966833750544e-4,0.00253088028545602,10000,10000
0.2,0.002764462414755945,0.03323206118574183,0.05139161802891207,1.0459512505137845,0.9499065971326368,1.064548262079948,1.039121006448071,1.094154269492907,0.9402261840265708,0.9205767540682396,0.9673929318984216,0.00237515070671353,-0.00956526696899968,0.01572617494867744,0.00183300247283309,0.00100634755156341,0.00281744347794835,10000,10000
0.5,0.003288077341161696,0.026689151354830333,0.04268265654262894,1.043606660550079,0.9695965447707933,1.061591274376286,1.0285668717903,1.100896603614811,0.9504583778580062,0.9288274006225288,0.9747028275258264,0.00288211603917954,-0.01380076342485591,0.01666902644124704,0.00146095976154207,7.9254429451365e-4,0.00252889446450408,10000,10000
1,-0.0034009045347744076,0.022485088570511978,0.040781123915354635,1.0281591064995343,0.9600392365825104,1.050223920909965,1.023777916720592,1.08415566351843,0.9442422421876018,0.91652662222124,0.9702808073272376,-0.00383188199481908,-0.01937335453837816,0.01172909502552176,0.00129930272122191,6.383349582759e-4,0.00209396545352562,10000,10000
0.01,0.00754951520403475,0.028699357136450925,0.054420156548791856,1.055928164099027,0.9720642008255476,1.070150530470003,1.044385447808692,1.100683978329253,0.9550763137100112,0.9379350533333364,0.97768549111222,0.0071698598590073,-0.00668767232398541,0.02233217681368244,0.00153114102751282,8.5796160097252e-4,0.00246911193416875,10000,100000
0.02,-1.9432791371756802e-4,0.02895816435929833,0.04700133405679609,1.0369197140645432,0.9540861247844433,1.055355327321633,1.027209874917422,1.087814711465034,0.9410877363892272,0.9173596999580071,0.9644655298082072,-5.76851555283e-4,-0.01367182708711854,0.01448993950752999,0.00156033713629742,8.5832939883701e-4,0.00279109839070162,10000,100000
0.05,0.00795587570652909,0.03466796548568639,0.06696223863957564,1.0692551008850042,0.9668725496306598,1.080617269440337,1.055473505443023,1.115948621095969,0.9498660195809536,0.9284257429321432,0.9720443587620068,0.00756289373794878,-0.00478098510585684,0.0211023536573126,0.0019406598378809,0.00118925587905336,0.00291026605000075,10000,100000
0.1,0.00718385867868807,0.026162883283698975,0.04559218275713433,1.04664748301779,0.9659488571597076,1.062966427353231,1.037351980744114,1.095966802719544,0.9522187102803524,0.9240166315551446,0.974911744590902,0.0067921402413480304,-0.00791031615244604,0.02517339789856162,0.00140895386869503,7.1879922464683e-4,0.00237951486645427,10000,100000
0.2,-0.0094035113144181285,0.022569095602124643,0.041068602900810984,1.0294129770946063,0.9597632851437997,1.043775073257549,1.020234878623897,1.080105303302808,0.9408894773668984,0.9045686327387964,0.9646359649684724,-0.0098015970199973,-0.02292567276700696,0.00525640803329142,0.00124678113044727,6.7386392854353e-4,0.00212133398652533,10000,100000
0.5,0.006002383162608266,0.022415547343124436,0.04146715544678321,1.0423389261329188,0.9780116266767285,1.061651141535851,1.03637851556167,1.095538434173007,0.9573549390867484,0.9303882449164432,0.9756943319767752,0.00559217081222892,-0.01091567737964581,0.02069926514853992,0.00126363151000521,6.3625053292579e-4,0.00194310544544328,10000,100000
1,-9.496250030410779e-4,0.031413304726233916,0.04888914435580086,1.0501039343393226,0.9590180921460454,1.063508709350278,1.035469107987539,1.103777841570801,0.9404906737535752,0.9141849878942256,0.9630874578678238,-0.00137976408996122,-0.01444175193069246,0.01371324173432345,0.00179115592513697,9.1301509070777e-4,0.00295895821119625,10000,100000
0.01,-0.009448045431602093,0.022380544740792582,0.03641115631094683,1.0213229319379666,0.9642437570634758,1.042049692315936,1.022155233676866,1.067615975659582,0.9438282062755156,0.9199610274004082,0.9674574572858774,-0.00981637076370089,-0.02291329257486987,0.0025497220534314,0.00119469982252573,6.0743876571391e-4,0.00202242716770175,10000,1000000
0.02,-0.006788027440681975,0.021106551503573878,0.03158900978142623,1.0270406110282828,0.9689047106189201,1.044032440219702,1.019663952086519,1.074161119388938,0.9454793637400722,0.9214799248086368,0.9669332618418514,-0.00717634349224301,-0.02218050755828208,0.0078314737221917,0.00117285223306264,5.6624419098995e-4,0.00205339037411262,10000,1000000
0.05,-0.007798009143949587,0.02100386626794941,0.04209624208399128,1.0201623236937467,0.9587775013871678,1.040417026417857,1.021861129171884,1.068753894568043,0.9408255704804088,0.915960868002865,0.9672345910669968,-0.00820219071385709,-0.0218358008049247,0.0066095245651891,0.00120274233040858,6.6038695368028e-4,0.00191075550878917,10000,1000000
0.1,-0.0022093642321087672,0.027339569427009186,0.04544908197183245,1.0360648561162271,0.9555682569846757,1.054982448473541,1.029874929834006,1.084203089767275,0.9424152861284958,0.9127197649636032,0.9692025664634432,-0.002613076494034,-0.01682708661585162,0.01258213744747402,0.00150298690435506,6.3787754078288e-4,0.00247188796010043,10000,1000000
0.2,-0.0015807845620123058,0.027962187078902703,0.037840419418253474,1.0385654847695183,0.9658090352099467,1.057710127719664,1.035394833311752,1.091605378474744,0.9469324705906118,0.9236506183833236,0.967332641051978,-0.00196873783626742,-0.01705686845346988,0.01008035414356171,0.00151014837378999,8.0782746661167e-4,0.00279512999583058,10000,1000000
0.5,-6.083835677616017e-4,0.028873287909583552,0.04989350680363628,1.0391216896960251,0.9513307293566475,1.058803342501148,1.023732353930296,1.102079409526121,0.9401488345466886,0.9197568169734736,0.9634453944962512,-0.00104369099605573,-0.02005970792120134,0.01473101279006698,0.00164023484954038,6.7342453941072e-4,0.00309019640577477,10000,1000000
1,0.016736095952574366,0.028031599361563967,0.05603521221380297,1.0576349247480339,0.9689344709312611,1.077294029626204,1.043790147900544,1.119752124937035,0.956782735030114,0.9232151099577062,0.98102454699845,0.01627589490172313,-5.2118280997204e-4,0.03086507979822005,0.00162853196655899,8.2697266909837e-4,0.00304564733108909,10000,1000000
0.01,-0.005196433663843277,0.03683266091332879,0.06515643742361249,1.0466005286788278,0.9369208824233539,1.061002841171697,1.035350537414331,1.085134301218623,0.926719590125018,0.8867091035083182,0.9559265277769782,-0.00559539517396437,-0.0214246709950062,0.00623539533660692,0.00211607096587187,0.0012066471502527,0.00373221743549563,10000,10000000
0.02,0.006428231086007437,0.027314988530651597,0.04712997088564035,1.0482582432784828,0.9620192091916604,1.062609422125512,1.036423186117962,1.086706626688319,0.9508285346827166,0.9306713527397078,0.9747269748647132,0.00604053388346693,-0.00978855934821157,0.02025931779434469,0.00146124550679149,6.955820096369e-4,0.00220516692041169,10000,10000000
0.05,0.007726962022897304,0.02523785655877259,0.04809587772114707,1.0492712522384218,0.9727769725278348,1.064409312498778,1.037806774855285,1.092092483849284,0.9567694282926346,0.929498054461166,0.9791104421396633,0.00734868490421072,-0.00786995472346398,0.01953128554224802,0.00134746898604575,5.9354067891999e-4,0.00219984993073433,10000,10000000
0.1,-6.229765261686407e-4,0.036962554950411855,0.05348370336001994,1.0535403576584927,0.947921388811532,1.067632879401923,1.037514750915491,1.107454006677881,0.9357807867843726,0.9078704169880296,0.9633060579483192,-0.00103698295724182,-0.01951540236611338,0.01694336175898005,0.00212443627819364,0.0011694532147801,0.00325076151908103,10000,10000000
0.2,0.00131718088408724,0.03132643662127039,0.04842860489938676,1.0496204313888624,0.9569273557387405,1.06552189405455,1.031803334012736,1.111120476234534,0.9421058071688064,0.9148494679344812,0.9703588976658366,8.8245173003629e-4,-0.01468812685707344,0.01737124264923256,0.00179171454680099,8.1584823702279e-4,0.00306055221459727,10000,10000000
0.5,-0.004132055213850787,0.02785448464212917,0.04819002403675329,1.0347850689293947,0.9529526859550465,1.051049449216976,1.026422679452745,1.073879444320925,0.9367974741547748,0.8944530898000514,0.9717154192733504,-0.00456467976302869,-0.0204368210441868,0.01025417582591401,0.0015838899417434,7.4126116016723e-4,0.00281188297212823,10000,10000000
1,0.0023254894663651956,0.02686078223337811,0.04148950415285335,1.042362221319512,0.9617277114123145,1.060235371352976,1.029071270977711,1.091122568179226,0.9449554601085844,0.914781326396933,0.96993850874374,0.00185434432172254,-0.02114337211721896,0.019841288074376,0.00157208075201032,8.884830754178e-4,0.00284936880012108,10000,10000000
