interval,r1_m,r1_lo,r1_hi,r2_m,r2_lo,r2_hi,nch,z,n,r2,r2lo,r2hi,r1
1,0.2639217193128374,0.1818475130043827,0.3328480986868433,9.262408032390452,9.184786762437133,9.36138576994421,5,0.1,10,-0.07375919676095477,-0.08152132375628673,-0.06386142300557895,0.026392171931283744
0.5,0.5811258376497704,0.5051934662223707,0.6487967874532001,18.89125943572467,18.7627518831253,19.0455639023946,5,0.1,20,-0.055437028213766504,-0.061862405843734924,-0.04772180488026989,0.02905629188248852
0.2,1.046722222554746,0.9203359113339156,1.195026198664259,48.62366505468712,48.43305284852156,48.80191826726576,5,0.1,50,-0.027526698906257585,-0.031338943029568744,-0.023961634654684705,0.02093444445109492
0.1,1.875485243385091,1.671067547895464,2.105202649491457,98.35816831576328,97.94937583277483,98.68540403659804,5,0.1,100,-0.016418316842367164,-0.02050624167225168,-0.013145959634019544,0.01875485243385091
0.05,3.51280702842968,3.196095360679976,3.802233671996333,198.0156180901467,197.6059168193531,198.5004910959547,5,0.1,200,-0.009921909549266528,-0.011970415903234555,-0.007497544520226551,0.0175640351421484
0.02,6.186452458562838,5.769702661661414,6.689195879772686,498.7394661654473,498.0341709584373,499.3131489478648,5,0.1,500,-0.0025210676691054257,-0.0039316580831253445,-0.0013737021042703468,0.012372904917125676
0.01,10.22580703805058,9.330081106657987,10.84606411708635,998.2848765964284,997.23074369264,999.2338908673272,5,0.1,1000,-0.0017151234035716056,-0.002769256307360024,-7.66109132672832e-4,0.01022580703805058
1,0.1277549911360793,0.06455248500384492,0.1978086610843437,9.802210188791204,9.71744265985631,9.89425861578211,5,1,10,-0.019778981120879613,-0.028255734014368983,-0.010574138421789003,0.01277549911360793
0.5,0.2836183135801698,0.1796478990050236,0.3647440026808457,19.65558109186746,19.55092980668321,19.79251046940633,5,1,20,-0.017220945406626997,-0.022453509665839477,-0.010374476529683485,0.01418091567900849
0.2,0.3727748697596571,0.2239176007937996,0.509721858999616,49.72261612509274,49.51793670845277,49.91855703594607,5,1,50,-0.005547677498145109,-0.009641265830944601,-0.0016288592810785874,0.007455497395193142
0.1,0.5195958816359583,0.3212506297062437,0.7257218478358075,99.72300000767272,99.42560651121404,100.0366707249599,5,1,100,-0.002769999923272759,-0.005743934887859625,3.6670724959897427e-4,0.005195958816359583
0.05,1.135687570478437,0.8060681915622219,1.419890000949307,199.8458489098681,199.4323740502404,200.2231250334967,5,1,200,-7.707554506595216e-4,-0.002838129748797935,0.001115625167483536,0.005678437852392185
0.02,1.804513836448359,1.308418950170031,2.319076509998564,499.8309645388906,499.2343478140097,500.5433465078407,5,1,500,-3.3807092221882495e-4,-0.0015313043719805686,0.001086693015681428,0.0036090276728967183
0.01,3.279652841249819,2.649318860966772,3.875473068751623,999.2368180191172,998.3817498841128,1000.06844606838,5,1,1000,-7.631819808827656e-4,-0.001618250115887232,6.844606837996814e-5,0.003279652841249819
1,0.2184848815846117,0.1510083201064458,0.2826411264728932,9.363932511937916,9.285730936287043,9.450621766824952,10,0.05,10,-0.06360674880620842,-0.07142690637129567,-0.05493782331750485,0.02184848815846117
0.5,0.4947121339788705,0.3977086158218047,0.5880385359013778,18.84668414796275,18.74954958114966,18.95466144466392,10,0.05,20,-0.05766579260186244,-0.06252252094251687,-0.05226692776680397,0.024735606698943525
0.2,1.169857210499379,1.036086551783512,1.288923462567463,48.60640132219699,48.43412347385041,48.80502426281436,10,0.05,50,-0.027871973556060303,-0.0313175305229918,-0.02389951474371288,0.023397144209987578
0.1,1.795038824249465,1.557264488644495,1.98598680920072,98.3761763249084,98.09980807966949,98.65761047860836,10,0.05,100,-0.016238236750915958,-0.019001919203305184,-0.013423895213916404,0.01795038824249465
0.05,3.160073647145783,2.855468468372153,3.440321967139168,198.6457124155807,198.252539954055,199.0980877475165,10,0.05,200,-0.006771437922096446,-0.008737300229724965,-0.004509561262417527,0.015800368235728914
0.02,6.127264794120086,5.64094954717223,6.579824166355191,498.5177948708914,497.8741530415276,499.4081629377026,10,0.05,500,-0.0029644102582171428,-0.004251693916944799,-0.0011836741245947469,0.012254529588240172
0.01,8.752409730799975,8.0871464716572,9.300646114005076,998.7762513676812,997.834152777736,999.8270829244684,10,0.05,1000,-0.0012237486323187774,-0.0021658472222639835,-1.7291707553157565e-4,0.008752409730799975
1,0.2061169457836848,0.1313431123873993,0.2626440795556897,9.438593080294456,9.341147717814524,9.517052776241034,10,0.1,10,-0.05614069197055438,-0.06588522821854759,-0.048294722375896604,0.02061169457836848
0.5,0.473466036796399,0.3733606839361174,0.55586417713675,19.13644545636081,19.03214662502447,19.27658627863715,10,0.1,20,-0.04317772718195945,-0.04839266874877646,-0.036170686068142444,0.02367330183981995
0.2,0.9873499568177658,0.8514321566850385,1.124114576052574,48.8920304933762,48.69483724143966,49.09138005184819,10,0.1,50,-0.02215939013247603,-0.02610325517120682,-0.01817239896303624,0.019746999136355317
0.1,1.559647777101733,1.363850546217364,1.74961028681154,98.98014365029285,98.69455424929292,99.21896124797291,10,0.1,100,-0.0101985634970716,-0.013054457507070794,-0.007810387520270856,0.015596477771017329
0.05,2.560504142134799,2.236758568301311,2.827339379838791,198.7484418143336,198.2821133113535,199.0699129041695,10,0.1,200,-0.006257790928332008,-0.008589433443232486,-0.004650435479152448,0.012802520710673995
0.02,4.488042573239643,4.064478081155467,4.954468504749478,499.4584125019047,498.5618910438533,500.3764273705417,10,0.1,500,-0.0010831749961905945,-0.0028762179122934217,7.528547410833308e-4,0.008976085146479287
0.01,7.128341511491718,6.207430529080048,7.822461333172305,998.0866969034524,997.2101795650694,999.1360598725232,10,0.1,1000,-0.0019133030965475806,-0.00278982043493059,-8.639401274768144e-4,0.007128341511491718
1,0.1460119943167635,0.08211761030413871,0.2116482797766073,9.542913597198057,9.445368365441102,9.63090365594178,10,0.2,10,-0.04570864028019428,-0.05546316345588986,-0.036909634405821956,0.014601199431676351
0.5,0.3958709292028052,0.3037942897295534,0.4809506197976983,19.35854339443794,19.25873471449824,19.46884813432192,10,0.2,20,-0.032072830278102926,-0.037063264275088104,-0.026557593283903946,0.01979354646014026
0.2,0.8410029403394502,0.6403034398308864,0.9969560348224572,49.27406974637923,49.07484939454824,49.46111261583607,10,0.2,50,-0.014518605072415314,-0.018503012109035266,-0.010777747683278549,0.016820058806789006
0.1,1.372217685293981,1.190921460853059,1.530887496866356,99.37620098634048,99.08072206825184,99.61830608944535,10,0.2,100,-0.006237990136595206,-0.009192779317481525,-0.0038169391055464796,0.01372217685293981
0.05,1.894158868646427,1.551957926103083,2.222986579331618,199.1001628233156,198.6581670118458,199.5287377974248,10,0.2,200,-0.004499185883422019,-0.006709164940771006,-0.0023563110128759224,0.009470794343232135
0.02,3.431795919250641,3.030676858628798,3.953035837949527,499.6150014062857,498.8982152098964,500.2985305059071,10,0.2,500,-7.699971874285394e-4,-0.0022035695802071764,5.970610118142261e-4,0.006863591838501282
0.01,5.080247161005249,4.413739136161992,5.90308115222874,999.3718578676446,998.3580309478012,1000.2517977837,10,0.2,1000,-6.281421323554026e-4,-0.0016419690521987107,2.5179778369999184e-4,0.0050802471610052495
1,0.1219109841779306,0.05973724556316061,0.1787042694493303,9.738067633991273,9.64995091251266,9.823109439446151,10,0.5,10,-0.026193236600872694,-0.035004908748734076,-0.017689056055384844,0.01219109841779306
0.5,0.2658356103405491,0.1833764873887445,0.346942035756355,19.78041450693481,19.65622715151498,19.90117354062095,10,0.5,20,-0.01097927465325943,-0.017188642424251,-0.004941322968952555,0.013291780517027455
0.2,0.4791789815307622,0.3458337138480345,0.6439825993020838,49.53351573806454,49.32810596238334,49.73305510742912,10,0.5,50,-0.009329685238709251,-0.013437880752333209,-0.005338897851417723,0.009583579630615244
0.1,0.7366955924890695,0.5670071725683736,0.9207825142666288,99.80317905979992,99.52655116340858,100.0795176223876,10,0.5,100,-0.00196820940200082,-0.004734488365914169,7.951762238760374e-4,0.007366955924890695
0.05,1.107619231695427,0.8255859950490251,1.480543914177283,199.9530105909086,199.430816609433,200.3642154061115,10,0.5,200,-2.349470454570124e-4,-0.0028459169528349815,0.0018210770305575608,0.005538096158477135
0.02,2.106464623280326,1.676740624668269,2.562100142243979,499.6099556944666,499.1265525794544,500.1060397895509,10,0.5,500,-7.800886110668204e-4,-0.00174689484109114,2.120795791018537e-4,0.004212929246560652
0.01,3.147416588888383,2.439109580837946,3.857270896085512,999.460660192324,998.5866678941132,1000.392800832105,10,0.5,1000,-5.393398076760647e-4,-0.0014133321058867887,3.928008321050225e-4,0.003147416588888383
1,0.07891747751547797,0.01559588003141436,0.1480617488816708,9.799204222935847,9.716671043034124,9.88833297847046,10,1,10,-0.02007957770641533,-0.02833289569658759,-0.011166702152954011,0.007891747751547797
0.5,0.1253741694222652,0.04448412130882116,0.2192099752512951,19.75491936000757,19.63648640350421,19.86383799900743,10,1,20,-0.012254031999621495,-0.018175679824789404,-0.006808100049628507,0.00626870847111326
0.2,0.2928679005344885,0.1699951814234242,0.429181780842672,49.90265064546396,49.71005017863487,50.10235011477079,10,1,50,-0.0019469870907208309,-0.005798996427302527,0.0020470022954157674,0.00585735801068977
0.1,0.4813488982288919,0.1907941683782649,0.7196421484674478,99.75349969971003,99.49995489482237,99.9729901841918,10,1,100,-0.002465003002899646,-0.005000451051776378,-2.7009815808198834e-4,0.004813488982288919
0.05,0.6133619950032693,0.3446516494901718,0.8990649708454044,200.1257015895743,199.7083742051196,200.52063564948,10,1,200,6.285079478716149e-4,-0.0014581289744018955,0.002603178247400084,0.0030668099750163465
0.02,1.518281564121869,1.13069391128607,1.945328547688996,499.8653418307311,499.1420598764084,500.6548201914063,10,1,500,-2.693163385377728e-4,-0.0017158802471832768,0.0013096403828125602,0.003036563128243738
0.01,1.535114600766913,0.797934298256387,2.115112182492949,999.8717136095668,998.8629180633844,1000.79345170278,10,1,1000,-1.2828639043327428e-4,-0.0011370819366155471,7.934517027798904e-4,0.001535114600766913
1,0.03967791811734012,-0.02642876610056062,0.09427917143027352,9.959996910032524,9.871248303943885,10.04079617383043,10,10,10,-0.004000308996747526,-0.012875169605611525,0.004079617383042855,0.0039677918117340125
0.5,0.04809820366286732,-0.04920937520931092,0.143657629427199,19.95669238931299,19.78711616687293,20.08069514403673,10,10,20,-0.0021653805343504473,-0.010644191656353441,0.004034757201836658,0.002404910183143366
0.2,0.07878178602190423,-0.06521075491213811,0.2313034446449539,49.81672080343395,49.5871845348623,50.00737526610001,10,10,50,-0.0036655839313209926,-0.008256309302753895,1.4750532200036304e-4,0.0015756357204380848
0.1,0.1300108872713288,-0.04584655593821676,0.3737611155878671,99.98094965262426,99.7431844431198,100.2839284844281,10,10,100,-1.905034737573752e-4,-0.0025681555688019664,0.002839284844281087,0.001300108872713288
0.05,0.0198665018013666,-0.2460855114949045,0.3265052232154139,199.9815336411705,199.61015372232,200.3840577181106,10,10,200,-9.233179414747106e-5,-0.0019492313883999746,0.001920288590552932,9.9332509006833e-5
0.02,0.5766865899234164,0.1405571614616309,1.1173084549914,499.8979456994189,499.2533123426946,500.5507024663618,10,10,500,-2.0410860116215623e-4,-0.0014933753146108009,0.001101404932723593,0.0011533731798468328
0.01,0.02948729978319608,-0.5353205135546022,0.6894865584317542,1000.029885671278,999.057361888158,1000.966351443208,10,10,1000,2.9885671277929404e-5,-9.426381118420313e-4,9.663514432081133e-4,2.9487299783196077e-5
1,0.00646604475164706,-0.0465541971314196,0.06526130061540991,10.0457506805371,9.962479345938071,10.12750697485646,10,100,10,0.004575068053709996,-0.0037520654061928838,0.012750697485646167,6.46604475164706e-4
0.5,-0.03237085125143769,-0.1233259123638868,0.04957186715703499,20.08541266773586,19.97573000941404,20.22632762320157,10,100,20,0.00427063338679301,-0.0012134995292980566,0.011316381160078492,-0.0016185425625718844
0.2,-0.01916259738715596,-0.1656048573656014,0.08156270760624582,49.84049836270876,49.66069779717136,50.00081919005657,10,100,50,-0.0031900327458248556,-0.006786044056572793,1.638380113133664e-5,-3.832519477431192e-4
0.1,-0.09378545078635664,-0.3347006595487115,0.1101099811009935,100.2506668695912,99.95685337843231,100.5323991244135,10,100,100,0.0025066686959120954,-4.3146621567691223e-4,0.005323991244134962,-9.378545078635664e-4
0.05,-0.05554009460217044,-0.3631221162675823,0.1965929152965185,199.8108461901077,199.3885059751869,200.3063044269029,10,100,200,-9.457690494615312e-4,-0.003057470124065542,0.0015315221345144625,-2.777004730108522e-4
0.02,0.07680036462847227,-0.4111739405940324,0.5318250063493151,499.9996786881078,499.3643540805811,500.6114002285076,10,100,500,-6.426237844081584e-7,-0.0012712918388377847,0.0012228004570151718,1.5360072925694454e-4
0.01,-0.5221154631708506,-1.163636305990615,0.1503989672417438,999.5712536392984,998.7486616401852,1000.331225801362,10,100,1000,-4.287463607015596e-4,-0.0012513383598148353,3.3122580136213386e-4,-5.221154631708506e-4
1,-0.00289223256791534,-0.06283176862151635,0.07389866357335798,9.99619306021591,9.923860414181764,10.07515289794528,10,1000,10,-3.80693978409008e-4,-0.0076139585818235656,0.0075152897945280905,-2.89223256791534e-4
0.5,-0.01162987633132949,-0.112159496827178,0.05687761238080064,19.98665110766702,19.84172202265359,20.12134174118499,10,1000,20,-6.674446166490267e-4,-0.007913898867320412,0.006067087059249632,-5.814938165664746e-4
0.2,-0.1420591012903259,-0.2984786376583927,-0.01460970003251747,50.11370549392063,49.94165247179959,50.30863372471022,10,1000,50,0.002274109878412478,-0.0011669505640081734,0.006172674494204333,-0.0028411820258065178
0.1,-0.07703594909991493,-0.2686525077026827,0.1424808978992322,100.0434768613857,99.75748878285776,100.3453069019793,10,1000,100,4.3476861385705057e-4,-0.0024251121714223833,0.0034530690197929204,-7.703594909991493e-4
0.05,0.2200092971535693,-0.03867894835053391,0.5352024023623526,200.1851290539707,199.6831767798275,200.5664919197741,10,1000,200,9.256452698536144e-4,-0.0015841161008625093,0.0028324595988704626,0.0011000464857678464
0.02,-0.1606412280771164,-0.6751151454228137,0.3775943685441759,499.8842873435962,499.2592353683359,500.6256538053188,10,1000,500,-2.3142531280762046e-4,-0.0014815292633282295,0.0012513076106375198,-3.212824561542328e-4
0.01,-0.2668398131579561,-0.7456856477209366,0.289330409953871,1000.029714070752,999.036090327564,1001.056536453117,10,1000,1000,2.9714070751918342e-5,-9.639096724359808e-4,0.0010565364531169852,-2.6683981315795606e-4
1,0.01008225488587109,-0.05897255571661222,0.07033977763440087,10.096407721026191,10.00633325398084,10.20407204670729,10,10000,10,0.009640772102619044,6.333253980839171e-4,0.020407204670729095,0.001008225488587109
0.5,-0.04394977878290662,-0.1279754753346469,0.04845537136451165,20.02223078862572,19.88127222881196,20.15185783971051,10,10000,20,0.0011115394312859461,-0.005936388559402039,0.007592891985525485,-0.002197488939145331
0.2,0.152510379359219,0.03329313971015815,0.3005573765024674,50.11423828964166,49.87833021950614,50.36144983495157,10,10000,50,0.002284765792833321,-0.002433395609877209,0.00722899669903132,0.0030502075871843798
0.1,0.00579297206194787,-0.1765324690829082,0.1968201891877459,100.2480847735877,100.0103571026309,100.4971990809993,10,10000,100,0.0024808477358770897,1.0357102630909054e-4,0.004971990809992999,5.79297206194787e-5
0.05,0.00906107549859456,-0.3054479649195736,0.2812525172510777,200.1268007921609,199.780648291514,200.5745151639707,10,10000,200,6.340039608045966e-4,-0.0010967585424299653,0.00287257581985334,4.53053774929728e-5
0.02,-0.1528620278769122,-0.5969200115538682,0.239849235242712,500.0653684112834,499.4325462768302,500.6173350192994,10,10000,500,1.307368225667016e-4,-0.0011349074463395947,0.001234670038598784,-3.057240557538244e-4
0.01,-0.00652289506236918,-0.4919161709909441,0.5388827067328485,999.3407863209126,998.049989133184,1000.375103187762,10,10000,1000,-6.592136790873893e-4,-0.0019500108668160099,3.751031877619049e-4,-6.52289506236918e-6
1,0.1082792225466417,0.05537117193152606,0.156338459447368,9.598834501064774,9.50119791803148,9.707186873353942,20,0.05,10,-0.040116549893522646,-0.049880208196852016,-0.029281312664605763,0.01082792225466417
0.5,0.2810022128245451,0.187103390202747,0.383018619507258,19.203256145665492,19.04906554074464,19.33531696851256,20,0.05,20,-0.03983719271672537,-0.04754672296276807,-0.03323415157437193,0.014050110641227253
0.2,0.8714675199522877,0.6955087796328779,1.005427473294553,49.01889410053279,48.8300751624697,49.22235657338314,20,0.05,50,-0.019622117989344212,-0.023398496750606013,-0.015552868532337283,0.017429350399045754
0.1,1.332475114818834,1.133731632906853,1.586895321007681,99.17661190751409,98.87620285407355,99.53073200743248,20,0.05,100,-0.008233880924859105,-0.011237971459264418,-0.004692679925675236,0.013324751148188341
0.05,2.313909236668228,2.077847170243383,2.607154884462896,198.8608062510374,198.4265715169208,199.2954284267954,20,0.05,200,-0.00569596874481304,-0.007867142415395989,-0.0035228578660229104,0.01156954618334114
0.02,4.308702596322386,3.889996964280595,4.787200986028772,499.0045594162868,498.3228515606434,500.0689301646743,20,0.05,500,-0.001990881167426406,-0.0033542968787131366,1.3786032934870462e-4,0.008617405192644773
0.01,6.184602682715401,5.610880369732332,6.80523287895843,999.4222526221096,998.5813316684098,1000.266177144263,20,0.05,1000,-5.77747377890403e-4,-0.0014186683315902116,2.661771442629135e-4,0.006184602682715401
1,0.1101074136010562,0.04729276973697299,0.1752425734165759,9.64468388114533,9.560792706340454,9.747756546652164,20,0.1,10,-0.03553161188546705,-0.04392072936595459,-0.02522434533478357,0.01101074136010562
0.5,0.3395060829510615,0.2363965553769406,0.4099740138163608,19.35616607378138,19.21413392368702,19.47601732712896,20,0.1,20,-0.032191696310930995,-0.039293303815649105,-0.026199133643551975,0.016975304147553074
0.2,0.6062555263644653,0.451415263127627,0.7462285151955446,49.23133493136798,49.00822568912959,49.44501739871033,20,0.1,50,-0.015373301372640369,-0.01983548621740827,-0.011099652025793438,0.012125110527289307
0.1,1.016339464066463,0.7760950887434918,1.257618745192328,99.38029637968968,99.11625431194447,99.58677385359135,20,0.1,100,-0.00619703620310319,-0.008837456880555261,-0.004132261464086517,0.01016339464066463
0.05,1.833385916750474,1.470655158468797,2.132652034522049,199.3956257378099,198.8899866432959,199.7373789368141,20,0.1,200,-0.0030218713109505524,-0.005550066783520435,-0.0013131053159294304,0.00916692958375237
0.02,3.502796818578874,3.028020009373783,4.039775610149441,499.6005025417008,498.8006361526477,500.2494563451971,20,0.1,500,-7.989949165984056e-4,-0.0023987276947046166,4.989126903942598e-4,0.0070055936371577485
0.01,4.653854404300817,4.0536033974423,5.20186900332561,999.8205484811128,998.84274595527,1000.712246799718,20,0.1,1000,-1.7945151888720812e-4,-0.001157254044730105,7.122467997180415e-4,0.004653854404300817
1,0.06565439945440071,0.00303404827148794,0.1273363880731632,9.72843164661672,9.656125699090516,9.805727830356036,20,0.2,10,-0.027156835338328023,-0.03438743009094836,-0.01942721696439642,0.006565439945440071
0.5,0.3167933266631094,0.2157492646886099,0.4222059354719621,19.57866243642662,19.42980457984533,19.68888266743509,20,0.2,20,-0.021066878178669035,-0.028509771007733442,-0.015555866628245374,0.01583966633315547
0.2,0.4973687722892666,0.3450954170956981,0.6158540550092055,49.54956568828464,49.352657684593,49.72162818017863,20,0.2,50,-0.009008686234307284,-0.012946846308140025,-0.005567436396427428,0.009947375445785332
0.1,0.8880064955707471,0.6809077782936406,1.065348490997711,99.52038851727228,99.27283864974515,99.79212812749532,20,0.2,100,-0.004796114827277154,-0.007271613502548457,-0.0020787187250468353,0.008880064955707472
0.05,0.8959922380210837,0.5553715355782547,1.243253063278647,199.317202081466,198.9112615326692,199.7529288742348,20,0.2,200,-0.0034139895926699193,-0.0054436923366540935,-0.0012353556288259293,0.004479961190105419
0.02,2.676945401893734,2.199505857910192,3.128299458623591,499.5969275031669,498.9711478902154,500.1734956090409,20,0.2,500,-8.06144993666158e-4,-0.0020577042195693007,3.4699121808179356e-4,0.005353890803787468
0.01,3.297190745673187,2.596660446566398,3.925895888576453,1000.304613789348,999.3577928512018,1001.307439612674,20,0.2,1000,3.04613789347874e-4,-6.422071487982572e-4,0.0013074396126739884,0.003297190745673187
1,0.04042424326144953,-0.01723154761786417,0.09792215810905376,9.83069267373333,9.739973625442603,9.934238422709392,20,0.5,10,-0.016930732626667,-0.026002637455739608,-0.006576157729060839,0.004042424326144952
0.5,0.1717651037713621,0.08477623116616348,0.2493456408479676,19.81497735574241,19.70582729552181,19.90965739839394,20,0.5,20,-0.009251132212879432,-0.014708635223909416,-0.004517130080303078,0.008588255188568105
0.2,0.3074994965463665,0.143539620856007,0.4970347668018544,49.72104160383324,49.54540144123774,49.93251712405421,20,0.5,50,-0.0055791679233351266,-0.009091971175245184,-0.0013496575189158033,0.00614998993092733
0.1,0.5090640749811576,0.2988262810893452,0.740803460857355,99.89449447439064,99.58181984724264,100.2019535584514,20,0.5,100,-0.0010550552560936177,-0.0041818015275736364,0.002019535584513843,0.005090640749811576
0.05,0.9611429965092064,0.7034833530831788,1.219355788881482,199.7623732048087,199.3200165887328,200.1641302380221,20,0.5,200,-0.001188133975956407,-0.0033999170563359105,8.20651190110544e-4,0.004805714982546032
0.02,1.130372588825286,0.5630467394171632,1.757853475360894,499.9451361901229,499.2342808346084,500.5942377939184,20,0.5,500,-1.097276197541408e-4,-0.0015314383307831747,0.001188475587836857,0.002260745177650572
0.01,1.581171973419471,1.002449879860671,2.175909904535835,999.7371809610984,998.9048735035032,1000.648260381037,20,0.5,1000,-2.628190389015739e-4,-0.001095126496496901,6.482603810369358e-4,0.0015811719734194708
1,0.08587652429280222,0.01397796322294282,0.1570036245773201,9.880532118545336,9.789074740900356,9.972143530381114,20,1,10,-0.011946788145466458,-0.021092525909964466,-0.0027856469618885438,0.008587652429280222
0.5,0.1560837871375814,0.06673838516165692,0.2392041522961297,19.88013047385235,19.75705671503251,20.0200677583581,20,1,20,-0.00599347630738245,-0.012147164248374587,0.0010033879179049965,0.007804189356879069
0.2,0.2114033714788509,0.09766181456845437,0.3853028922073592,50.00523671527134,49.83450865938311,50.2130902660452,20,1,50,1.0473430542679019e-4,-0.003309826812337824,0.004261805320904033,0.004228067429577018
0.1,0.3487956706475556,0.1341560998743252,0.5306763524597541,99.9472850831534,99.6149898712741,100.2391756354525,20,1,100,-5.271491684659679e-4,-0.0038501012872589335,0.002391756354525043,0.0034879567064755564
0.05,0.4966775883592519,0.2143413605573731,0.7297273725990021,200.0337701893894,199.5321533773733,200.435446900944,20,1,200,1.6885094694707448e-4,-0.002339233113133443,0.0021772345047199604,0.0024833879417962596
0.02,0.9152349857263808,0.4858252037341744,1.434340867301494,499.9848329277453,499.2767568782266,500.5970295175018,20,1,500,-3.0334144509369665e-5,-0.0014464862435468184,0.0011940590350036917,0.0018304699714527617
0.01,1.276686619880868,0.6961125355530626,1.829247266512869,1000.5564197817,999.7185925292872,1001.432456709992,20,1,1000,5.564197817000682e-4,-2.8140747071281336e-4,0.001432456709992147,0.001276686619880868
1,0.02136827997683101,-0.05502086049981068,0.08634976158315012,10.02618470449448,9.938392265437503,10.12257061984671,20,10,10,0.0026184704494478517,-0.0061607734562496574,0.012257061984671136,0.002136827997683101
0.5,-0.01794021326397592,-0.09226225614381706,0.05169731689808194,19.90937496509958,19.79930097216556,20.03228530867148,20,10,20,-0.004531251745021003,-0.010034951391721947,0.0016142654335740136,-8.970106631987961e-4
0.2,-0.01390524251376945,-0.1490054496476311,0.1426601867587076,49.93161164542571,49.70932697428357,50.12213118970604,20,10,50,-0.0013677670914857831,-0.005813460514328628,0.0024426237941208573,-2.78104850275389e-4
0.1,0.00964868300313413,-0.2182055222309935,0.2193743245098952,99.95410240797617,99.66059598310054,100.2269824385496,20,10,100,-4.589759202383581e-4,-0.003394040168994694,0.0022698243854959443,9.64868300313413e-5
0.05,0.2615612311911866,-0.08284443861422557,0.5547472372299338,199.8286657211241,199.4012833680512,200.2462293934345,20,10,200,-8.566713943793935e-4,-0.002993583159744073,0.001231146967172414,0.0013078061559559332
0.02,0.2396277749323908,-0.0904196966386094,0.7364075659216485,499.7935922521472,499.0381005219512,500.3969320973058,20,10,500,-4.128154957055985e-4,-0.001923798956097622,7.938641946116931e-4,4.792555498647816e-4
0.01,-0.5868944339133126,-1.113832843569789,-0.03034001077723517,1000.109486413641,998.9785414830656,1001.075585734571,20,10,1000,1.0948641364105782e-4,-0.0010214585169344703,0.0010755857345710051,-5.868944339133126e-4
1,0.06953712885747017,0.00667489426594071,0.1501389780762979,9.842554353923072,9.758540202332842,9.921057267392271,50,0.05,10,-0.0157445646076928,-0.02414597976671584,-0.007894273260772855,0.0069537128857470164
0.5,0.1812436913363518,0.0914367585516217,0.2807780804665858,19.61953678586877,19.50605436572942,19.73961179427642,50,0.05,20,-0.019023160706561404,-0.02469728171352903,-0.013019410286178923,0.00906218456681759
0.2,0.4320073174253909,0.3104376451162226,0.5889719397929838,49.67522980152245,49.45800343378338,49.88629403012864,50,0.05,50,-0.006495403969551061,-0.010839931324332364,-0.0022741193974272766,0.008640146348507818
0.1,0.5299396369861329,0.3044107714646129,0.7333721277428125,99.58649475687857,99.26520998150872,99.89673926080091,50,0.05,100,-0.00413505243121437,-0.007347900184912826,-0.0010326073919908474,0.005299396369861329
0.05,1.333677314662473,0.9882847450359292,1.663701386958122,199.7980957302781,199.3316640063182,200.2740961884726,50,0.05,200,-0.0010095213486094323,-0.0033416799684090615,0.0013704809423631392,0.006668386573312365
0.02,2.129738808221464,1.711627788631812,2.65508576207621,500.3588890726111,499.7203565300289,500.9837383916132,50,0.05,500,7.177781452221144e-4,-5.592869399422273e-4,0.001967476783226507,0.004259477616442928
0.01,3.282648570718195,2.613778433455693,4.011844799287343,1000.690953269709,999.7278977605154,1001.838971527706,50,0.05,1000,6.90953269709027e-4,-2.721022394845951e-4,0.001838971527706068,0.003282648570718195
1,0.01901981516938922,-0.03836459118617533,0.1023559323630759,9.904575089568333,9.808894896910305,9.99519751762936,50,0.1,10,-0.009542491043166734,-0.019110510308969486,-4.802482370639405e-4,0.001901981516938922
0.5,0.08016037719461437,-0.0209403010808678,0.1886951220646455,19.7169759001298,19.60486489983184,19.83559104922457,50,0.1,20,-0.01415120499350997,-0.019756755008408122,-0.008220447538771603,0.004008018859730718
0.2,0.4344050832311859,0.2980194817687313,0.5708314408791237,49.6439724956206,49.49468184272342,49.81463610113032,50,0.1,50,-0.00712055008758794,-0.010106363145531483,-0.003707277977393675,0.008688101664623717
0.1,0.6232596788048066,0.4520019898160365,0.8045375676253972,99.67837059800362,99.3637148849556,99.97377754952572,50,0.1,100,-0.003216294019963706,-0.006362851150443993,-2.622245047427807e-4,0.006232596788048066
0.05,0.9365865885667078,0.6719498037935139,1.226341324254192,199.938238431674,199.5147896292088,200.4144353314962,50,0.1,200,-3.0880784163000996e-4,-0.002426051853956057,0.0020721766574809397,0.0046829329428335394
0.02,1.6585546784835,1.335654497255521,2.127666091858743,500.1927490734043,499.669779636224,500.8857553902866,50,0.1,500,3.8549814680854944e-4,-6.60440727552003e-4,0.0017715107805731378,0.0033171093569669997
0.01,2.445123696981175,1.813694965536561,3.091897169031974,1000.34591780407,999.5317233337472,1001.280526434607,50,0.1,1000,3.459178040701172e-4,-4.682766662528204e-4,0.0012805264346069656,0.002445123696981175
1,0.03658154006183753,-0.03483573746326471,0.1043041815903291,9.937047710994507,9.840575073411497,10.04280337661359,50,0.2,10,-0.006295228900549232,-0.015942492658850282,0.004280337661358935,0.003658154006183753
0.5,0.04151495908462115,-0.05776357567200432,0.1431968362704753,19.77411880348138,19.64826955156655,19.92660400549446,50,0.2,20,-0.011294059825931013,-0.017586522421672468,-0.0036697997252769232,0.002075747954231057
0.2,0.2747724940735539,0.1201898649121383,0.414343109198325,49.81007674968611,49.6436983755323,49.99138403317057,50,0.2,50,-0.0037984650062777847,-0.007126032489353951,-1.723193365886777e-4,0.005495449881471079
0.1,0.4182420039129656,0.2205750720492795,0.6190962478264053,99.98334228628924,99.7134691073308,100.2737293645216,50,0.2,100,-1.6657713710754862e-4,-0.0028653089266920118,0.0027372936452159102,0.004182420039129656
0.05,0.6755681917252743,0.3892352595923054,0.9613912032955708,199.6170681386681,199.1599785135562,200.0413393486419,50,0.2,200,-0.0019146593066595718,-0.004200107432218991,2.0669674320950016e-4,0.0033778409586263714
0.02,0.8970929852539758,0.428702860321993,1.409627363812676,500.2140182407223,499.6066363882871,500.9195794566097,50,0.2,500,4.280364814446269e-4,-7.86727223425876e-4,0.0018391589132193964,0.0017941859705079518
0.01,1.876368740278726,1.038852880135346,2.652151824286957,999.9462473576762,998.7555080920196,1000.834891444796,50,0.2,1000,-5.3752642323878774e-5,-0.0012444919079804828,8.348914447959821e-4,0.001876368740278726
1,0.01271068841103177,-0.04901502988034716,0.0823911045373193,9.853361014667072,9.780986955743302,9.936627083230627,50,0.5,10,-0.014663898533292752,-0.021901304425669843,-0.006337291676937307,0.001271068841103177
0.5,0.085724479973273,-0.01897150419885146,0.1879359105488516,19.84982392818319,19.72396249886138,19.98207715646419,50,0.5,20,-0.007508803590840385,-0.01380187505693109,-8.961421767905708e-4,0.00428622399866365
0.2,0.2950591024437301,0.1720062191319863,0.4623145054655775,49.80129214873168,49.65267603419161,49.96679498467132,50,0.5,50,-0.003974157025366298,-0.006946479316167875,-6.641003065737117e-4,0.005901182048874603
0.1,0.3107465573751114,0.091542874319093,0.5024766739076527,99.79216883770522,99.49956790250792,100.0381138479531,50,0.5,100,-0.002078311622947804,-0.005004320974920762,3.8113847953091806e-4,0.003107465573751114
0.05,0.4027093535559271,0.1534589440274056,0.7178976135045778,199.9144925952876,199.5177011944734,200.245359791022,50,0.5,200,-4.2753702356190804e-4,-0.0024114940276329655,0.00122679895511002,0.002013546767779635
0.02,0.7236803331653584,0.2655733501309084,1.128631609991336,499.7044111557199,499.1118256894946,500.2644145908717,50,0.5,500,-5.911776885600961e-4,-0.001776348621010837,5.28829181743351e-4,0.0014473606663307167
0.01,1.638787638473072,0.8946897516117744,2.236255278925031,1000.208702406513,999.3478220406282,1001.214942269519,50,0.5,1000,2.0870240651293948e-4,-6.521779593717802e-4,0.0012149422695191259,0.001638787638473072
1,0.04424873624882873,-0.02837857695912052,0.1171625447366806,9.892697042712031,9.794375452469591,9.995175149395669,50,1,10,-0.010730295728796913,-0.02056245475304086,-4.8248506043313544e-4,0.004424873624882873
0.5,0.1248968334429036,0.02260195948959191,0.2236893222279557,19.91595907175646,19.80584399731161,20.04299200791094,50,1,20,-0.0042020464121769185,-0.00970780013441952,0.0021496003955470133,0.00624484167214518
0.2,0.2021405167616006,0.02405347600408192,0.3431217424822589,49.76200114477844,49.57623322249577,49.97984388203081,50,1,50,-0.004759977104431212,-0.008475335550084506,-4.031223593837785e-4,0.004042810335232012
0.1,0.03731063873615551,-0.1809794348195058,0.2463901415771165,100.0680433262966,99.74984614213056,100.3844716666894,50,1,100,6.804332629659626e-4,-0.0025015385786943956,0.0038447166668940103,3.731063873615551e-4
0.05,0.04176188859608742,-0.2649642766945568,0.3742905398397813,199.854782806942,199.5081104578596,200.2712319057775,50,1,200,-7.26085965289891e-4,-0.0024594477107019452,0.0013561595288875683,2.088094429804371e-4
0.02,0.6042162333751638,-0.01874481257816007,1.062851270564461,500.0082218985028,499.5059827858589,500.649442625682,50,1,500,1.6443797005605276e-5,-9.88034428282214e-4,0.0012988852513640126,0.0012084324667503276
0.01,0.5652507866106492,-0.03737557922327976,1.206904065505416,1000.180953424491,999.207139069312,1001.169775389799,50,1,1000,1.8095342449098162e-4,-7.928609306879775e-4,0.0011697753897990104,5.652507866106492e-4
1,0.05187332010426953,-0.00534318362225501,0.1307070457211225,10.0120546778741,9.92659199649536,10.09505497877058,50,10,10,0.0012054677874100417,-0.007340800350464027,0.009505497877058122,0.005187332010426953
0.5,-0.03094948288856372,-0.1363561894902566,0.07638017395518971,19.976936255253,19.8105856156815,20.12048002750451,50,10,20,-0.0011531872373499175,-0.009470719215925016,0.006024001375225518,-0.001547474144428186
0.2,-0.03197821273726092,-0.1584920644131183,0.1255777139159797,49.93010181756143,49.74230711207952,50.11903573255192,50,10,50,-0.0013979636487714275,-0.005153857758409597,0.002380714651038396,-6.395642547452183e-4
0.1,-0.1683670147686535,-0.3590667938725671,0.06628923506472016,100.0098576793811,99.7367541893352,100.308757115725,50,10,100,9.85767938110893e-5,-0.002632458106648028,0.003087571157250002,-0.001683670147686535
0.05,0.07891499998312358,-0.1830439949860301,0.40996019018483,200.1044243450532,199.688093128529,200.4641730038949,50,10,200,5.221217252660004e-4,-0.001559534357355008,0.002320865019474594,3.9457499991561794e-4
0.02,-0.426093682751057,-0.8155459635066609,-0.03522007378188557,500.1720382222152,499.5378576560656,500.7570043345422,50,10,500,3.4407644443046337e-4,-9.242846878687594e-4,0.0015140086690843546,-8.52187365502114e-4
0.01,0.02059652891042684,-0.5381999721773755,0.6915573677620401,999.5788948336216,998.59937014656,1000.536768232333,50,10,1000,-4.2110516637838824e-4,-0.0014006298534400274,5.367682323329515e-4,2.059652891042684e-5
1,0.05424575576351023,-0.01360654910841162,0.12208123543591,9.928618497767912,9.84034438844817,10.04082573148315,100,0.05,10,-0.007138150223208739,-0.015965561155182995,0.00408257314831495,0.0054245755763510225
0.5,0.00917457301429989,-0.08768496933756305,0.09933202960164832,19.97826321296376,19.85354498893312,20.11814601889522,100,0.05,20,-0.0010868393518119746,-0.007322750553343971,0.005907300944760996,4.5872865071499446e-4
0.2,0.2085599069221682,0.04937270673684525,0.3942477141788148,49.90620867408277,49.71525685690417,50.17684453947533,100,0.05,50,-0.0018758265183446143,-0.005694862861916672,0.003536890789506586,0.004171198138443364
0.1,0.3457842906397851,0.1374952724894331,0.5722296547108388,99.98888494001622,99.61836876929124,100.3703186733265,100,0.05,100,-1.1115059983779485e-4,-0.003816312307087677,0.0037031867332648627,0.003457842906397851
0.05,0.5246750505856985,0.1882795323568958,0.8000074897502242,200.2121137965366,199.7864371219715,200.5492474144613,100,0.05,200,0.00106056898268303,-0.0010678143901425852,0.002746237072306368,0.0026233752529284927
0.02,0.6981297981084625,0.06453938616604978,1.225894832046512,500.4283340719505,499.642040501546,501.0670442447636,100,0.05,500,8.566681439008406e-4,-7.159189969080382e-4,0.0021340884895273415,0.0013962595962169252
0.01,1.354903976734577,0.8059497367717476,1.967463918907719,1000.844781452664,999.9389226185358,1001.886083634618,100,0.05,1000,8.447814526639785e-4,-6.107738146421404e-5,0.0018860836346179521,0.0013549039767345769
1,-0.01312456223300076,-0.09636392679374524,0.05406878809798395,9.965775732833896,9.85486940047696,10.04645104101874,100,0.1,10,-0.003422426716610416,-0.014513059952303897,0.00464510410187402,-0.001312456223300076
0.5,0.1131690178079717,0.02225752860945668,0.2260413789723575,19.87732924916419,19.73230804159383,20.00786672331355,100,0.1,20,-0.006133537541790468,-0.01338459792030855,3.9333616567760465e-4,0.005658450890398585
0.2,0.243380770853904,0.104230257935369,0.3910959565826979,49.85211610265988,49.63668907048724,50.04905012548548,100,0.1,50,-0.0029576779468024617,-0.0072662185902551135,9.81002509709672e-4,0.00486761541707808
0.1,0.1643235447062688,-0.03607876891172243,0.3289760946987503,99.98933715759163,99.72925088988232,100.2974968037929,100,0.1,100,-1.0662842408359907e-4,-0.00270749110117674,0.00297496803792896,0.0016432354470626881
0.05,0.4411907444894865,0.164824850237608,0.7055862552225707,199.6021441803424,199.2534577391533,200.1024600607619,100,0.1,200,-0.001989279098287944,-0.0037327113042334714,5.123003038094431e-4,0.0022059537224474323
0.02,0.7883096119535117,0.2431336083669514,1.31833497582661,500.4434061371755,499.7565188686814,501.0938765508282,100,0.1,500,8.868122743510565e-4,-4.86962262637225e-4,0.002187753101656531,0.0015766192239070234
0.01,1.286428137376081,0.5509584696224774,1.854460590228717,1000.459713033602,999.5479516859604,1001.335877946059,100,0.1,1000,4.597130336021493e-4,-4.5204831403966583e-4,0.0013358779460590497,0.001286428137376081
1,-0.01343265749400178,-0.07386354244633546,0.05007983928754613,9.828697998288312,9.742849956760178,9.905395934566634,100,0.2,10,-0.01713020017116873,-0.025715004323982216,-0.009460406543336575,-0.001343265749400178
0.5,0.1092548685556147,0.008343174714253,0.1999257676625841,19.93490090439407,19.79699604022267,20.03952040977304,100,0.2,20,-0.0032549547802964707,-0.010150197988866516,0.001976020488652086,0.005462743427780735
0.2,0.03242050937258316,-0.1683675378877511,0.1784567131790016,50.03002321558307,49.78371373937213,50.25399960416391,100,0.2,50,6.004643116614972e-4,-0.004325725212557363,0.005079992083278251,6.484101874516632e-4
0.1,0.2100585603029462,-0.00507154429357482,0.4457692408108531,100.25616345382019,99.96776606207762,100.5992094412181,100,0.2,100,0.002561634538202018,-3.2233937922387934e-4,0.005992094412180959,0.002100585603029462
0.05,0.378343827331811,0.00364162281297327,0.6556817097150289,200.0029508185462,199.5259557177681,200.4245660807666,100,0.2,200,1.4754092730884238e-5,-0.00237022141115939,0.002122830403832987,0.001891719136659055
0.02,0.6243852276161309,0.1304976591649092,1.058653340974222,500.2476390781508,499.5698859002409,501.0348953343079,100,0.2,500,4.952781563016817e-4,-8.602281995182537e-4,0.0020697906686157896,0.0012487704552322618
0.01,0.6123360396178509,-0.09074719383287488,1.277946631539602,1000.135905683046,999.2307224175098,1001.203517094802,100,0.2,1000,1.3590568304588935e-4,-7.692775824902354e-4,0.0012035170948019314,6.123360396178509e-4
1,-0.00894637949607674,-0.07544364366951763,0.05548546371358795,9.944744510048514,9.865049924687863,10.02633544993501,100,0.5,10,-0.005525548995148677,-0.013495007531213687,0.0026335449935008803,-8.94637949607674e-4
0.5,0.01127733721219884,-0.06847617887792817,0.09542156254569556,19.96207875681084,19.82370643709913,20.07803382293471,100,0.5,20,-0.001896062159458034,-0.008814678145043553,0.003901691146735553,5.63866860609942e-4
0.2,0.1628249345275314,-0.00296135959898147,0.3035305254117028,50.06830388249497,49.92989038457655,50.22849043919754,100,0.5,50,0.0013660776498993776,-0.0014021923084689414,0.004569808783950968,0.0032564986905506284
0.1,0.1375404097554097,-0.0560592283692859,0.3295090239483888,99.78256442779896,99.49107905593404,100.0401102600971,100,0.5,100,-0.0021743557220104126,-0.005089209440659603,4.011026009709262e-4,0.0013754040975540972
0.05,0.2020153140512618,-0.062336179011625,0.449609276353217,199.9732914519676,199.5425072038154,200.383951608222,100,0.5,200,-1.3354274016197376e-4,-0.0022874639809229436,0.001919758041109887,0.001010076570256309
0.02,0.5840846544391387,0.1258228470840139,1.068011537202424,499.7960338771006,499.1857723374108,500.5703004739794,100,0.5,500,-4.0793224579871445e-4,-0.0016284553251784128,0.0011406009479588697,0.0011681693088782775
0.01,0.9957841314441676,0.3634533449935929,1.56696159229715,1000.467207831637,999.372054826484,1001.582615958012,100,0.5,1000,4.672078316370065e-4,-6.279451735159425e-4,0.0015826159580119015,9.957841314441676e-4
1,-0.01296282657285272,-0.07002446494109785,0.0474970312395084,10.03231241762981,9.948999380493444,10.13346437761317,100,1,10,0.003231241762981174,-0.005100061950655599,0.013346437761316832,-0.001296282657285272
0.5,0.02622200502103108,-0.06568050547299198,0.1113731408513268,19.98703755424937,19.87153318974548,20.12204884556099,100,1,20,-6.481222875315273e-4,-0.006423340512725972,0.006102442278049569,0.001311100251051554
0.2,0.06161858359360051,-0.1036144036063368,0.2298842416024181,50.02834737509703,49.86048500769799,50.2098084642934,100,1,50,5.66947501940529e-4,-0.0027902998460401784,0.004196169285868079,0.0012323716718720102
0.1,-0.00140895769795334,-0.2193202104041263,0.204906928553077,100.2179228626185,99.885738893341,100.5018322116315,100,1,100,0.0021792286261850258,-0.0011426110665899714,0.005018322116314922,-1.40895769795334e-5
0.05,0.1247309423656515,-0.140034482796037,0.3637590738946642,199.8409362534216,199.3603798352193,200.2841381620731,100,1,200,-7.953187328919586e-4,-0.0031981008239034825,0.0014206908103655547,6.236547118282575e-4
0.02,0.2620231760125642,-0.1418360562491026,0.7167604687299484,500.2158355477867,499.7303177561928,500.8656781022539,100,1,500,4.316710955734049e-4,-5.393644876143799e-4,0.0017313562045078168,5.240463520251284e-4
0.01,0.2705767813114736,-0.3204920765111049,0.8689481489225293,1000.92717742133,1000.271648957692,1001.909799597345,100,1,1000,9.271774213299722e-4,2.71648957691939e-4,0.001909799597344941,2.705767813114736e-4
1,0.02752459990503396,-0.02484310907711185,0.08170867042973542,9.990304649496812,9.890694988907905,10.07464537752195,100,10,10,-9.69535050318826e-4,-0.010930501109209567,0.007464537752194911,0.002752459990503396
0.5,0.0143305968938756,-0.06795398201216685,0.111031696691256,19.97637099785903,19.85529136737959,20.12394027473464,100,10,20,-0.0011814501070486205,-0.0072354316310205835,0.006197013736731982,7.1652984469378e-4
0.2,0.03191973115357993,-0.09422909615393855,0.1627408291783461,50.02999874530991,49.86308506636674,50.21964192984407,100,10,50,5.999749061982307e-4,-0.0027382986726651737,0.004392838596881443,6.383946230715987e-4
0.1,0.04204451471820397,-0.193332393240265,0.220418947056697,99.92279931343678,99.65594724098592,100.2140332366181,100,10,100,-7.720068656321688e-4,-0.003440527590140796,0.0021403323661810525,4.2044514718203964e-4
0.05,0.08502254275757387,-0.1459504672518221,0.4312034305805562,199.5770748641459,199.21333574409,199.9338392597371,100,10,200,-0.0021146256792704543,-0.003933321279550039,-3.308037013144416e-4,4.2511271378786936e-4
0.02,-0.06633267002329801,-0.4775493217306459,0.3471088527977827,499.7575239803861,499.1058588337036,500.3999274909778,100,10,500,-4.8495203922782615e-4,-0.001788282332592761,7.998549819556722e-4,-1.3266534004659602e-4
0.01,0.3721612864263741,-0.2647784552140232,0.9035763361926696,1000.703383289702,999.7953659071844,1001.677060727651,100,10,1000,7.033832897018755e-4,-2.0463409281556988e-4,0.0016770607276510585,3.721612864263741e-4
1,-0.00425363154483455,-0.06391923348256803,0.06381313344871997,10.00193336217013,9.910990310670888,10.08577787434742,100,100,10,1.9333621701300707e-4,-0.008900968932911146,0.008577787434741913,-4.25363154483455e-4
0.5,0.00142562693326886,-0.07862472651745425,0.1020977308803926,20.0296591654169,19.91104618846901,20.15519343431848,100,100,20,0.0014829582708448807,-0.004447690576549368,0.007759671715924066,7.1281346663443e-5
0.2,0.1247417820245442,-0.01117207070358936,0.266003143318408,49.94041522095852,49.74234665822296,50.1190562801606,100,100,50,-0.0011916955808295437,-0.005153066835540843,0.00238112560321202,0.002494835640490884
0.1,-0.02818504862196813,-0.187993073032118,0.1851567551509389,100.0472022828203,99.75944566599968,100.3616248441085,100,100,100,4.720228282029115e-4,-0.0024055433400032022,0.0036162484410851015,-2.818504862196813e-4
0.05,0.01775444648328935,-0.2186425778262274,0.3297716154360546,199.9243225451424,199.5324511037027,200.3834249124425,100,100,200,-3.783872742880723e-4,-0.0023377444814864923,0.001917124562212491,8.877223241644675e-5
0.02,0.3103191909232996,-0.126064630368469,0.7128237915274411,499.9861551972141,499.322517703552,500.5657207134274,100,100,500,-2.7689605571867837e-5,-0.0013549645928959686,0.00113144142685484,6.206383818465992e-4
0.01,-0.2683081666021899,-0.8510638647294502,0.4094718427732368,1000.163010572426,999.5179215476942,1001.144310235992,100,100,1000,1.6301057242595896e-4,-4.8207845230585633e-4,0.001144310235992041,-2.683081666021899e-4
1,-0.00694111846952253,-0.07166489907207209,0.06145714566948573,10.04658911691268,9.956066533555171,10.13447353301319,100,1000,10,0.004658911691267864,-0.004393346644482876,0.013447353301319076,-6.94111846952253e-4
0.5,-0.06217779638261724,-0.1558944443844066,0.03975656178744777,19.99961852211623,19.84505298358637,20.14468456392947,100,1000,20,-1.907389418853711e-5,-0.007747350820681453,0.007234228196473458,-0.0031088898191308618
0.2,0.05188658168848872,-0.1106242455774752,0.1830533551531592,49.92058251725354,49.68870276026198,50.12213023949347,100,1000,50,-0.0015883496549291554,-0.006225944794760352,0.0024426047898693515,0.0010377316337697744
0.1,-0.01387675824099717,-0.1922130793995607,0.1798660589335831,100.2099142915984,99.85168248632522,100.4941477511318,100,1000,100,0.002099142915984009,-0.001483175136747783,0.004941477511318126,-1.3876758240997169e-4
0.05,0.03530644672589961,-0.2862028112778714,0.3244970959365717,200.203002204825,199.8184863152733,200.6480540726794,100,1000,200,0.0010150110241249344,-9.075684236334869e-4,0.003240270363396913,1.7653223362949804e-4
0.02,0.1192682761097523,-0.4038893758791874,0.5178054866378106,499.9399934524974,499.3558364076603,500.5550220635862,100,1000,500,-1.200130950052003e-4,-0.0012883271846793054,0.001110044127172305,2.385365522195046e-4
0.01,-0.3302375158045993,-0.8207224947007018,0.1424668783673136,1000.628959917113,999.7538941068806,1001.501474533006,100,1000,1000,6.289599171129812e-4,-2.4610589311946374e-4,0.0015014745330059753,-3.302375158045993e-4
1,-0.01244111314481721,-0.07187586612919214,0.04114728818531743,10.00661222572274,9.901003380170163,10.10423585604019,100,10000,10,6.612225722739673e-4,-0.009899661982983643,0.010423585604019125,-0.001244111314481721
0.5,0.03864700625034086,-0.05448775049825297,0.1291385437456968,20.0171157595577,19.89141646174217,20.14914020765868,100,10000,20,8.55787977884992e-4,-0.005429176912891465,0.007457010382933893,0.0019323503125170428
0.2,0.06506481086522457,-0.0630113899229457,0.230124973263881,50.09076646425521,49.90282912633834,50.33622960058509,100,10000,50,0.0018153292851041947,-0.0019434174732332332,0.006724592011701835,0.0013012962173044914
0.1,-0.00260509568406199,-0.2052741925962238,0.2081972395901729,99.88529451194636,99.6095621649122,100.1505302998833,100,10000,100,-0.0011470548805364578,-0.0039043783508779795,0.0015053029988330024,-2.6050956840619903e-5
0.05,0.1137855952093557,-0.1823183443549501,0.4017828569943498,200.2501819349421,199.8815056045907,200.5792496504957,100,10000,200,0.001250909674710421,-5.924719770464826e-4,0.0028962482524785838,5.689279760467786e-4
0.02,-0.2176123021384858,-0.6770126109338195,0.2219703840760184,500.0467697801573,499.4099197777683,500.5512008109208,100,10000,500,9.353956031454835e-5,-0.0011801604444633407,0.0011024016218417199,-4.352246042769716e-4
0.01,0.1122862961313017,-0.4970011038851222,0.8806335350343564,999.928339475086,999.05690448271,1000.865674199543,100,10000,1000,-7.166052491403008e-5,-9.430955172899935e-4,8.656741995429762e-4,1.122862961313017e-4
1,0.05981282330420387,0.00387480440941679,0.1207761040280167,9.981229099743626,9.894726208243252,10.06979763378071,100,100000,10,-0.0018770900256374068,-0.010527379175674811,0.006979763378070825,0.005981282330420387
0.5,-0.01168480921563787,-0.1100414364152413,0.07933500204417841,19.93595240112079,19.81428189899272,20.06584390221579,100,100000,20,-0.003202379943960443,-0.009285905050363974,0.0032921951107893754,-5.842404607818935e-4
0.2,-1.4979002083754e-4,-0.1594466439755943,0.1387127338794227,50.01571410926132,49.77832264155966,50.20663190034328,100,100000,50,3.1428218522644435e-4,-0.0044335471688067285,0.0041326380068655855,-2.9958004167508e-6
0.1,0.1263233192917707,-0.05641285760104186,0.2706426827587703,99.91642027275084,99.64047506331474,100.2168092987473,100,100000,100,-8.357972724916118e-4,-0.0035952493668526264,0.0021680929874730026,0.001263233192917707
0.05,0.238168959948831,-0.1054357481950562,0.6029558534434107,200.0145899035801,199.6493341230732,200.4589966161443,100,100000,200,7.294951790037807e-5,-0.001753329384634017,0.0022949830807215132,0.001190844799744155
0.02,0.7630520790256652,0.3681106530527347,1.244365326062565,500.3311514034888,499.6335972263604,500.9281737951375,100,100000,500,6.623028069776549e-4,-7.328055472791695e-4,0.001856347590275087,0.0015261041580513304
0.01,0.4504589427674537,-0.2360777069277797,1.029409927011316,1000.309616571452,999.2710346861694,1001.304530245779,100,100000,1000,3.096165714520094e-4,-7.289653138305985e-4,0.0013045302457790342,4.5045894276745367e-4
1,-0.05447505660140662,-0.1227886177940019,0.01680200311143887,9.9532391380171,9.878497624078216,10.04786933127453,200,0.05,10,-0.004676086198289964,-0.01215023759217837,0.004786933127453041,-0.005447505660140662
0.5,0.04775657387141984,-0.04126541654226727,0.1488158919586207,19.98283077008744,19.85337695192256,20.10678473930534,200,0.05,20,-8.584614956280712e-4,-0.007331152403872054,0.005339236965266947,0.002387828693570992
0.2,-0.06507099290266029,-0.1934185092800788,0.074135294479307,50.11075885616967,49.91057465462205,50.30254383166759,200,0.05,50,0.0022151771233933637,-0.00178850690755894,0.006050876633351798,-0.0013014198580532058
0.1,0.1741033529991957,-0.00248038174701046,0.343191591915457,100.2236794139082,99.94884527508351,100.59371605407691,200,0.05,100,0.0022367941390819546,-5.11547249164912e-4,0.005937160540768982,0.001741033529991957
0.05,0.2198641605353446,-0.1259942078245127,0.4902421425601626,199.9093949295619,199.487158458307,200.451987049028,200,0.05,200,-4.530253521904948e-4,-0.002564207708464994,0.00225993524514001,0.001099320802676723
0.02,0.4710728367368381,-0.1356485487171177,0.9902982132561768,500.7032089875075,500.0977467518649,501.4631252243674,200,0.05,500,0.0014064179750150618,1.9549350372982666e-4,0.002926250448734846,9.421456734736762e-4
0.01,0.4423621284341352,-0.308896892466808,1.129435865827809,1000.179680196317,999.1929665361828,1001.145243768324,200,0.05,1000,1.7968019631697807e-4,-8.070334638172749e-4,0.0011452437683239225,4.423621284341352e-4
1,-0.02237817843924401,-0.07510834654595921,0.03516030236317823,10.02310396865722,9.948943496760524,10.11870137177759,200,0.1,10,0.0023103968657218754,-0.005105650323947608,0.011870137177758977,-0.0022378178439244013
0.5,0.03552682056813284,-0.07212914004795029,0.1486551432741745,19.89273222144754,19.74565080349321,20.0200571501912,200,0.1,20,-0.005363388927622892,-0.012717459825339561,0.0010028575095599734,0.001776341028406642
0.2,-0.05597247602947175,-0.1837765841656849,0.1092875776029454,49.83884164148133,49.61622154940042,50.05812129301611,200,0.1,50,-0.003223167170373409,-0.007675569011991623,0.0011624258603222248,-0.001119449520589435
0.1,-0.01167931852322687,-0.2244973784035872,0.1908397136320438,99.9882170005392,99.67494173312612,100.269413722001,200,0.1,100,-1.178299946080763e-4,-0.0032505826687387884,0.0026941372200099956,-1.1679318523226871e-4
0.05,-0.1059893898841316,-0.3776087334473499,0.1539619672144641,199.9178898288278,199.520841245063,200.3524705150845,200,0.1,200,-4.105508558609472e-4,-0.0023957937746850178,0.0017623525754224545,-5.29946949420658e-4
0.02,-0.02194334720245879,-0.4522684241394139,0.3530790555424004,500.1641810944357,499.419542378462,500.9915239505103,200,0.1,500,3.2836218887144497e-4,-0.0011609152430760439,0.0019830479010205515,-4.388669440491758e-5
0.01,0.6361247873360665,-0.01645996387041517,1.255882646940174,1000.246500174821,999.1986862078102,1001.184615717235,200,0.1,1000,2.465001748210849e-4,-8.013137921898394e-4,0.001184615717235049,6.361247873360665e-4
1,-0.01896522780953836,-0.09116578826215954,0.05288819352440847,9.918017095921687,9.834941056033545,9.997452780373957,200,0.2,10,-0.008198290407831266,-0.016505894396645515,-2.547219626043429e-4,-0.0018965227809538362
0.5,-0.01175818693300642,-0.09054409734026522,0.06895662296071342,19.92146149709495,19.78113327377616,20.01729199721856,200,0.2,20,-0.003926925145252502,-0.010943336311192042,8.64599860928017e-4,-5.87909346650321e-4
0.2,0.1570867992272039,0.01916979227867813,0.3080920151990903,50.11072284454065,49.83833140131897,50.29451893092249,200,0.2,50,0.0022144568908131212,-0.0032333719736206135,0.005890378618449876,0.003141735984544078
0.1,0.1366880958201498,-0.04777563205037115,0.3268498193436125,100.1002032452849,99.80372572531522,100.4043345828498,200,0.2,100,0.001002032452849022,-0.001962742746847823,0.0040433458284980794,0.001366880958201498
0.05,-0.1372832318804328,-0.4214651995003723,0.1810408193319176,199.90238773956,199.5076745116721,200.3946291639529,200,0.2,200,-4.8806130220002686e-4,-0.00246162744163958,0.001973145819764488,-6.864161594021639e-4
0.02,0.02786938001689796,-0.3826676172168174,0.4280075667080824,499.8103008582842,499.2451965271483,500.5476052233547,200,0.2,500,-3.7939828343158677e-4,-0.0015096069457033456,0.0010952104467094603,5.573876003379592e-5
0.01,0.4496896301009261,-0.1978607464127009,1.143018713611809,1000.972002679991,1000.037298591825,1001.81863193647,200,0.2,1000,9.720026799908688e-4,3.729859182488582e-5,0.0018186319364699166,4.496896301009261e-4
1,-0.01209671691215587,-0.07183881379577117,0.04797266245422533,9.970943095566918,9.895001946748597,10.05137399138434,200,0.5,10,-0.0029056904433082398,-0.010499805325140388,0.005137399138434029,-0.001209671691215587
0.5,0.06473394765587012,-0.01589911536017913,0.1610806388730589,19.98998190702397,19.84913431885814,20.12190462689599,200,0.5,20,-5.009046488014812e-4,-0.007543284057092925,0.006095231344799501,0.0032366973827935063
0.2,0.1174252897234677,-0.03248490974157892,0.2704755174689275,49.98362179903079,49.77131430275299,50.19189836406643,200,0.5,50,-3.2756401938416335e-4,-0.0045737139449402164,0.0038379672813286803,0.002348505794469354
0.1,0.1531165733399848,-0.03120911320004062,0.3833496929293662,100.1550685913283,99.90701060961482,100.4266476840818,200,0.5,100,0.0015506859132830009,-9.298939038518972e-4,0.004266476840818045,0.001531165733399848
0.05,0.1626449621633999,-0.08525163643019638,0.4335636120447872,200.1851809655403,199.6818705564995,200.5619879177506,200,0.5,200,9.259048277014958e-4,-0.001590647217502572,0.0028099395887530854,8.132248108169996e-4
0.02,0.04827870024053325,-0.4633295287866347,0.5052964117283361,499.8897609494814,499.3431576256513,500.409371573483,200,0.5,500,-2.2047810103720256e-4,-0.001313684748697419,8.187431469659501e-4,9.65574004810665e-5
0.01,0.1893582136909932,-0.425378373255811,0.9502158658846088,1000.156032481505,999.0238576952144,1001.282526089564,200,0.5,1000,1.560324815050862e-4,-9.761423047855988e-4,0.00128252608956414,1.8935821369099322e-4
1,-0.01110375662447817,-0.07552925991479364,0.07069289076376681,10.01702058029265,9.929546183089007,10.11727399411186,200,1,10,0.0017020580292650411,-0.007045381691099251,0.011727399411185946,-0.001110375662447817
0.5,-0.02928194107125955,-0.1140546287699155,0.0616756523565933,20.00750025971318,19.87938988101197,20.15432446693196,200,1,20,3.7501298565900676e-4,-0.006030505949401466,0.007716223346597939,-0.0014640970535629775
0.2,-0.01058314631967535,-0.164416317788852,0.1230826284614833,49.9538860255442,49.75527270149487,50.16252579753287,200,1,50,-9.222794891159403e-4,-0.004894545970102637,0.0032505159506575065,-2.11662926393507e-4
0.1,-0.02776003633702591,-0.2612668610181439,0.1783317192399443,99.93235524506548,99.63658850556784,100.2268604435148,200,1,100,-6.764475493451494e-4,-0.0036341149443215315,0.0022686044351478696,-2.776003633702591e-4
0.05,0.1205643139756125,-0.204276298804195,0.3878783364412834,200.4708977693724,200.1005068154232,200.8402351965205,200,1,200,0.0023544888468620684,5.025340771158682e-4,0.00420117598260239,6.028215698780625e-4
0.02,-0.1549223832566476,-0.6082907251618748,0.3484169401007193,500.3758740332992,499.6458500930557,500.9382822024942,200,1,500,7.5174806659839e-4,-7.082998138886465e-4,0.0018765644049882901,-3.098447665132952e-4
0.01,-0.0971195644276562,-0.7200299197340327,0.4819042490797764,999.3094332304696,998.5116143746436,1000.24118611917,200,1,1000,-6.905667695303874e-4,-0.0014883856253563588,2.4118611917001154e-4,-9.711956442765619e-5
1,0.00161250652983043,-0.05526236166511356,0.06085625783284725,9.92713371622356,9.841864800027508,10.02246736907563,200,10,10,-0.007286628377644044,-0.015813519997249115,0.0022467369075629406,1.61250652983043e-4
0.5,0.00684226897165546,-0.08190930054700696,0.108672472619436,20.01076840591286,19.88172380063737,20.14049166904205,200,10,20,5.38420295642883e-4,-0.0059138099681315115,0.007024583452102551,3.4211344858277304e-4
0.2,0.02417685892397462,-0.0980247130537497,0.1564732340459627,50.05596885895446,49.84398542191056,50.23581552086802,200,10,50,0.001119377179089165,-0.003120291561788835,0.004716310417360425,4.8353717847949245e-4
0.1,-0.03459327728044442,-0.2041510617682476,0.1958125974247444,99.78669168004971,99.45536977573023,100.0554451833519,200,10,100,-0.0021330831995028943,-0.005446302242697709,5.544518335189874e-4,-3.459327728044442e-4
0.05,-0.04486301969424866,-0.3415664567432323,0.249527571961913,200.023329161188,199.6362440035768,200.4903050315898,200,10,200,1.1664580594006324e-4,-0.0018187799821159922,0.002451525157948886,-2.243150984712433e-4
0.02,0.06907046968479462,-0.3527573560167979,0.4515306989485817,499.8845511230624,499.306591753026,500.5307622437625,200,10,500,-2.3089775387519218e-4,-0.0013868164939480065,0.0010615244875249452,1.3814093936958925e-4
0.01,-0.4696240777942981,-1.020582356007608,0.1860231647789507,1000.864697080166,999.888833671224,1001.880318171947,200,10,1000,8.646970801660103e-4,-1.1116632877594679e-4,0.0018803181719471151,-4.696240777942981e-4
1,0.00828562952634303,-0.05177908916695614,0.07089997061777402,10.00941296803227,9.91012993021836,10.08233911196963,500,0.05,10,9.412968032269653e-4,-0.008987006978163903,0.008233911196962929,8.28562952634303e-4
0.5,-0.04407098999455474,-0.1219669022769919,0.05667362952610172,19.98613707859504,19.86986168118038,20.10884321320146,500,0.05,20,-6.93146070248063e-4,-0.006506915940980962,0.00544216066007297,-0.002203549499727737
0.2,-0.00575836593284574,-0.1472082110829147,0.1176070504971554,50.01936763976937,49.83468310408018,50.21264765788028,500,0.05,50,3.8735279538748557e-4,-0.003306337918396407,0.0042529531576056545,-1.1516731865691481e-4
0.1,-0.07725219286403964,-0.2675530499121158,0.1449153281875092,100.1969051563604,99.96536540240348,100.5272038425061,500,0.05,100,0.0019690515636039407,-3.463459759651677e-4,0.005272038425061076,-7.725219286403964e-4
0.05,0.190219156507169,-0.0440329495430213,0.5471402183608468,200.3982476089341,199.9553471310325,200.8423212398102,500,0.05,200,0.001991238044670496,-2.2326434483743718e-4,0.004211606199050921,9.51095782535845e-4
0.02,0.09398140573482466,-0.2897681222216814,0.5306790615395904,500.0606692037483,499.386635245621,500.724739149813,500,0.05,500,1.2133840749672942e-4,-0.0012267295087580177,0.0014494782996259392,1.8796281146964933e-4
0.01,-0.1307346457920044,-0.7252318259426587,0.4494117366312907,1000.310633177851,999.1933767680156,1001.19521890156,500,0.05,1000,3.1063317785084976e-4,-8.06623231984438e-4,0.0011952189015600467,-1.307346457920044e-4
1,0.02191879977597505,-0.04040004343943225,0.08804500082724506,9.975736585812005,9.872777346994434,10.08240800565483,500,0.1,10,-0.0024263414187994936,-0.012722265300556534,0.008240800565483042,0.002191879977597505
0.5,-0.02370177448071823,-0.1132574096020139,0.07184775021240628,20.02692365307074,19.90438381161342,20.15303547909049,500,0.1,20,0.0013461826535370314,-0.004780809419328902,0.007651773954524543,-0.0011850887240359115
0.2,0.06622274656960304,-0.06688425627875093,0.2060163661689068,49.82225529322834,49.63935181074048,49.98518266785329,500,0.1,50,-0.0035548941354331953,-0.007212963785190429,-2.9634664293420876e-4,0.0013244549313920608
0.1,0.1157212776210946,-0.07783679571917829,0.3457999371568564,100.0565196043986,99.79458555131518,100.2980228930461,500,0.1,100,5.651960439860826e-4,-0.002054144486848153,0.0029802289304610152,0.0011572127762109461
0.05,-0.1171727837861772,-0.3989281962210673,0.169457080345037,199.5247953773022,199.1509450518652,200.0004555516712,500,0.1,200,-0.0023760231134889453,-0.004245274740674043,2.277758355928583e-6,-5.85863918930886e-4
0.02,-0.2377149580655703,-0.6665661700470709,0.1947591859638699,500.5369429861852,499.8990065905633,501.1258499535364,500,0.1,500,0.0010738859723704586,-2.0198681887340086e-4,0.002251699907072746,-4.754299161311406e-4
0.01,-0.185953798861144,-0.9057712160394548,0.4552920979394032,1000.370318417451,999.4197560131043,1001.23653835066,500,0.1,1000,3.703184174510543e-4,-5.802439868956011e-4,0.0012365383506600658,-1.85953798861144e-4
1,-0.03297747619606033,-0.103748410644449,0.03368905139520187,10.01820296851035,9.936988005950578,10.11224573017711,500,0.2,10,0.0018202968510350193,-0.006301199404942226,0.01122457301771096,-0.0032977476196060333
0.5,-0.02487721806029033,-0.1067978952748267,0.06390911336646116,19.88223313902742,19.76191121056127,20.02014225605286,500,0.2,20,-0.005888343048628952,-0.011904439471936534,0.0010071128026429843,-0.0012438609030145165
0.2,0.05577916959303623,-0.05275079698643979,0.1727133292093882,49.97227222154875,49.77996500771263,50.11830073577968,500,0.2,50,-5.545555690250614e-4,-0.0044006998457473134,0.0023660147155935007,0.0011155833918607245
0.1,-0.04385326320492971,-0.2835239816626876,0.1774509288828031,100.0334512492022,99.76906175745695,100.2841814141905,500,0.2,100,3.3451249202198774e-4,-0.0023093824254304396,0.002841814141905097,-4.3853263204929706e-4
0.05,-0.1862091779929628,-0.5003524512867683,0.09143960431192928,200.1042524027674,199.7773055791826,200.4986282750969,500,0.2,200,5.212620138370649e-4,-0.0011134721040869655,0.002493141375484509,-9.31045889964814e-4
0.02,-0.0959539113611022,-0.4593987865428564,0.3677680861510592,500.3286467162523,499.5899132672279,500.9658509323277,500,0.2,500,6.572934325046464e-4,-8.201734655441939e-4,0.0019317018646554107,-1.9190782272220441e-4
0.01,0.1032591557363197,-0.5241508558875412,0.7983551961507014,999.9385580481076,999.2245457837035,1000.864954740298,500,0.2,1000,-6.144195189239365e-5,-7.75454216296434e-4,8.649547402979074e-4,1.0325915573631971e-4
1,-0.03197062398365148,-0.0923595112427822,0.03055707536767007,9.959545118086757,9.84393915308278,10.07371222646316,500,0.5,10,-0.004045488191324331,-0.015606084691722089,0.007371222646316067,-0.0031970623983651482
0.5,-0.02201312093086283,-0.1428691551827013,0.07059514501622022,19.92466118791478,19.80771326148356,20.05733776932999,500,0.5,20,-0.003766940604261082,-0.009614336925822031,0.0028668884664995176,-0.0011006560465431415
0.2,0.00296376653127905,-0.1321582481232374,0.14640808069248679,50.03344464338279,49.84644506710212,50.21925556753679,500,0.5,50,6.688928676559236e-4,-0.003071098657957627,0.004385111350735826,5.9275330625580995e-5
0.1,-0.1017073913534705,-0.2662980384707985,0.1073414844609454,99.97987061551804,99.65490561692764,100.3306045985523,500,0.5,100,-2.0129384481959445e-4,-0.0034509438307236406,0.0033060459855229762,-0.001017073913534705
0.05,0.0182340781237449,-0.2520876408515692,0.2631167123244458,200.324194520306,199.8881065924868,200.6780357601259,500,0.5,200,0.0016209726015299353,-5.594670375660415e-4,0.0033901788006296396,9.11703906187245e-5
0.02,-0.1762726156498099,-0.5993747720899677,0.3262651071431313,500.0121196718377,499.1765374035587,500.7549150219118,500,0.5,500,2.4239343675347413e-5,-0.0016469251928825646,0.0015098300438236567,-3.5254523129961976e-4
0.01,-0.2781190821214741,-0.8988529144076107,0.4451182337671833,1000.332021966746,999.5953202574284,1001.157723734161,500,0.5,1000,3.320219667459767e-4,-4.046797425716342e-4,0.0011577237341608981,-2.7811908212147413e-4
1,0.02442527840237273,-0.02670950313930054,0.0802477545449772,9.988375543696913,9.903729075368608,10.07603976066997,500,1,10,-0.0011624456303087616,-0.009627092463139197,0.007603976066997031,0.002442527840237273
0.5,0.01851705322562618,-0.07246509350259389,0.1014653127408115,19.95994203766129,19.83556512912095,20.10042601851327,500,1,20,-0.0020028981169355475,-0.008221743543952442,0.005021300925663663,9.25852661281309e-4
0.2,-0.03031784906929745,-0.1666282783688992,0.1217365967459552,50.06000637988141,49.8544232764087,50.25118598985702,500,1,50,0.001200127597628109,-0.002911534471825905,0.005023719797140336,-6.06356981385949e-4
0.1,-0.012242669437788,-0.1962974786819647,0.2637423360227778,99.99519603487596,99.74433756534468,100.3041761747151,500,1,100,-4.8039651240450176e-5,-0.002556624346553238,0.003041761747150984,-1.2242669437788e-4
0.05,0.02728381411715843,-0.2545618129175999,0.3198470824649982,199.8157860935433,199.4156688087404,200.2185475488032,500,1,200,-9.210695322835472e-4,-0.0029216559562980082,0.0010927377440159702,1.3641907058579213e-4
0.02,0.2809308272806605,-0.1675103040391118,0.7603727253396462,500.378220832646,499.602413056299,501.1309929599023,500,1,500,7.564416652918737e-4,-7.951738874020231e-4,0.0022619859198045322,5.61861654561321e-4
0.01,-0.02488033935964034,-0.5909201959745958,0.9005205458898684,999.0887169588538,998.2254690202568,999.9036733083932,500,1,1000,-9.112830411462935e-4,-0.0017745309797432274,-9.632669160675178e-5,-2.488033935964034e-5
1,0.01157979623476825,-0.04342231260923558,0.07800403635842462,10.00776687661461,9.915088843960715,10.08501396365874,500,10,10,7.766876614609952e-4,-0.008491115603928456,0.008501396365873992,0.001157979623476825
0.5,-0.05713580258458321,-0.1654828291444895,0.02317187578914785,19.97847280289495,19.86471247774315,20.13607068019019,500,10,20,-0.0010763598552525622,-0.0067643761128424185,0.006803534009509615,-0.0028567901292291605
0.2,-0.03663181555209145,-0.1629218194179007,0.09745074579024585,50.10174016370203,49.90374854982386,50.31964415955746,500,10,50,0.0020348032740407085,-0.0019250290035227602,0.006392883191149279,-7.32636311041829e-4
0.1,-0.0596641554261713,-0.2470456566186367,0.1352826424777935,100.1333769635186,99.808094889862,100.4031564488452,500,10,100,0.001333769635186055,-0.0019190511013799094,0.0040315644884518775,-5.96641554261713e-4
0.05,-0.00793937536800332,-0.2487510035920245,0.2411540079427836,200.0211057119774,199.6087366743147,200.4993836755234,500,10,200,1.055285598869915e-4,-0.0019563166284264355,0.002496918377617119,-3.9696876840016604e-5
0.02,-0.1373523357956073,-0.5577815387945244,0.2533521038426215,499.8212300367824,499.1632217965838,500.3545222881786,500,10,500,-3.5753992643516863e-4,-0.0016735564068324216,7.090445763571207e-4,-2.7470467159121457e-4
0.01,0.03187556408314449,-0.5857395731047665,0.6737741669597918,1000.614448905603,999.8003330090198,1001.512402382997,500,10,1000,6.144489056030267e-4,-1.9966699098017404e-4,0.0015124023829971023,3.1875564083144495e-5
1,0.04111699990248408,-0.03492186550373674,0.1148097513881068,10.05545200682263,9.964753475652088,10.1413136456322,1000,0.05,10,0.005545200682262941,-0.0035246524347911645,0.01413136456321995,0.004111699990248408
0.5,0.04301955099406315,-0.02657343596564625,0.1342833209960878,20.02017281841023,19.90564456780585,20.1259282250719,1000,0.05,20,0.00100864092051145,-0.004717771609707433,0.006296411253595036,0.0021509775497031572
0.2,0.09905156485870126,-0.04089688926305408,0.2450531914572049,49.99389945373763,49.82815835540911,50.16238936291207,1000,0.05,50,-1.2201092524732893e-4,-0.0034368328918178426,0.0032477872582414857,0.0019810312971740253
0.1,0.07751078866480014,-0.1197071169201694,0.258411247469186,99.99870508989876,99.72848021296696,100.2817632277658,1000,0.05,100,-1.2949101012349473e-5,-0.002715197870330477,0.0028176322776578555,7.751078866480015e-4
0.05,0.09587102542559583,-0.1546015428854723,0.3844172337547497,199.8549403243533,199.4658741990495,200.2228086191442,1000,0.05,200,-7.252983782335409e-4,-0.002670629004752567,0.0011140430957210512,4.793551271279792e-4
0.02,0.0969767819055592,-0.4376065874589724,0.5513437230823264,500.195691390897,499.6344720981857,500.8577768779717,1000,0.05,500,3.913827817940696e-4,-7.310558036285331e-4,0.0017155537559434553,1.939535638111184e-4
0.01,0.5200587969513024,5.8760334895891e-4,1.080091396758898,1000.85183902985,999.8715217800118,1001.80335092111,1000,0.05,1000,8.518390298499767e-4,-1.2847821998818176e-4,0.0018033509211099474,5.200587969513024e-4
1,-0.077618591687911,-0.14701915494461,-0.01583953627603849,10.04319811446541,9.95354640961569,10.14988469715728,1000,0.1,10,0.004319811446541033,-0.004645359038430996,0.01498846971572787,-0.0077618591687911
0.5,0.06188547189627776,-0.0385035868005082,0.1496044511223608,19.97460356240421,19.83053357316738,20.14111066963167,1000,0.1,20,-0.0012698218797895233,-0.008473321341631035,0.007055533481583387,0.003094273594813888
0.2,0.0691577437827857,-0.1234131772497367,0.2034670321195704,50.14008002482552,49.95047571204313,50.35283116321868,1000,0.1,50,0.002801600496510348,-9.90485759137405e-4,0.007056623264373618,0.0013831548756557141
0.1,0.00519121229330795,-0.2001795447707543,0.1817522663869743,100.2660914848717,99.97245739260228,100.5871419549176,1000,0.1,100,0.0026609148487168888,-2.754260739772363e-4,0.005871419549176027,5.1912122933079495e-5
0.05,-0.05477948112171905,-0.3654137781973005,0.2829275129114417,200.3109258132073,199.8274433410265,200.7380617005721,1000,0.1,200,0.0015546290660364281,-8.627832948674419e-4,0.003690308502860562,-2.7389740560859526e-4
0.02,-0.1231712635424667,-0.6185232443144673,0.2576201869128905,499.3494825401404,498.7810486608422,499.8756666137479,1000,0.1,500,-0.001301034919719224,-0.002437902678315562,-2.486667725041247e-4,-2.463425270849334e-4
0.01,0.8277768102441461,0.2140855332928592,1.484707368627415,1000.147547186655,998.9608903986808,1001.151350415534,1000,0.1,1000,1.475471866549949e-4,-0.0010391096013191436,0.001151350415534047,8.277768102441461e-4
1,-0.06807686540915374,-0.1269025519201647,3.9977702653182e-4,10.06447666263191,9.986333927977071,10.15695268852322,1000,0.2,10,0.006447666263190932,-0.0013666072022928688,0.015695268852321975,-0.0068076865409153735
0.5,0.04055289778499125,-0.05740612812468304,0.1356046649217832,19.96924550371909,19.81806814807762,20.09335034505198,1000,0.2,20,-0.0015377248140454602,-0.009096592596118946,0.004667517252598952,0.0020276448892495623
0.2,-0.1268729524609536,-0.2861563093309363,-0.01416515734680928,49.7024154814546,49.50908249732457,49.92680151666455,1000,0.2,50,-0.005951690370908036,-0.009818350053508618,-0.0014639696667090307,-0.0025374590492190717
0.1,-0.05727145901338612,-0.2446739013514948,0.1725327010660144,100.0340704282468,99.69588792872187,100.3961156123113,1000,0.2,100,3.4070428246812945e-4,-0.0030411207127812867,0.0039611561231129855,-5.727145901338613e-4
0.05,0.03421904057159537,-0.2179462778983209,0.3226087693872925,200.2082376922965,199.8566778963012,200.5859431866371,1000,0.2,200,0.0010411884614824896,-7.166105184940319e-4,0.0029297159331855838,1.7109520285797685e-4
0.02,-0.3056818794936614,-0.8290780275440197,0.1437811075077207,499.9264798375518,499.3151622590208,500.6093251898921,1000,0.2,500,-1.4704032489631924e-4,-0.0013696754819584323,0.0012186503797841919,-6.113637589873227e-4
0.01,0.8029207954883547,0.1690543559432193,1.455307985603038,998.6829870631803,997.631408792492,999.5250217299108,1000,0.2,1000,-0.0013170129368196282,-0.0023685912075079862,-4.7497827008924354e-4,8.029207954883547e-4
1,-0.0201912635491382,-0.08455494254228707,0.03371740455688046,10.0218048900989,9.92695462203671,10.1101062902039,1000,0.5,10,0.0021804890098899854,-0.007304537796329003,0.011010629020389961,-0.00201912635491382
0.5,-0.04613436269845464,-0.1252603950084917,0.05654737036617777,20.01427181721312,19.89423406144633,20.13946986170778,1000,0.5,20,7.135908606561436e-4,-0.005288296927683511,0.006973493085389082,-0.002306718134922732
0.2,-0.04047853375617225,-0.1758830683397957,0.1077370568660253,49.99685924879209,49.71935734408945,50.2142151643006,1000,0.5,50,-6.281502415816931e-5,-0.005612853118210914,0.004284303286012037,-8.095706751234449e-4
0.1,-0.1108343476975807,-0.373479473841049,0.110803099683632,100.0223289377509,99.68859754158302,100.3019583995717,1000,0.5,100,2.232893775089284e-4,-0.003114024584169761,0.003019583995717001,-0.001108343476975807
0.05,-0.1449003569795384,-0.4340827777206693,0.1338247637782544,199.8687503853687,199.5073743698609,200.4027355583768,1000,0.5,200,-6.562480731564513e-4,-0.0024631281506954927,0.0020136777918839943,-7.24501784897692e-4
0.02,0.02817634609185057,-0.5280306417300262,0.5211133975212807,500.1022094959395,499.5063717365412,500.8187631278701,1000,0.5,500,2.0441899187906287e-4,-9.87256526917557e-4,0.001637526255740207,5.635269218370114e-5
0.01,0.2068932468807578,-0.4244265642971264,0.8871501105394024,1000.323021470172,999.524914590064,1001.142503588417,1000,0.5,1000,3.2302147017193583e-4,-4.750854099360158e-4,0.0011425035884169432,2.068932468807578e-4
1,-0.07496767343994143,-0.1432793413187896,-0.01981972657457596,10.03532205614691,9.937805203465183,10.1329308910633,1000,1,10,0.0035322056146909198,-0.006219479653481685,0.01329308910632987,-0.007496767343994143
0.5,-0.01036737429057231,-0.0945336064653,0.07632421642804414,19.83208966817979,19.6984451137154,19.99991548254285,1000,1,20,-0.008395516591010455,-0.015077744314229924,-4.225872857532842e-6,-5.183687145286155e-4
0.2,0.01180127204231324,-0.1256417856370428,0.1690254656944635,50.1068859609685,49.88357254084198,50.37641535786992,1000,1,50,0.0021377192193698935,-0.002328549183160389,0.007528307157398384,2.360254408462648e-4
0.1,-0.123422826080608,-0.3286985418428217,0.1517000454440088,100.1391247231863,99.83603000944036,100.4665024469873,1000,1,100,0.0013912472318629021,-0.0016396999055963146,0.004665024469873158,-0.00123422826080608
0.05,-0.00788199342008864,-0.3061247035909551,0.2586729200293084,199.9003080131157,199.4675196077052,200.2727039931044,1000,1,200,-4.984599344214358e-4,-0.002662401961473937,0.0013635199655219754,-3.94099671004432e-5
0.02,0.1399994209700089,-0.364079877954885,0.6166683721125743,499.7151114739144,498.9327981813055,500.4181428121536,1000,1,500,-5.697770521712053e-4,-0.0021344036373890374,8.362856243071537e-4,2.799988419400178e-4
0.01,-0.4191580579251366,-1.198773259608428,0.3413773022582181,999.284882333022,998.4312431808336,1000.019721709757,1000,1,1000,-7.151176669780712e-4,-0.0015687568191664614,1.9721709757059003e-5,-4.191580579251366e-4
1,-0.0751348633874379,-0.1526081609318056,-0.01496167158495299,9.998301719545116,9.90418830359514,10.098804807324,1000,10,10,-1.6982804548837382e-4,-0.009581169640486054,0.009880480732399999,-0.00751348633874379
0.5,-0.0525788924445591,-0.1423631330225576,0.035154135027607523,20.05628106079654,19.92953358655944,20.16916667362775,1000,10,20,0.002814053039827069,-0.0035233206720279853,0.008458333681387487,-0.002628944622227955
0.2,-0.0889130474138425,-0.2395343499789167,0.05696394600972133,49.98791053848686,49.79247824322855,50.21040433234667,1000,10,50,-2.417892302628566e-4,-0.004150435135429009,0.0042080866469333955,-0.0017782609482768499
0.1,0.04124897306635149,-0.1410456392200894,0.277854527268274,99.91209624940176,99.66443036249254,100.2319390069089,1000,10,100,-8.79037505982394e-4,-0.0033556963750746016,0.002319390069088989,4.1248973066351487e-4
0.05,0.03675610785579381,-0.2918354554544118,0.3610759852686227,200.1747040923121,199.7355062207246,200.5732498027571,1000,10,200,8.735204615606396e-4,-0.0013224688963769937,0.0028662490137854046,1.8378053927896903e-4
0.02,0.4715356609204223,0.06383797270502016,0.842388250866306,499.7421531544049,499.0380876361135,500.3175881180647,1000,10,500,-5.156936911901999e-4,-0.0019238247277729714,6.351762361294089e-4,9.430713218408446e-4
0.01,0.2701496356017531,-0.331604559876594,0.9662083262762228,1000.639672309059,999.7426795856796,1001.489490369413,1000,10,1000,6.396723090591472e-4,-2.573204143203611e-4,0.001489490369412927,2.701496356017531e-4
1,0.00734964563066796,-0.05063375499873767,0.07194139984865339,10.05101120432096,9.929278274676374,10.14459696763593,1000,100,10,0.005101120432095874,-0.007072172532362586,0.014459696763593044,7.349645630667959e-4
0.5,-0.01102514164420647,-0.1069843707423741,0.07246005605789904,20.03818277238479,19.90192224320703,20.2172795430202,1000,100,20,0.001909138619239581,-0.0049038878396485686,0.010863977151009951,-5.512570822103235e-4
0.2,-0.1019476161622374,-0.2151927877694564,0.02127085746034489,49.97033211226044,49.75641042557443,50.15063628948289,1000,100,50,-5.933577547913016e-4,-0.004871791488511357,0.003012725789657722,-0.002038952323244748
0.1,0.0085719053112829,-0.1928640070992842,0.2220496128983858,99.94255564923144,99.64212518387706,100.2354969516818,1000,100,100,-5.744435076856513e-4,-0.0035787481612294947,0.0023549695168179063,8.5719053112829e-5
0.05,-0.2313271276220629,-0.5098988814755743,0.04511935882597124,200.0799968318505,199.48696867713,200.5577836950273,1000,100,200,3.9998415925257547e-4,-0.0025651566143500837,0.002788918475136404,-0.0011566356381103144
0.02,-0.1616878498677281,-0.6624327597419444,0.3476085252929851,500.2393342388777,499.6969773109422,500.8010042780921,1000,100,500,4.786684777553507e-4,-6.060453781155939e-4,0.0016020085561840869,-3.233756997354562e-4
0.01,0.2450867473647992,-0.3222760467853473,0.9546573849572652,999.288783324804,998.4896556331972,1000.206431660614,1000,100,1000,-7.112166751960247e-4,-0.0015103443668027516,2.0643166061407037e-4,2.450867473647992e-4
1,0.0533428603791328,-0.01456243686436982,0.1174671549801503,10.03390526678209,9.95110270891008,10.10571925758789,1000,1000,10,0.0033905266782090493,-0.004889729108991991,0.010571925758788847,0.00533428603791328
0.5,-0.04178547935167964,-0.1659610243112929,0.03961149296312019,19.96305996286273,19.85724805368899,20.08171657194492,1000,1000,20,-0.0018470018568634838,-0.007137597315550415,0.004085828597246044,-0.0020892739675839817
0.2,0.00320095703552466,-0.1451055649270698,0.1611227607226047,49.99996648510586,49.8262796637391,50.19806940308927,1000,1000,50,-6.702978828654338e-7,-0.0034744067252180377,0.003961388061785476,6.40191407104932e-5
0.1,-0.04867154846400248,-0.2714198464866503,0.1725552931494067,100.0334211854346,99.77935231244874,100.2679328860131,1000,1000,100,3.3421185434612255e-4,-0.002206476875512675,0.002679328860131003,-4.8671548464002476e-4
0.05,-0.0974202676492759,-0.4040105074001319,0.1946860331278367,200.084665243405,199.6538414557903,200.4389044353242,1000,1000,200,4.233262170250107e-4,-0.0017307927210484797,0.002194522176620861,-4.871013382463795e-4
0.02,-0.1770919426229921,-0.6252896301594932,0.2591243086748863,500.0053800273014,499.3445882717003,500.7296297423899,1000,1000,500,1.0760054602876323e-5,-0.001310823456599497,0.0014592594847797624,-3.541838852459842e-4
0.01,0.3414569485784869,-0.2937578258918939,0.9571832176641956,1001.266188020643,1000.291556560296,1002.156956827999,1000,1000,1000,0.0012661880206430443,2.9155656029611343e-4,0.0021569568279991014,3.414569485784869e-4
1,-0.00444523551495556,-0.06261148007001482,0.06464400186675938,10.01323744114852,9.926146026594028,10.10138582235177,1000,10000,10,0.0013237441148521434,-0.007385397340597288,0.01013858223517694,-4.44523551495556e-4
0.5,-0.01104375883499716,-0.1060134893037237,0.06827566983009684,19.91997786290193,19.77710862515923,20.0546790078124,1000,10000,20,-0.004001106854903513,-0.011144568742038508,0.002733950390620077,-5.52187941749858e-4
0.2,0.1306867391051231,0.01153248219937655,0.2969821220861414,50.0827795965291,49.90465331290639,50.27741684101714,1000,10000,50,0.0016555919305820677,-0.0019069337418722299,0.005548336820342836,0.002613734782102462
0.1,-0.0209476637749806,-0.2324199559113896,0.1646540323643121,99.81759693392048,99.46251237123062,100.08370049945,1000,10000,100,-0.0018240306607951728,-0.005374876287693842,8.370049945001234e-4,-2.0947663774980598e-4
0.05,0.2042993373714679,-0.0980879658354301,0.6019938537932973,200.033479907346,199.6192664763349,200.5667464354899,1000,10000,200,1.6739953672995078e-4,-0.0019036676183254997,0.0028337321774494217,0.0010214966868573394
0.02,0.1499332294313989,-0.2873552842857934,0.5463685512806985,500.0943690728006,499.3470915318254,500.8502599528392,1000,10000,500,1.8873814560116386e-4,-0.0013058169363491245,0.0017005199056785436,2.998664588627978e-4
0.01,-0.07873956990032079,-0.5959029658309913,0.534525746979551,1000.552656976073,999.659559943252,1001.448023755747,1000,10000,1000,5.526569760729849e-4,-3.404400567479371e-4,0.001448023755747041,-7.873956990032079e-5
1,0.02335209332661077,-0.0322253770807874,0.09066169761505535,9.907325626807255,9.825690369181068,10.00830422220162,1000,100000,10,-0.009267437319274485,-0.01743096308189318,8.304222201620526e-4,0.002335209332661077
0.5,-0.03146314110590508,-0.1439199031858358,0.07490987586821002,20.02978326596364,19.90072256955623,20.16581325444738,1000,100000,20,0.0014891632981819392,-0.004963871522188468,0.008290662722368891,-0.0015731570552952542
0.2,-0.04656232881264517,-0.1649306338008688,0.0777270356486738,49.91317105075927,49.718204526357,50.10013043471679,1000,100000,50,-0.0017365789848146074,-0.005635909472859968,0.0020026086943358834,-9.312465762529035e-4
0.1,-0.03583773927397439,-0.1984921764102507,0.1634641503501007,99.69511359490508,99.44662024515408,99.93392763499648,1000,100000,100,-0.003048864050949174,-0.005533797548459174,-6.60723650035222e-4,-3.5837739273974394e-4
0.05,0.00841527285623423,-0.2650944725659042,0.262941821194514,200.4598653707237,199.9398246737432,200.8005064216665,1000,100000,200,0.002299326853618444,-3.00876631283975e-4,0.004002532108332568,4.2076364281171154e-5
0.02,-0.1167026382147823,-0.5870586422605395,0.3820723910258964,499.7934094396979,499.0390755187158,500.4730180073647,1000,100000,500,-4.13181120604289e-4,-0.0019218489625684176,9.460360147295344e-4,-2.334052764295646e-4
0.01,0.00159788279909488,-0.7079133989689441,0.5658484959433954,999.8915741730956,999.1177712415006,1000.69696425547,1000,100000,1000,-1.0842582690440139e-4,-8.822287584994148e-4,6.969642554699451e-4,1.59788279909488e-6
1,-0.05633945537122005,-0.1205405014365154,0.00620283361409901,10.0220483668108,9.916074865324738,10.1114111636223,1000,1000000,10,0.002204836681080069,-0.00839251346752623,0.01114111636222992,-0.005633945537122005
0.5,0.06638909830893786,-0.0381956559521659,0.1865378268687705,19.98519788620002,19.84412503270025,20.10674859456881,1000,1000000,20,-7.401056899990488e-4,-0.007793748364987474,0.005337429728440535,0.0033194549154468927
0.2,-0.03090955802834729,-0.149335842835881,0.1170437930397139,49.89641051408531,49.66506685349167,50.1440959312602,1000,1000000,50,-0.002071789718293804,-0.006698662930166521,0.0028819186252040385,-6.181911605669458e-4
0.1,0.06074094436429494,-0.1598515012243557,0.2580745735357953,99.9952237182257,99.7727306644785,100.3066241061237,1000,1000000,100,-4.776281774299118e-5,-0.002272693355214961,0.003066241061236985,6.074094436429494e-4
0.05,-0.1901367108005745,-0.4737408212201937,0.09749287369934126,199.9426636970168,199.5946329903792,200.3612349059337,1000,1000000,200,-2.866815149160651e-4,-0.00202683504810397,0.0018061745296684695,-9.506835540028726e-4
0.02,0.2178466867556717,-0.2870721212487697,0.6665939346428085,500.1740442333484,499.5960529426526,500.7633860543814,1000,1000000,500,3.48088466696872e-4,-8.078941146948404e-4,0.0015267721087628416,4.356933735113434e-4
0.01,-0.06800153631634955,-0.7790691329102752,0.5917022067660014,999.3705043305376,998.378876094448,1000.139012940076,1000,1000000,1000,-6.294956694623544e-4,-0.0016211239055520243,1.3901294007601095e-4,-6.800153631634954e-5
1,-0.03153788008840373,-0.09868481470705552,0.03347281623492726,9.986415220281003,9.88576844085848,10.07644902351299,2000,0.05,10,-0.0013584779718996964,-0.011423155914152106,0.007644902351298999,-0.003153788008840373
0.5,0.0032852123733247,-0.1099600793602536,0.1017147882577492,19.95735559252295,19.82469872860721,20.08869815822595,2000,0.05,20,-0.0021322203738524115,-0.008765063569639464,0.004434907911297525,1.64260618666235e-4
0.2,0.02020443086357858,-0.1107435727822941,0.1412965703226531,50.02684635545007,49.81420975188528,50.23741880505787,2000,0.05,50,5.369271090014394e-4,-0.0037158049622944,0.004748376101157525,4.0408861727157157e-4
0.1,0.00538168203452058,-0.202845495470641,0.2159741778326657,100.0599571996683,99.77288943851968,100.3850075466689,2000,0.05,100,5.995719966831459e-4,-0.0022711056148031483,0.003850075466689029,5.3816820345205795e-5
0.05,0.00273750310116828,-0.301180659157376,0.3605367270903974,199.7789450358721,199.4026599392999,200.2071644625101,2000,0.05,200,-0.0011052748206394902,-0.002986700303500567,0.001035822312550394,1.36875155058414e-5
0.02,-0.2741828938322213,-0.8091002492645577,0.1548448987595233,500.4961544079218,499.8091359218004,501.2096249718012,2000,0.05,500,9.923088158436677e-4,-3.817281563991415e-4,0.0024192499436024306,-5.483657876644426e-4
0.01,-0.5935659057743261,-1.084641751178696,-0.03748186624205541,1000.378372374637,999.4802266580426,1001.386980545391,2000,0.05,1000,3.783723746371148e-4,-5.19773341957408e-4,0.0013869805453909922,-5.935659057743261e-4
1,-0.01642544257206808,-0.07129025014498729,0.04058299188228862,9.94857749025504,9.868030397751426,10.04546085145816,2000,0.1,10,-0.005142250974495943,-0.01319696022485739,0.004546085145815892,-0.0016425442572068078
0.5,-0.03483273789407251,-0.1008515385601986,0.06452031859161712,20.02071031391253,19.89547639226928,20.15588580135302,2000,0.1,20,0.0010355156956265432,-0.005226180386535995,0.007794290067650866,-0.0017416368947036256
0.2,0.06539180232255995,-0.08817797716216982,0.2138023730710168,50.08659835325351,49.84610413348017,50.27913200241748,2000,0.1,50,0.0017319670650701724,-0.00307791733039664,0.00558264004834963,0.001307836046451199
0.1,0.05248539756293231,-0.1599505910662972,0.2607535573411119,100.0673138171599,99.8087092503969,100.336069871652,2000,0.1,100,6.731381715989748e-4,-0.0019129074960310133,0.0033606987165200053,5.24853975629323e-4
0.05,-0.01753119201666058,-0.3363266166766509,0.2749403176925003,200.3011995980298,199.8782946369769,200.7469756051099,2000,0.1,200,0.001505997990149055,-6.085268151154732e-4,0.003734878025549504,-8.76559600833029e-5
0.02,0.1255887929751278,-0.3522729231002231,0.4941497053241265,499.8843832698372,499.2132241349,500.4917340078204,2000,0.1,500,-2.3123346032560832e-4,-0.001573551730200018,9.834680156408648e-4,2.511775859502556e-4
0.01,0.2442131628210965,-0.4088048979103476,0.8295351319177426,1000.045128689161,999.106705882024,1000.884427664728,2000,0.1,1000,4.5128689160955915e-5,-8.932941179760068e-4,8.844276647279603e-4,2.442131628210965e-4
1,-0.00952439317186723,-0.07524421205036219,0.0492925625125704,10.038415060687,9.947197482639895,10.1310716033311,2000,0.2,10,0.00384150606870004,-0.005280251736010433,0.01310716033310988,-9.52439317186723e-4
0.5,0.04479833199157447,-0.04017214320614866,0.1377260734366396,19.95619643278072,19.84420027274859,20.06820667405314,2000,0.2,20,-0.0021901783609639125,-0.007789986362570445,0.0034103337026569758,0.0022399165995787237
0.2,0.0754070420616071,-0.05797979072588162,0.2242529553460625,50.09818747253497,49.91076732027737,50.33243356068919,2000,0.2,50,0.001963749450699437,-0.0017846535944525677,0.006648671213783874,0.001508140841232142
0.1,0.1029322535418599,-0.1002931037964188,0.2978550732245966,99.98175213360446,99.70897704456284,100.2592351906374,2000,0.2,100,-1.824786639553766e-4,-0.0029102295543715906,0.0025923519063739686,0.001029322535418599
0.05,0.1047977260459423,-0.1904725645862669,0.3355222755296738,200.4667606389455,200.0370966676621,200.8213218631907,2000,0.2,200,0.002333803194727535,1.8548333831058805e-4,0.004106609315953413,5.239886302297115e-4
0.02,-0.1249866097518296,-0.507094767559494,0.3441856550984623,500.2081550827129,499.453093900455,500.8375215923389,2000,0.2,500,4.163101654257595e-4,-0.001093812199090105,0.0016750431846777047,-2.499732195036592e-4
0.01,-0.5378632543293734,-1.196142390286927,0.06474140195926262,1000.158287404005,999.3374156389228,1001.267833413377,2000,0.2,1000,1.582874040049198e-4,-6.625843610771343e-4,0.0012678334133771063,-5.378632543293734e-4
1,0.04751745924891718,-0.02527430077676075,0.129140611455168,10.05616936662773,9.96483050291858,10.14630090470875,2000,0.5,10,0.0056169366627729644,-0.003516949708141981,0.014630090470875157,0.004751745924891718
0.5,-0.02872969805729515,-0.1036756439486177,0.05113865159871269,19.93133240077017,19.82618142664566,20.05752457203835,2000,0.5,20,-0.0034333799614915117,-0.008690928667716924,0.0028762286019174965,-0.0014364849028647574
0.2,-0.00823574099558838,-0.1275283602289689,0.1239074794627085,49.84331350917878,49.62998262623243,50.08651186962223,2000,0.5,50,-0.0031337298164244576,-0.007400347475351343,0.0017302373924446002,-1.6471481991176757e-4
0.1,-0.04076874745752688,-0.2494367166893663,0.1772589814155961,100.3571596845446,100.0954370283062,100.6778854658159,2000,0.5,100,0.0035715968454459457,9.543702830618894e-4,0.006778854658159084,-4.076874745752688e-4
0.05,0.2335054195288041,-0.1018166201048823,0.5918977584994018,200.2392742398526,199.844259180419,200.5931856697754,2000,0.5,200,0.0011963711992628578,-7.787040979050364e-4,0.0029659283488769894,0.0011675270976440205
0.02,-0.361554828213234,-0.7686459933396691,-0.00717900228306711,499.5504141631477,498.9312440347171,500.1856930582223,2000,0.5,500,-8.991716737045685e-4,-0.002137511930565772,3.7138611644449426e-4,-7.23109656426468e-4
0.01,-0.2869615371170239,-0.9625632351549108,0.3877812673290648,999.727389857476,998.8727669555497,1000.533009477228,2000,0.5,1000,-2.7261014252399907e-4,-0.001127233044450393,5.330094772280081e-4,-2.869615371170239e-4
1,-0.00736686791150844,-0.07754591133906955,0.04951018481623092,9.950262263798356,9.855380292755587,10.05016871922345,2000,1,10,-0.004973773620164379,-0.014461970724441331,0.005016871922344901,-7.36686791150844e-4
0.5,-0.02249950082383897,-0.1133805606680491,0.07904191895881445,19.98514543736837,19.85323184469555,20.09170744775923,2000,1,20,-7.427281315814938e-4,-0.007338407765222543,0.004585372387961417,-0.0011249750411919486
0.2,-0.024431827934392,-0.1606500901545549,0.1243591534215606,50.02016334802399,49.81360204059204,50.26964735506042,2000,1,50,4.0326696047987554e-4,-0.003727959188159269,0.005392947101208412,-4.8863655868784e-4
0.1,0.00892072908704201,-0.1924042306401222,0.2520802829639429,99.82546498682028,99.53385211944044,100.2442319237931,2000,1,100,-0.0017453501317972187,-0.004661478805595642,0.0024423192379310343,8.920729087042009e-5
0.05,0.1011781362324485,-0.2048549653994616,0.4233887360048086,199.7715646167992,199.3126799459069,200.1634672130847,2000,1,200,-0.0011421769160040451,-0.0034366002704655507,8.173360654233353e-4,5.058906811622425e-4
0.02,0.3957708877201209,-0.1360462704182486,0.8278748352375298,499.850206475317,499.1296164151074,500.5030718505112,2000,1,500,-2.995870493659458e-4,-0.0017407671697851068,0.0010061437010224772,7.915417754402418e-4
0.01,0.1955049517472179,-0.4182430832039621,0.7634739283250982,1000.151649064833,999.2274043624624,1001.02709053992,2000,1,1000,1.5164906483300378e-4,-7.725956375376208e-4,0.0010270905399198949,1.9550495174721792e-4
1,-0.03762966969182823,-0.09090075817046106,0.03282380292154902,9.942921961623473,9.857618205622272,10.0226107584138,2000,10,10,-0.005707803837652792,-0.014238179437772835,0.0022610758413799115,-0.003762966969182823
0.5,-0.00835969471858779,-0.08232843585920714,0.07003615033867613,20.04597972408324,19.93430231847671,20.17888166765502,2000,10,20,0.0022989862041620235,-0.0032848840761644515,0.008944083382750989,-4.179847359293895e-4
0.2,0.02679484028409718,-0.1184064600248274,0.1542525088101552,49.93695687011998,49.76119678084867,50.13608254149867,2000,10,50,-0.0012608625976003873,-0.004776064383026579,0.002721650829973443,5.358968056819436e-4
0.1,-0.0634727782795736,-0.3255152098115563,0.1691995094715943,100.0736064295155,99.78640074822977,100.3673865925527,2000,10,100,7.360642951548257e-4,-0.0021359925177023564,0.003673865925527098,-6.34727782795736e-4
0.05,0.08562880658538345,-0.1491116361735092,0.3739282339068334,200.2769695223326,199.8839053614262,200.6740190096646,2000,10,200,0.0013848476116629094,-5.804731928690243e-4,0.003370095048322863,4.2814403292691725e-4
0.02,0.2336958004736535,-0.1835530383099598,0.6483960619494122,500.002760438799,499.3065637010813,500.5735963722171,2000,10,500,5.520877597975371e-6,-0.0013868725978374297,0.0011471927444342,4.67391600947307e-4
0.01,0.537534699403458,-0.1749864191352049,1.184154722124268,999.8944549925978,999.0693256932112,1000.955669970038,2000,10,1000,-1.0554500740211914e-4,-9.306743067887258e-4,9.556699700379312e-4,5.37534699403458e-4
1,0.00680105437186086,-0.04752271545434375,0.06854940989109813,10.06012040515131,9.962860766653977,10.14842772168789,5000,0.05,10,0.006012040515130934,-0.003713923334602298,0.014842772168788931,6.80105437186086e-4
0.5,0.03550884436422545,-0.07326493655165203,0.1230919756192317,20.07384717060605,19.95343820732095,20.17107584184975,5000,0.05,20,0.0036923585303025863,-0.0023280896339524793,0.008553792092487411,0.0017754422182112727
0.2,-0.00781993846204564,-0.1224611104902976,0.1063429705701221,49.96875770688901,49.76941674127288,50.16145809030114,5000,0.05,50,-6.248458622198916e-4,-0.004611665174542479,0.003229161806022729,-1.563987692409128e-4
0.1,0.00542759022342917,-0.2038244829828079,0.2606728156441144,100.1004941725665,99.82201516959029,100.3644543883895,5000,0.05,100,0.0010049417256650095,-0.0017798483040971647,0.003644543883895013,5.42759022342917e-5
0.05,-0.1489683554652338,-0.4302853976587976,0.1012395280763489,200.0850586593673,199.7111437930177,200.4275714617357,5000,0.05,200,4.252932968364931e-4,-0.0014442810349115653,0.002137857308678548,-7.448417773261689e-4
0.02,-0.03786873280002934,-0.5584776112350095,0.3640333418580856,499.9111512037429,499.1951179629301,500.5317805174423,5000,0.05,500,-1.7769759251418105e-4,-0.001609764074139819,0.0010635610348845859,-7.573746560005867e-5
0.01,-0.1420333274331304,-0.8846911075894475,0.483206064031715,999.866757408524,998.9121205218128,1001.085600266752,5000,0.05,1000,-1.3324259147595718e-4,-0.0010878794781872259,0.0010856002667518627,-1.420333274331304e-4
1,-0.04006380980906516,-0.09735125763418692,0.02575808168038642,10.02357412435919,9.904259344284435,10.13096055217065,5000,0.1,10,0.0023574124359189152,-0.00957406557155649,0.013096055217065139,-0.004006380980906516
0.5,0.04085941285495091,-0.06657395491669947,0.1473662443422071,19.96942292225669,19.81954415340685,20.11183264858833,5000,0.1,20,-0.0015288538871655044,-0.009022792329657525,0.005591632429416515,0.0020429706427475456
0.2,0.00551802333095004,-0.1299275230814002,0.1507739045634341,50.06379824392201,49.8347380435119,50.23688347599836,5000,0.1,50,0.0012759648784401723,-0.0033052391297619943,0.004737669519967236,1.1036046661900081e-4
0.1,-0.1512205557418757,-0.3381866366121886,0.0534631041076017,99.97612721230448,99.71720095389908,100.3194601941341,5000,0.1,100,-2.387278769552248e-4,-0.0028279904610092332,0.0031946019413409132,-0.001512205557418757
0.05,-0.1601938148608421,-0.5330191437610776,0.08012252379130624,200.0308806297799,199.7157118612705,200.3362506436894,5000,0.1,200,1.5440314889936246e-4,-0.0014214406936474688,0.0016812532184469209,-8.009690743042106e-4
0.02,-0.1359348375858915,-0.5580596727826066,0.318177193000962,500.2574157726555,499.5541261061676,500.907257334607,5000,0.1,500,5.148315453109564e-4,-8.917477876648761e-4,0.0018145146692138958,-2.71869675171783e-4
0.01,-0.4598652974239819,-0.9939162674822912,0.2699008672450749,1000.122809673185,999.1775601046916,1001.167060820964,5000,0.1,1000,1.2280967318489822e-4,-8.224398953083911e-4,0.001167060820963961,-4.5986529742398193e-4
1,-0.00201643662318813,-0.05946751609022212,0.06121033097828542,10.01545594534192,9.923967498578648,10.1058116076457,5000,0.2,10,0.0015455945341920074,-0.007603250142135254,0.010581160764570052,-2.01643662318813e-4
0.5,-0.00926696071383879,-0.09579880338595188,0.1019680717932693,19.86283019000305,19.71046114621745,20.0059350717779,5000,0.2,20,-0.006858490499847547,-0.01447694268912747,2.9675358889491577e-4,-4.6334803569193946e-4
0.2,0.03302616749730451,-0.1235928513078055,0.2078677273308487,50.12972158838713,49.90402220165144,50.36006464505418,5000,0.2,50,0.0025944317677426554,-0.0019195559669711315,0.007201292901083622,6.605233499460902e-4
0.1,0.12621500762613,-0.1141397889343803,0.3114844995912858,99.947770893145,99.66662610029783,100.2663850604543,5000,0.2,100,-5.222910685499516e-4,-0.003333738997021718,0.0026638506045428834,0.0012621500762613
0.05,-0.06405118890378221,-0.348338804334896,0.2265902066793285,199.878138591185,199.4855642850584,200.320473416186,5000,0.2,200,-6.093070440749138e-4,-0.0025721785747080395,0.0016023670809299784,-3.2025594451891103e-4
0.02,0.3320215181965228,-0.1770596039435208,0.8458707270119011,500.1009322646561,499.4229378075826,500.6413566483773,5000,0.2,500,2.0186452931225674e-4,-0.0011541243848347538,0.0012827132967545563,6.640430363930456e-4
0.01,-0.010836238714587179,-0.6670018882327056,0.5943899960784749,1000.063524109267,999.2533699070392,1000.936874424256,5000,0.2,1000,6.352410926702134e-5,-7.466300929608316e-4,9.368744242559401e-4,-1.083623871458718e-5
1,-0.01070096676661062,-0.06997271908128622,0.05217026650629887,10.06429499950291,9.964830777764586,10.16828513276335,5000,0.5,10,0.006429499950290962,-0.0035169222235413855,0.016828513276335055,-0.001070096676661062
0.5,0.06140704784529305,-0.02340320679089812,0.1621248288600212,20.02255727898202,19.89013883675987,20.16858111695067,5000,0.5,20,0.0011278639491010267,-0.005493058162006514,0.008429055847533506,0.0030703523922646523
0.2,0.0593428982009243,-0.07082822118726845,0.215614233815978,50.11515046689963,49.94048038405199,50.31812269919708,5000,0.5,50,0.0023030093379925454,-0.0011903923189602317,0.0063624539839417515,0.001186857964018486
0.1,0.04226097401525074,-0.1771761727513181,0.2198438776683733,100.0260850531339,99.75551638191814,100.342873582555,5000,0.5,100,2.60850531339063e-4,-0.002444836180818588,0.0034287358255500333,4.226097401525074e-4
0.05,-0.1008156242597862,-0.4385129842020743,0.1756979582879183,199.8620003108448,199.5402719070952,200.3371980864585,5000,0.5,200,-6.899984457759967e-4,-0.0022986404645241043,0.0016859904322925612,-5.04078121298931e-4
0.02,0.1495304393739654,-0.1943663842676968,0.6293361732951503,500.1689906653884,499.6497751277979,500.7868297922573,5000,0.5,500,3.3798133077667103e-4,-7.004497444041968e-4,0.0015736595845146084,2.990608787479308e-4
0.01,0.04090131687038852,-0.712883203835476,0.6621922058659586,1000.472019368973,999.5568985742829,1001.48211753824,5000,0.5,1000,4.72019368972898e-4,-4.431014257171295e-4,0.0014821175382400131,4.090131687038852e-5
1,-0.02411517857056597,-0.1013244187871844,0.04042710523809091,9.967531035892542,9.882835079238372,10.06303107159761,5000,1,10,-0.0032468964107458254,-0.011716492076162766,0.006303107159761012,-0.002411517857056597
0.5,0.02946185244152283,-0.06015838178711838,0.1110611925020729,19.9921415879342,19.84798191260261,20.12031481531627,5000,1,20,-3.9292060328999234e-4,-0.007600904369869488,0.00601574076581346,0.0014730926220761415
0.2,-0.05977796410883292,-0.2375487522465388,0.1046760627349471,50.08522412261146,49.91341809208138,50.29566899276943,5000,1,50,0.0017044824522292057,-0.001731638158372406,0.005913379855388534,-0.0011955592821766585
0.1,0.1138630802167092,-0.1426342415146771,0.2994137005409353,100.0244608734563,99.7261800696472,100.264819166061,5000,1,100,2.4460873456311205e-4,-0.0027381993035280328,0.002648191660610033,0.001138630802167092
0.05,-0.02091039502075477,-0.3367193275470376,0.2478420630908862,200.2103920053102,199.7985862383981,200.5646969286207,5000,1,200,0.0010519600265510576,-0.0010070688080096035,0.0028234846431034466,-1.0455197510377386e-4
0.02,-0.05753498474384756,-0.562306831183998,0.3947434636798237,499.9084469186703,499.17888600999993,500.6294118542309,5000,1,500,-1.8310616265948543e-4,-0.0016422279800001327,0.0012588237084618648,-1.1506996948769511e-4
0.01,0.274522895774634,-0.2507496678400294,0.8651721884323157,1000.251923622154,999.5798853860402,1001.065146285729,5000,1,1000,2.519236221538712e-4,-4.2011461395974337e-4,0.0010651462857289573,2.74522895774634e-4
1,0.06600241336373144,0.00199173679415973,0.1345020732300637,9.988172111995764,9.885063493370108,10.07875483753596,5000,10,10,-0.001182788800423551,-0.011493650662989241,0.007875483753596146,0.006600241336373144
0.5,-2.745860712333098e-5,-0.09921939307013458,0.08050036715684714,19.92687092096688,19.81353309571323,20.07724319142572,5000,10,20,-0.0036564539516559247,-0.00932334521433853,0.0038621595712859946,-1.372930356166549e-6
0.2,0.053891290024141,-0.07821505805414533,0.1855334201609321,49.97888298673728,49.77425605056163,50.16352449690763,5000,10,50,-4.2234026525433954e-4,-0.004514878988767346,0.0032704899381525987,0.0010778258004828201
0.1,-0.1219237553198946,-0.3637755708084831,0.04096660438999163,99.86977431273486,99.58676428162768,100.1887615677107,5000,10,100,-0.0013022568726513972,-0.004132357183723179,0.0018876156771070463,-0.001219237553198946
0.05,-0.1735763014742843,-0.4408899534593171,0.07663874135464456,199.7652757248401,199.3346033187221,200.1648422423388,5000,10,200,-0.0011736213757994607,-0.0033269834063895942,8.242112116940703e-4,-8.678815073714215e-4
0.02,-0.02287563786886961,-0.4782720995819795,0.4816670860952548,499.693693005818,498.9866535824902,500.4096673628542,5000,10,500,-6.126139883640969e-4,-0.002026692835019661,8.193347257083872e-4,-4.575127573773922e-5
0.01,-0.2368895046856729,-0.8258108431355075,0.4009143043699561,1000.415860886175,999.3373679434624,1001.298280780616,5000,10,1000,4.158608861750679e-4,-6.626320565376043e-4,0.0012982807806158903,-2.3688950468567292e-4
1,0.00219609079710998,-0.07255542488660402,0.0751512899586145,9.930743144069698,9.848070460817976,10.03190343085321,10000,0.05,10,-0.006925685593030195,-0.015192953918202412,0.003190343085321068,2.19609079710998e-4
0.5,0.00529131693283868,-0.08682043840417811,0.1060889909737994,20.01312933777553,19.87957231816821,20.1500238212329,10000,0.05,20,6.56466888776519e-4,-0.006021384091589477,0.0075011910616449295,2.64565846641934e-4
0.2,-0.01770305893099103,-0.1390792024183334,0.143628808001646,49.98435492800782,49.77816198407199,50.17087663582481,10000,0.05,50,-3.1290143984363805e-4,-0.004436760318560107,0.003417532716496252,-3.540611786198206e-4
0.1,0.3310553980700235,0.1088197494458187,0.5597685937305165,100.1390497076476,99.85244541440498,100.4228928562306,10000,0.05,100,0.0013904970764759828,-0.0014755458559502221,0.004228928562306056,0.003310553980700235
0.05,-0.1469779271896005,-0.4820498635859896,0.1769446682065214,200.1979460990633,199.7906725286572,200.6862104737174,10000,0.05,200,9.897304953165875e-4,-0.001046637356713953,0.0034310523685869843,-7.348896359480026e-4
0.02,0.1252831801216745,-0.3034872164351814,0.5256178550129533,500.2214631484915,499.474190546301,500.8620641035292,10000,0.05,500,4.429262969829484e-4,-0.001051618907398022,0.001724128207058362,2.50566360243349e-4
0.01,-0.2603958152646295,-0.8785691407963778,0.4072481741485371,1000.393215597229,999.3751862632956,1001.37808934235,10000,0.05,1000,3.932155972290463e-4,-6.248137367044215e-4,0.001378089342350064,-2.6039581526462953e-4
1,0.01657140274589369,-0.0476906141911618,0.09765959755580376,9.984289403492498,9.887979088448342,10.08684542531586,10000,0.1,10,-0.0015710596507501062,-0.011202091155165794,0.008684542531586015,0.001657140274589369
0.5,-0.0282765338609861,-0.09798187537469584,0.04687525303738971,19.97729805643683,19.8400597695293,20.1102722373269,10000,0.1,20,-0.0011350971781585173,-0.007997011523534936,0.005513611866345025,-0.001413826693049305
0.2,0.00143814457253824,-0.1439346673118926,0.170453928391126,49.95398465289804,49.7269295404033,50.12924285627916,10000,0.1,50,-9.203069420391508e-4,-0.005461409191934052,0.0025848571255833175,2.8762891450764803e-5
0.1,0.1234377430245617,-0.06533108597062026,0.3211410411480329,99.90113955800304,99.65607484337364,100.1496990900163,10000,0.1,100,-9.886044199696187e-4,-0.003439251566263568,0.0014969909001629755,0.001234377430245617
0.05,-0.1139668417859748,-0.3588101613866574,0.1450125192257041,200.1957457826483,199.7988579808747,200.5162583159577,10000,0.1,200,9.787289132414667e-4,-0.0010057100956265552,0.0025812915797884806,-5.69834208929874e-4
0.02,0.2942753229769713,-0.1780709892240384,0.8016783240461451,500.3102679750975,499.7610500063257,500.9177691254597,10000,0.1,500,6.205359501949559e-4,-4.778999873485956e-4,0.0018355382509194218,5.885506459539425e-4
0.01,0.06414009805352507,-0.5442667147630853,0.8122777883318258,999.3112776881676,998.2318213448282,1000.223231154731,10000,0.1,1000,-6.887223118323682e-4,-0.0017681786551718703,2.232311547309962e-4,6.414009805352506e-5
1,-0.02939979967562924,-0.09663920768854505,0.03321214715953626,9.977039397215318,9.900646846930528,10.05184716675234,10000,0.2,10,-0.0022960602784681816,-0.009935315306947246,0.0051847166752341245,-0.002939979967562924
0.5,-0.05111665785316564,-0.1297655640480401,0.03818949720943617,19.97076968543079,19.81932249601036,20.1217808609939,10000,0.2,20,-0.0014615157284605385,-0.009033875199481955,0.006089043049695153,-0.002555832892658282
0.2,-0.07667091588787905,-0.2149822740978632,0.05900877611594122,49.87256574796989,49.65906545679796,50.0824268900726,10000,0.2,50,-0.0025486850406022388,-0.006818690864040744,0.0016485378014519103,-0.001533418317757581
0.1,0.03456950431365272,-0.1754272959281744,0.2353577036479718,99.85009912374016,99.56580674521696,100.0904875303212,10000,0.2,100,-0.0014990087625983417,-0.0043419325478304405,9.048753032119272e-4,3.456950431365272e-4
0.05,0.02985043533215545,-0.2920031165389925,0.4013827934158576,200.3040982643065,199.8876004569691,200.6681893222316,10000,0.2,200,0.0015204913215325355,-5.619977151545275e-4,0.0033409466111580244,1.4925217666077726e-4
0.02,-0.2290305636450935,-0.7649770713841721,0.2165114089404863,499.8678122386812,499.1501278611533,500.5900291541027,10000,0.2,500,-2.6437552263758324e-4,-0.0016997442776933713,0.001180058308205334,-4.58061127290187e-4
0.01,-0.04926973605565297,-0.6354388743293327,0.4821491153891956,999.8077130601436,999.020903328698,1000.783391298209,10000,0.2,1000,-1.9228693985640088e-4,-9.790966713020266e-4,7.833912982091462e-4,-4.926973605565297e-5
1,-0.01142531867760605,-0.06781423284842188,0.06842540117474895,9.98801265674151,9.909083390059743,10.06471933025051,10000,0.5,10,-0.001198734325848938,-0.009091660994025696,0.006471933025050891,-0.001142531867760605
0.5,0.00209478345578084,-0.06603480004326093,0.0919195262865328,19.95374304885429,19.83243673588216,20.08740071330914,10000,0.5,20,-0.002312847557285558,-0.00837816320589213,0.004370035665457017,1.04739172789042e-4
0.2,0.08939140849060348,-0.02319845624511186,0.2047364298438114,49.87945915864424,49.70429963858655,50.15593538852936,10000,0.5,50,-0.002410816827115192,-0.005914007228269069,0.0031187077705872035,0.0017878281698120696
0.1,0.1824541414227834,-0.05510807779913045,0.3522907380827773,100.0053729077561,99.72848085757305,100.2816087102078,10000,0.5,100,5.372907756107104e-5,-0.0027151914242695696,0.0028160871020781464,0.0018245414142278342
0.05,-0.1247569233594438,-0.4153213899099415,0.1489173094170809,199.962507913004,199.5524361353457,200.3342957269625,10000,0.5,200,-1.8746043497996911e-4,-0.002237819323271606,0.0016714786348124289,-6.23784616797219e-4
0.02,0.2760797353543221,-0.2381716702971123,0.7400423460695007,500.9599926192553,500.3320857940221,501.5588713566688,10000,0.5,500,0.0019199852385105576,6.641715880442156e-4,0.0031177427133375346,5.521594707086442e-4
0.01,0.134955884794873,-0.5238964161323827,0.784532760309202,999.724729923752,998.4586753658292,1000.530131411668,10000,0.5,1000,-2.7527007624805755e-4,-0.001541324634170782,5.301314116679112e-4,1.34955884794873e-4
1,-0.00682420907075906,-0.07272909563098168,0.0493027420532313,10.00623254109814,9.920979312492276,10.08890484611084,10000,1,10,6.232541098138977e-4,-0.007902068750772373,0.008890484611083993,-6.82420907075906e-4
0.5,0.0205794891615515,-0.06886167924740319,0.1136411070411863,20.02760147300163,19.89723505221865,20.15831421269242,10000,1,20,0.0013800736500815258,-0.00513824738906743,0.007915710634621043,0.001028974458077575
0.2,-0.03459319951568771,-0.178630754003674,0.06727998298517754,50.06442360894038,49.84893280878961,50.27135810205559,10000,1,50,0.0012884721788075648,-0.0030213438242077117,0.0054271620411119326,-6.918639903137542e-4
0.1,0.1072635826574854,-0.1192269078548558,0.2817631311563611,99.99210645977996,99.72663934072848,100.343343664213,10000,1,100,-7.89354022003863e-5,-0.0027336065927151543,0.0034334366421300277,0.0010726358265748539
0.05,0.1144919199776881,-0.1391405923132396,0.3743704787390852,199.7532002759945,199.3245786547338,200.1548787065922,10000,1,200,-0.0012339986200275987,-0.0033771067263309584,7.743935329609375e-4,5.724595998884405e-4
0.02,-0.05468274139825936,-0.5270787852993388,0.4200962893901074,499.9035894036263,499.2447215747291,500.5419705006708,10000,1,500,-1.9282119274732779e-4,-0.0015105568505417999,0.0010839410013416817,-1.0936548279651873e-4
0.01,-0.02791330307932514,-0.665963224221414,0.5451589701337373,999.6643578239756,998.8159933418232,1000.439870994719,10000,1,1000,-3.3564217602444213e-4,-0.0011840066581768616,4.398709947188717e-4,-2.791330307932514e-5
1,0.03444140277220399,-0.03039395945392514,0.1105363166134683,9.917229470824136,9.82564567968338,10.01102483020386,10000,10,10,-0.008277052917586403,-0.01743543203166209,0.0011024830203860692,0.003444140277220399
0.5,-0.0170816998656439,-0.1046951242653935,0.0794943544498844,20.01431567640474,19.89021751811511,20.13434776131091,10000,10,20,7.157838202369593e-4,-0.005489124094244402,0.00671738806554556,-8.54084993282195e-4
0.2,0.1151993726363486,-0.04498903198601607,0.2899128855913443,49.94604141319298,49.76328559809276,50.1315531664137,10000,10,50,-0.0010791717361403608,-0.004734288038144907,0.002631063328274008,0.0023039874527269718
0.1,-0.07117047120837325,-0.2396845654051964,0.08304514910555609,100.0934238357683,99.75838397311412,100.4086241339406,10000,10,100,9.34238357683137e-4,-0.0024161602688588246,0.004086241339406049,-7.117047120837324e-4
0.05,-0.03864491042753935,-0.3134098953298228,0.2802892949879996,200.1724040039725,199.8173623513678,200.551624226952,10000,10,200,8.620200198625749e-4,-9.131882431610006e-4,0.0027581211347600387,-1.9322455213769673e-4
0.02,-0.5751873296266976,-1.121419057267437,-0.05878178993971583,500.3548353004505,499.7785661447175,501.041889370593,10000,10,500,7.096706009008802e-4,-4.428677105650092e-4,0.0020837787411860376,-0.0011503746592533952
0.01,-0.4721754636836176,-1.129993193531931,0.2260345555690231,999.7663207990868,998.6681324229904,1000.823430904522,10000,10,1000,-2.3367920091321714e-4,-0.0013318675770095378,8.234309045218602e-4,-4.721754636836176e-4
1,0.01543181682105481,-0.0474114867072379,0.07171243140301099,9.990893883193008,9.901169800760892,10.0920827664523,10000,100,10,-9.106116806991693e-4,-0.00988301992391083,0.00920827664522994,0.001543181682105481
0.5,0.01356652638116473,-0.0761952072070069,0.1034160383434367,19.9847470336308,19.86180002922228,20.10311464319083,10000,100,20,-7.626483184599575e-4,-0.006909998538885964,0.00515573215954146,6.783263190582366e-4
0.2,-1.1034560343664e-4,-0.1274494362648095,0.1282592222740361,49.89057427153852,49.6912345129865,50.05888121659028,10000,100,50,-0.002188514569229638,-0.00617530974027003,0.0011776243318055712,-2.2069120687328e-6
0.1,0.01570880971565898,-0.1866561213866843,0.2315291495151014,100.1354368162246,99.88472532719048,100.4297308243796,10000,100,100,0.001354368162245878,-0.0011527467280951775,0.004297308243796039,1.5708809715658982e-4
0.05,0.05789779013019079,-0.2556361779810709,0.3693926767677551,199.7348983936664,199.3749042760161,200.055233056875,10000,100,200,-0.0013255080316679768,-0.0031254786199194085,2.761652843750184e-4,2.8948895065095397e-4
0.02,-0.1273676392679945,-0.5711295998154846,0.3519715698149632,500.7002252266042,500.0691805646503,501.4301876227227,10000,100,500,0.0014004504532083573,1.3836112930065703e-4,0.002860375245445468,-2.54735278535989e-4
0.01,0.05045681737628709,-0.6037453486203195,0.7524967813434544,999.770766830252,998.8056921653806,1000.5790214047111,10000,100,1000,-2.292331697479888e-4,-0.0011943078346193792,5.790214047109998e-4,5.045681737628709e-5
1,-0.00754997336209418,-0.07140557169911178,0.04856435546710626,10.03815902364355,9.942693737073713,10.13637459576261,10000,1000,10,0.0038159023643549173,-0.005730626292628771,0.013637459576261168,-7.54997336209418e-4
0.5,-0.01680225928255165,-0.1086859127347106,0.07243314954527713,20.04621252957459,19.93553588559487,20.1512592845385,10000,1000,20,0.0023106264787293718,-0.0032232057202564723,0.00756296422692504,-8.401129641275824e-4
0.2,-0.03599146291904665,-0.1841959441239319,0.1017799335145686,50.01293341512724,49.82287390599604,50.23641428914799,10000,1000,50,2.58668302544951e-4,-0.003542521880079197,0.004728285782959807,-7.19829258380933e-4
0.1,0.05371800686809761,-0.1465469828494541,0.3310850963061078,100.0670184077772,99.76748747331436,100.3825455252404,10000,1000,100,6.701840777720847e-4,-0.002325125266856354,0.0038254552524039642,5.371800686809761e-4
0.05,0.02126067990591371,-0.2527037660462899,0.3263065513200632,199.9416615221788,199.4938903651191,200.2910780871738,10000,1000,200,-2.916923891059797e-4,-0.0025305481744044567,0.001455390435868953,1.0630339952956854e-4
0.02,-0.3109142047749521,-0.7113959317888905,0.1505280946817608,500.0132254567339,499.4329712207525,500.7081782620565,10000,1000,500,2.6450913467757076e-5,-0.0011340575584949386,0.0014163565241129827,-6.218284095499041e-4
0.01,-0.1344358404970077,-0.7319328459661446,0.6171169687478887,1000.316327315374,999.425483196093,1001.189152349863,10000,1000,1000,3.163273153738988e-4,-5.745168039070769e-4,0.001189152349863054,-1.344358404970077e-4
1,0.03652373211972626,-0.02580603209627503,0.1069809582085942,10.02804706945586,9.937286619024864,10.12268204164892,10000,10000,10,0.0028047069455860996,-0.006271338097513679,0.01226820416489205,0.003652373211972626
0.5,0.01848550707090199,-0.08033841723879909,0.1003418174004722,19.98471920469065,19.84512229789719,20.09872435457884,10000,10000,20,-7.640397654675724e-4,-0.007743885105140458,0.004936217728942038,9.242753535450996e-4
0.2,-0.09188144240219938,-0.2220824278252295,0.04512045873321658,50.0962925342848,49.92449594997704,50.27657740334165,10000,10000,50,0.0019258506856960622,-0.0015100810004591292,0.005531548066832981,-0.0018376288480439875
0.1,0.09431558359787508,-0.1096411976533802,0.2826038342057202,100.0362942283195,99.69682056697462,100.3338836736025,10000,10000,100,3.629422831950002e-4,-0.003031794330253801,0.003338836736024975,9.431558359787507e-4
0.05,-0.06790723483627202,-0.3497422970589934,0.1942843788026591,200.0561549360789,199.6658783767605,200.4094971730246,10000,10000,200,2.8077468039455766e-4,-0.0016706081161974584,0.0020474858651229333,-3.3953617418136013e-4
0.02,0.02354117818357438,-0.4186900333579855,0.5473812931791336,499.9513987417326,499.3791443891838,500.4810429697644,10000,10000,500,-9.720251653477785e-5,-0.0012417112216324133,9.62085939528734e-4,4.7082356367148763e-05
0.01,-0.08260713609598345,-0.7537312654966023,0.4571394296344334,1000.888505470749,1000.046644998616,1001.843336283365,10000,10000,1000,8.885054707490347e-4,4.6644998616063305e-5,0.0018433362833649714,-8.260713609598346e-5
1,0.01022920404277458,-0.05301612102765901,0.07150851051521812,9.975495198221006,9.898736731473068,10.04644835406039,10000,100000,10,-0.0024504801778993945,-0.010126326852693213,0.004644835406038883,0.001022920404277458
0.5,-0.00152046691068998,-0.1068275842828744,0.08109833974697359,20.0441157398855,19.91704287876211,20.15806808696794,10000,100000,20,0.002205786994274872,-0.004147856061894495,0.00790340434839698,-7.6023345534499e-5
0.2,0.00572566320835649,-0.1474926023350018,0.1767656422342809,49.96348589039865,49.74454683249149,50.18021484052188,10000,100000,50,-7.302821920269764e-4,-0.005109063350170251,0.0036042968104375017,1.145132641671298e-4
0.1,0.00356697733825146,-0.1703212760344452,0.1752966220066883,99.9381487336059,99.66559301036978,100.2310961157817,10000,100000,100,-6.185126639409733e-4,-0.003344069896302204,0.0023109611578169265,3.56697733825146e-5
0.05,-0.04856907786552969,-0.4013793458217102,0.1926641470697993,199.770874026498,199.3245364088126,200.1831963722292,10000,100000,200,-0.0011456298675099896,-0.003377317955936987,9.159818611459425e-4,-2.4284538932764846e-4
0.02,-0.09693645882805002,-0.5248344121696409,0.2953986829350547,500.4642751405088,499.9215294972585,500.9846545224685,10000,100000,500,9.285502810176816e-4,-1.5694100548291345e-4,0.001969309044936862,-1.9387291765610005e-4
0.01,-0.05683685193540253,-0.58312909635475,0.5465231052900573,1000.604102697135,999.7978909531844,1001.539175935185,10000,100000,1000,6.041026971350671e-4,-2.0210904681561281e-4,0.0015391759351850443,-5.683685193540253e-5
1,-0.02832091373399072,-0.09795350695675166,0.03765956149488318,10.08146000637259,9.991725105731604,10.17728138210481,10000,1000000,10,0.008146000637258899,-8.274894268396338e-4,0.017728138210481026,-0.0028320913733990718
0.5,-0.03143888092047337,-0.1181435911335385,0.05212599700989874,20.00561192821455,19.85232380261305,20.12157644479928,10000,1000000,20,2.805964107275294e-4,-0.007383809869347502,0.006078822239964143,-0.0015719440460236684
0.2,0.01566966001379745,-0.1246270637381723,0.142947458736551,49.74914752600964,49.52062950750499,49.94083057657989,10000,1000000,50,-0.005017049479807301,-0.009587409849900141,-0.0011833884684021578,3.13393200275949e-4
0.1,0.05914738446346059,-0.1385627215960279,0.2924703396839964,100.1080165777575,99.83901637791224,100.4161201789032,10000,1000000,100,0.0010801657775749707,-0.001609836220877514,0.00416120178903201,5.914738446346059e-4
0.05,0.4035107363219371,0.1105901955820504,0.6932862794658889,199.669644179422,199.2672411569703,200.208785051865,10000,1000000,200,-0.0016517791028900497,-0.003663794215148508,0.0010439252593250625,0.0020175536816096854
0.02,-0.1334775476638991,-0.5237369033142192,0.3429572186136443,500.5774148853323,499.9385002012992,501.1844248420757,10000,1000000,500,0.0011548297706645005,-1.229995974016962e-4,0.0023688496841514084,-2.669550953277982e-4
0.01,0.5566782409517441,-0.1283725064250719,1.275151402380396,1000.65458060304,999.6614511300202,1001.576034008082,10000,1000000,1000,6.545806030400225e-4,-3.3854886997986e-4,0.00157603400808215,5.566782409517441e-4
1,0.01160275270502174,-0.04890295224881005,0.1050339826752037,10.01996683388957,9.926858083842264,10.11089672948711,10000,10000000,10,0.001996683388957088,-0.007314191615773624,0.011089672948710882,0.001160275270502174
0.5,-0.0022234152845318,-0.07787507559870203,0.08826321883625753,19.98108942619785,19.88728141210155,20.09258235633484,10000,10000000,20,-9.455286901074444e-4,-0.005635929394922412,0.004629117816742134,-1.1117076422658999e-4
0.2,0.04621894032435031,-0.07133085027658838,0.1827102416093219,49.76787948472039,49.53621381088866,49.95992440876901,10000,10000000,50,-0.004642410305592204,-0.009275723782226741,-8.015118246197384e-4,9.243788064870062e-4
0.1,-0.02603685447159341,-0.194281937103222,0.1476610819458234,99.91939960225184,99.64051378499713,100.2479903552867,10000,10000000,100,-8.060039774815397e-4,-0.003594862150028799,0.002479903552867091,-2.6036854471593406e-4
0.05,0.04713187861957055,-0.296571609357305,0.3613040758910369,200.2752551319041,199.9230954831727,200.6724292623092,10000,10000000,200,0.0013762756595203651,-3.845225841365707e-4,0.003362146311546077,2.3565939309785276e-4
0.02,0.1025166976357254,-0.3811818090549073,0.4965415712574003,500.068070409149,499.4814331466993,500.762016849138,10000,10000000,500,1.3614081829804725e-4,-0.001037133706601412,0.0015240336982760283,2.0503339527145082e-4
0.01,0.8373904696451038,0.1362444654490113,1.479705690805631,999.9380197818248,998.9991759583892,1000.780219119452,10000,10000000,1000,-6.198021817527266e-5,-0.0010008240416108372,7.802191194519192e-4,8.373904696451038e-4
