interval,tau_int,r2m,r2v,r1m,r1v,r1v_step,nch,z,n,kurt,acf1,r2bar
1,1.051288026677542,9.262408032390452,16.50606418792317,0.2639217193128374,9.713465272717036,9.23949894206088,5,0.1,10,-0.34939358120768316,0.051297839160793,-0.07375919676095477
0.5,1.022773001582167,18.89125943572467,31.85593969526308,0.5811258376497704,19.09401023050438,18.83646845103011,5,0.1,20,-0.407203015236846,0.01367250873717718,-0.055437028213766504
0.2,1.039071657076025,48.62366505468712,93.47959269440098,1.046722222554746,49.82597267626027,48.54799496404424,5,0.1,50,-0.13040814611198037,0.02632400603078522,-0.027526698906257585
0.1,1.044952894908129,98.35816831576328,206.1092953838523,1.875485243385091,104.9415118137997,98.24910431635088,5,0.1,100,0.0610929538385232,0.06811672782176248,-0.016418316842367164
0.05,1.029669725734076,198.0156180901467,422.74757703869,3.51280702842968,212.7867529655353,197.8462702983259,5,0.1,200,0.11373788519345007,0.07551561444489785,-0.009921909549266528
0.02,1.010634376737133,498.7394661654473,1049.153689861574,6.186452458562838,550.4470652989218,498.4852836011154,5,0.1,500,0.09830737972314818,0.10423934949980551,-0.0025210676691054257
0.01,1.006163156778049,998.2848765964284,2123.509358480728,10.22580703805058,1161.640972097329,997.933085796746,5,0.1,1000,0.12350935848072808,0.16404695728659924,-0.0017151234035716056
1,1.012520423275416,9.802210188791204,18.82266656331752,0.1277549911360793,9.915733058980186,9.7931333529374065,5,1,10,-0.11773334366824817,0.012518945839331996,-0.019778981120879613
0.5,1.028079853391325,19.65558109186746,36.37271455864481,0.2836183135801698,19.95396833404082,19.64519707645862,5,1,20,-0.1813642720677595,0.015717391705487582,-0.017220945406626997
0.2,1.030104624391412,49.72261612509274,96.89707125420402,0.3727748697596571,51.81011429198549,49.70880208191388,5,1,50,-0.062058574915919484,0.0422724371150387,-0.005547677498145109
0.1,1.016168397814851,99.72300000767272,200.5207700281123,0.5195958816359583,102.7796453172725,99.70101500507332,5,1,100,0.005207700281123273,0.030878625579112917,-0.002769999923272759
0.05,1.010674725339408,199.8458489098681,406.925279607125,1.135687570478437,202.1247107913427,199.8098485017219,5,1,200,0.03462639803562517,0.011585326283858555,-7.707554506595216e-4
0.02,0.998328201035882,499.8309645388906,998.6545800707042,1.804513836448359,524.7515463070617,499.763386274954,5,1,500,-0.0026908398585914206,0.04999998142793127,-3.3807092221882495e-4
0.01,0.9987655725605776,999.2368180191172,1967.60161742979,3.279652841249819,1063.838214792525,999.1092630692729,5,1,1000,-0.032398382570210105,0.06478665959357044,-7.631819808827656e-4
1,1.002489019506782,9.363932511937916,16.51353826975814,0.2184848815846117,9.368306191226017,9.345025743986811,10,0.05,10,-0.3486461730241861,0.002491212745367344,-0.06360674880620842
0.5,1.051165230413643,18.84668414796275,31.71666867872364,0.4947121339788705,19.9822171679368,18.80052372808738,10,0.05,20,-0.4141665660638181,0.06285428304765817,-0.05766579260186244
0.2,1.050543573580678,48.60640132219699,95.48409352719494,1.169857210499379,50.79755171378928,48.51291537635377,10,0.05,50,-0.09031812945610107,0.04709336307067402,-0.027871973556060303
0.1,1.043017484271054,98.3761763249084,212.1688659353639,1.795038824249465,105.3957342815633,98.2554580207306,10,0.05,100,0.12168865935363904,0.07267053051980277,-0.016238236750915958
0.05,1.021047714904274,198.6457124155807,457.6181806005284,3.160073647145783,213.0535428646717,198.4665893892051,10,0.05,200,0.28809090300264195,0.07349828260947588,-0.006771437922096446
0.02,1.011855488570753,498.5177948708914,1094.521098371026,6.127264794120086,566.1907105856355,498.2400292574928,10,0.05,500,0.18904219674205214,0.13638141726470066,-0.0029644102582171428
0.01,1.000345299290198,998.7762513676812,2208.826068883573,8.752409730799975,1107.999101337502,998.4184540485588,10,0.05,1000,0.20882606888357325,0.10975422864491002,-0.0012237486323187774
1,1.02908992162781,9.438593080294456,17.02325854018973,0.2061169457836848,9.700268223352769,9.426073737810212,10,0.1,10,-0.29767414598102704,0.029088939166972416,-0.05614069197055438
0.5,1.024388959150943,19.13644545636081,32.12733246130229,0.473466036796399,19.56465527309809,19.09783392723228,10,0.1,20,-0.39363337693488565,0.024443680243765975,-0.04317772718195945
0.2,1.034203970381175,48.8920304933762,95.26571165348112,0.9873499568177658,49.98150842404662,48.82263296321583,10,0.1,50,-0.09468576693037756,0.023736439239233853,-0.02215939013247603
0.1,1.042010971973905,98.98014365029285,209.3335288760562,1.559647777101733,103.6974572360339,98.88770832187149,10,0.1,100,0.09333528876056185,0.04863849102971485,-0.0101985634970716
0.05,1.023907711443575,198.7484418143336,425.9938173199532,2.560504142134799,215.1256716978284,198.6173388516928,10,0.1,200,0.12996908659976603,0.0831162724341119,-0.006257790928332008
0.02,1.00776401345735,499.4584125019047,1050.083776397596,4.488042573239643,554.1194421126645,499.2713469624163,10,0.1,500,0.10016755279519218,0.10985628453133911,-0.0010831749961905945
0.01,0.9981540252533462,998.0866969034524,2039.5391481373,7.128341511491718,1104.282439861786,997.80724188108,10,0.1,1000,0.03953914813729975,0.10670918541338459,-0.0019133030965475806
1,1.026740257485166,9.542913597198057,17.48140614360901,0.1460119943167635,9.785207187559832,9.530352932858824,10,0.2,10,-0.25185938563909893,0.02674132390441919,-0.04570864028019428
0.5,1.041554520877811,19.35854339443794,32.53307461445811,0.3958709292028052,19.89174624007175,19.3275133305898,10,0.2,20,-0.3733462692770946,0.029193249014032974,-0.032072830278102926
0.2,1.041131619572682,49.27406974637923,93.56636380992296,0.8410029403394502,51.60048970551733,49.22086153319922,10,0.2,50,-0.12867272380154082,0.04834592687316275,-0.014518605072415314
0.1,1.023600304916977,99.37620098634048,205.1800154108811,1.372217685293981,105.5869111657719,99.3022722989398,10,0.2,100,0.051800154108811114,0.06328796634091916,-0.006237990136595206
0.05,1.012593556399246,199.1001628233156,412.0501517172426,1.894158868646427,205.4751748499168,199.0107044892763,10,0.2,200,0.06025075858621287,0.03248302837392769,-0.004499185883422019
0.02,1.006045230510018,499.6150014062857,1026.060071814409,3.431795919250641,548.8293208846326,499.4849562873572,10,0.2,500,0.052120143628818116,0.09879049203813706,-7.699971874285394e-4
0.01,0.9951802028107464,999.3718578676446,2047.046636255602,5.080247161005249,1082.464682004666,999.1846690276066,10,0.2,1000,0.047046636255601904,0.08334796915779985,-6.281421323554026e-4
1,1.012504758911086,9.738067633991273,17.80256920057593,0.1219109841779306,9.851836040812437,9.730203648064034,10,0.5,10,-0.21974307994240694,0.012500498154794926,-0.026193236600872694
0.5,1.049828088977001,19.78041450693481,37.0270840946589,0.2658356103405491,20.78498017883415,19.76351190587627,10,0.5,20,-0.1486457952670548,0.05168455271626926,-0.01097927465325943
0.2,1.038598867999108,49.53351573806454,96.05181100951366,0.4791789815307622,51.40048377767663,49.50781856808003,10,0.5,50,-0.07896377980972691,0.03822962239780203,-0.009329685238709251
0.1,1.024065829395902,99.80317905979992,201.9151727336395,0.7366955924890695,104.6244383453806,99.77437932974205,10,0.5,100,0.01915172733639503,0.048610264962007044,-0.00196820940200082
0.05,1.012083366545701,199.9530105909086,417.2017425324447,1.107619231695427,207.4832256171264,199.9042509912805,10,0.5,200,0.08600871266222354,0.03791302380146222,-2.349470454570124e-4
0.02,0.9970271282121668,499.6099556944666,998.2296043491084,2.106464623280326,531.4717774685965,499.5328105067126,10,0.5,500,-0.003540791301783308,0.06393767594462085,-7.800886110668204e-4
0.01,0.9968813200876956,999.460660192324,2009.472989547382,3.147416588888383,1079.794426972943,999.3260445934748,10,0.5,1000,0.00947298954738196,0.08052265105549483,-5.393398076760647e-4
1,1.020979889580086,9.799204222935847,18.90464980343024,0.07891747751547797,9.99897599057039,9.79357165270803,10,1,10,-0.1095350196569762,0.020973383883454044,-0.02007957770641533
0.5,1.018841066156138,19.75491936000757,37.49908257573241,0.1253741694222652,20.04400430088624,19.7479965087022,10,1,20,-0.1250458712133795,0.014989256862264488,-0.012254031999621495
0.2,1.02793355423292,49.90265064546396,98.4656220945402,0.2928679005344885,50.95499827972188,49.88564544771622,10,1,50,-0.0306875581091961,0.021436082913398602,-0.0019469870907208309
0.1,1.023580888661751,99.75349969971003,202.2381762042841,0.4813488982288919,104.3882585871206,99.7330619966438,10,1,100,0.022381762042841036,0.046676563391119696,-0.002465003002899646
0.05,1.005473161427141,200.1257015895743,405.2115985309794,0.6133619950032693,209.1178115578158,200.096428401843,10,1,200,0.026057992654897166,0.04508517832140213,6.285079478716149e-4
0.02,1.000046337632128,499.8653418307311,1014.12375065194,1.518281564121869,520.7366563268079,499.7974223590915,10,1,500,0.028247501303880096,0.04189544209508167,-2.693163385377728e-4
0.01,0.9973611585888316,999.8717136095668,2027.865221659382,1.535114600766913,1033.119858800457,999.7609858805612,10,1,1000,0.02786522165938221,0.03336684806770518,-1.2828639043327428e-4
1,0.9885031540119806,9.959996910032524,19.61198704506476,0.03967791811734012,9.844769089320105,9.959259231998862,10,10,10,-0.038801295493523735,-0.011495849240564349,-0.004000308996747526
0.5,0.999007850067658,19.95669238931299,40.11767696682429,0.04809820366286732,19.6510126798739,19.95394836050977,10,10,20,0.00588384834121447,-0.015181741235503976,-0.0021653805343504473
0.2,0.9975403940395572,49.81672080343395,100.0980529763862,0.07878178602190423,49.88866972995113,49.81155789484792,10,10,50,0.001961059527724185,0.0015480711377466871,-0.0036655839313209926
0.1,1.000909061275084,99.98094965262426,199.3591295938329,0.1300108872713288,100.7797796278285,99.96998512813408,10,10,100,-0.006408704061670933,0.008100376314515545,-1.905034737573752e-4
0.05,1.005456659723499,199.9815336411705,402.7529494533826,0.0198665018013666,201.6766154147813,199.9643566754575,10,10,200,0.013764747266912902,0.00856281973343287,-9.233179414747106e-5
0.02,0.9979062506184698,499.8979456994189,982.9761782498248,0.5766865899234164,501.390724259632,499.84539953503503,10,10,500,-0.0340476435003505,0.0030916053764513673,-2.0410860116215623e-4
0.01,0.9989435944034168,1000.029885671278,2063.369242264516,0.02948729978319608,979.3073015251616,999.9307431222336,10,10,1000,0.06336924226451579,-0.020624870011173302,2.9885671277929404e-5
1,0.999953192974688,10.0457506805371,20.45848992702264,0.00646604475164706,10.04302216720801,10.04359970998113,10,100,10,0.045848992702263835,-5.750356344313978e-5,0.004575068053709996
0.5,1.010623867147098,20.08541266773586,40.24598360353207,-0.03237085125143769,20.64095915132797,20.08331854494081,10,100,20,0.012299180176603475,0.027766357693292498,0.00427063338679301
0.2,1.006197865841628,49.84049836270876,99.42145752489034,-0.01916259738715596,49.42312571557022,49.8340756529766,10,100,50,-0.011570849502193115,-0.008246364200031775,-0.0031900327458248556
0.1,1.008873867124712,100.2506668695912,198.5991218871544,-0.09378545078635664,101.9981512361258,100.241299260701,10,100,100,-0.014008781128455938,0.01752622909301782,0.0025066686959120954
0.05,1.003092181297432,199.8108461901077,413.4487023170223,-0.05554009460217044,200.7764324050024,199.7915191884827,10,100,200,0.06724351158511155,0.004929704826912795,-9.457690494615312e-4
0.02,1.000644421566288,499.9996786881078,992.0499726572308,0.07680036462847227,496.1595286045842,499.9518060188483,10,100,500,-0.015900054685538345,-0.0075852859587852706,-6.426237844081584e-7
0.01,0.9998953234100552,999.5712536392984,2021.804931807832,-0.5221154631708506,998.765358764106,999.4653334435384,10,100,1000,0.021804931807832162,-7.003491326914579e-4,-4.287463607015596e-4
1,0.984611067365762,9.99619306021591,20.20676914834227,-0.00289223256791534,9.84117858690708,9.99501568879796,10,1000,10,0.020676914834226956,-0.015391381732726472,-3.80693978409008e-4
0.5,0.9940702892455392,19.98665110766702,39.29458318273358,-0.01162987633132949,19.69620594215876,19.98489503596295,10,1000,20,-0.035270840863320885,-0.014445364525792703,-6.674446166490267e-4
0.2,0.99212897116662635,50.11370549392063,99.5066016623019,-0.1420591012903259,49.32161340113453,50.10843802613256,10,1000,50,-0.009867966753961843,-0.015702437673026037,0.002274109878412478
0.1,1.007636837298579,100.0434768613857,196.6560316536513,-0.07703594909991493,101.6303721411738,100.0339949102485,10,1000,100,-0.033439683463487135,0.01595834728341683,4.3476861385705057e-4
0.05,0.9954417052411746,200.1851290539707,400.7469649744175,0.2200092971535693,196.8297705543119,200.165964959042,10,1000,200,0.00373482487208765,-0.01666714121660362,9.256452698536144e-4
0.02,0.997434180123276,499.8842873435962,1006.040887772828,-0.1606412280771164,523.0064294988216,499.8331887326054,10,1000,500,0.012081775545655926,0.046361948923349994,-2.3142531280762046e-4
0.01,1.000814449468664,1000.029714070752,2037.927892210482,-0.2668398131579561,998.4778111926968,999.9303206422502,10,1000,1000,0.037927892210482206,-0.001452610666531684,2.9714070751918342e-5
1,0.9971661153782716,10.096407721026191,20.68629652095388,0.01008225488587109,10.06631986988534,10.0949636749253,10,10000,10,0.06862965209538796,-0.0028374351768205575,0.009640772102619044
0.5,1.005025515060038,20.02223078862572,40.56557481884828,-0.04394977878290662,20.20968787064259,20.02034349404032,10,10000,20,0.028278740942414338,0.009457598799872624,0.0011115394312859461
0.2,1.016322126409061,50.11423828964166,99.284390112941,0.152510379359219,50.3290750768268,50.10777296470641,10,10000,50,-0.014312197741179977,0.004416522607705087,0.002284765792833321
0.1,1.014022863001878,100.2480847735877,199.1261944078288,0.00579297206194787,100.318243206703,100.2366186770624,10,10000,100,-0.008738055921712062,8.143184668227832e-4,0.0024808477358770897
0.05,0.995855793909956,200.1268007921609,399.4180536134752,0.00906107549859456,199.6768800809808,200.1073609360073,10,10000,200,-0.0029097319326241156,-0.0021512494743467503,6.340039608045966e-4
0.02,1.003043898358283,500.0653684112834,999.3645042669624,-0.1528620278769122,499.1324622244287,500.0140782942812,10,10000,500,-0.001270991466075122,-0.0017631824945009145,1.307368225667016e-4
0.01,1.001257435237491,999.3407863209126,1951.568317980188,-0.00652289506236918,1010.410678724107,999.2392665869254,10,10000,1000,-0.04843168201981185,0.011179917073654844,-6.592136790873893e-4
1,1.004875519613615,9.598834501064774,17.24995176001056,0.1082792225466417,9.637897663373291,9.591083969682328,20,0.05,10,-0.275004823998944,0.004880959632815429,-0.040116549893522646
0.5,1.040898443511717,19.203256145665492,32.50052488660003,0.2810022128245451,19.82392161141398,19.16922883194757,20,0.05,20,-0.37497375566999835,0.03415331859231041,-0.03983719271672537
0.2,1.062020006094236,49.01889410053279,94.96871352749169,0.8714675199522877,53.47405525404604,48.9635625526836,20,0.05,50,-0.10062572945016623,0.09211937339137166,-0.019622117989344212
0.1,1.040785230129951,99.17661190751409,212.0244693111812,1.332475114818834,105.500820983636,99.07466321626188,20,0.05,100,0.12024469311181196,0.06486176746669314,-0.008233880924859105
0.05,1.031748137395355,198.8608062510374,459.0845895964891,2.313909236668228,218.4695356646096,198.7249502363116,20,0.05,200,0.2954229479824453,0.09935634858541387,-0.00569596874481304
0.02,1.014801639197687,499.0045594162868,1138.819593057348,4.308702596322386,561.8408161475277,498.8161836125564,20,0.05,500,0.27763918611469585,0.12634841171056332,-0.001990881167426406
0.01,1.004970909942168,999.4222526221096,2131.138006281873,6.184602682715401,1150.911198909227,999.1669123963763,20,0.05,1000,0.13113800628187322,0.1518708082005149,-5.77747377890403e-4
1,1.056956291146447,9.64468388114533,17.65124059296625,0.1101074136010562,10.1844665725602,9.63562806987033,20,0.1,10,-0.23487594070337492,0.056959286795848385,-0.03553161188546705
0.5,1.05034682462362,19.35616607378138,33.83763686325398,0.3395060829510615,20.43312202545976,19.32679317726547,20,0.1,20,-0.30811815683730126,0.057243270419827796,-0.032191696310930995
0.2,1.038954663917516,49.23133493136798,97.7829796122133,0.6062555263644653,52.75405672316619,49.18386156962392,20,0.1,50,-0.04434040775573411,0.07258875248110308,-0.015373301372640369
0.1,1.041723374754291,99.38029637968968,206.2887439373904,1.016339464066463,107.078955641583,99.31676122860034,20,0.1,100,0.06288743937390384,0.0781559357852617,-0.00619703620310319
0.05,1.019235818504887,199.3956257378099,423.4927523051394,1.833385916750474,217.8406604398522,199.3075191480959,20,0.1,200,0.11746376152569704,0.09298766735431196,-0.0030218713109505524
0.02,1.00633441786353,499.6005025417008,1031.763612813479,3.502796818578874,563.3671079480398,499.464362621052,20,0.1,500,0.06352722562695812,0.12794255228069473,-7.989949165984056e-4
0.01,1.000096876506327,999.8205484811128,2144.909967310026,4.653854404300817,1120.661608878229,999.619325506396,20,0.1,1000,0.14490996731002603,0.12108837862904887,-1.7945151888720812e-4
1,1.025183158379343,9.72843164661672,17.69970900225642,0.06565439945440071,9.968371672426626,9.72338720987527,20,0.2,10,-0.23002909977435815,0.02519538276769895,-0.027156835338328023
0.5,1.029370337388747,19.57866243642662,34.66903059615058,0.3167933266631094,20.35675050743767,19.55923016867335,20,0.2,20,-0.2665484701924712,0.040774628238776645,-0.021066878178669035
0.2,1.049297598396616,49.54956568828464,98.4009388383125,0.4973687722892666,52.45841054965646,49.5157140686083,20,0.2,50,-0.03198122323374997,0.059429547496191004,-0.009008686234307284
0.1,1.030122658212178,99.52038851727228,196.5137852381316,0.8880064955707471,104.6926604067995,99.46815246534534,20,0.2,100,-0.034862147618684114,0.05252442929684831,-0.004796114827277154
0.05,1.017646084612643,199.317202081466,405.9225566411347,0.8959922380210837,218.5802294997286,199.2557492707327,20,0.2,200,0.0296127832056734,0.09698330060599325,-0.0034139895926699193
0.02,1.006578567085793,499.5969275031669,1041.918539873819,2.676945401893734,531.3146406495893,499.4895405278629,20,0.2,500,0.08383707974763821,0.06371524834752984,-8.06144993666158e-4
0.01,1.004697589250482,1000.304613789348,2029.705141834613,3.297190745673187,1107.583135198179,1000.138701914286,20,0.2,1000,0.029705141834612814,0.10742953260207022,3.04613789347874e-4
1,1.016830020291091,9.83069267373333,18.44528160659694,0.04042424326144953,9.992162452292645,9.82668024484854,20,0.5,10,-0.15547183934030606,0.016840092820854302,-0.016930732626667
0.5,1.02661791657426,19.81497735574241,36.05332415444623,0.1717651037713621,20.32712053367702,19.80334227138762,20,0.5,20,-0.19733379227768855,0.026448982960122214,-0.009251132212879432
0.2,1.026099977510183,49.72104160383324,94.48677790756062,0.3074994965463665,50.71251163083949,49.70460791848016,20,0.5,50,-0.11026444184878748,0.02027787270774528,-0.0055791679233351266
0.1,1.021202760735117,99.89449447439064,201.3273138661932,0.5090640749811576,106.1570293867809,99.86945151573768,20,0.5,100,0.013273138661932027,0.06295796938518694,-0.0010550552560936177
0.05,1.014188035306797,199.7623732048087,398.1014556347732,0.9611429965092064,210.5800325642923,199.7229985189341,20,0.5,200,-0.009492721826134032,0.05436045986626281,-0.001188133975956407
0.02,0.9973017460352882,499.9451361901229,1006.714049912552,1.130372588825286,532.6440942777353,499.8768095494881,20,0.5,500,0.013428099825103956,0.06555071990192674,-1.097276197541408e-4
0.01,0.999081465885023,999.7371809610984,1986.803135278988,1.581171973419471,1042.106648064118,999.6174975147406,20,0.5,1000,-0.013196864721011892,0.04250540897394672,-2.628190389015739e-4
1,1.017198138385242,9.880532118545336,18.62193921167102,0.08587652429280222,10.04814445675565,9.878236700092096,20,1,10,-0.13780607883289808,0.01720021111277603,-0.011946788145466458
0.5,1.023863223614924,19.88013047385235,37.62803101728782,0.1560837871375814,20.27240169466061,19.87382753745882,20,1,20,-0.11859844913560913,0.020055228739936704,-0.00599347630738245
0.2,1.01274100347014,50.00523671527134,97.95065981827516,0.2114033714788509,51.28837510097535,49.99397267205502,20,1,50,-0.040986803634496916,0.025891169669816083,1.0473430542679019e-4
0.1,1.026307783101296,99.9472850831534,199.8104281237585,0.3487956706475556,105.7586118533412,99.93327158876544,20,1,100,-0.0018957187624151217,0.058292300171534084,-5.271491684659679e-4
0.05,1.007725528731103,200.0337701893894,401.6448396228165,0.4966775883592519,205.9597743057489,200.0092372358584,20,1,200,0.008224198114082704,0.029751311250056922,1.6885094694707448e-4
0.02,1.001068703641242,499.9848329277453,1004.219682634834,0.9152349857263808,519.0728035350471,499.9257138284204,20,1,500,0.008439365269667931,0.03829986971463972,-3.0334144509369665e-5
0.01,0.9989101152574946,1000.5564197817,1998.102149342139,1.276686619880868,1028.142954152805,1000.449668898162,20,1,1000,-0.0018978506578610777,0.02768083804270005,5.564197817000682e-4
1,1.001038341820067,10.02618470449448,19.80940412915246,0.02136827997683101,10.03586982457988,10.02547237517925,20,10,10,-0.01905958708475408,0.001037103191902533,0.0026184704494478517
0.5,0.9944756925502216,19.90937496509958,39.02467388089617,-0.01794021326397592,19.49676881711062,19.90481914280374,20,10,20,-0.04876630595519171,-0.020500077029870556,-0.004531251745021003
0.2,0.9900974913269976,49.93161164542571,98.00694138421032,-0.01390524251376945,49.48043455388723,49.92694541655354,20,10,50,-0.03986117231579356,-0.008943284211380242,-0.0013677670914857831
0.1,1.006827911100632,99.95410240797617,204.0056945708411,0.00964868300313413,99.44675483961235,99.94315230056633,20,10,100,0.04005694570841101,-0.004966798120006444,-4.589759202383581e-4
0.05,1.003111059733509,199.8286657211241,398.7817299801182,0.2615612311911866,197.0018907232378,199.8078807313004,20,10,200,-0.0060913500994090874,-0.014043440117539996,-8.566713943793935e-4
0.02,1.004566799887681,499.7935922521472,1004.670267947781,0.2396277749323908,489.1732076041259,499.7438636965611,20,10,500,0.009340535895562052,-0.021152147850791003,-4.128154957055985e-4
0.01,0.9988979558422788,1000.109486413641,1986.72317946089,-0.5868944339133126,1006.918439873196,1000.001946898276,20,10,1000,-0.013276820539110057,0.006916479509238016,1.0948641364105782e-4
1,1.028956828511849,9.842554353923072,18.61621736970686,0.06953712885747017,10.12380859534561,9.838825735382692,50,0.05,10,-0.138378263029314,0.028965129338357265,-0.0157445646076928
0.5,1.030078578512502,19.61953678586877,35.1114425765203,0.1812436913363518,20.35474375323933,19.6059631333735,50,0.05,20,-0.24442787117398512,0.038191473419188826,-0.019023160706561404
0.2,1.047729464647028,49.67522980152245,96.0875084812543,0.4320073174253909,51.74079091214013,49.64775524319495,50,0.05,50,-0.07824983037491395,0.042157710025209294,-0.006495403969551061
0.1,1.04048577936631,99.58649475687857,209.8715727140664,0.5299396369861329,109.8524982338412,99.55104222982106,50,0.05,100,0.09871572714066401,0.10347913766928185,-0.00413505243121437
0.05,1.024010515396373,199.7980957302781,452.8890809962085,1.333677314662473,215.2870105463948,199.7417040579091,50,0.05,200,0.26444540498104274,0.07782704449131383,-0.0010095213486094323
0.02,1.023071134038811,500.3588890726111,1112.682505643163,2.129738808221464,569.1452131381883,500.2547375443875,50,0.05,500,0.22536501128632613,0.1377107909701467,7.177781452221144e-4
0.01,1.012417656884533,1000.690953269709,2198.334785404951,3.282648570718195,1132.969836831148,1000.522134918147,50,0.05,1000,0.1983347854049513,0.13237858243269818,6.90953269709027e-4
1,1.010532883091499,9.904575089568333,18.48803791017478,0.01901981516938922,10.0033404255549,9.8990979021685,50,0.1,10,-0.15119620898252206,0.01053050736709693,-0.009542491043166734
0.5,1.055669598633144,19.7169759001298,34.73510229619664,0.08016037719461437,20.68999054392201,19.70649506701101,50,0.1,20,-0.2632448851901681,0.04990717393258781,-0.01415120499350997
0.2,1.041102753801303,49.6439724956206,97.33359121781815,0.4344050832311859,53.4996134333354,49.61891185999531,50,0.1,50,-0.05332817564363701,0.07821013053026782,-0.00712055008758794
0.1,1.037709380030359,99.67837059800362,213.6560473332713,0.6232596788048066,108.4549099157639,99.64496501504009,50,0.1,100,0.13656047333271282,0.088413347321604,-0.003216294019963706
0.05,1.028179418412615,199.938238431674,441.4978732023288,0.9365865885667078,215.6380798962681,199.895977957923,50,0.1,200,0.20748936601164392,0.07875146913490538,-3.0880784163000996e-4
0.02,1.011396895969743,500.1927490734043,1083.151908573378,1.6585546784835,536.5874778038747,500.1005148625921,50,0.1,500,0.16630381714675613,0.07295925890279831,3.8549814680854944e-4
0.01,1.00634702265385,1000.34591780407,2050.098503954297,2.445123696981175,1092.02225245326,1000.21151770598,50,0.1,1000,0.05009850395429716,0.09179131925800177,3.459178040701172e-4
1,1.038746193921782,9.937047710994507,18.98935328212204,0.03658154006183753,10.32084456735562,9.935824369466657,50,0.2,10,-0.1010646717877961,0.03875070488083021,-0.006295228900549232
0.5,1.030468623284746,19.77411880348138,37.19683951116298,0.04151495908462115,20.13012725190304,19.76733000815312,50,0.2,20,-0.14015802444185121,0.01835337618182531,-0.011294059825931013
0.2,1.04029243831735,49.81007674968611,98.9955195080065,0.2747724940735539,53.02473969860218,49.79556135342799,50,0.2,50,-0.02008960983987018,0.0648487185886879,-0.0037984650062777847
0.1,1.022109364239226,99.98334228628924,200.4279269423748,0.4182420039129656,106.5919593500348,99.961250016478445,50,0.2,100,0.004279269423748122,0.06633279728358032,-1.6657713710754862e-4
0.05,1.017692324642928,199.6170681386681,407.99608726771,0.6755681917252743,211.9229618629855,199.5791351678214,50,0.2,200,0.039980436338550085,0.06184928441935811,-0.0019146593066595718
0.02,1.013208407685058,500.2140182407223,1025.806402044937,0.8970929852539758,526.9011959924461,500.152348138577,50,0.2,500,0.05161280408987379,0.05348140012422342,4.280364814446269e-4
0.01,1.004167813148374,999.9462473576762,2052.709100351596,1.876368740278726,1067.987690245878,999.823597160494,50,0.2,1000,0.05270910035159604,0.0681761195464583,-5.3752642323878774e-5
1,0.9773719269815078,9.853361014667072,18.83336819362329,0.01271068841103177,9.627974050068708,9.850860422609491,50,0.5,10,-0.116663180637671,-0.022626081680054977,-0.014663898533292752
0.5,1.032238655206078,19.84982392818319,38.47474525542,0.085724479973273,20.31231067247527,19.84613397405484,50,0.5,20,-0.07626273722900012,0.02348954708407547,-0.007508803590840385
0.2,1.028656867912574,49.80129214873168,99.69869011736893,0.2950591024437301,51.68964935527274,49.7926711485884,50,0.5,50,-0.006026197652621468,0.038097538511711715,-0.003974157025366298
0.1,1.022031214268136,99.79216883770522,203.0935113906575,0.3107465573751114,105.2056901826767,99.77872972739802,50,0.5,100,0.030935113906575218,0.0543899533508343,-0.002078311622947804
0.05,1.012354225078133,199.9144925952876,403.1981931751395,0.4027093535559271,213.3339217623087,199.8891774898358,50,0.5,200,0.015990965875697594,0.06726099152194753,-4.2753702356190804e-4
0.02,1.005004881560682,499.7044111557199,978.4991038026798,0.7236803331653584,530.180519403272,499.6500445064701,50,0.5,500,-0.043001792394640415,0.06110371695645167,-5.911776885600961e-4
0.01,1.002404009591848,1000.208702406513,2011.262754391065,1.638787638473072,1070.579190872707,1000.097527750943,50,0.5,1000,0.011262754391065055,0.07047478987400946,2.0870240651293948e-4
1,1.044535603295501,9.892697042712031,19.35382659360245,0.04424873624882873,10.33193854093968,9.891498379260147,50,1,10,-0.06461734063975522,0.044527142884946525,-0.010730295728796913
0.5,1.013336525144432,19.91595907175646,38.94607995947629,0.1248968334429036,19.92112903261813,19.91320124007008,50,1,20,-0.052696002026185296,3.9811743237416763e-4,-0.0042020464121769185
0.2,1.014707310254638,49.76200114477844,95.435270365505,0.2021405167616006,51.0450144033042,49.75428932692014,50,1,50,-0.09129459268989981,0.02594198598442654,-0.004759977104431212
0.1,1.020514336518029,100.0680433262966,200.6302350210261,0.03731063873615551,102.0933524334936,100.0571042500023,50,1,100,0.006302350210261043,0.020350860628582046,6.804332629659626e-4
0.05,1.007704329581229,199.854782806942,409.61886596001,0.04176188859608742,205.320476578306,199.8319375539554,50,1,200,0.048094329800049795,0.02746577494835467,-7.26085965289891e-4
0.02,1.0060109832914,500.0082218985028,1021.101898670844,0.6042162333751638,507.9261425852372,499.9582348983688,50,1,500,0.042203797341688,0.01593714660683232,1.6443797005605276e-5
0.01,1.000537478024582,1000.180953424491,1936.804779031829,0.5652507866106492,1015.067208378,1000.083368628866,50,1,1000,-0.06319522096817098,0.014982590671092977,1.8095342449098162e-4
1,0.9804315017359932,10.0120546778741,19.67005983601618,0.05187332010426953,9.815516001170264,10.01137804224888,50,10,10,-0.032994016398382175,-0.01956394416953,0.0012054677874100417
0.5,1.00669726932913,19.976936255253,39.1369383364147,-0.03094948288856372,19.9053714453935,19.97581393228922,50,10,20,-0.04315308317926503,-0.0035263888187232473,-0.0011531872373499175
0.2,1.001667971545816,49.93010181756143,99.20840673326047,-0.03197821273726092,48.65788041402493,49.92538402123488,50,10,50,-0.015831865334790418,-0.025387959092529777,-0.0013979636487714275
0.1,0.9923799195605404,100.0098576793811,198.2540803284364,-0.1683670147686535,100.9180958504897,99.99960762603877,50,10,100,-0.017459196715635894,0.009184918283737131,9.85767938110893e-5
0.05,1.000316530030259,200.1044243450532,401.4098908600718,0.07891499998312358,202.0237077572253,200.0805538672747,50,10,200,0.0070494543003589705,0.009711857811227631,5.221217252660004e-4
0.02,0.9995631920253052,500.1720382222152,1014.939608860327,-0.426093682751057,495.6311047647607,500.1219826247094,50,10,500,0.02987921772065416,-0.008979565018078062,3.4407644443046337e-4
0.01,0.9978919499503696,999.5788948336216,1990.807535348323,0.02059652891042684,971.1250430512694,999.4883198624924,50,10,1000,-0.009192464651677001,-0.028377797166379337,-4.2110516637838824e-4
1,1.009958350826001,9.928618497767912,19.21635051261013,0.05424575576351023,10.02504670760583,9.926200773814532,100,0.05,10,-0.07836494873898703,0.00995808326303993,-0.007138150223208739
0.5,1.025544297477942,19.97826321296376,37.47352208851056,0.00917457301429989,20.54317474337902,19.97394946702899,100,0.05,20,-0.12632389557447188,0.02849838372173963,-0.0010868393518119746
0.2,1.034613306223866,49.90620867408277,100.0760055918821,0.2085599069221682,52.93948598444968,49.89100119175906,100,0.05,50,0.001520111837642002,0.061102898716616005,-0.0018758265183446143
0.1,1.032077133321435,99.98888494001622,218.1397680625779,0.3457842906397851,108.8808442215506,99.97267166317128,100,0.05,100,0.18139768062577888,0.08910607679259397,-1.1115059983779485e-4
0.05,1.022474576112146,200.2121137965366,445.8286447692724,0.5246750505856985,209.257668914202,200.1787153834547,100,0.05,200,0.229143223846362,0.04535424015163647,0.00106056898268303
0.02,1.020716976990006,500.4283340719505,1118.836387288843,0.6981297981084625,528.0978880639722,500.3692435404799,100,0.05,500,0.23767277457768632,0.05541636477752254,8.566681439008406e-4
0.01,1.008892953304446,1000.844781452664,2296.928811579271,1.354903976734577,1104.098398181053,1000.724926229521,100,0.05,1000,0.2969288115792712,0.10329858809554904,8.447814526639785e-4
1,0.9969060142574594,9.965775732833896,19.71844572767559,-0.01312456223300076,9.934286603109886,9.965048811509474,100,0.1,10,-0.02815542723244091,-0.0030870103078730615,-0.003422426716610416
0.5,1.007579278435439,19.87732924916419,36.61573742102323,0.1131690178079717,20.23535268820542,19.87258830825552,100,0.1,20,-0.16921312894883833,0.01825451090330299,-0.006133537541790468
0.2,1.025453500657427,49.85211610265988,96.69677320686444,0.243380770853904,51.90701081319015,49.84268380976013,100,0.1,50,-0.06606453586271122,0.04141685089248304,-0.0029576779468024617
0.1,1.015558511552119,99.98933715759163,209.0519545153579,0.1643235447062688,105.284203690312,99.9737109800572,100,0.1,100,0.09051954515357874,0.05311889153853788,-1.0662842408359907e-4
0.05,1.022649205391889,199.6021441803424,435.4412758421728,0.4411907444894865,207.9801566351906,199.5778836826332,100,0.1,200,0.17720637921086402,0.04210022071342645,-0.001989279098287944
0.02,1.014538634871508,500.4434061371755,1066.845944503769,0.7883096119535117,534.3382230577378,500.3878777712851,100,0.1,500,0.13369188900753803,0.06784805706658337,8.868122743510565e-4
0.01,1.008835778115253,1000.459713033602,2105.523170941412,1.286428137376081,1064.689678521208,1000.357039449856,100,0.1,1000,0.10552317094141195,0.06430967797930576,4.597130336021493e-4
1,0.975775799795462,9.828697998288312,18.75651865965172,-0.01343265749400178,9.589616711796962,9.827717559650992,100,0.2,10,-0.1243481340348278,-0.024227481753401725,-0.01713020017116873
0.5,0.99349863640966,19.93490090439407,37.69390344518161,0.1092548685556147,19.95657820030449,19.93182515015543,100,0.2,20,-0.11530482774091944,0.0012418857762692692,-0.0032549547802964707
0.2,1.02742444484672,50.03002321558307,100.3924228260888,0.03242050937258316,51.62124490333262,50.02226395752506,100,0.2,50,0.007848456521776015,0.03196538539649629,6.004643116614972e-4
0.1,1.01649223071873,100.25616345382019,206.4137203770538,0.2100585603029462,102.1018812288273,100.2428970749789,100,0.2,100,0.06413720377053789,0.018544796769569993,0.002561634538202018
0.05,1.003151336790963,200.0029508185462,419.7892284583152,0.378343827331811,206.1249363018269,199.9782634613767,100,0.2,200,0.09894614229157606,0.030736704750100596,1.4754092730884238e-5
0.02,1.008100519643444,500.2476390781508,1034.765886376595,0.6243852276161309,528.0041064581659,500.1926939924014,100,0.2,500,0.06953177275319034,0.055601396821255866,4.952781563016817e-4
0.01,1.005123228071719,1000.135905683046,2044.699787952132,0.6123360396178509,1046.164200672336,1000.03301084527,100,0.2,1000,0.04469978795213203,0.046129667047764666,1.3590568304588935e-4
1,0.9970535431641518,9.944744510048514,19.20133845668168,-0.00894637949607674,9.914272600451383,9.943574577294914,100,0.5,10,-0.0798661543318322,-0.002946825270505715,-0.005525548995148677
0.5,1.008894096148602,19.96207875681084,38.59747299569532,0.01127733721219884,20.07740008117995,19.9587736568147,100,0.5,20,-0.07012635021523406,0.005943572806876629,-0.001896062159458034
0.2,1.006037847496349,50.06830388249497,98.18264086051806,0.1628249345275314,50.74894822925001,50.0643567051164,100,0.5,50,-0.036347182789638666,0.013674229915025427,0.0013660776498993776
0.1,1.01057796014357,99.78256442779896,205.0399004377408,0.1375404097554097,99.59230397461712,99.77429958614164,100,0.5,100,0.050399004377408296,-0.001824073055680886,-0.0021743557220104126
0.05,1.010680782472016,199.9732914519676,398.9858229612808,0.2020153140512618,202.9781591694569,199.9503728388519,100,0.5,200,-0.0050708851935958865,0.015142689096384832,-1.3354274016197376e-4
0.02,1.009879809476975,499.7960338771006,1032.842214412923,0.5840846544391387,530.0128627856586,499.737406894437,100,0.5,500,0.06568442882584602,0.06058272899634454,-4.0793224579871445e-4
0.01,1.002393404007524,1000.467207831637,2037.69973617892,0.9957841314441676,1037.464214310049,1000.369724381815,100,0.5,1000,0.037699736178919974,0.03708078025967532,4.672078316370065e-4
1,1.021846946333673,10.03231241762981,19.80998354108105,-0.01296282657285272,10.25043233971123,10.03130396971808,100,1,10,-0.019001645891895125,0.02184445518295952,0.003231241762981174
0.5,1.043513932505097,19.98703755424937,38.91715349759332,0.02622200502103108,20.80340059877611,19.98532989713762,100,1,20,-0.05414232512033412,0.040933560058753704,-6.481222875315273e-4
0.2,1.023124527851289,50.02834737509703,98.12560113955534,0.06161858359360051,52.01667114510483,50.02459477082218,100,1,50,-0.037487977208893186,0.039821939256258876,5.66947501940529e-4
0.1,1.001401476745795,100.2179228626185,204.3593750594075,-0.00140895769795334,101.7356512153924,100.2077492446777,100,1,100,0.04359375059407533,0.01524734346626233,0.0021792286261850258
0.05,1.011947789825337,199.8409362534216,399.8596361748012,0.1247309423656515,199.5648844227726,199.8165085386305,100,1,200,-7.018191259939854e-4,-0.0012592759111755836,-7.953187328919586e-4
0.02,1.003142806586273,500.2158355477867,1030.315014196625,0.2620231760125642,510.1522463643673,500.1627460229356,100,1,500,0.06063002839325016,0.019972499793044607,4.316710955734049e-4
0.01,1.0023740636633,1000.92717742133,2036.812161278197,0.2705767813114736,1020.517229304495,1000.818991691577,100,1,1000,0.036812161278196864,0.01968211812170373,9.271774213299722e-4
1,0.9772717329984252,9.990304649496812,19.37843039045853,0.02752459990503396,9.76141267889223,9.98848028611686,100,10,10,-0.06215696095414702,-0.022732948428624722,-9.69535050318826e-4
0.5,0.995191430166172,19.97637099785903,39.97808830999941,0.0143305968938756,20.13102976085086,19.97424117902767,100,10,20,-0.001095584500029556,0.007849538834437286,-0.0011814501070486205
0.2,0.995229533214784,50.02999874530991,100.5164460209943,0.03191973115357993,50.13952772636304,50.02445190444665,100,10,50,0.010328920419885979,0.002300391459284734,5.999749061982307e-4
0.1,0.9916403988067818,99.92279931343678,203.4383887095121,0.04204451471820397,100.9023646756861,99.91536016255093,100,10,100,0.03438388709512097,0.009878406198300604,-7.720068656321688e-4
0.05,0.9988721864969634,199.5770748641459,399.4536570453258,0.08502254275757387,200.9523020297803,199.5550623293837,100,10,200,-0.0027317147733709746,0.0070017752698767755,-0.0021146256792704543
0.02,1.001939470883801,499.7575239803861,998.187214190702,-0.06633267002329801,504.6337542376094,499.7063844813305,100,10,500,-0.003625571618596002,0.009860529921772665,-4.8495203922782615e-4
0.01,0.995355775352335,1000.703383289702,2005.762006056511,0.3721612864263741,1014.470934769664,1000.604262221748,100,10,1000,0.005762006056511115,0.01385829850167375,7.033832897018755e-4
1,1.033253419125043,10.00193336217013,20.04684192759385,-0.00425363154483455,10.33420060323462,10.0015541302378,100,100,10,0.004684192759385031,0.03325947834358334,1.9333621701300707e-4
0.5,0.9814181387410876,20.0296591654169,38.98961032767706,0.00142562693326886,19.81013862863084,20.02793487447759,100,100,20,-0.05051948361614689,-0.010874623230590741,0.0014829582708448807
0.2,0.995391135320514,49.94041522095852,101.2913717371554,0.1247417820245442,50.23841921266717,49.93451421736911,100,100,50,0.025827434743108224,0.00608607092831881,-0.0011916955808295437
0.1,0.9988761442722291,100.0472022828203,195.7071089667511,-0.02818504862196813,99.9720083886307,100.0370245222845,100,100,100,-0.04292891033248902,-6.499207065011614e-4,4.720228282029115e-4
0.05,0.9978997786133325,199.9243225451424,390.3352996609392,0.01775444648328935,200.7808922457114,199.9030830332987,100,100,200,-0.04832350169530408,0.00439117395836508,-3.783872742880723e-4
0.02,0.9979500903670367,499.9861551972141,990.9799245140948,0.3103191909232996,499.2883429268149,499.9343234195569,100,100,500,-0.018040150971810442,-0.001292130710937145,-2.7689605571867837e-5
0.01,0.9984291997229952,1000.163010572426,1996.713740624561,-0.2683081666021899,990.6533140030236,1000.069770458646,100,100,1000,-0.003286259375439027,-0.009415799510971934,1.6301057242595896e-4
1,0.9881189375328384,10.04658911691268,20.33969697867701,-0.00694111846952253,9.926280102937628,10.04553380929659,100,1000,10,0.03396969786770132,-0.011871316011957345,0.004658911691267864
0.5,1.005006566948599,19.99961852211623,40.32346767273549,-0.06217779638261724,20.39585797432093,19.99782936660196,100,1000,20,0.016173383636774563,0.019903590555868655,-1.907389418853711e-5
0.2,0.99008747380196,49.92058251725354,99.81347217732342,0.05188658168848872,49.62705871127023,49.91580400502343,100,1000,50,-0.003730556453531708,-0.005784646756849643,-0.0015883496549291554
0.1,1.006642622557589,100.2099142915984,199.1396436996819,-0.01387675824099717,99.06035048445963,100.1983693029195,100,1000,100,-0.008603563003181103,-0.01135765807744249,0.002099142915984009
0.05,0.9933892607744024,200.203002204825,398.2187839174538,0.03530644672589961,197.9635521355005,200.181919093793,100,1000,200,-0.008906080412731221,-0.011081754877437788,0.0010150110241249344
0.02,0.9972289690544902,499.9399934524974,989.7426440629544,0.1192682761097523,504.7887024455099,499.891252831732,100,1000,500,-0.020514711874091374,0.009797030026101439,-1.200130950052003e-4
0.01,0.9990946439918756,1000.628959917113,2006.615419229766,-0.3302375158045993,989.1046374018432,1000.525976590462,100,1000,1000,0.006615419229766051,-0.011415334989641979,6.289599171129812e-4
1,0.993867184498084,10.00661222572274,20.58197442470986,-0.01244111314481721,9.943817995584135,10.00517774640326,100,10000,10,0.058197442470985905,-0.006132799673767231,6.612225722739673e-4
0.5,1.003414065645845,20.0171157595577,39.82953528281107,0.03864700625034086,19.99539142000883,20.01585614133275,100,10000,20,-0.008523235859446476,-0.0010224254800503818,8.55787977884992e-4
0.2,1.006667820571995,50.09076646425521,100.2189631365015,0.06506481086522457,50.40121031144864,50.08526918287068,100,10000,50,0.004379262730029865,0.006308064900767407,0.0018153292851041947
0.1,0.998654477364556,99.88529451194636,197.239867081699,-0.00260509568406199,98.61081547940994,99.87535564586342,100,10000,100,-0.02760132918300995,-0.012661183114453967,-0.0011470548805364578
0.05,1.003244016555986,200.2501819349421,402.1280307428318,0.1137855952093557,197.3725926213321,200.2324663634738,100,10000,200,0.010640153714159162,-0.014282767395724427,0.001250909674710421
0.02,1.001706780322392,500.0467697801573,1026.367465725358,-0.2176123021384858,501.9389382344429,499.9962543794526,100,10000,500,0.05273493145071617,0.0038853968164249686,9.353956031454835e-5
0.01,1.000933158487014,999.928339475086,1974.33395743365,0.1122862961313017,995.2662424566524,999.8273057643794,100,10000,1000,-0.025666042566349967,-0.00456185111311791,-7.166052491403008e-5
1,1.009163180410889,9.981229099743626,19.56955488379298,0.05981282330420387,10.07074490205826,9.979433904228726,100,100000,10,-0.04304451162070211,0.009149917591101175,-0.0018770900256374068
0.5,1.004029626676707,19.93595240112079,39.90894200230908,-0.01168480921563787,19.93109415444507,19.93354215569627,100,100000,20,-0.00455289988454588,-1.2280814077492153e-4,-0.003202379943960443
0.2,1.002243428460674,50.01571410926132,99.83532437296236,-1.4979002083754e-4,49.69649188328565,50.01103680612767,100,100000,50,-0.003293512540752719,-0.006289510134760423,3.1428218522644435e-4
0.1,0.99976681434841,99.91642027275084,199.7208108449412,0.1263233192917707,99.059919968814,99.90573846632672,100,100000,100,-0.0027918915505877884,-0.00846616531239397,-8.357972724916118e-4
0.05,0.999747454968746,200.0145899035801,400.7373723399544,0.238168959948831,201.1401254038187,199.9950089874421,100,100000,200,0.0036868616997720594,0.005725724967708956,7.294951790037807e-5
0.02,0.9964264095944874,500.3311514034888,994.5763150580626,0.7630520790256652,507.2915306587298,500.2803851345294,100,100000,500,-0.010847369883874691,0.014014432171501223,6.623028069776549e-4
0.01,1.000893026389032,1000.309616571452,2020.046374560865,0.4504589427674537,1016.408015938963,1000.209747231055,100,100000,1000,0.020046374560864777,0.016194871878374206,3.096165714520094e-4
1,1.008925595252897,9.9532391380171,19.57454777403995,-0.05447505660140662,10.04009019797962,9.951211476537196,200,0.05,10,-0.04254522259600502,0.008931447357136468,-0.004676086198289964
0.5,0.991060077785854,19.98283077008744,38.6466862002155,0.04775657387141984,19.76676813285079,19.97980655744286,200,0.05,20,-0.06766568998922518,-0.01066268704752349,-8.584614956280712e-4
0.2,1.004312356744528,50.11075885616967,100.6248777973525,-0.06507099290266029,51.20823291272598,50.10349778713225,200,0.05,50,0.012497555947049932,0.022049061929513725,0.0022151771233933637
0.1,1.015220618382057,100.2236794139082,217.2611896080446,0.1741033529991957,102.9976518524283,100.2131786976305,200,0.05,100,0.1726118960804457,0.027785498783541085,0.0022367941390819546
0.05,1.006478680325855,199.9093949295619,448.4082837966608,0.2198641605353446,207.3656317307397,199.8866668269505,200,0.05,200,0.242041418983304,0.03741602690420587,-4.530253521904948e-4
0.02,1.013638177307798,500.7032089875075,1113.218188047456,0.4710728367368381,525.5278191767538,500.654082202698,200,0.05,500,0.22643637609491174,0.04968248109477158,0.0014064179750150618
0.01,1.00922551849581,1000.179680196317,2190.066803122704,0.4423621284341352,1024.09499835213,1000.080622813122,200,0.05,1000,0.1900668031227042,0.02401243958857857,1.7968019631697807e-4
1,1.008276503009128,10.02310396865722,19.79547226120389,-0.02237817843924401,10.10441174564121,10.02145338690315,200,0.1,10,-0.020452773879610975,0.008278076595803485,0.0023103968657218754
0.5,0.9882646529686644,19.89273222144754,38.96981625770842,0.03552682056813284,19.80602216716004,19.89118021054681,200,0.1,20,-0.05150918711457875,-0.0042811961123160325,-0.005363388927622892
0.2,1.004049522626765,49.83884164148133,99.53298230761804,-0.05597247602947175,50.91493816635066,49.83357876047008,200,0.1,50,-0.009340353847639093,0.0216994129817214,-0.003223167170373409
0.1,1.012516027389111,99.9882170005392,206.6799954124498,-0.01167931852322687,102.5897216547997,99.97750065201636,200,0.1,100,0.06679995412449813,0.026128088677426442,-1.178299946080763e-4
0.05,1.013132644446141,199.9178898288278,417.1256977986322,-0.1059893898841316,204.6238333865847,199.9004800482323,200,0.1,200,0.08562848899316089,0.02362852423972539,-4.105508558609472e-4
0.02,1.009072045159418,500.1641810944357,1060.464082338345,-0.02194334720245879,506.6336651370131,500.1151281032905,200,0.1,500,0.12092816467668976,0.013034072891265014,3.2836218887144497e-4
0.01,1.002521462797381,1000.246500174821,2113.948781713318,0.6361247873360665,1018.360824926323,1000.135648460673,200,0.1,1000,0.11394878171331824,0.018222704583823912,2.465001748210849e-4
1,0.9835982118681196,9.918017095921687,19.80039107035536,-0.01896522780953836,9.754628374171684,9.917338743464509,200,0.2,10,-0.019960892964463905,-0.016406656412744747,-0.008198290407831266
0.5,1.005816079494507,19.92146149709495,38.49979536627475,-0.01175818693300642,19.94363114563202,19.91992123621322,200,0.2,20,-0.07501023168626242,0.00119026120322685,-0.003926925145252502
0.2,1.010651230257193,50.11072284454065,98.72922696648553,0.1570867992272039,51.76543432578654,50.10681065287902,200,0.2,50,-0.025415460670289436,0.03310176104397944,0.0022144568908131212
0.1,1.000261703422975,100.1002032452849,208.9818882441367,0.1366880958201498,102.1847973235126,100.0917516822334,200,0.2,100,0.08981888244136726,0.02091126997081738,0.001002032452849022
0.05,1.006184446775421,199.90238773956,425.0897300343238,-0.1372832318804328,201.3733985784795,199.8834156852908,200,0.2,200,0.12544865017161877,0.007454259714746003,-4.8806130220002686e-4
0.02,1.004056426139618,499.8103008582842,1022.033865070435,0.02786938001689796,515.4658240743989,499.7635371777093,200,0.2,500,0.044067730140870065,0.03141943284891169,-3.7939828343158677e-4
0.01,1.00592026979588,1000.972002679991,2052.637010015471,0.4496896301009261,1020.356507195253,1000.871243232514,200,0.2,1000,0.05263701001547094,0.019468302336080212,9.720026799908688e-4
1,1.004869288227532,9.970943095566918,19.82002768703819,-0.01209671691215587,10.01852004011574,9.96997918583938,200,0.5,10,-0.017997231296180916,0.004868701666429276,-0.0029056904433082398
0.5,0.9834209063999758,19.98998190702397,38.61834758229153,0.06473394765587012,19.88183279004593,19.98730025368104,200,0.5,20,-0.0690826208854236,-0.005276723834460095,-5.009046488014812e-4
0.2,1.003898980478572,49.98362179903079,99.32381558713804,0.1174252897234677,50.35599217331023,49.97929898377703,200,0.5,50,-0.013523688257239153,0.007536984255330781,-3.2756401938416335e-4
0.1,1.0093262294696,100.1550685913283,206.8470027009551,0.1531165733399848,102.3591781355315,100.1480407863249,200,0.5,100,0.06847002700955107,0.022078688028698057,0.0015506859132830009
0.05,1.005656269439851,200.1851809655403,418.978240686749,0.1626449621633999,202.2021887134321,200.1641030051055,200,0.5,200,0.09489120343374502,0.01018207399692761,9.259048277014958e-4
0.02,1.006018980056586,499.8897609494814,1004.955005454366,0.04827870024053325,503.6218363735466,499.845162043297,200,0.5,500,0.009910010908731781,0.00755568847522925,-2.2047810103720256e-4
0.01,0.9997384636176022,1000.156032481505,2054.194864943351,0.1893582136909932,1042.953439893206,1000.05074088157,200,0.5,1000,0.05419486494335102,0.04290052220131968,1.560324815050862e-4
1,0.9596736403189994,10.01702058029265,20.40564791649683,-0.01110375662447817,9.61157839615914,10.01542896956615,200,1,10,0.04056479164968296,-0.040322843348416626,0.0017020580292650411
0.5,1.025891218048055,20.00750025971318,39.04328789894504,-0.02928194107125955,20.51559505430331,20.00563936144279,200,1,20,-0.047835605052747976,0.025490597108501767,3.7501298565900676e-4
0.2,0.9944507878061845,49.9538860255442,95.61668236021907,-0.01058314631967535,49.91697315203115,49.94829814506044,200,1,50,-0.08766635279561852,-6.271483552516832e-4,-9.222794891159403e-4
0.1,0.99917346048331,99.93235524506548,202.8154883831037,-0.02776003633702591,101.7177128751753,99.92322252866076,200,1,100,0.028154883831037036,0.01795869169451403,-6.764475493451494e-4
0.05,1.008644687691109,200.4708977693724,391.6775541199067,0.1205643139756125,207.1384081423217,200.4522948391264,200,1,200,-0.041612229400466605,0.03335513473947138,0.0023544888468620684
0.02,1.004173598109914,500.3758740332992,1005.921147639945,-0.1549223832566476,510.7697715717302,500.3347115317535,200,1,500,0.011842295279890003,0.020856158486446397,7.5174806659839e-4
0.01,1.004047900977124,999.3094332304696,2007.634853876163,-0.0971195644276562,1024.964040195384,999.212031110764,200,1,1000,0.007634853876163028,0.025772316868516,-6.905667695303874e-4
1,1.005277649514163,9.92713371622356,19.80428222555884,0.00161250652983043,9.978986237188993,9.926547781775367,200,10,10,-0.01957177744411598,0.005282647760976866,-0.007286628377644044
0.5,0.988822497610936,20.01076840591286,40.83722694370969,0.00684226897165546,20.04428349575986,20.00922721160687,200,10,20,0.04186134718548429,0.001752005901190179,5.38420295642883e-4
0.2,0.9942810213114932,50.05596885895446,100.0885971868347,0.02417685892397462,49.57295131975238,50.05220069757635,200,10,50,0.0017719437366938706,-0.009574991132151767,0.001119377179089165
0.1,0.9973150410409576,99.78669168004971,200.069948066096,-0.03459327728044442,100.2870950705291,99.77798585849854,200,10,100,6.99480660959928e-4,0.005102420214741166,-0.0021330831995028943
0.05,1.004805934994262,200.023329161188,402.5443338902576,-0.04486301969424866,202.409139746925,200.0033053741793,200,10,200,0.01272166945128772,0.01202897306244366,1.1664580594006324e-4
0.02,1.002298030941492,499.8845511230624,1020.393281441235,0.06907046968479462,510.5333422269252,499.8363944860537,200,10,500,0.04078656288247018,0.02140089809160539,-2.3089775387519218e-4
0.01,0.9993420124425496,1000.864697080166,2054.725320111889,-0.4696240777942981,995.0462310039952,1000.758534605465,200,10,1000,0.05472532011188891,-0.005707973905735186,8.646970801660103e-4
1,0.988968296066472,10.00941296803227,19.95290874472725,0.00828562952634303,9.897357610289712,10.00792506151168,500,0.05,10,-0.004709125527275093,-0.011047989522542156,9.412968032269653e-4
0.5,0.994045492224482,19.98613707859504,38.79117636605345,-0.04407098999455474,19.74356058207542,19.98385292350213,500,0.05,20,-0.060441181697327595,-0.012024324956080523,-6.93146070248063e-4
0.2,0.9976615154044544,50.01936763976937,98.39370993745712,-0.00575836593284574,49.76128869456738,50.01477743815205,500,0.05,50,-0.03212580125085762,-0.005068276948710593,3.8735279538748557e-4
0.1,0.9967988381793952,100.1969051563604,208.7668757592918,-0.07725219286403964,101.7273859059714,100.1849310083452,500,0.05,100,0.08766875759291803,0.01539607685608635,0.0019690515636039407
0.05,1.003882760338083,200.3982476089341,427.0351729312627,0.190219156507169,202.7884993877868,200.3763824971096,500,0.05,200,0.13517586465631348,0.012037930122388518,0.001991238044670496
0.02,1.005220446789767,500.0606692037483,1086.521685602921,0.09398140573482466,498.0140563984291,500.0112227655895,500,0.05,500,0.1730433712058419,-0.003994243081413162,1.2133840749672942e-4
0.01,1.006540210679605,1000.310633177851,2142.959295685547,-0.1307346457920044,1020.829862850399,1000.208209635086,500,0.05,1000,0.142959295685547,0.020617360482210634,3.1063317785084976e-4
1,1.019006154269327,9.975736585812005,20.00077323047468,0.02191879977597505,10.16437807146102,9.97473709224398,500,0.1,10,7.732304746799201e-5,0.019012128085510893,-0.0024263414187994936
0.5,1.016105158389001,20.02692365307074,39.4821529765981,-0.02370177448071823,20.3051680627888,20.02522636379102,500,0.1,20,-0.02589235117009503,0.013979452412281379,0.0013461826535370314
0.2,0.993621198427694,49.82225529322834,101.2136930456025,0.06622274656960304,49.49033030839212,49.81838533029447,500,0.1,50,0.024273860912050083,-0.006585019159640715,-0.0035548941354331953
0.1,0.9915015606772976,100.0565196043986,205.3304553273842,0.1157212776210946,98.12338892547275,100.0472156201465,500,0.1,100,0.05330455327384165,-0.019229187766484412,5.651960439860826e-4
0.05,1.003545374546762,199.5247953773022,416.4361658937831,-0.1171727837861772,206.0594204330257,199.5030542382383,500,0.1,200,0.08218082946891547,0.03286348782890358,-0.0023760231134889453
0.02,0.9995359502257672,500.5369429861852,1067.951047172997,-0.2377149580655703,506.9301273391669,500.483344252233,500,0.1,500,0.13590209434599432,0.012881114148895367,0.0010738859723704586
0.01,1.00116649520928,1000.370318417451,2092.530789956244,-0.185953798861144,1018.681482870919,1000.268036984492,500,0.1,1000,0.09253078995624398,0.018408511724455456,3.703184174510543e-4
1,0.9801881004052062,10.01820296851035,20.00646659191061,-0.03297747619606033,9.818421349719523,10.01694649844258,500,0.2,10,6.466591910609942e-4,-0.01981892872782376,0.0018202968510350193
0.5,1.004107799424886,19.88223313902742,39.53962614191971,-0.02487721806029033,19.85555503386364,19.88043113322827,500,0.2,20,-0.02301869290401437,-0.0012512857089427287,-0.005888343048628952
0.2,0.9899180146413832,49.97227222154875,99.27926464924148,0.05577916959303623,49.39786409712435,49.96806376150266,500,0.2,50,-0.014414707015170336,-0.01141128195600849,-5.545555690250614e-4
0.1,0.9966693126174982,100.0334512492022,202.6876073746006,-0.04385326320492971,100.1832971374759,100.0232168820404,500,0.2,100,0.02687607374600587,0.001600430984181278,3.3451249202198774e-4
0.05,1.00222397260407,200.1042524027674,409.2857055255145,-0.1862091779929628,203.8844924918045,200.0840340595419,500,0.2,200,0.046428527627572436,0.018994311315872592,5.212620138370649e-4
0.02,1.00447913882873,500.3286467162523,1036.670106667737,-0.0959539113611022,502.4037968821872,500.277722615592,500,0.2,500,0.07334021333547369,0.004249788008707345,6.572934325046464e-4
0.01,1.002466721337753,999.9385580481076,2020.850220837688,0.1032591557363197,968.6827834794104,999.8337540470228,500,0.2,1000,0.02085022083768795,-0.03115615015148543,-6.144195189239365e-5
1,0.9984369021229934,9.959545118086757,19.63853288083896,-0.03197062398365148,9.943437591410907,9.958974511089435,500,0.5,10,-0.03614671191610408,-0.0015600923228820118,-0.004045488191324331
0.5,1.02023560364077,19.92466118791478,39.71371025547624,-0.02201312093086283,20.17546931197504,19.92358398439043,500,0.5,20,-0.014314487226188222,0.012642571124851676,-0.003766940604261082
0.2,0.9954742118728968,50.03344464338279,98.89382421591196,0.00296376653127905,50.22985373109574,50.02970756473719,500,0.5,50,-0.02212351568176074,0.004000546397349369,6.688928676559236e-4
0.1,0.9950364372613612,99.97987061551804,201.3434292858643,-0.1017073913534705,97.90918172327105,99.96866933118872,500,0.5,100,0.013434292858642838,-0.02060133061384206,-2.0129384481959445e-4
0.05,0.997134624719049,200.324194520306,407.4537241467978,0.0182340781237449,199.8111114990383,200.3043496557589,500,0.5,200,0.03726862073398918,-0.0024624435643473275,0.0016209726015299353
0.02,1.002779297165527,500.0121196718377,995.51814721433,-0.1762726156498099,502.6026220508726,499.9681066948804,500,0.5,500,-0.008963705571339853,0.0052693668270322735,2.4239343675347413e-5
0.01,1.000422011101858,1000.332021966746,2023.104015048977,-0.2781190821214741,971.039242941938,1000.230754382257,500,0.5,1000,0.02310401504897719,-0.029184776925148315,3.320219667459767e-4
1,0.9998343641407318,9.988375543696913,19.71270276226255,0.02442527840237273,9.985981450578375,9.987651793887162,500,1,10,-0.028729723773745164,-1.6724084331898315e-4,-0.0011624456303087616
0.5,0.9958898921547292,19.95994203766129,40.09050662940926,0.01851705322562618,19.51123347003936,19.95903775478664,500,1,20,0.00452533147046319,-0.022436166024080162,-0.0020028981169355475
0.2,1.01155748964592,50.06000637988141,99.38118976859614,-0.03031784906929745,50.30042885577704,50.05528196806394,500,1,50,-0.012376204628077092,0.004897522860215053,0.001200127597628109
0.1,0.9982763898804996,99.99519603487596,200.3083441349323,-0.012242669437788,100.804939507288,99.9870357390971,500,1,100,0.003083441349323035,0.008180098171178152,-4.8039651240450176e-5
0.05,1.006401737103036,199.8157860935433,411.0064029295908,0.02728381411715843,201.4902914910594,199.7929553814961,500,1,200,0.05503201464795415,0.008495475259987506,-9.210695322835472e-4
0.02,1.0021462444761,500.378220832646,1023.966196272619,0.2809308272806605,503.2328138219302,500.3287801205818,500,1,500,0.047932392545237956,0.005804250758168372,7.564416652918737e-4
0.01,1.001463738666697,999.0887169588538,2000.815603158674,-0.02488033935964034,1009.667784733293,998.9905215642176,500,1,1000,8.156031586739054e-4,0.010688052527622505,-9.112830411462935e-4
1,1.010530755962615,10.00776687661461,19.61922395391521,0.01157979623476825,10.11251992713901,10.00708728077794,500,10,10,-0.03807760460847898,0.010535797620511378,7.766876614609952e-4
0.5,1.002462158886585,19.97847280289495,40.47236903289024,-0.05713580258458321,20.20092015923134,19.97659001761913,500,10,20,0.02361845164451193,0.011229651377655303,-0.0010763598552525622
0.2,0.9982832424546578,50.10174016370203,100.1723444389944,-0.03663181555209145,49.42124435326654,50.09614684330781,500,10,50,0.003446888779888191,-0.013472143719001961,0.0020348032740407085
0.1,1.000983192263774,100.1333769635186,204.7920108363726,-0.0596641554261713,99.73335641000948,100.1219644207958,500,10,100,0.047920108363725955,-0.003881346246394801,0.001333769635186055
0.05,0.9933936043074186,200.0211057119774,397.5562079622481,-0.00793937536800332,199.1472772934632,200.000754412775,500,10,200,-0.012218960188759453,-0.004267369499768692,1.055285598869915e-4
0.02,1.000109677613685,499.8212300367824,995.8007577224442,-0.1373523357956073,496.3968712369862,499.7698189887744,500,10,500,-0.008398484555111496,-0.0067490024880112465,-3.5753992643516863e-4
0.01,1.001554210048466,1000.614448905603,1972.63749102538,0.03187556408314449,1019.360454577135,1000.516135592248,500,10,1000,-0.027362508974619892,0.018834597778607742,6.144489056030267e-4
1,0.9944806778546448,10.05545200682263,20.04614254422093,0.04111699990248408,9.998526084791218,10.05400446724182,1000,0.05,10,0.004614254422093289,-0.005518038372805845,0.005545200682262941
0.5,0.999058835408072,20.02017281841023,38.47281740008722,0.04301955099406315,19.88736739588537,20.0178866993873,1000,0.05,20,-0.07635912999563876,-0.006520133991263166,0.00100864092051145
0.2,1.004769737373829,49.99389945373763,99.5431381765611,0.09905156485870126,50.06315379691203,49.98846249857669,1000,0.05,50,-0.009137236468778065,0.0014941707466491483,-1.2201092524732893e-4
0.1,0.9940184083545038,99.99870508989876,205.2896402162673,0.07751078866480014,100.7270227545871,99.98702426351636,1000,0.05,100,0.052896402162672995,0.007400945237858725,-1.2949101012349473e-5
0.05,1.001284078743024,199.8549403243533,423.7611509289252,0.09587102542559583,197.9588093848577,199.839124666103,1000,0.05,200,0.11880575464462595,-0.009409144902866262,-7.252983782335409e-4
0.02,1.002272116609822,500.195691390897,1072.815966559157,0.0969767819055592,508.7728767407041,500.1416676767759,1000,0.05,500,0.14563193311831402,0.017257528459928784,3.913827817940696e-4
0.01,1.000562693741935,1000.85183902985,2145.989532712544,0.5200587969513024,1020.464299102598,1000.74938611931,1000,0.05,1000,0.145989532712544,0.01970014996435654,8.518390298499767e-4
1,1.00548983885633,10.04319811446541,19.71982802272027,-0.077618591687911,10.09716970489369,10.04209790441883,1000,0.1,10,-0.028017197727972842,0.005484093164499715,0.004319811446541033
0.5,0.9829388539606096,19.97460356240421,38.89800536483209,0.06188547189627776,19.48010692956058,19.97278404137673,1000,0.1,20,-0.055099731758395665,-0.024667422968950747,-0.0012698218797895233
0.2,0.9986270174880666,50.14008002482552,99.78234742647918,0.0691577437827857,49.8259349719291,50.13449596611545,1000,0.1,50,-0.004353051470416425,-0.0061546643332147655,0.002801600496510348
0.1,0.9845464751716312,100.2660914848717,205.3555708810763,0.00519121229330795,100.6740482805643,100.2530549750095,1000,0.1,100,0.05355570881076277,0.004199306501529998,0.0026609148487168888
0.05,1.007290033652472,200.3109258132073,411.3205060902424,-0.05477948112171905,202.0216802076389,200.2917196641726,1000,0.1,200,0.05660253045121211,0.00863720450534311,0.0015546290660364281
0.02,1.008515830243545,499.3494825401404,1018.329065985655,-0.1231712635424667,500.6528760895446,499.2997869206898,1000,0.1,500,0.03665813197130996,0.002709973455425674,-0.001301034919719224
0.01,1.001412036346628,1000.147547186655,2053.808200532532,0.8277768102441461,1011.087717083794,1000.050394533776,1000,0.1,1000,0.05380820053253199,0.011036766357323202,1.475471866549949e-4
1,1.013796228546858,10.06447666263191,20.40487944931217,-0.06807686540915374,10.20213617831796,10.06328279948348,1000,0.2,10,0.04048794493121699,0.013798020149210943,0.006447666263190932
0.5,0.975638645167654,19.96924550371909,39.56668259274155,0.04055289778499125,19.37748789571208,19.96756935608918,1000,0.2,20,-0.021665870362922446,-0.029551992526178572,-0.0015377248140454602
0.2,0.9969170822436318,49.7024154814546,98.30601989074287,-0.1268729524609536,49.0913232461302,49.69411728259607,1000,0.2,50,-0.03387960218514241,-0.012130088417466989,-0.005951690370908036
0.1,1.011552526135709,100.0340704282468,202.2809122731762,-0.05727145901338612,102.177574982959,100.026314094308,1000,0.2,100,0.022809122731762166,0.021506949527528407,3.4070428246812945e-4
0.05,0.9969086604954664,200.2082376922965,403.5569770985978,0.03421904057159537,201.5854037805952,200.1896693870992,1000,0.2,200,0.017784885492988955,0.006972060035711047,0.0010411884614824896
0.02,1.003393856655204,499.9264798375518,1014.666465164201,-0.3056818794936614,510.2277694038307,499.8766170207475,1000,0.2,500,0.029332930328402007,0.02070741465119097,-1.4704032489631924e-4
0.01,1.003589559641593,998.6829870631803,2005.718181959471,0.8029207954883547,1006.950173090125,998.5809970312724,1000,0.2,1000,0.005718181959470936,0.008381068820389803,-0.0013170129368196282
1,0.992124632106168,10.0218048900989,19.6301029496685,-0.0201912635491382,9.942038773942908,10.02095716188042,1000,0.5,10,-0.0369897050331498,-0.007875334328113492,0.0021804890098899854
0.5,1.019821801005223,20.01427181721312,40.11850822416755,-0.04613436269845464,20.57956587605878,20.01273374474658,1000,0.5,20,0.005925411208377529,0.028323573307969196,7.135908606561436e-4
0.2,1.004031414579461,49.99685924879209,99.69021724954032,-0.04047853375617225,50.0380644105532,49.99235468364981,1000,0.5,50,-0.006195655009193501,9.14334345574197e-4,-6.281502415816931e-5
0.1,1.000002938073865,100.0223289377509,201.0588453741105,-0.1108343476975807,98.91210456825851,100.0130297954181,1000,0.5,100,0.010588453741104953,-0.011007817975433709,2.232893775089284e-4
0.05,1.005931884320782,199.8687503853687,407.5725620427219,-0.1449003569795384,201.5437436186856,199.8488583282111,1000,0.5,200,0.0378628102136096,0.008480835490643601,-6.562480731564513e-4
0.02,1.003963258880762,500.1022094959395,1033.648756343905,0.02817634609185057,508.6851544315314,500.0504430694946,1000,0.5,500,0.06729751268780992,0.017267680654443174,2.0441899187906287e-4
0.01,1.000485371966589,1000.323021470172,2021.580676825412,0.2068932468807578,996.608529138328,1000.22622504613,1000,0.5,1000,0.02158067682541187,-0.0036168776794821555,3.2302147017193583e-4
1,1.000011267572064,10.03532205614691,19.48801219328998,-0.07496767343994143,10.03413372582603,10.03403426670344,1000,1,10,-0.05119878067100214,9.9121768917243e-6,0.0035322056146909198
0.5,1.012668178788837,19.83208966817979,38.83339820088707,-0.01036737429057231,19.90456455720889,19.82916661280496,1000,1,20,-0.0583300899556467,0.003802375857553164,-0.008395516591010455
0.2,1.008716752132898,50.1068859609685,101.5463781621653,0.01180127204231324,51.02782164705188,50.10248200172268,1000,1,50,0.030927563243305922,0.018468938231391174,0.0021377192193698935
0.1,1.002115533474198,100.1391247231863,206.2063235914502,-0.123422826080608,101.1271426272225,100.129200034366,1000,1,100,0.06206323591450191,0.009966549143646253,0.0013912472318629021
0.05,1.00324422764514,199.9003080131157,403.5596618537558,-0.00788199342008864,201.6825820634608,199.879676775402,1000,1,200,0.01779830926877901,0.009019952989441027,-4.984599344214358e-4
0.02,1.001279025787908,499.7151114739144,1000.215742518186,0.1399994209700089,509.0085042241415,499.6630824305771,1000,1,500,4.314850363718037e-4,0.01870344662668333,-5.697770521712053e-4
0.01,1.002451525541518,999.284882333022,1997.813264052199,-0.4191580579251366,1003.401953617545,999.1847340498548,1000,1,1000,-0.002186735947800944,0.004220660528506226,-7.151176669780712e-4
1,0.9944324626174058,9.998301719545116,20.80337213598068,-0.0751348633874379,9.941830468389764,9.99741602808079,1000,10,10,0.08033721359806822,-0.005559992655591928,-1.6982804548837382e-4
0.5,0.9980712245393312,20.05628106079654,40.08318389813268,-0.0525788924445591,19.82340792305136,20.0537353663219,1000,10,20,0.004159194906633967,-0.011485513250431567,0.002814053039827069
0.2,0.9981600850667764,49.98791053848686,100.2764354173946,-0.0889130474138425,50.94281353206621,49.98262039705388,1000,10,50,0.005528708347891875,0.019210540131443965,-2.417892302628566e-4
0.1,1.003330980912386,99.91209624940176,203.1606223400633,0.04124897306635149,100.279304625725,99.9025733528005,1000,10,100,0.03160622340063313,0.0037709866751289844,-8.79037505982394e-4
0.05,1.001567331111654,200.1747040923121,404.6162650569271,0.03675610785579381,201.3037328355101,200.1547323156721,1000,10,200,0.02308132528463558,0.0057405613474372785,8.735204615606396e-4
0.02,0.999240804594774,499.7421531544049,993.778326061873,0.4715356609204223,493.3799884248222,499.6931911958583,1000,10,500,-0.012443347876254007,-0.012634158083938307,-5.156936911901999e-4
0.01,1.001879196446817,1000.639672309059,1992.990008420224,0.2701496356017531,990.8867024466616,1000.538629182179,1000,10,1000,-0.007009991579775887,-0.00964673072483635,6.396723090591472e-4
1,0.9916574874492629,10.05101120432096,20.00600201547231,0.00734964563066796,9.966413115088356,10.05026124504296,1000,100,10,6.002015472308386e-4,-0.008342880638645966,0.005101120432095874
0.5,0.9923821574499194,20.03818277238479,40.14036129178415,-0.01102514164420647,19.81307576276028,20.03751702461404,1000,100,20,0.007018064589207729,-0.011201051586284705,0.001909138619239581
0.2,0.99880389261471,49.97033211226044,100.3196630550189,-0.1019476161622374,50.94377365202978,49.96492026575213,1000,100,50,0.0063932611003783,0.01959081253550199,-5.933577547913016e-4
0.1,0.9953229110881138,99.94255564923144,199.0645754658126,0.0085719053112829,98.9633489836163,99.93169463492544,1000,100,100,-0.009354245341874012,-0.009690075354438221,-5.744435076856513e-4
0.05,0.999425206913088,200.0799968318505,405.2659768884853,-0.2313271276220629,199.9946612614644,200.0593436534066,1000,100,200,0.026329884442426454,-3.233160259400458e-4,3.9998415925257547e-4
0.02,0.997719978270628,500.2393342388777,996.6850874607584,-0.1616878498677281,495.1547596164056,500.1878544064921,1000,100,500,-0.006629825078483309,-0.010062409044415133,4.786684777553507e-4
0.01,1.003259586748551,999.288783324804,1968.340558778199,0.2450867473647992,1010.395288343654,999.188936188604,1000,100,1000,-0.03165944122180098,0.011215448599537714,-7.112166751960247e-4
1,0.9786798460144716,10.03390526678209,20.16967010755999,0.0533428603791328,9.818932555991498,10.03285303914606,1000,1000,10,0.016967010755998935,-0.021321999068449338,0.0033905266782090493
0.5,1.005215091600311,19.96305996286273,40.64287869901677,-0.04178547935167964,20.20629525310954,19.9615072869583,1000,1000,20,0.03214393495083856,0.012263000114784317,-0.0018470018568634838
0.2,1.008214306311205,49.99996648510586,98.44984168660407,0.00320095703552466,49.64226465836782,49.99499689886988,1000,1000,50,-0.031003166267918436,-0.007055350782710579,-6.702978828654338e-7
0.1,0.9940283573458114,100.0334211854346,198.7117254615611,-0.04867154846400248,99.21169296297457,100.0235315705742,1000,1000,100,-0.01288274538438916,-0.00811647614168498,3.3421185434612255e-4
0.05,0.9958923425849908,200.084665243405,407.1412395280779,-0.0974202676492759,194.8260132995631,200.0662563629773,1000,1000,200,0.035706197640389625,-0.026192538205477844,4.233262170250107e-4
0.02,1.004110538657117,500.0053800273014,1025.720429010114,-0.1770919426229921,501.3593266728281,499.9602025964165,1000,1000,500,0.05144085802022813,0.0027984708965747007,1.0760054602876323e-5
0.01,0.998891660560318,1001.266188020643,1998.661775864758,0.3414569485784869,1000.158997428164,1001.163834715578,1000,1000,1000,-0.0013382241352419832,-0.0010036691823765986,0.0012661880206430443
1,1.016530045870819,10.01323744114852,19.98314692950668,-0.00444523551495556,10.17832598516878,10.01280129004889,1000,10000,10,-0.0016853070493318967,0.016531307306017817,0.0013237441148521434
0.5,0.9976797637622336,19.91997786290193,39.53567406054256,-0.01104375883499716,19.57463715402476,19.91789448484305,1000,10000,20,-0.023216296972871975,-0.017233615283959836,-0.004001106854903513
0.2,0.9994345615134016,50.0827795965291,100.0108109471068,0.1306867391051231,50.68921378687709,50.07706192113016,1000,10000,50,2.162189421359706e-4,0.01222419691297083,0.0016555919305820677
0.1,0.994450231392914,99.81759693392048,203.9885093324633,-0.0209476637749806,97.99329321671124,99.80692298182144,1000,10000,100,0.0398850933246333,-0.018171382414429726,-0.0018240306607951728
0.05,0.9901357907723898,200.033479907346,401.8479098012511,0.2042993373714679,196.2734885819858,200.0154843615859,1000,10000,200,0.009239549006255565,-0.018708530449749405,1.6739953672995078e-4
0.02,1.001237189274967,500.0943690728006,1014.040450035732,0.1499332294313989,507.9219510511593,500.0488865965162,1000,10000,500,0.028080900071464132,0.015744589510496843,1.8873814560116386e-4
0.01,1.00188255559912,1000.552656976073,1966.692426344996,-0.07873956990032079,988.628009746104,1000.4579905814,1000,10000,1000,-0.03330757365500414,-0.01182456529576148,5.526569760729849e-4
1,0.9992054600040206,9.907325626807255,19.5189603312665,0.02335209332661077,9.898597342342784,9.906469345789024,1000,100000,10,-0.04810396687335006,-7.946325952732369e-4,-0.009267437319274485
0.5,1.00931202866422,20.02978326596364,40.62689708430031,-0.03146314110590508,20.53680504358293,20.02788020361837,1000,100000,20,0.03134485421501543,0.025410819057755996,0.0014891632981819392
0.2,0.9935530910233358,49.91317105075927,99.48938639942466,-0.04656232881264517,49.36694331133244,49.90786684746867,1000,100000,50,-0.010212272011506762,-0.010838442319913821,-0.0017365789848146074
0.1,0.9967100338461168,99.69511359490508,197.0437380189992,-0.03583773927397439,98.1703061855558,99.68629802956964,1000,100000,100,-0.029562619810008073,-0.015207625059606045,-0.003048864050949174
0.05,0.9955604168975286,200.4598653707237,399.5008896011173,0.00841527285623423,194.2804530424242,200.4382117280163,1000,100000,200,-0.0024955519944134252,-0.03072148086188209,0.002299326853618444
0.02,0.9980089259758306,499.7934094396979,989.7477784907746,-0.1167026382147823,509.7706281733209,499.7382824739245,1000,100000,500,-0.02050444301845067,0.020075199461869975,-4.13181120604289e-4
0.01,0.9994718729667572,999.8915741730956,2009.269735235445,0.00159788279909488,985.2437353901962,999.7928297164726,1000,100000,1000,0.009269735235445165,-0.014552109090842702,-1.0842582690440139e-4
1,0.9746706281460316,10.0220483668108,20.41409686844192,-0.05633945537122005,9.767456558814088,10.02127428498378,1000,1000000,10,0.041409686844191995,-0.025327889343376486,0.002204836681080069
0.5,1.003271868939205,19.98519788620002,39.44951523161645,0.06638909830893786,19.59134454790436,19.98357661230979,1000,1000000,20,-0.027524238419177394,-0.01962772090376541,-7.401056899990488e-4
0.2,1.002810731716849,49.89641051408531,100.9164534667493,-0.03090955802834729,50.046654459518,49.8928055929219,1000,1000000,50,0.018329069334986237,0.0030835882000976866,-0.002071789718293804
0.1,0.9898872021745474,99.9952237182257,199.872161106536,0.06074094436429494,96.63587838350564,99.98447928069858,1000,1000000,100,-0.0012783889346399402,-0.033491207048165994,-4.776281774299118e-5
0.05,1.000965025685193,199.9426636970168,396.9439003470914,-0.1901367108005745,199.2003997618341,199.9187047664499,1000,1000000,200,-0.015280498264542919,-0.0035929854860502486,-2.866815149160651e-4
0.02,1.001419543105568,500.1740442333484,993.824891629262,0.2178466867556717,489.6956498691649,500.1216253883168,1000,1000000,500,-0.012350216741475961,-0.02084688001854884,3.48088466696872e-4
0.01,1.000412398096972,999.3705043305376,1962.971996475243,-0.06800153631634955,1007.436002280212,999.2681416833074,1000,1000000,1000,-0.03702800352475699,0.008173842691657995,-6.294956694623544e-4
1,0.9969989619268764,9.986415220281003,19.62817252592768,-0.03153788008840373,9.955832884754797,9.98570289071374,2000,0.05,10,-0.03718274740723193,-0.002991277257680336,-0.0013584779718996964
0.5,1.005464820553234,19.95735559252295,40.91985790227554,0.0032852123733247,20.13257542463547,19.95553644405309,2000,0.05,20,0.04599289511377691,0.008871672334077374,-0.0021322203738524115
0.2,1.010414900968808,50.02684635545007,101.8256157432087,0.02020443086357858,48.69442649774788,50.02258433882432,2000,0.05,50,0.036512314864173945,-0.02655116401184443,5.369271090014394e-4
0.1,0.9873629235535452,100.0599571996683,200.3301695511877,0.00538168203452058,99.03546427311564,100.049723600905,2000,0.05,100,0.0033016955118769786,-0.010137552521736204,5.995719966831459e-4
0.05,0.9986829832175276,199.7789450358721,409.3070137054079,0.00273750310116828,201.0510474969037,199.7592417074104,2000,0.05,200,0.04653506852703959,0.006466813642521663,-0.0011052748206394902
0.02,1.002140485159134,500.4961544079218,1074.027643902647,-0.2741828938322213,496.6957204874489,500.4430672656461,2000,0.05,500,0.1480552878052941,-0.007488058129513475,9.923088158436677e-4
0.01,1.001820896076963,1000.378372374637,2122.171468747479,-0.5935659057743261,1005.367893807361,1000.278099838366,2000,0.05,1000,0.1221714687474793,0.005088378891647816,3.783723746371148e-4
1,1.018127884273798,9.94857749025504,19.76111661085273,-0.01642544257206808,10.1281184108474,9.947805933472075,2000,0.1,10,-0.02388833891472686,0.018125853940175185,-0.005142250974495943
0.5,1.005310854855467,20.02071031391253,40.45218833046378,-0.03483273789407251,20.38246824604614,20.01980006313016,2000,0.1,20,0.02260941652318893,0.01811547476859654,0.0010355156956265432
0.2,0.9762885235057192,50.08659835325351,102.5494084150476,0.06539180232255995,49.7385469950794,50.08206686786859,2000,0.1,50,0.0509881683009521,-0.006859139294220773,0.0017319670650701724
0.1,1.011619730024603,100.0673138171599,203.258064772934,0.05248539756293231,104.2026511518689,100.0567577152931,2000,0.1,100,0.03258064772934022,0.041435416569990835,6.731381715989748e-4
0.05,0.9947293125983232,200.3011995980298,404.0791399236125,-0.01753119201666058,198.547585099342,200.2807921657896,2000,0.1,200,0.020395699618062313,-0.008653885615815149,0.001505997990149055
0.02,0.9997808074007676,499.8843832698372,1069.574884803251,0.1255887929751278,504.7390074796817,499.8388875248394,2000,0.1,500,0.13914976960650227,0.00980339880937886,-2.3123346032560832e-4
0.01,0.9952639951822584,1000.045128689161,2074.738025417284,0.2442131628210965,985.4892868588828,999.9430388063872,2000,0.1,1000,0.0747380254172838,-0.01445457529736649,4.5128689160955915e-5
1,0.9926501528031016,10.038415060687,20.17449276502409,-0.00952439317186723,9.963598886672235,10.03738216897493,2000,0.2,10,0.017449276502409017,-0.007350849161722128,0.00384150606870004
0.5,0.9960301618435478,19.95619643278072,40.82066017417983,0.04479833199157447,19.73098179335099,19.95368912705612,2000,0.2,20,0.0410330087089914,-0.011161210956381562,-0.0021901783609639125
0.2,0.9985403060705592,50.09818747253497,100.5306079607681,0.0754070420616071,50.98928164492269,50.09472018798016,2000,0.2,50,0.01061215921536185,0.017857400013129077,0.001963749450699437
0.1,0.9954787352896762,99.98175213360446,207.9944573059116,0.1029322535418599,98.74126075529006,99.97202048394702,2000,0.2,100,0.07994457305911595,-0.012311041856502114,-1.824786639553766e-4
0.05,1.003760647661497,200.4667606389455,404.1441882448817,0.1047977260459423,205.7237293692158,200.4436892460315,2000,0.2,200,0.020720941224408485,0.02634176283147216,0.002333803194727535
0.02,0.9998320551274013,500.2081550827129,1028.084701802227,-0.1249866097518296,502.7235679310034,500.1581339240805,2000,0.2,500,0.056169403604453993,0.00512924579831453,4.163101654257595e-4
0.01,1.004203079002794,1000.158287404005,2024.247796905829,-0.5378632543293734,991.5060447292376,1000.065770017687,2000,0.2,1000,0.024247796905829233,-0.00855916235219012,1.582874040049198e-4
1,0.9955703037215324,10.05616936662773,19.82091044196245,0.04751745924891718,10.01048946376189,10.05504441733306,2000,0.5,10,-0.017908955803755067,-0.004431104600031821,0.0056169366627729644
0.5,0.9983798706348352,19.93133240077017,39.44695557552244,-0.02872969805729515,19.80159313138187,19.9299814411327,2000,0.5,20,-0.027652221223878115,-0.0064419683545642314,-0.0034333799614915117
0.2,0.9996919646658003,49.84331350917878,98.76342757799944,-0.00823574099558838,50.15579052452254,49.83815853618279,2000,0.5,50,-0.024731448440011183,0.006373268950319311,-0.0031337298164244576
0.1,1.006865897107522,100.3571596845446,206.8076654831162,-0.04076874745752688,100.8888473573637,100.3493240749135,2000,0.5,100,0.06807665483116221,0.005376451584740538,0.0035715968454459457
0.05,1.005499181316706,200.2392742398526,406.6490926177725,0.2335054195288041,204.4349853568985,200.2196305731351,2000,0.5,200,0.03324546308886234,0.021053653788576154,0.0011963711992628578
0.02,1.003191858208524,499.5504141631477,1021.236264858058,-0.361554828213234,512.9999668490441,499.505694268277,2000,0.5,500,0.042472529716115925,0.027015252750090868,-8.991716737045685e-4
0.01,1.002633282163476,999.727389857476,2017.439758433333,-0.2869615371170239,1003.343998504871,999.6277667061084,2000,0.5,1000,0.017439758433333008,0.003717615619069914,-2.7261014252399907e-4
1,0.994688778083169,9.950262263798356,19.82030916648363,-0.00736686791150844,9.896654923597437,9.94953910797399,2000,1,10,-0.01796908335163705,-0.005315239610864997,-0.004973773620164379
0.5,0.9904031602493288,19.98514543736837,38.9831792508481,-0.02249950082383897,19.96265916099744,19.98309774122945,2000,1,20,-0.05084103745759494,-0.0010227933875257555,-7.427281315814938e-4
0.2,0.9977809962355404,50.02016334802399,100.3913660703261,-0.024431827934392,49.84558702081267,50.01577045998026,2000,1,50,0.007827321406522092,-0.003402595573405387,4.0326696047987554e-4
0.1,1.002891968000277,99.82546498682028,204.3071779658418,0.00892072908704201,98.70659760689368,99.81539611503116,2000,1,100,0.043071779658417686,-0.011108491788778374,-0.0017453501317972187
0.05,0.9979644909304732,199.7715646167992,396.2153915679326,0.1011781362324485,194.5889562547937,199.7519955745398,2000,1,200,-0.018923042160337022,-0.025847247757880165,-0.0011421769160040451
0.02,1.003214578777031,499.850206475317,1003.616613365775,0.3957708877201209,484.6879682119543,499.8025100083737,2000,1,500,0.007233226731550246,-0.030241028193648267,-2.995870493659458e-4
0.01,1.001337595028222,1000.151649064833,1998.261361647636,0.1955049517472179,1004.08498047746,1000.049469508132,2000,1,1000,-0.0017386383523638749,0.004035311344460668,1.5164906483300378e-4
1,1.016998816646423,9.942921961623473,19.59832639790264,-0.03762966969182823,10.11123929724682,9.942291222739014,2000,10,10,-0.0401673602097361,0.016992871232880846,-0.005707803837652792
0.5,0.9995711664086876,20.04597972408324,39.84869138436776,-0.00835969471858779,20.3107872843974,20.04406678353952,2000,10,20,-0.0075654307816119815,0.013306705856563683,0.0022989862041620235
0.2,0.9830672531339744,49.93695687011998,96.44273995031162,0.02679484028409718,48.61187501150507,49.93190934155668,2000,10,50,-0.07114520099376764,-0.026436688431479505,-0.0012608625976003873
0.1,0.9970778174351655,100.0736064295155,200.2725428698021,-0.0634727782795736,101.4573710651627,100.0661494461096,2000,10,100,0.0027254286980209486,0.01390301942019212,7.360642951548257e-4
0.05,0.9977468132201828,200.2769695223326,397.643139941207,0.08562880658538345,199.7545460187458,200.2601570030689,2000,10,200,-0.011784300293965044,-0.0025247707376727657,0.0013848476116629094
0.02,1.003114443508967,500.002760438799,988.6224554732768,0.2336958004736535,503.9700152368461,499.9524909494547,2000,10,500,-0.022755089053446476,0.00803581212239135,5.520877597975371e-6
0.01,0.9972766418419668,999.8944549925978,1971.111156522554,0.537534699403458,1001.522859996804,999.790876285394,2000,10,1000,-0.028888843477445914,0.0017323459860374424,-1.0554500740211914e-4
1,1.00288337663689,10.06012040515131,19.80616960662216,0.00680105437186086,10.08772924339255,10.05881368630892,5000,0.05,10,-0.01938303933778407,0.002874648838857352,0.006012040515130934
0.5,0.9840133406693742,20.07384717060605,40.04139515187439,0.03550884436422545,19.85231205589653,20.07246094704732,5000,0.05,20,0.0020697575937194124,-0.010967708031992651,0.0036923585303025863
0.2,1.005661255605637,49.96875770688901,98.87674778624763,-0.00781993846204564,49.68726447696059,49.96429038510372,5000,0.05,50,-0.022465044275047363,-0.005544477986336505,-6.248458622198916e-4
0.1,0.996741529693177,100.1004941725665,200.6744411648024,0.00542759022342917,100.1165344374137,100.0907183525131,5000,0.05,100,0.0067444116480239735,2.5792686200620807e-4,0.0010049417256650095
0.05,0.9966484910525112,200.0850586593673,412.5157280477844,-0.1489683554652338,194.9830099953297,200.063131591776,5000,0.05,200,0.06257864023892212,-0.025392592608278086,4.252932968364931e-4
0.02,1.001142115968595,499.9111512037429,1024.583345296051,-0.03786873280002934,492.2310029880389,499.8622954641207,5000,0.05,500,0.04916669059210177,-0.015266789564506333,-1.7769759251418105e-4
0.01,1.001435559663616,999.866757408524,2048.902353821553,-0.1420333274331304,1016.669943352298,999.7676074501032,5000,0.05,1000,0.048902353821552946,0.016906264792178938,-1.3324259147595718e-4
1,1.023366478869455,10.02357412435919,19.80749542298605,-0.04006380980906516,10.25560269957457,10.02144736300378,5000,0.1,10,-0.019250457701394996,0.02336542099050698,0.0023574124359189152
0.5,1.012077760049696,19.96942292225669,39.35792509960858,0.04085941285495091,19.93037322837603,19.96688882200467,5000,0.1,20,-0.03210374501957114,-0.0018288073797655402,-0.0015288538871655044
0.2,1.005433467205633,50.06379824392201,99.81378556439977,0.00551802333095004,50.44093582593766,50.05973611323768,5000,0.1,50,-0.0037242887120045864,0.007614896567526452,0.0012759648784401723
0.1,1.000008605625286,99.97612721230448,203.8728523387145,-0.1512205557418757,100.8116193383047,99.96703944932538,5000,0.1,100,0.03872852338714505,0.008448583589468317,-2.387278769552248e-4
0.05,1.005574894894398,200.0308806297799,399.8517136014974,-0.1601938148608421,203.2050962933707,200.0114442284796,5000,0.1,200,-7.414319925129753e-4,0.015967346654638837,1.5440314889936246e-4
0.02,1.002802322217749,500.2574157726555,1011.152797539133,-0.1359348375858915,511.5697453688425,500.2089913874565,5000,0.1,500,0.022305595078266016,0.02271201473183071,5.148315453109564e-4
0.01,1.000899469434416,1000.122809673185,1982.231953059376,-0.4598652974239819,995.3371422830264,1000.024531445447,5000,0.1,1000,-0.01776804694062384,-0.004687274176809808,1.2280967318489822e-4
1,0.9761227467967776,10.01545594534192,20.17583652893697,-0.00201643662318813,9.774039397663357,10.01319608103095,5000,0.2,10,0.01758365289369701,-0.023884150618068145,0.0015455945341920074
0.5,1.016822652831268,19.86283019000305,40.70306779596413,-0.00926696071383879,19.98939521348101,19.8613433470406,5000,0.2,20,0.03515338979820637,0.006447291313731451,-0.006858490499847547
0.2,1.017082914821867,50.12972158838713,99.33707789975134,0.03302616749730451,51.42505091038883,50.12295452169817,5000,0.2,50,-0.013258442004973281,0.02597804541085047,0.0025944317677426554
0.1,0.9997377981799744,99.947770893145,197.8965764420615,0.12621500762613,98.86607382171752,99.93655257153333,5000,0.2,100,-0.021034235579384886,-0.010711583722578077,-5.222910685499516e-4
0.05,1.003310794679809,199.878138591185,408.3753228815908,-0.06405118890378221,204.3121304510119,199.8609009355978,5000,0.2,200,0.041876614407954094,0.022271637396693356,-6.093070440749138e-4
0.02,0.9990713808869904,500.1009322646561,1023.957257358756,0.3320215181965228,496.6625583016523,500.0516018500894,5000,0.2,500,0.04791451471751218,-0.006777387645391597,2.0186452931225674e-4
0.01,0.999468517570824,1000.063524109267,2000.589054874082,-0.010836238714587179,995.5229266601636,999.9563904333672,5000,0.2,1000,5.890548740818957e-4,-0.004433657123069312,6.352410926702134e-5
1,0.9970738044215998,10.06429499950291,20.37422010555537,-0.01070096676661062,10.03451040167116,10.06390973573867,5000,0.5,10,0.03742201055553718,-0.00292126368772061,0.006429499950290962
0.5,0.99639768231309,20.02255727898202,39.33159876418038,0.06140704784529305,20.04773182715325,20.02025120067766,5000,0.5,20,-0.033420061790981226,0.0013726414419146238,0.0011278639491010267
0.2,0.99434087359045,50.11515046689963,98.8621574076821,0.0593428982009243,49.99854803603912,50.10985417401167,5000,0.5,50,-0.022756851846357895,-0.0022212425042394957,0.0023030093379925454
0.1,0.9951886520711026,100.0260850531339,198.6332990533475,0.04226097401525074,99.01167760797696,100.0159669673352,5000,0.5,100,-0.013667009466524771,-0.010041290304039552,2.60850531339063e-4
0.05,0.9923639787129004,199.8620003108448,398.7589409621089,-0.1008156242597862,200.844785744566,199.8408663834889,5000,0.5,200,-0.006205295189455562,0.005023593918726421,-6.899984457759967e-4
0.02,1.003907343879608,500.1689906653884,977.6823837726891,0.1495304393739654,510.999898481361,500.117408372286,5000,0.5,500,-0.044635232454621754,0.021759870636165024,3.3798133077667103e-4
0.01,0.997979264953498,1000.472019368973,2054.700272074042,0.04090131687038852,993.1491331192202,1000.369446098979,5000,0.5,1000,0.054700272074041933,-0.007217646448434589,4.72019368972898e-4
1,0.9963897644639644,9.967531035892542,20.11430693246839,-0.02411517857056597,9.930729106280452,9.966785461101018,5000,1,10,0.011430693246839319,-0.0036176513441860125,-0.0032468964107458254
0.5,1.0145454994476,19.9921415879342,39.51292135567002,0.02946185244152283,20.4078992702224,19.99070931144835,5000,1,20,-0.024353932216499175,0.020869192397046987,-3.9292060328999234e-4
0.2,0.9965385524831584,50.08522412261146,102.0460989412875,-0.05977796410883292,49.44748662807719,50.08017767812715,5000,1,50,0.04092197882574977,-0.012633562406993759,0.0017044824522292057
0.1,1.002452527126876,100.0244608734563,203.6505538147801,0.1138630802167092,100.7271891760589,100.0156560045347,5000,1,100,0.036505538147801,0.00711421791296285,2.4460873456311205e-4
0.05,1.001910858170667,200.2103920053102,408.5656550717384,-0.02091039502075477,202.9168921410185,200.1876405227032,5000,1,200,0.042828275358691936,0.013633467137077249,0.0010519600265510576
0.02,0.996326217168554,499.9084469186703,996.1925857539196,-0.05753498474384756,507.9498669289998,499.8554639995909,5000,1,500,-0.0076148284921606635,0.016193486942488677,-1.8310616265948543e-4
0.01,1.002785844424849,1000.251923622154,1994.204020074564,0.274522895774634,981.6457418097456,1000.145574323308,5000,1,1000,-0.005795979925436123,-0.018497139804952156,2.519236221538712e-4
1,1.00435965312387,9.988172111995764,20.16671989528692,0.06600241336373144,10.03048209292719,9.986857341712533,5000,10,10,0.016671989528691977,0.004368216118643131,-0.001182788800423551
0.5,0.9917995427155104,19.92687092096688,39.61403310279248,-2.745860712333098e-5,20.00218821669874,19.92587228255086,5000,10,20,-0.01929834486037585,0.0038299921361391043,-0.0036564539516559247
0.2,1.010602781696005,49.97888298673728,97.6506643357178,0.053891290024141,50.26321032754384,49.97323057478059,5000,10,50,-0.046986713285643855,0.0058027017550790205,-4.2234026525433954e-4
0.1,0.99537900067565,99.86977431273486,197.7168857221216,-0.1219237553198946,98.2421578283066,99.85987568313516,5000,10,100,-0.022831142778784175,-0.01619987851739102,-0.0013022568726513972
0.05,1.005431092846133,199.7652757248401,399.0535344364825,-0.1735763014742843,198.960686770633,199.7400257997697,5000,10,200,-0.004732327817587478,-0.003901766939381268,-0.0011736213757994607
0.02,0.999927469279076,499.693693005818,1030.211275709572,-0.02287563786886961,494.3512099338058,499.6384237096504,5000,10,500,0.0604225514191441,-0.010582080010157702,-6.126139883640969e-4
0.01,0.9983388418148396,1000.415860886175,1960.610282717657,-0.2368895046856729,985.3266224435396,1000.32019987511,5000,10,1000,-0.039389717282343195,-0.014988778026718275,4.158608861750679e-4
1,0.9846508759677032,9.930743144069698,19.67423401797212,0.00219609079710998,9.777661988628196,9.93011118298726,10000,0.05,10,-0.03257659820278813,-0.015352214245118012,-0.006925685593030195
0.5,1.015252984707707,20.01312933777553,40.9469001882108,0.00529131693283868,20.12815062038487,20.01015408264234,10000,0.05,20,0.04734500941053987,0.005896833040625271,6.56466888776519e-4
0.2,1.014780444581553,49.98435492800782,98.12270747551754,-0.01770305893099103,51.66489426859723,49.97999150333671,10000,0.05,50,-0.03754585048964909,0.03371154565218437,-3.1290143984363805e-4
0.1,1.002048528980557,100.1390497076476,199.0500498906831,0.3310553980700235,98.5728077618726,100.1273057576771,10000,0.05,100,-0.009499501093168883,-0.015525215464866515,0.0013904970764759828
0.05,0.998957949377248,200.1979460990633,402.0099597481089,-0.1469779271896005,198.6647427239176,200.1808804072889,10000,0.05,200,0.010049798740544347,-0.00757383862178318,9.897304953165875e-4
0.02,1.002631829400273,500.2214631484915,1008.556041227865,0.1252831801216745,506.6253026155499,500.1654099737986,10000,0.05,500,0.017112082455729816,0.012915512574309673,4.429262969829484e-4
0.01,1.00225079834751,1000.393215597229,2066.850113987507,-0.2603958152646295,1012.941079744393,1000.30257102131,10000,0.05,1000,0.06685011398750706,0.01263468583328664,3.932155972290463e-4
1,1.023754511857247,9.984289403492498,20.05944729343704,0.01657140274589369,10.21904275695007,9.981840563961445,10000,0.1,10,0.005944729343704047,0.02376337224269265,-0.0015710596507501062
0.5,1.01638016767713,19.97729805643683,39.27417669063131,-0.0282765338609861,20.41250278445859,19.97550181053607,10000,0.1,20,-0.03629116546843458,0.021876845851853455,-0.0011350971781585173
0.2,1.015351238319449,49.95398465289804,97.87289429312756,0.00143814457253824,49.5485721226418,49.94809119364928,10000,0.1,50,-0.042542114137448905,-0.007998685464446376,-9.203069420391508e-4
0.1,1.005326594154308,99.90113955800304,196.0635782517238,0.1234377430245617,101.4682019957376,99.88860479979516,10000,0.1,100,-0.039364217482761976,0.015813587536920748,-9.886044199696187e-4
0.05,1.005380719361557,200.1957457826483,410.6070979982944,-0.1139668417859748,198.6982008896917,200.1792262445675,10000,0.1,200,0.05303548999147223,-0.00739849675043891,9.787289132414667e-4
0.02,0.9984526862775268,500.3102679750975,1032.897016410691,0.2942753229769713,490.5300036337935,500.2632162486357,10000,0.1,500,0.06579403282138241,-0.019456182862752525,6.205359501949559e-4
0.01,1.001209255495775,999.3112776881676,2000.411247594949,0.06414009805352507,996.2110319903794,999.2085975880286,10000,0.1,1000,4.112475949487049e-4,-0.0029999397572088027,-6.887223118323682e-4
1,0.9872254336652576,9.977039397215318,19.78910011926279,-0.02939979967562924,9.848146079565511,9.975511323933954,10000,0.2,10,-0.021089988073720978,-0.012767791066795708,-0.0022960602784681816
0.5,1.00581995915049,19.97076968543079,40.0559523108148,-0.05111665785316564,20.20132199718198,19.96801228099708,10000,0.2,20,0.002797615540740317,0.011684173311879098,-0.0014615157284605385
0.2,0.99778328424289,49.87256574796989,98.83737591101676,-0.07667091588787905,50.69469420239378,49.86831996333729,10000,0.2,50,-0.023252481779664658,0.016571126512062717,-0.0025486850406022388
0.1,1.007258039910283,99.85009912374016,203.7686642405495,0.03456950431365272,100.3723049342366,99.84266058467529,10000,0.2,100,0.03768664240549491,0.005304790021216643,-0.0014990087625983417
0.05,1.004995472079969,200.3040982643065,398.1877572813356,0.02985043533215545,201.4901815272931,200.2859270187823,10000,0.2,200,-0.009061213593321904,0.006012676609065348,0.0015204913215325355
0.02,0.9984009436247164,499.8678122386812,1020.131118566471,-0.2290305636450935,494.8437357058834,499.8211947044879,10000,0.2,500,0.04026223713294197,-0.009958479254861041,-2.6437552263758324e-4
0.01,0.997763063695732,999.8077130601436,2067.807856718847,-0.04926973605565297,1016.800130128765,999.7149205102404,10000,0.2,1000,0.0678078567188467,0.017090081650281475,-1.9228693985640088e-4
1,1.015234851038563,9.98801265674151,19.70075635537088,-0.01142531867760605,10.13952952830745,9.987375920867729,10000,0.5,10,-0.029924364462911912,0.015234593014748832,-0.001198734325848938
0.5,1.001162113923175,19.95374304885429,40.31003606644688,0.00209478345578084,19.78215317290732,19.95321276005277,10000,0.5,20,0.015501803322343743,-0.00857303478906013,-0.002312847557285558
0.2,0.9956782112602008,49.87945915864424,98.0245164059702,0.08939140849060348,50.73120883519275,49.87432963996608,10000,0.5,50,-0.03950967188059584,0.017180766165928008,-0.002410816827115192
0.1,0.9929714541402008,100.0053729077561,203.276336127309,0.1824541414227834,97.5068376852286,99.99642435134524,10000,0.5,100,0.03276336127309021,-0.024896756881718884,5.372907756107104e-5
0.05,0.9985712612617448,199.962507913004,395.5668186289263,-0.1247569233594438,199.4777781786507,199.9399865407073,10000,0.5,200,-0.022165906855368567,-0.0023117354865005435,-1.8746043497996911e-4
0.02,0.9971594291183046,500.9599926192553,1004.602609665966,0.2760797353543221,495.845035123926,500.9047322359048,10000,0.5,500,0.009205219331932302,-0.010101116612322047,0.0019199852385105576
0.01,1.000902289987181,999.724729923752,1990.864288329188,0.134955884794873,982.6972748138618,999.6184436000668,10000,0.5,1000,-0.009135711670811952,-0.016927627630863307,-2.7527007624805755e-4
1,1.004590098032256,10.00623254109814,20.05839320792705,-0.00682420907075906,10.05116567884071,10.00530114712678,10000,1,10,0.005839320792705216,0.004584023113297642,6.232541098138977e-4
0.5,1.005143716468887,20.02760147300163,39.21505489825731,0.0205794891615515,19.97240336426256,20.02558830353279,10000,1,20,-0.03924725508713456,-0.002655849029955637,0.0013800736500815258
0.2,0.9936341914327356,50.06442360894038,99.36937677936558,-0.03459319951568771,51.41258195299223,50.0582777049645,10000,1,50,-0.012612464412688373,0.027054551417245554,0.0012884721788075648
0.1,0.998722460084017,99.99210645977996,197.4902479580196,0.1072635826574854,101.3858596236607,99.9835401378662,10000,1,100,-0.025097520419803843,0.01402550343647424,-7.89354022003863e-5
0.05,1.006883538717058,199.7532002759945,392.9235096565718,0.1144919199776881,204.5447519923151,199.7362130156544,10000,1,200,-0.03538245171714105,0.024074447512849373,-0.0012339986200275987
0.02,0.9993890689244496,499.9035894036263,1010.172205513157,-0.05468274139825936,492.3283566180112,499.8585190287527,10000,1,500,0.020344411026314013,-0.01506458752643236,-1.9282119274732779e-4
0.01,1.003602362425821,999.6643578239756,2009.816942232042,-0.02791330307932514,1009.856129849215,999.5607897644408,10000,1,1000,0.009816942232041992,0.010299863890419703,-3.3564217602444213e-4
1,0.9784354028498892,9.917229470824136,19.60385392118162,0.03444140277220399,9.702248568066189,9.91601146426146,10000,10,10,-0.039614607881838015,-0.021557346617205875,-0.008277052917586403
0.5,1.026671363060521,20.01431567640474,40.24023693813474,-0.0170816998656439,20.58602140994427,20.01254863542526,10000,10,20,0.012011846906736956,0.02865565925490743,7.157838202369593e-4
0.2,1.004930847976436,49.94604141319298,101.5836720195931,0.1151993726363486,50.25524486721272,49.94036536020813,10000,10,50,0.03167344039186171,0.00630511019960367,-0.0010791717361403608
0.1,1.000537468918583,100.0934238357683,202.77759941135469,-0.07117047120837325,99.52265301044072,100.0851138043808,10000,10,100,0.027775994113546698,-0.005619824692805198,9.34238357683137e-4
0.05,1.000917993744783,200.1724040039725,399.1793739215445,-0.03864491042753935,201.6483802117677,200.1525086595549,10000,10,200,-0.00410313039227761,0.007473658772656933,8.620200198625749e-4
0.02,0.9987398378925882,500.3548353004505,993.9072523613016,-0.5751873296266976,506.1744154938692,500.3028762245688,10000,10,500,-0.012185495277396763,0.01173596944636568,7.096706009008802e-4
0.01,1.000236350728583,999.7663207990868,2022.410853144542,-0.4721754636836176,997.67181211694,999.6661784347148,10000,10,1000,0.022410853144541942,-0.0019950323025808014,-2.3367920091321714e-4
1,0.9998024587294538,9.990893883193008,19.75820694527239,0.01543181682105481,9.986734083202238,9.988724184334616,10000,100,10,-0.024179305472760815,-1.9923476668815e-4,-9.106116806991693e-4
0.5,0.9994647481432998,19.9847470336308,41.60512170155892,0.01356652638116473,19.88945065587107,19.98349383191797,10000,100,20,0.0802560850779459,-0.004706042738967464,-7.626483184599575e-4
0.2,1.01212920899017,49.89057427153852,99.06073727830116,-1.1034560343664e-4,50.11068834963641,49.8863326076775,10000,100,50,-0.018785254433976828,0.004497338854778432,-0.002188514569229638
0.1,1.006031537138542,100.1354368162246,202.6516200743961,0.01570880971565898,102.8026829123742,100.1251896649076,10000,100,100,0.026516200743960994,0.026741454936839215,0.001354368162245878
0.05,1.000367878824926,199.7348983936664,395.304689882166,0.05789779013019079,200.1069344799265,199.7141131399489,10000,100,200,-0.023476550589170087,0.001966918280343899,-0.0013255080316679768
0.02,1.002846695796641,500.7002252266042,1003.490716800694,-0.1273676392679945,509.5510753501279,500.6466407601727,10000,100,500,0.006981433601388254,0.01778586704673546,0.0014004504532083573
0.01,0.9964588170196238,999.770766830252,2004.302102334047,0.05045681737628709,1022.351091155474,999.6709331100766,10000,100,1000,0.004302102334047042,0.022687623791198153,-2.292331697479888e-4
1,1.021628344609107,10.03815902364355,20.21118997320227,-0.00754997336209418,10.25452736911025,10.03735923737617,10000,1000,10,0.021118997320226818,0.02163598279170964,0.0038159023643549173
0.5,1.000539710837742,20.04621252957459,40.87542857663279,-0.01680225928255165,19.95977001477554,20.04420767497894,10000,1000,20,0.043771428831639536,-0.004212571610341165,0.0023106264787293718
0.2,0.9964056795952236,50.01293341512724,98.95269463683364,-0.03599146291904665,49.79641164167334,50.0057226476064,10000,1000,50,-0.02094610726332724,-0.0041857410482414315,2.58668302544951e-4
0.1,1.00603316224336,100.0670184077772,197.4039785637032,0.05371800686809761,100.5660484223573,100.0584567195169,10000,1000,100,-0.025960214362968026,0.00507295154734666,6.701840777720847e-4
0.05,1.00755965166183,199.9416615221788,393.3745690812422,0.02126067990591371,201.7633863401539,199.9207880730582,10000,1000,200,-0.03312715459378901,0.009216641675213522,-2.916923891059797e-4
0.02,0.9990492837174636,500.0132254567339,998.7871516802892,-0.3109142047749521,496.577185146398,499.966333539028,10000,1000,500,-0.002425696639421604,-0.006778753218521394,2.6450913467757076e-5
0.01,1.001342486007581,1000.316327315374,1930.6541261000841,-0.1344358404970077,996.6188936824047,1000.21624416976,10000,1000,1000,-0.06934587389991598,-0.0035965727494670086,3.163273153738988e-4
1,0.9975628349982923,10.02804706945586,19.64419250389659,0.03652373211972626,10.0023739417929,10.02682550569111,10000,10000,10,-0.035580749610340856,-0.0024386146826164135,0.0028047069455860996
0.5,1.002937259636485,19.98471920469065,40.54672109448725,0.01848550707090199,20.10030787652093,19.98312293064769,10000,10000,20,0.027336054724362846,0.005864195815635798,-7.640397654675724e-4
0.2,1.005890686130966,50.0962925342848,97.38895580531756,-0.09188144240219938,49.46609744188813,50.09159460559989,10000,10000,50,-0.05222088389364865,-0.012487068312291849,0.0019258506856960622
0.1,1.007568118329707,100.0362942283195,202.3443452352741,0.09431558359787508,101.6616496763058,100.0286844092555,10000,10000,100,0.023443452352740923,0.016324969949311763,3.629422831950002e-4
0.05,1.00092076634819,200.0561549360789,400.2148328248555,-0.06790723483627202,202.8894682149352,200.0366666958906,10000,10000,200,0.0010741641242772992,0.01426139300442153,2.8077468039455766e-4
0.02,0.9961215957006014,499.9513987417326,981.8815478537362,0.02354117818357438,509.7505601986813,499.900392235134,10000,10000,500,-0.03623690429252768,0.0197042613219518,-9.720251653477785e-5
0.01,0.9999461893817416,1000.888505470749,2030.891511017404,-0.08260713609598345,996.436547696186,1000.784753278252,10000,10000,1000,0.03089151101740395,-0.004344795989170147,8.885054707490347e-4
1,0.9854272001317544,9.975495198221006,19.67749640343442,0.01022920404277458,9.829533665190317,9.974838214120991,10000,100000,10,-0.03225035965655776,-0.014567108339158086,-0.0024504801778993945
0.5,0.998266926548645,20.0441157398855,39.73244729618558,-0.00152046691068998,20.27974361011492,20.04109919411638,10000,100000,20,-0.013377635190720882,0.011907750851739785,0.002205786994274872
0.2,0.9971285664474684,49.96348589039865,99.7967282697482,0.00572566320835649,49.57521398332386,49.95886571280881,10000,100000,50,-0.004065434605035945,-0.007679352283344265,-7.302821920269764e-4
0.1,1.012583684116743,99.9381487336059,195.7397785308387,0.00356697733825146,99.3524729441468,99.92854813541048,10000,100000,100,-0.04260221469161318,-0.005764871020472184,-6.185126639409733e-4
0.05,1.003179645124183,199.770874026498,404.8384196756921,-0.04856907786552969,204.0156216665719,199.7504940206755,10000,100000,200,0.02419209837846026,0.021352275831943324,-0.0011456298675099896
0.02,0.9973173074740468,500.4642751405088,993.0370335484176,-0.09693645882805002,486.4572138583824,500.4187054356975,10000,100000,500,-0.013925932903164684,-0.0278996197097775,9.285502810176816e-4
0.01,0.9973890035067684,1000.604102697135,1981.595219708002,-0.05683685193540253,1041.03202574643,1000.511054571887,10000,100000,1000,-0.01840478029199799,0.040500273324697744,6.041026971350671e-4
1,1.006508060828567,10.08146000637259,20.52874694749108,-0.02832091373399072,10.14519371533077,10.07953530722217,10000,1000000,10,0.05287469474910811,0.006514031263083586,0.008146000637258899
0.5,1.000616398396278,20.00561192821455,39.12350730623967,-0.03143888092047337,20.29933350971295,20.00366853066276,10000,1000000,20,-0.04382463468801667,0.014780537809701233,2.805964107275294e-4
0.2,1.007910508809206,49.74914752600964,97.9194140038374,0.01566966001379745,50.50873786491752,49.74398685112494,10000,1000000,50,-0.041611719923251966,0.01537373785662477,-0.005017049479807301
0.1,0.9946174189956528,100.1080165777575,203.0359093619274,0.05914738446346059,99.16578466676134,100.09835350899981,10000,1000000,100,0.030359093619273914,-0.009316525292842326,0.0010801657775749707
0.05,1.000882492671075,199.669644179422,394.9098435480662,0.4035107363219371,198.5843979771418,199.6487989335918,10000,1000000,200,-0.025450782259669014,-0.005331366690585648,-0.0016517791028900497
0.02,1.002576223623091,500.5774148853323,993.7832975507856,-0.1334775476638991,495.7321581064563,500.5280136534246,10000,1000000,500,-0.012433404898428702,-0.009581592670433459,0.0011548297706645005
0.01,1.000179154189914,1000.65458060304,1998.322770341907,0.5566782409517441,987.941076172574,1000.545562357842,10000,1000000,1000,-0.0016772296580929158,-0.012597613401597485,6.545806030400225e-4
1,1.014930025456355,10.01996683388957,20.0641836480582,0.01160275270502174,10.16841204926922,10.01886627100829,10000,10000000,10,0.006418364805820254,0.014926417242804302,0.001996683388957088
0.5,0.9796937242055922,19.98108942619785,40.14408755514453,-0.0022234152845318,19.74765366271592,19.97942989420828,10000,10000000,20,0.007204377757226599,-0.011600743000156899,-9.455286901074444e-4
0.2,1.009468081612567,49.76787948472039,100.92742973599741,0.04621894032435031,49.28309846577044,49.76381437540583,10000,10000000,50,0.018548594719947964,-0.009659949014538594,-0.004642410305592204
0.1,0.9974720348463044,99.91939960225184,201.2084343344857,-0.02603685447159341,101.1013915230395,99.9097936169308,10000,10000000,100,0.012084343344857196,0.011926737739820226,-8.060039774815397e-4
0.05,1.00037458712346,200.2752551319041,410.492122041477,0.04713187861957055,205.1866923618378,200.255874838867,10000,10000000,200,0.05246061020738502,0.02462258611358248,0.0013762756595203651
0.02,0.9976811221653392,500.068070409149,992.4991389946554,0.1025166976357254,495.285772288317,500.014308041982,10000,10000000,500,-0.015001722010689278,-0.009456800890721762,1.3614081829804725e-4
0.01,1.001092989967889,999.9380197818248,2017.324128813524,0.8373904696451038,1019.667358917529,999.8384635210144,10000,10000000,1000,0.017324128813524187,0.019832099003958437,-6.198021817527266e-5
