interval,p,J,smean,Jstep,G,param,nch,z
1,0,35.33775619307019,-0.07269889230442356,35.55251859750635,34.95786339958268,k_on,5,0.1
1,1,47.0557530068365,0.9038108669264692,41.18319577383718,40.21839157794616,k_off,5,0.1
1,2,157.6351254339793,-0.6639939667054029,157.6326312206062,156.7816371445828,i,5,0.1
1,3,6.052732592795951,-0.3320932778070527,5.971386173915563,6.47576608459421,S,5,0.1
1,4,1268.689273958605,0.4890307285701451,1269.049115006083,1381.063976943914,baseline,5,0.1
1,5,116.7972254336206,-0.1469031098475007,117.5968353327308,114.6211647645763,N_ch,5,0.1
0.5,0,41.1647571488868,0.0119106395369629,39.89570492364656,37.14187221017308,k_on,5,0.1
0.5,1,39.88723500759413,0.5716899143789881,38.19783072729184,37.24741860557393,k_off,5,0.1
0.5,2,203.9261786599334,-0.4045004217495751,202.2590419927944,197.3591831058617,i,5,0.1
0.5,3,14.72093409153821,-0.8248162750380149,14.49401037340809,16.52566371399,S,5,0.1
0.5,4,1461.310428443873,1.381178747284204,1482.763634103764,1594.869791505269,baseline,5,0.1
0.5,5,133.4778396533746,0.04716805086148319,130.4800044804869,125.2447606586692,N_ch,5,0.1
0.2,0,50.67836374281965,-0.02479095869511254,50.03302717142602,42.51817867706908,k_on,5,0.1
0.2,1,50.75139050382495,0.4512731360604331,48.35688968458017,42.16990112793091,k_off,5,0.1
0.2,2,306.6598738779908,-0.04125032653138814,315.2693902648186,286.8079872809211,i,5,0.1
0.2,3,50.70085869681589,-1.486885400844925,51.73229721288636,56.09626538918665,S,5,0.1
0.2,4,1650.251579341291,2.219278756659753,1661.3944288671,1734.953408222241,baseline,5,0.1
0.2,5,165.58123827946,0.05642843664576166,167.8855374022061,158.4688927413328,N_ch,5,0.1
0.1,0,60.3845844883083,-0.2444179388324898,54.46826321170313,46.23832364303068,k_on,5,0.1
0.1,1,63.70224905806897,0.3998387107559624,53.57523575539133,46.56368232354796,k_off,5,0.1
0.1,2,403.5386282354999,-0.08382318114257621,384.1049717356684,359.8277479557717,i,5,0.1
0.1,3,139.539967866706,-1.852222628291073,144.9149732353839,146.1244300121349,S,5,0.1
0.1,4,1744.181616597052,4.297659238907473,1730.973345526461,1770.838394568707,baseline,5,0.1
0.1,5,210.9707586558805,-0.04581722876956082,198.0876104291997,198.7511778099268,N_ch,5,0.1
0.05,0,66.51404342297553,-0.4331701932236484,54.26671587336151,48.33305390875407,k_on,5,0.1
0.05,1,66.80441199174193,0.6483473008361154,53.95935784047295,48.82275135935768,k_off,5,0.1
0.05,2,466.9938790265991,-0.0923773872346719,424.3185136277849,418.579968323699,i,5,0.1
0.05,3,367.1927922940947,-2.515872775433314,375.1988777455201,371.7469698391794,S,5,0.1
0.05,4,1792.510748045141,6.410286931091902,1771.098714935621,1800.555207758467,baseline,5,0.1
0.05,5,244.4379818563966,-0.3236460604508161,228.9163742638621,241.928528293489,N_ch,5,0.1
0.02,0,69.6607017045705,-0.473266132204001,52.14236075459916,49.19472537512256,k_on,5,0.1
0.02,1,72.92413780385185,0.4844158119541351,52.99056043311229,50.36340317053686,k_off,5,0.1
0.02,2,612.7598250752999,0.6978035192249459,486.643803617471,493.5365951763417,i,5,0.1
0.02,3,1143.674680769881,-1.794696869722489,1138.833788683374,1129.81992803603,S,5,0.1
0.02,4,1804.331178849024,8.314391629239825,1798.195819919395,1808.518785602257,baseline,5,0.1
0.02,5,356.4072922778648,0.3543498578290864,292.2706167758383,310.3332901415137,N_ch,5,0.1
0.01,0,71.56037256608953,-0.6346839461174943,51.08136698087528,49.56640365040894,k_on,5,0.1
0.01,1,75.31744525840367,0.6088888696554986,51.66469133705725,50.3759924057176,k_off,5,0.1
0.01,2,707.2296266001954,1.356226618523237,529.6253961857033,535.5533794382936,i,5,0.1
0.01,3,2531.482751238975,-2.486039781487865,2443.948902342307,2439.049372107633,S,5,0.1
0.01,4,1858.454253457363,10.05705892129216,1813.979220732132,1821.526533634363,baseline,5,0.1
0.01,5,449.6646342098798,0.8447956278919206,340.1718049683586,352.9312295015881,N_ch,5,0.1
1,0,32.46796912078162,0.04410489450719449,32.25706846239467,31.75384482924156,k_on,5,1
1,1,40.03931207704951,0.1414446844503345,37.91021539901779,35.60166996030006,k_off,5,1
1,2,137.1521795682698,0.03344915446580877,137.9626696749553,133.4995291186228,i,5,1
1,3,8.417406889899029,-0.2084933701750091,8.334746373867882,8.921767616457906,S,5,1
1,4,173.2144537104178,0.5636784617315951,175.1408541718538,183.0394324682008,baseline,5,1
1,5,106.6738597982198,0.05266971970858025,106.7397727961217,103.8261469283093,N_ch,5,1
0.5,0,34.68796032778097,-0.1659243285652511,33.44786763104054,32.73701253399517,k_on,5,1
0.5,1,36.30262421455709,0.2348151250316048,34.03649263256389,33.72112850417388,k_off,5,1
0.5,2,150.7283974546996,-0.2364242889596732,149.3805411380152,149.1124208896173,i,5,1
0.5,3,22.61084844689493,-0.4012579378062982,23.0052585017191,24.177798548551,S,5,1
0.5,4,183.0499826595353,0.6673800473264814,189.1381077065398,194.7816621191246,baseline,5,1
0.5,5,111.6653743821718,-0.2411553049602943,109.4990997940934,108.2188836471304,N_ch,5,1
0.2,0,36.58401866278005,0.01947391989306257,34.58819269891937,33.37102815913843,k_on,5,1
0.2,1,36.21710619229181,0.1172885302714692,34.08625009407019,33.7700636052104,k_off,5,1
0.2,2,167.9924226181225,0.2459264557590577,165.1642601017097,163.2951555269382,i,5,1
0.2,3,85.54241762451497,-0.4972071236329416,85.71188459013922,87.11360239037653,S,5,1
0.2,4,197.6138630716334,0.7532787085316756,199.5102968755781,202.8901857006254,baseline,5,1
0.2,5,117.8484211184025,0.06806931982524655,114.5007887361303,112.9970469935792,N_ch,5,1
0.1,0,37.20448983062823,0.00192654339630831,34.24845568546765,33.66699264741352,k_on,5,1
0.1,1,36.84111699190517,0.02959150224330918,34.25202592826215,34.08018653208622,k_off,5,1
0.1,2,178.8483674571478,0.3044308908183779,169.3627315337991,169.1306884082771,i,5,1
0.1,3,210.1591504661674,-0.4896121788438921,209.445200825739,209.640529528311,S,5,1
0.1,4,198.5645894451991,0.8849339649873484,204.1557431175146,205.4205137879578,baseline,5,1
0.1,5,122.5722377919103,0.1337267385207142,116.0681891767957,115.691045106717,N_ch,5,1
0.05,0,35.90683787322702,-0.07794327946565248,34.21112554272268,33.88676413438694,k_on,5,1
0.05,1,35.644968939243,0.18489999961457881,34.35503537860171,34.09867619678048,k_off,5,1
0.05,2,170.1526109100066,0.1366306395248842,171.5087587136104,171.2694931748982,i,5,1
0.05,3,475.5483958953076,-0.393757990445922,467.3101281272449,467.9165068745809,S,5,1
0.05,4,202.9054180331528,1.285289926873895,206.1740856060965,207.0526939346449,baseline,5,1
0.05,5,116.2192021110737,-0.07965434981760976,117.1143017842881,116.9148532284148,N_ch,5,1
0.02,0,36.13496304935359,-0.0971680376335266,33.91864340943822,33.89209021296642,k_on,5,1
0.02,1,37.16884082174606,0.1340234046408514,34.2418609778202,34.15406683337303,k_off,5,1
0.02,2,171.9566543283026,0.07095466117588636,172.8017217014492,173.1852761657754,i,5,1
0.02,3,1259.710128816643,-0.3707110770115641,1257.982816832812,1258.027484397903,S,5,1
0.02,4,209.6544216995136,1.297437905802574,208.339065347548,208.5647269678401,baseline,5,1
0.02,5,118.1670503888364,-0.1051471493666555,118.3194840714909,118.5711484695055,N_ch,5,1
0.01,0,37.60180501279031,-0.2201971892078639,33.9013442691164,33.88827312414894,k_on,5,1
0.01,1,37.32820634002707,0.1729932064122269,34.06944817921533,34.05838594177076,k_off,5,1
0.01,2,173.380211615551,-0.1126561574220541,173.2590445579661,173.4534484687328,i,5,1
0.01,3,2539.478696900794,-1.037469340993841,2577.187636151305,2581.552047684474,S,5,1
0.01,4,208.4575827101679,1.621155590706651,208.82845744592981,209.0437059605615,baseline,5,1
0.01,5,120.5781588408142,-0.2714797722029391,118.929054328763,119.1098428604401,N_ch,5,1
1,0,69.9180961453399,-0.0715904371592741,70.61309781946603,69.32967569948516,k_on,10,0.05
1,1,82.81792799685073,1.013558923261713,76.1387151100386,75.02437043041407,k_off,10,0.05
1,2,265.9547542509533,-0.6922830661592861,266.6408849835134,264.2271015773611,i,10,0.05
1,3,5.383323384058055,-0.1796642757670921,5.394003205765323,5.64486232058597,S,10,0.05
1,4,2246.447909201429,0.2537925175741808,2244.219078222103,2367.368110307907,baseline,10,0.05
1,5,221.3577199747523,-0.1396475838514447,223.5140163726372,219.4081763705496,N_ch,10,0.05
0.5,0,74.5536394655453,-0.05511549120712068,74.5505901174858,72.16034211182779,k_on,10,0.05
0.5,1,76.229332802307,0.4754939698430467,72.98118472917488,71.90245967818052,k_off,10,0.05
0.5,2,309.6114055127619,-0.745789727541858,316.1611448690115,311.7605083916489,i,10,0.05
0.5,3,12.62540617102473,-0.6495016754471059,12.52439195203367,13.66916403479437,S,10,0.05
0.5,4,2573.129351609804,0.5012274494461392,2544.199541999233,2734.414891415666,baseline,10,0.05
0.5,5,233.7875293680934,-0.06748745878163129,236.5736682835775,231.2719307038724,N_ch,10,0.05
0.2,0,91.82784448410366,0.03172343119880729,90.31381502580945,80.48744722011749,k_on,10,0.05
0.2,1,99.54739366859069,0.4584215853338865,95.50840399402844,81.86247293627609,k_off,10,0.05
0.2,2,472.5888271053857,-0.2098299866372903,475.0979167468063,428.0494028572677,i,10,0.05
0.2,3,39.74197452323804,-1.350951966250814,40.62943412628064,44.46933795669485,S,10,0.05
0.2,4,2907.04389594517,2.66969084828929,2891.122980665875,3022.426719837329,baseline,10,0.05
0.2,5,280.5001204603288,0.04365781767453483,278.2111913540288,259.7320260759174,N_ch,10,0.05
0.1,0,109.5469635347578,-0.1245256212900106,106.4959088395694,90.136155462807,k_on,10,0.05
0.1,1,130.8278144101383,0.4914182080967252,117.5018401870378,94.011940380216,k_off,10,0.05
0.1,2,663.5206267511799,-0.179118889809431,650.8485791616681,549.9296519928088,i,10,0.05
0.1,3,101.1617360539507,-1.798297235824609,108.7173570534142,111.085933823308,S,10,0.05
0.1,4,3014.5823315739,3.941078494858198,3002.776633876634,3081.230865342224,baseline,10,0.05
0.1,5,330.6697716037389,-0.1079200316758066,322.8148790802496,291.1148714772152,N_ch,10,0.05
0.05,0,124.7295786904048,-0.2973602588988327,116.9820855633523,97.74710471841396,k_on,10,0.05
0.05,1,152.3276465109462,0.6761637662062205,125.6150725340403,102.7677011598344,k_off,10,0.05
0.05,2,794.3982679566637,-0.2665893863958829,773.1635342878502,645.1456343354429,i,10,0.05
0.05,3,291.7877710447315,-1.638671595462377,303.6236985493349,290.9323581645663,S,10,0.05
0.05,4,3025.716422008764,6.698850073313803,3087.341693937669,3112.802103387013,baseline,10,0.05
0.05,5,362.8889572504888,-0.3460797801020818,356.0701800847451,318.5170588584596,N_ch,10,0.05
0.02,0,140.327081925669,-0.4988725359367626,114.2834858428117,102.2856154979357,k_on,10,0.05
0.02,1,170.5219550536706,0.7143250302041654,121.4434996849479,108.3839944828191,k_off,10,0.05
0.02,2,949.8744698740334,-0.221129769505073,789.9292428323392,717.1316574182955,i,10,0.05
0.02,3,987.9112183187182,-1.969546191005499,1018.721400847498,986.773387796482,S,10,0.05
0.02,4,3184.392241361038,10.57385778585065,3117.870544684446,3136.489434424002,baseline,10,0.05
0.02,5,414.4685487186801,-0.4842242429872594,364.6871750382298,349.4340600727594,N_ch,10,0.05
0.01,0,138.6249079815358,-0.1942561405202378,110.2889344864035,103.3340809973906,k_on,10,0.05
0.01,1,175.9977806219045,0.7106213255415564,117.4206673274768,110.2614551076339,k_off,10,0.05
0.01,2,974.8619555417032,0.544366304826812,785.0017198810293,741.37337251179,i,10,0.05
0.01,3,2353.678412067695,-1.901672775914438,2292.091568344415,2261.62809918649,S,10,0.05
0.01,4,3120.647871174594,11.37899585971041,3115.781490735855,3127.817142130994,baseline,10,0.05
0.01,5,424.8868829957984,0.05158620808597246,369.7970469929035,360.8820368293771,N_ch,10,0.05
1,0,68.32341748553226,-0.08597873296522573,69.22843666127183,69.15059829882404,k_on,10,0.1
1,1,84.16552765556247,0.7596104114066388,76.21680315103066,74.44822663542053,k_off,10,0.1
1,2,259.6884721763483,-0.6386032727184199,262.9379851830723,262.6299520881772,i,10,0.1
1,3,5.617329195891539,-0.2146304337060621,5.62805455267593,5.854761066916027,S,10,0.1
1,4,1159.647689224212,0.7582210084196908,1161.637555709658,1230.910879714891,baseline,10,0.1
1,5,215.4211518815931,-0.206890104215634,219.7968240845541,218.7972055153996,N_ch,10,0.1
0.5,0,73.58955345322757,0.03298134739916374,74.51635683699755,71.74429214202452,k_on,10,0.1
0.5,1,75.07649885356588,0.5311971414374164,72.97613857795962,71.312297006677,k_off,10,0.1
0.5,2,308.7698811702707,-0.2406089700938356,317.2711504207294,307.6340496375403,i,10,0.1
0.5,3,12.70133545206833,-0.6696592022725716,12.73320177361662,14.51418844770568,S,10,0.1
0.5,4,1319.937866543742,1.225910693601961,1311.762524378325,1401.930113154626,baseline,10,0.1
0.5,5,233.2321660792013,0.08393573721893496,237.7561490122885,230.2804330267078,N_ch,10,0.1
0.2,0,85.79284611644516,-0.03515996769328726,86.15980743473813,78.9647496570819,k_on,10,0.1
0.2,1,89.83878485875171,0.5053253734881658,87.42746225669549,78.63737236537985,k_off,10,0.1
0.2,2,436.6625990073663,0.05238812218913269,440.7520632023254,406.3532067435928,i,10,0.1
0.2,3,44.89794242531048,-1.283445387005153,44.73971731701012,48.89089442535264,S,10,0.1
0.2,4,1448.9066938185,2.334291681305244,1462.266587312661,1525.225976918642,baseline,10,0.1
0.2,5,267.1858341508701,0.04453976990600119,269.547932838635,254.9744411394106,N_ch,10,0.1
0.1,0,101.0089118004594,-0.1593287259800569,97.02315528474873,85.43506668176528,k_on,10,0.1
0.1,1,108.8832013482201,0.5656637947986384,98.51094347678364,86.131161705598,k_off,10,0.1
0.1,2,562.5768440619356,-0.1347534873534555,546.9950418647262,486.9675639170702,i,10,0.1
0.1,3,120.5369245965242,-1.296810262141842,125.4462749974121,126.3705178598164,S,10,0.1
0.1,4,1480.478724485522,3.381802450784432,1529.402797659506,1557.244645226139,baseline,10,0.1
0.1,5,306.2224544643602,-0.2574107355798186,297.6459413171193,276.6933127163387,N_ch,10,0.1
0.05,0,110.2189448732375,-0.1528907400551719,99.01839141868626,89.21192121380273,k_on,10,0.1
0.05,1,120.9799929955327,0.5650478324691761,100.8895495844844,91.21340157629724,k_off,10,0.1
0.05,2,626.7051925572005,0.01873586583073483,588.2133340693339,535.2260562156603,i,10,0.1
0.05,3,332.8440247583942,-1.635658766667124,337.8677798580357,331.4575286211054,S,10,0.1
0.05,4,1546.600961066053,4.769386746673893,1557.177526244496,1571.836784422883,baseline,10,0.1
0.05,5,323.8516144843146,-0.1760132901710103,306.9047620829379,289.8951834363318,N_ch,10,0.1
0.02,0,111.9620756977652,-0.08910098040523068,96.70716367020636,91.1651742101329,k_on,10,0.1
0.02,1,132.0618267593572,0.4475375943604354,99.19570980602012,94.30113484059592,k_off,10,0.1
0.02,2,672.7493396356716,0.5366845081226401,597.5369417655464,569.1130243882548,i,10,0.1
0.02,3,1084.143580815453,-1.003874065869004,1083.150945943412,1066.168480280285,S,10,0.1
0.02,4,1590.144337571031,6.640301050734226,1578.173686434379,1581.942808727282,baseline,10,0.1
0.02,5,341.7702336545101,0.1563360920884805,310.8312397166297,303.2218427769727,N_ch,10,0.1
0.01,0,108.9958602326799,-0.2736192781430889,94.2235722784104,91.5879882414588,k_on,10,0.1
0.01,1,131.8403801131676,0.3824881971348442,97.31270100788016,94.904916583358,k_off,10,0.1
0.01,2,663.8975809577663,-0.1289413996449072,589.2374840019326,577.4555411337083,i,10,0.1
0.01,3,2353.122439650448,-2.29844361395083,2370.74552856949,2362.961766628607,S,10,0.1
0.01,4,1601.258908231516,7.768327952177637,1582.000753119782,1586.866368471372,baseline,10,0.1
0.01,5,331.4136660680499,-0.22461341935089,308.6426261919928,307.1464063175633,N_ch,10,0.1
1,0,69.70708031071918,0.03262176943031302,69.86297063208134,68.70695625101989,k_on,10,0.2
1,1,82.42898733172233,0.5552473039300733,75.40402107849911,73.5290746506522,k_off,10,0.2
1,2,262.949139156897,-0.2316580699038073,264.8060324627462,259.9518048153462,i,10,0.2
1,3,5.74455924153337,-0.2443416540131637,5.754765961426704,6.147721951590748,S,10,0.2
1,4,602.1389071640415,0.3005707931152557,606.4389168162676,645.2514605220769,baseline,10,0.2
1,5,220.3145244021829,0.05024044473402231,221.9401158253382,217.59326510049,N_ch,10,0.2
0.5,0,75.27968696469658,-0.04476173967963338,73.7936244716745,71.28048276638555,k_on,10,0.2
0.5,1,73.18018570339821,0.4462055480839941,71.30584646497007,70.72705839119108,k_off,10,0.2
0.5,2,309.2720620474818,-0.3951395822589323,307.6295051505494,301.1290023935412,i,10,0.2
0.5,3,13.742777600962791,-0.5095921342252068,14.17629190754146,15.57837720380598,S,10,0.2
0.5,4,687.1170255641778,1.15367717028822,693.3950005684306,719.9213836875855,baseline,10,0.2
0.5,5,235.9785072822972,-0.1662275075992263,232.9107527718988,228.3600578306616,N_ch,10,0.2
0.2,0,83.55978454560244,-0.1191812100349432,82.77348766408726,76.89227129121984,k_on,10,0.2
0.2,1,82.62633122688487,0.3593404200839412,79.77634217062436,75.55573372673636,k_off,10,0.2
0.2,2,402.6714538924012,-0.1588567020768452,399.8500089808921,376.9382328747722,i,10,0.2
0.2,3,50.56066823086268,-0.8685548704719726,51.92079648548398,54.73303970614361,S,10,0.2
0.2,4,766.2292917978864,2.324876020435962,756.9764986238464,774.4762808824587,baseline,10,0.2
0.2,5,259.8140250390108,-0.1916534822783138,257.9937533490195,247.606503238764,N_ch,10,0.2
0.1,0,90.92402014765788,-0.1160500628932701,86.29731815452733,80.31605305168044,k_on,10,0.2
0.1,1,93.106609350667,0.4091558702219993,85.02139315070617,79.76449207447313,k_off,10,0.2
0.1,2,459.8829983551311,0.03132948753764764,448.4370147890654,421.9541141625633,i,10,0.2
0.1,3,143.3968117838773,-0.8485115967346366,145.4318203271195,145.2329127564172,S,10,0.2
0.1,4,775.1008344185695,2.958329075947133,787.0498458552009,793.8948566245745,baseline,10,0.2
0.1,5,277.1482821160296,-0.0990069542583677,269.3497424496265,259.4307676222828,N_ch,10,0.2
0.05,0,91.58960519388825,-0.2537880505280465,86.49065907958853,82.2200025642675,k_on,10,0.2
0.05,1,97.67257425965238,0.2841604762402866,85.8261501007997,82.3552628760371,k_off,10,0.2
0.05,2,478.5553777610394,-0.3003486579312101,462.6717412903332,446.3807137785678,i,10,0.2
0.05,3,373.4199999326485,-1.07589766637527,374.7804788089996,371.1543463398257,S,10,0.2
0.05,4,778.3368452952428,3.189751041498137,792.0554276229918,798.4788201664203,baseline,10,0.2
0.05,5,278.3210472467525,-0.3402704897287636,272.5001130863928,266.7149118425383,N_ch,10,0.2
0.02,0,97.11883883785949,-0.02769996211913014,85.46664987551391,83.04048441362173,k_on,10,0.2
0.02,1,105.6049639711873,0.376803691993647,85.68610699487746,83.8603036510818,k_off,10,0.2
0.02,2,527.7303575417906,0.531911132039779,473.7928178108392,462.2380248312846,i,10,0.2
0.02,3,1137.800970211296,-0.8116204659516345,1136.163274647964,1131.337118680345,S,10,0.2
0.02,4,823.8150435287829,4.113845591615908,804.6042496953512,806.8829199653852,baseline,10,0.2
0.02,5,298.608323179619,0.1635366774421373,276.9065524108612,272.3390948575883,N_ch,10,0.2
0.01,0,95.35865215628532,-0.1979331619140023,84.54964688005677,83.34074990527114,k_on,10,0.2
0.01,1,102.6046148295107,0.3661781834388105,84.96963568597839,84.11168838429768,k_off,10,0.2
0.01,2,521.1525101822943,0.00415016019468814,470.699687657226,466.0165077344029,i,10,0.2
0.01,3,2479.302936811121,-0.9191994475472204,2443.086275798038,2440.720513057274,S,10,0.2
0.01,4,802.2415285214406,4.256147183270599,803.2823558452067,805.0825460290736,baseline,10,0.2
0.01,5,292.7998698839295,-0.1918739322329219,275.6339580296139,274.5310780769159,N_ch,10,0.2
1,0,68.62796945572043,0.00570075655850573,68.74420513590513,67.60258802861289,k_on,10,0.5
1,1,79.63503984125114,0.3129907822172773,75.29748477576939,71.85232883309867,k_off,10,0.5
1,2,261.1473506705952,-0.01282286390234987,262.5878264159845,253.2626657408908,i,10,0.5
1,3,6.03143040946292,-0.2506372488865793,6.128340234218717,6.805631632162431,S,10,0.5
1,4,263.8203049338745,0.3526661450614608,264.3631254856531,282.3415989886606,baseline,10,0.5
1,5,219.6977398595539,0.03810066788326553,220.1310946514448,214.1621683005404,N_ch,10,0.5
0.5,0,73.93960908521491,0.05433419596724922,73.3238978106196,69.6014106820026,k_on,10,0.5
0.5,1,71.47674179426984,0.2444405076895588,70.97193025336175,69.42155453592493,k_off,10,0.5
0.5,2,299.4370394909702,0.3586321573216418,304.2619985114765,286.4519255059049,i,10,0.5
0.5,3,16.19087091804412,-0.4169932541714128,16.31819027933413,17.94897012347725,S,10,0.5
0.5,4,300.2433503406907,0.8267064013144616,295.0332387272319,307.2542155482511,baseline,10,0.5
0.5,5,232.0178969261796,0.1944460446349999,233.9359302767657,223.218175374705,N_ch,10,0.5
0.2,0,77.09480086790431,-0.00615709328078236,75.9893260958574,72.72201792487043,k_on,10,0.5
0.2,1,75.21404993522137,0.1637644890223503,73.07055643030517,71.56503106535504,k_off,10,0.5
0.2,2,349.0195694011455,0.1951458119220445,344.0674972411513,330.5437986209823,i,10,0.5
0.2,3,61.86327184460198,-0.6731376899738035,63.50856449097358,65.69370100648507,S,10,0.5
0.2,4,318.9375059114121,1.200237179573139,317.6076447666056,323.8578718987235,baseline,10,0.5
0.2,5,244.7284105430204,0.05906797577254171,241.5316266813187,234.7932386613971,N_ch,10,0.5
0.1,0,78.62019185576156,0.04915907946336019,76.59286553248069,74.12289018144028,k_on,10,0.5
0.1,1,79.5811794770605,0.1294907791569133,74.72346124575752,73.3085311300813,k_off,10,0.5
0.1,2,364.448573005205,0.3584592243022298,358.2144480158495,349.7983191583436,i,10,0.5
0.1,3,173.4537253321568,-0.4178146625327333,172.8041617824619,172.4736483200044,S,10,0.5
0.1,4,328.1995861716849,1.546484792428809,327.4824976949822,329.3430319418231,baseline,10,0.5
0.1,5,247.5117771731559,0.1672430432163566,244.4534902116158,240.2329160269711,N_ch,10,0.5
0.05,0,81.55329255290661,0.1131174817173074,76.57410000668364,74.83411140560564,k_on,10,0.5
0.05,1,81.53921109182347,0.1029294391220181,75.33165094270223,74.41818467070894,k_off,10,0.5
0.05,2,384.0845194205642,0.5173335900600682,365.4131607957451,359.4959594623517,i,10,0.5
0.05,3,433.3928985583976,-0.2984073801423663,419.985852532301,417.4103074921586,S,10,0.5
0.05,4,329.0846935808949,1.706943801591299,331.5754866410903,332.3821610197607,baseline,10,0.5
0.05,5,254.3090111419648,0.2730247663688435,245.382529662859,242.9501087090088,N_ch,10,0.5
0.02,0,81.94810054564864,-0.1764409120327519,76.11912956398034,75.43862563548437,k_on,10,0.5
0.02,1,84.02352129684543,0.22080011664838,75.08988883918236,74.61380636921534,k_off,10,0.5
0.02,2,381.9583427204185,-0.1984073700422927,363.9434234303686,362.3802422348485,i,10,0.5
0.02,3,1185.3914596715,-0.5211379858304072,1194.253201386999,1195.802822746592,S,10,0.5
0.02,4,331.0209245906962,1.798344835001699,333.0671769702017,333.4674988221782,baseline,10,0.5
0.02,5,253.6615835737945,-0.2704902541081717,244.1712739791132,243.55703044088,N_ch,10,0.5
0.01,0,81.97298836395093,-0.03590438133918663,75.5235159274492,75.24270943723113,k_on,10,0.5
0.01,1,82.56827441592414,0.06034252807497979,75.13164783937329,74.96734236337431,k_off,10,0.5
0.01,2,393.4287586218999,0.1637609436094528,366.2414262618515,365.3141758712209,i,10,0.5
0.01,3,2514.545865669693,-0.7226997627727221,2508.010425877036,2514.419049949488,S,10,0.5
0.01,4,341.0462900467201,2.237372724681356,334.7700537420754,335.1744916192009,baseline,10,0.5
0.01,5,258.576394880168,0.06199908144208825,245.5314647185807,245.1200208541628,N_ch,10,0.5
1,0,67.17629045967645,0.06209187605193923,66.0735560296861,65.83338241791348,k_on,10,1
1,1,75.12290890254042,0.1884632946053759,72.4296527822735,69.7310214166688,k_off,10,1
1,2,250.338543778842,0.03314253005406952,249.1804291200107,243.943490692309,i,10,1
1,3,7.179283336803559,-0.1797467234651348,7.131296729843386,7.627987575658936,S,10,1
1,4,147.9723039073301,0.2047212939376973,148.2289390652428,155.0832269544462,baseline,10,1
1,5,214.03516180453,0.0845704880909735,211.4657468891917,208.7710561572374,N_ch,10,1
0.5,0,69.16072003863165,0.06219746317271866,68.17530664336456,67.29642597924304,k_on,10,1
0.5,1,69.87955237097171,-0.01040127705818406,68.6872156358722,67.98193708359558,k_off,10,1
0.5,2,274.022073643156,0.1547826840724972,274.1505478714248,269.0675617575734,i,10,1
0.5,3,19.72462629901455,-0.2948147292275264,19.46838878983589,20.46343727684226,S,10,1
0.5,4,159.2040115173617,0.4956525387510357,159.4401916705666,164.0864382894934,baseline,10,1
0.5,5,220.3122778485102,0.1421274689589919,219.1529581632048,215.9243896945962,N_ch,10,1
0.2,0,70.67297607867738,-6.3247809824509e-4,71.05702423656511,69.18664814318917,k_on,10,1
0.2,1,71.41455733425188,0.1111117644833264,69.17137764738733,68.49951594186189,k_off,10,1
0.2,2,300.1191439226785,0.06840916109958253,300.6067468693931,294.0477087566583,i,10,1
0.2,3,75.07596546614047,-0.2034635113954538,75.78551520160298,75.98276807598053,S,10,1
0.2,4,169.1432966924853,0.5776606104163912,170.256405065886,171.3197424319687,baseline,10,1
0.2,5,225.2428882420727,-0.02297676401227212,226.7015598301093,222.7273746354306,N_ch,10,1
0.1,0,74.00571245120213,0.05997202346382991,70.87984998567697,69.77780228215188,k_on,10,1
0.1,1,73.31554657648235,0.02232685878494983,69.65426945851155,69.24706504237184,k_off,10,1
0.1,2,314.5276147813919,0.220124168556964,307.0027347420107,303.6482897623854,i,10,1
0.1,3,194.9244248629719,-0.3497891092261907,191.857265958646,192.2288386257212,S,10,1
0.1,4,173.0025623072144,0.8284385067218676,172.9467774290805,173.5900498120047,baseline,10,1
0.1,5,233.6048256252266,0.1541290177640993,227.1968475686745,225.4174836454768,N_ch,10,1
0.05,0,74.9542448901036,0.02229917038288314,71.12231918652091,70.2337146838322,k_on,10,1
0.05,1,74.7551964589368,0.1301661950740631,69.97933246325802,69.50567342395252,k_off,10,1
0.05,2,318.8140741364314,0.2238949024115885,309.6009153713331,307.5171591197212,i,10,1
0.05,3,453.3664304129361,-0.0220196414951637,446.7946644719161,445.6751420438761,S,10,1
0.05,4,172.3572920342691,0.6275294378662616,174.7732967299429,174.8580603143459,baseline,10,1
0.05,5,234.480913108425,0.05715595775675679,227.6838750261843,226.2137914013726,N_ch,10,1
0.02,0,74.43554738654089,-0.05433651511192301,70.60536714163256,70.33259352099435,k_on,10,1
0.02,1,72.99274629662247,0.1794440182021905,69.76670585152846,69.66547091598903,k_off,10,1
0.02,2,318.8514595733653,0.07119709816017646,310.657079799461,309.4197813485939,i,10,1
0.02,3,1248.141325021891,-0.2453023193071442,1235.094792812783,1231.763494291668,S,10,1
0.02,4,178.3810872445535,1.048713819735629,175.669108863469,175.7691404777028,baseline,10,1
0.02,5,234.7367042472466,-0.01907427454131383,227.6172591111004,227.0316508917607,N_ch,10,1
0.01,0,72.16743514663996,0.01454074236832576,70.5810149221997,70.32647790148984,k_on,10,1
0.01,1,73.19054629245159,-0.02159779496061167,69.9487911915169,69.93028183662861,k_off,10,1
0.01,2,311.2516213254685,0.00125473087511989,310.3650851885261,309.7111172752712,i,10,1
0.01,3,2585.033819191106,-0.1632434147048408,2553.563914071341,2553.402689024231,S,10,1
0.01,4,175.8686734311997,0.9362317654987916,175.3194977242727,175.4403708374024,baseline,10,1
0.01,5,225.2352018382749,-0.0142935187082798,227.3478360810821,226.9746883700048,N_ch,10,1
1,0,45.4083136003989,-0.0078893500469168,46.33943843885516,46.10248785269515,k_on,10,10
1,1,50.5869826848116,0.04508496123369569,50.34487119339965,49.30575044016565,k_off,10,10
1,2,159.7056180795645,0.00672013068314211,162.5316248748527,160.117334407867,i,10,10
1,3,13.49029394295671,-0.05665625335782486,13.43861020289718,13.86182910781229,S,10,10
1,4,26.19991665417501,0.07260611683947603,26.4457611487292,26.72594584838879,baseline,10,10
1,5,145.8763663541614,-0.00388086335826403,148.7525339327211,147.2493088086429,N_ch,10,10
0.5,0,47.38532021306506,-0.04384697712310243,46.26466300091254,46.48334431311224,k_on,10,10
0.5,1,50.0573691068164,0.02431899974192735,49.25597192612519,49.0377979407474,k_off,10,10
0.5,2,169.6283710378607,-0.03902482871044893,165.003958913221,164.4948928866176,i,10,10
0.5,3,35.50662044460417,-0.04189597892950769,34.83256921907796,35.156464868212,S,10,10
0.5,4,26.18987645805543,0.05964895563352569,26.96531875113884,27.02252859051672,baseline,10,10
0.5,5,152.8862592276809,-0.0310610782494432,149.2250682978262,149.2619385550989,N_ch,10,10
0.2,0,46.33762014133647,-0.0401220065523515,46.89770414515012,46.83513797900807,k_on,10,10
0.2,1,49.60458616558049,0.03198573870569809,48.82736963292307,48.83345814694699,k_off,10,10
0.2,2,167.8993242967063,-0.02537360102264513,167.1541405072319,167.095511629463,i,10,10
0.2,3,108.9679270633728,-0.2286384068411604,108.2713557007774,109.1675190390528,S,10,10
0.2,4,26.91406692405927,0.06332103435038706,27.04120430782122,27.19596344647099,baseline,10,10
0.2,5,149.95554961818,-0.04300403492943904,150.2918435348853,150.2994264704068,N_ch,10,10
0.1,0,47.29579008428838,-0.038322389863186,46.79192821157842,46.91232678497385,k_on,10,10
0.1,1,49.18138523498167,0.07377641820841854,48.70504955431129,48.72296705479348,k_off,10,10
0.1,2,168.8129168208231,-0.1038511644917918,166.9550592642843,167.6119529679355,i,10,10
0.1,3,240.5159171730545,0.00636214989302488,239.2535250346433,239.0262436769122,S,10,10
0.1,4,27.38686746057452,0.06556108805905281,27.25191796625793,27.24985623526194,baseline,10,10
0.1,5,151.4894134280943,-0.07555649165672838,150.0713517223624,150.4908275857183,N_ch,10,10
0.05,0,46.53327723367622,0.1105999305202856,46.88182201488674,46.90613265701667,k_on,10,10
0.05,1,48.61280103059565,-0.02916473543259826,48.82271572127851,48.82513477177599,k_off,10,10
0.05,2,169.2541454447464,0.2371175312665574,168.6226703860442,168.6249308503486,i,10,10
0.05,3,506.679597961184,-0.05959216444626405,501.0374206329053,502.5402130699433,S,10,10
0.05,4,27.61314054617363,0.01811999826833202,27.29949912042824,27.28591221947718,baseline,10,10
0.05,5,150.5317840828212,0.1987855481017135,150.8715055104676,150.9219273041846,N_ch,10,10
0.02,0,48.12495619716648,-0.1345119911056623,47.0006939579585,46.98487491517557,k_on,10,10
0.02,1,49.51591676076432,0.08834289090385848,48.65073193827755,48.62145122761828,k_off,10,10
0.02,2,171.4773745333216,-0.1277237062911147,167.3484813906239,167.478037306791,i,10,10
0.02,3,1276.043410564193,-0.1420378268533197,1294.285496393228,1296.756310327632,S,10,10
0.02,4,27.29166076928097,0.1413077016658415,27.27156521719137,27.29746739504792,baseline,10,10
0.02,5,153.9318432228451,-0.15226717754762,150.3540678088965,150.3277606552362,N_ch,10,10
0.01,0,47.18694836222164,-0.06565519129494073,47.02157611846126,46.97239762817307,k_on,10,10
0.01,1,48.49067145112357,0.01714499398958922,48.74615720080309,48.72666477349217,k_off,10,10
0.01,2,168.3694385956759,-0.1308452880650584,167.8243934046405,167.6180726015378,i,10,10
0.01,3,2699.903808067985,0.05678709535977058,2622.704865628795,2621.779562637445,S,10,10
0.01,4,26.68222247097228,-0.00351657007922551,27.27039770936922,27.28183972369941,baseline,10,10
0.01,5,150.8628787756237,-0.1084653432925128,150.6177165560748,150.439678744661,N_ch,10,10
1,0,11.90945932860393,0.02726579091368469,12.10619584181301,12.08725917288194,k_on,10,100
1,1,13.3194010432053,-4.858025384817479e-5,13.46087101240893,13.41377294467382,k_off,10,100
1,2,39.68116188245371,0.05038501938251591,40.20535998038685,39.99232408835016,i,10,100
1,3,23.65479631759838,0.05184329887997179,23.4323887394625,23.091095845949422,S,10,100
1,4,4.599656694646891,0.00428814977105413,4.595402944677287,4.573095185682583,baseline,10,100
1,5,38.83428227970013,0.04955590076294175,39.32938329639432,39.20974069365076,N_ch,10,100
0.5,0,12.52385227247124,0.0281414725906783,12.41375491222995,12.28035392659873,k_on,10,100
0.5,1,13.49391896082155,-0.02699765285082861,13.58341097909225,13.54816841011639,k_off,10,100
0.5,2,41.18825778046654,0.06769802683007184,41.13902378637047,40.76063804739083,i,10,100
0.5,3,48.82701433866279,0.08674832047034264,49.03399769948322,48.70949988511068,S,10,100
0.5,4,4.728820228236525,-0.01542361758022152,4.594322562238877,4.574572505574027,baseline,10,100
0.5,5,40.28799968971529,0.0561113795596962,40.20872757093125,39.87075250676608,N_ch,10,100
0.2,0,12.27195550217717,-0.00198925188252416,12.3397750723742,12.38480879931269,k_on,10,100
0.2,1,13.51576837464474,-0.05294351546289715,13.5832553025133,13.58825816252164,k_off,10,100
0.2,2,41.09001578609653,0.01391704665594246,40.89019505643294,41.03322711787399,i,10,100
0.2,3,126.8760660419845,-0.1808694741432364,125.9761964343909,127.4464548115441,S,10,100
0.2,4,4.523961095823908,-0.00312167406032252,4.558389270888101,4.574875264825794,baseline,10,100
0.2,5,39.97081583949129,0.01668061868014591,39.9853253254791,40.10310267763553,N_ch,10,100
0.1,0,12.45641535989187,-9.213650051870324e-5,12.44702924085854,12.40184621180873,k_on,10,100
0.1,1,13.83938588647125,0.00433890251179455,13.62956308456189,13.56491625124495,k_off,10,100
0.1,2,41.58160459818227,0.02958343092050248,41.22013652707977,41.10496107695368,i,10,100
0.1,3,257.6306667104494,0.2789309827917163,260.3860770474214,259.6732822491526,S,10,100
0.1,4,4.66488084114054,-0.02231203198577856,4.586247350596606,4.576047448316103,baseline,10,100
0.1,5,40.61050497937391,0.01992351509818954,40.27277998310281,40.15047770831221,N_ch,10,100
0.05,0,12.23510846294062,-3.6939952227408e-4,12.42437532793495,12.410059018018,k_on,10,100
0.05,1,13.70254200403022,-7.4810346809729e-4,13.57836950108051,13.57128514097472,k_off,10,100
0.05,2,40.72248418115372,-0.01224474573192377,41.13149307842039,41.08591301760044,i,10,100
0.05,3,542.2981416255348,-0.2181705417304319,524.0143388164743,524.5840364982795,S,10,100
0.05,4,4.591063858088393,-0.0086249971297564,4.570211890563886,4.575707408963757,baseline,10,100
0.05,5,39.70491081635604,-0.01264391599198348,40.18990301754555,40.14667267736171,N_ch,10,100
0.02,0,12.10119858483462,-0.02433113789521997,12.42091928148261,12.41304694444175,k_on,10,100
0.02,1,13.39975283996214,0.02504561208111833,13.56034208404432,13.55985811205538,k_off,10,100
0.02,2,40.38337737594088,-0.04960039153837486,41.10276623282704,41.06029025661697,i,10,100
0.02,3,1309.038725189335,8.4598585568684e-4,1323.295002058663,1319.75778590834,S,10,100
0.02,4,4.543933818891694,0.00672032350509175,4.575654821048421,4.57595884804044,baseline,10,100
0.02,5,39.35382988096755,-0.0483844816970762,40.17391306082472,40.13424628478546,N_ch,10,100
0.01,0,12.54059366345225,0.06086639897990809,12.39502924065003,12.40023565872247,k_on,10,100
0.01,1,13.86306712902611,-0.06121010804028208,13.5759670212056,13.58913125003749,k_off,10,100
0.01,2,41.84833967524635,0.1077488646434373,41.16610351485988,41.19762314852846,i,10,100
0.01,3,2674.891121257773,-0.4958406230015562,2644.261859011795,2645.192344216342,S,10,100
0.01,4,4.566423187821744,-0.03449718972831131,4.573350594731107,4.575628198831792,baseline,10,100
0.01,5,40.80758126091128,0.10552073105286951,40.17465537010329,40.20241815649209,N_ch,10,100
1,0,1.460828038685724,0.00582705633459206,1.450838667435422,1.454040770562322,k_on,10,1000
1,1,1.628805755248306,0.00199951411309338,1.623793017964815,1.627017332773137,k_off,10,1000
1,2,4.75101353613204,0.00923633675762932,4.723419627463317,4.741063972568347,i,10,1000
1,3,26.35712815032592,-0.00442463064252166,26.07546898597966,26.08874556197524,S,10,1000
1,4,0.5128766807087543,-6.8509431087232e-4,0.5209874870877205,0.5212721957891616,baseline,10,1000
1,5,4.739177430181138,0.0091946075134797,4.713871317443394,4.729687485857108,N_ch,10,1000
0.5,0,1.519106867877142,0.01200288505499502,1.479938519716222,1.480209935288006,k_on,10,1000
0.5,1,1.667881937661569,-0.00419868103143071,1.643026427957605,1.644888549182808,k_off,10,1000
0.5,2,4.956133934982629,0.02333599074535332,4.827318602955928,4.831234094587948,i,10,1000
0.5,3,51.56108457429865,-0.01658939479935755,51.98447973353935,52.49860623418565,S,10,1000
0.5,4,0.5132230053504676,-0.00188751704364998,0.5208795269418035,0.5212749309704443,baseline,10,1000
0.5,5,4.943661671737665,0.02211507619295675,4.813273413371378,4.817739361350513,N_ch,10,1000
0.2,0,1.452590363063818,0.02141733027814536,1.498651148511694,1.493534455149921,k_on,10,1000
0.2,1,1.627633036261799,-0.02375075471459736,1.656947153421917,1.651169518560688,k_off,10,1000
0.2,2,4.744086610518676,0.04192701236364828,4.881925191955174,4.864980717798374,i,10,1000
0.2,3,131.2983331072497,0.1306337493754554,133.1183070059914,131.9420245753867,S,10,1000
0.2,4,0.5142044053728727,-0.01449989123317335,0.5223931920960773,0.5212734752150339,baseline,10,1000
0.2,5,4.728899721888176,0.04165247409265563,4.866413157587976,4.849789719511547,N_ch,10,1000
0.1,0,1.49286997703951,0.00632345261810761,1.499035386694467,1.496272491287539,k_on,10,1000
0.1,1,1.680196060840123,-0.00432663947368904,1.651603703212068,1.65110774580126,k_off,10,1000
0.1,2,4.898183714338455,0.0115280774566195,4.875754890246657,4.867306366727799,i,10,1000
0.1,3,260.0315639624809,0.0485609756282934,264.2729748105094,264.4553858342281,S,10,1000
0.1,4,0.5297504621357141,-0.00558043357662956,0.5214561544936371,0.5212743576447711,baseline,10,1000
0.1,5,4.872617366746315,0.01003446662644501,4.861597630654736,4.853219596354655,N_ch,10,1000
0.05,0,1.513590572455263,-0.00783976474633093,1.496528652399468,1.497078239473499,k_on,10,1000
0.05,1,1.652097147643917,0.00866655011830241,1.651851289304414,1.650730199151998,k_off,10,1000
0.05,2,4.898188927228183,-0.01559437619537133,4.866568001715615,4.865814017348526,i,10,1000
0.05,3,530.578295847094,0.2134789197767216,530.3688739576799,529.5319077968347,S,10,1000
0.05,4,0.5129615847822735,0.01127520183266863,0.5217161181570771,0.5212754122847811,baseline,10,1000
0.05,5,4.889298843310232,-0.01525315639508617,4.853883034795285,4.853114034969338,N_ch,10,1000
0.02,0,1.514554134603162,-0.01042684347119912,1.496886028166811,1.497232048869615,k_on,10,1000
0.02,1,1.711899001859846,0.00701331753799748,1.649660091092795,1.650513880219321,k_off,10,1000
0.02,2,4.935550858500073,-0.02186761737124463,4.863912771037727,4.865164726543643,i,10,1000
0.02,3,1332.775453147601,-0.1339894738328434,1322.74818220103,1324.805270314322,S,10,1000
0.02,4,0.5452178367611134,-0.00525305711373686,0.521102848594786,0.5212754852842316,baseline,10,1000
0.02,5,4.925755847220921,-0.022637972351318002,4.852020199503551,4.852931693568478,N_ch,10,1000
0.01,0,1.473303758506753,0.01971736145897168,1.497560149579588,1.496588398677156,k_on,10,1000
0.01,1,1.639622777746948,-0.00899780392894594,1.652267138100619,1.651339249232402,k_off,10,1000
0.01,2,4.83630063480825,0.034243563764335,4.876228481246725,4.871962469334417,i,10,1000
0.01,3,2700.43648539331,0.03412272846679137,2651.61579757659,2650.275806510343,S,10,1000
0.01,4,0.5205622330076402,-0.00610501471274534,0.5212374606845148,0.5212761141273085,baseline,10,1000
0.01,5,4.809698585102478,0.03415670404678717,4.860267899661167,4.856345211164955,N_ch,10,1000
1,0,0.1535173359780272,-0.00103190234592684,0.1515353195124332,0.148452807241487,k_on,10,10000
1,1,0.1699466390876646,0.00403716535129707,0.1689606650441669,0.1662490821223058,k_off,10,10000
1,2,0.4993353803417445,-0.00245898198420843,0.4937455650058886,0.4830875070554955,i,10,10000
1,3,27.37387731733186,0.1108293483725217,27.04377880008568,26.46640350060209,S,10,10000
1,4,0.05327814064370728,7.3190335899527e-4,0.05343014291371566,0.05292774978065209,baseline,10,10000
1,5,0.4993301398001254,-0.00262312425389347,0.4937471781751417,0.4829720248711872,N_ch,10,10000
0.5,0,0.1524111397483848,0.00511173150352433,0.151680054689694,0.1511711739617564,k_on,10,10000
0.5,1,0.1690360673914454,-0.00343571182409184,0.1675831793858825,0.1681032252986154,k_off,10,10000
0.5,2,0.4947119705160818,0.00917800218063533,0.4932145369069106,0.4922026171900257,i,10,10000
0.5,3,53.71426366799263,0.02555475760917902,53.24831415230346,52.96579239489015,S,10,10000
0.5,4,0.05348250501413252,-0.00226128507583608,0.05298190645515032,0.05292774809665549,baseline,10,10000
0.5,5,0.4945375060607439,0.00913861854230014,0.4929808841612155,0.4920360369557026,N_ch,10,10000
0.2,0,0.1569823274995887,-0.00499879970911226,0.1532915763357095,0.1525646255773319,k_on,10,10000
0.2,1,0.1722335613443098,0.00449719818932526,0.1691841351340319,0.1685886652410168,k_off,10,10000
0.2,2,0.5099908703675821,-0.00900316233077209,0.4977208562698637,0.4952431272979765,i,10,10000
0.2,3,131.5369014424846,0.1313535601861696,132.3260990812488,132.4857135328237,S,10,10000
0.2,4,0.05327555855544615,0.00496397677811166,0.05304183710182788,0.0529277556674428,baseline,10,10000
0.2,5,0.5099476869288736,-0.00917129353368883,0.4976604841024794,0.4951480706399931,N_ch,10,10000
0.1,0,0.1558454359197849,6.8515510687979e-4,0.1533796516486701,0.152786971007901,k_on,10,10000
0.1,1,0.1741020723509841,-0.00177571045054247,0.169529270759738,0.1686983462588738,k_off,10,10000
0.1,2,0.5070589613594768,0.0035126976054066,0.4980345509488758,0.4958553188750209,i,10,10000
0.1,3,263.8700030636227,0.285469801282133,266.6089390759871,265.0297298720874,S,10,10000
0.1,4,0.05309514494900595,1.3413673451558e-4,0.05305285131708638,0.05292775393678361,baseline,10,10000
0.1,5,0.5068848699261054,0.0033643481564093,0.497886730004402,0.4956972261639386,N_ch,10,10000
0.05,0,0.1519380465843522,-5.7365832194231e-4,0.152973436096304,0.1528662268333876,k_on,10,10000
0.05,1,0.1682730946945224,3.7584742787245e-4,0.1687570726324295,0.1687363354783371,k_off,10,10000
0.05,2,0.4932665840530292,-0.00130410846529316,0.4962499906426712,0.495929626479606,i,10,10000
0.05,3,529.3502190459711,0.146051336127604,530.4546000516141,530.1227851949275,S,10,10000
0.05,4,0.05284213717980116,1.4720754390715e-4,0.0529562103161467,0.05292774775575348,baseline,10,10000
0.05,5,0.4933445078784994,-0.00123757924254846,0.4961459871150497,0.4957967454981047,N_ch,10,10000
0.02,0,0.1530989603207238,0.0013519256816625,0.1528876288480406,0.1528729003004126,k_on,10,10000
0.02,1,0.1692444062287445,-0.00127065594590426,0.168630557306488,0.1687408530176087,k_off,10,10000
0.02,2,0.4953691073942865,0.00224638610880777,0.4959112133243406,0.4960032031721908,i,10,10000
0.02,3,1324.558590729996,0.07519787815676761,1324.568777148062,1325.406354463086,S,10,10000
0.02,4,0.05283567031804157,-0.00157334209343964,0.05292927313005446,0.05292774999533891,baseline,10,10000
0.02,5,0.4955380995421693,0.00218609957889474,0.4957513951552508,0.4958502721389195,N_ch,10,10000
0.01,0,0.1561155143885358,0.00232799301088321,0.1528105116497848,0.1528734710105283,k_on,10,10000
0.01,1,0.1724523948071223,-0.00136004630807675,0.168559501433057,0.1687347553798207,k_off,10,10000
0.01,2,0.5045030411041203,0.00304399707490173,0.49570747526771,0.4960180260972872,i,10,10000
0.01,3,2586.688019097251,-0.7589979039926139,2650.7314923821,2650.880493600741,S,10,10000
0.01,4,0.05347804113833757,-4.646186801112487e-5,0.05288750495706743,0.05292775137355071,baseline,10,10000
0.01,5,0.5044946135949371,0.0029938883636177,0.4955527603562579,0.4958602617392058,N_ch,10,10000
1,0,136.3627218777804,0.05128125358901472,137.908624519975,137.5569526418442,k_on,20,0.05
1,1,150.972455702765,0.610158722915722,144.8645346570966,142.5734001352003,k_off,20,0.05
1,2,473.9893398773868,-0.3397245165138771,480.8835802485378,473.2269232539509,i,20,0.05
1,3,5.394690581970248,-0.07760912634135829,5.362031513929245,5.390538397386416,S,20,0.05
1,4,2147.382427346089,0.2319073672835588,2162.235508172206,2214.038534831735,baseline,20,0.05
1,5,427.0705004040869,0.04452520598063792,432.5866162899783,427.4959617835222,N_ch,20,0.05
0.5,0,141.2639874246165,0.2617629266948058,143.0368490088404,140.8012719687492,k_on,20,0.05
0.5,1,142.85609579941,0.2096892685395627,142.2219983408186,140.5041432248913,k_off,20,0.05
0.5,2,538.3850624773099,-0.01914615502625705,540.7203332813446,524.8807399532546,i,20,0.05
0.5,3,11.67299520555259,-0.4140677423562518,11.50017041706827,12.20022989736326,S,20,0.05
0.5,4,2333.034778808891,0.2455639308343759,2326.485032900053,2436.107293461915,baseline,20,0.05
0.5,5,447.3222263417219,0.4840713635801013,451.4967557075478,441.2939892395021,N_ch,20,0.05
0.2,0,164.2566809365467,-0.1107992517617916,159.119512013564,150.6621976663847,k_on,20,0.05
0.2,1,176.7598377600967,0.579912360895486,173.5872744573744,153.1146638798016,k_off,20,0.05
0.2,2,716.3424247121397,-0.2438127474798331,697.8596864377358,655.4918019964961,i,20,0.05
0.2,3,34.97518609427211,-1.077962359854166,35.5190836664475,38.56621725503204,S,20,0.05
0.2,4,2615.024254342397,2.004275193829637,2556.864935965689,2660.783179469701,baseline,20,0.05
0.2,5,503.2496107752484,-0.1922351979531653,490.482743446579,472.8960322371522,N_ch,20,0.05
0.1,0,179.9680362870205,0.168665578148688,179.1092191439422,162.525917487895,k_on,20,0.05
0.1,1,219.0769947852964,0.4280462280994339,207.1403891054668,171.4998244705098,k_off,20,0.05
0.1,2,921.2039357405904,0.4901416353496102,918.021725354782,815.2098915724633,i,20,0.05
0.1,3,90.05220269446563,-1.109253850159402,94.98023717859073,95.94265908647152,S,20,0.05
0.1,4,2674.031116307994,3.744558253556915,2685.952522777486,2731.331099706145,baseline,20,0.05
0.1,5,547.633564309467,0.3288483589439398,546.9823486129848,511.3467319434531,N_ch,20,0.05
0.05,0,202.6367997825434,-0.1303058879259229,200.5173854233844,175.5854623845441,k_on,20,0.05
0.05,1,257.3278838571433,0.5947858388961013,223.8129685615056,186.661522767541,k_off,20,0.05
0.05,2,1147.008875195227,0.09305425866364096,1134.420573440233,973.081098915424,i,20,0.05
0.05,3,251.4518431112602,-1.566959872457397,257.6237924662398,249.8285568119481,S,20,0.05
0.05,4,2741.676373081518,5.340733214838531,2732.427428191979,2761.531904313422,baseline,20,0.05
0.05,5,599.5582853233306,-0.1623603415970659,600.7318267795343,549.6820733870122,N_ch,20,0.05
0.02,0,219.9449357876361,-0.3500590897337148,204.1573949308435,184.987600786785,k_on,20,0.05
0.02,1,285.5337774646039,0.8703922876864104,220.4084773095616,197.1629852953558,k_off,20,0.05
0.02,2,1347.887820319151,-0.055076899416414,1215.573650278483,1084.171980023835,i,20,0.05
0.02,3,924.2514132292146,-1.570215153272919,923.069468790852,890.1450401763758,S,20,0.05
0.02,4,2782.74261810176,7.555672350318295,2758.980323239061,2772.976915346638,baseline,20,0.05
0.02,5,643.2183981154762,-0.4792487281786187,617.8108137571319,576.6141835215958,N_ch,20,0.05
0.01,0,231.0902385015076,-0.00844762952465491,199.1456739713956,187.3722878392711,k_on,20,0.05
0.01,1,291.7747400065,0.578605369642975,214.1609199669756,201.2602747115025,k_off,20,0.05
0.01,2,1435.184613510985,0.6033193766140375,1203.691665512875,1121.352805307421,i,20,0.05
0.01,3,2142.39033237834,-1.153535646769022,2172.904100208216,2129.38134869963,S,20,0.05
0.01,4,2841.014642441363,9.188466629931687,2771.607120888629,2776.496737962884,baseline,20,0.05
0.01,5,680.5005302733199,0.1149399797684033,612.5900171431018,586.3448477829328,N_ch,20,0.05
1,0,140.7604778101968,-0.04554280370800519,137.8545080612743,137.47177042178,k_on,20,0.1
1,1,156.8199026571966,0.5672472121738455,145.5408331482389,142.0947165500042,k_off,20,0.1
1,2,483.3309685997126,-0.3641601687400482,475.4649355460434,472.0242938013512,i,20,0.1
1,3,5.287464036916178,-0.1338593247623996,5.283189928231486,5.482466364946466,S,20,0.1
1,4,1088.99021237525,-0.08994366516793376,1086.889669956428,1134.127653154853,baseline,20,0.1
1,5,434.6533623667945,-0.08894669421485583,429.2421377588317,426.9352824543647,N_ch,20,0.1
0.5,0,144.1520243665329,-0.0591306166130833,142.8311012045969,140.9020345073963,k_on,20,0.1
0.5,1,146.4277771331047,0.3240944053279902,141.2301449233485,139.7179637497837,k_off,20,0.1
0.5,2,535.6474071481924,-0.3019582493522454,531.1554421552956,521.8492490844293,i,20,0.1
0.5,3,11.88490747563934,-0.4438676881263708,11.91965487944959,12.80672677629325,S,20,0.1
0.5,4,1171.455263514951,0.695524666155126,1191.03875869827,1245.490801158287,baseline,20,0.1
0.5,5,452.1722958891785,-0.0045847370411242,446.8792702171997,440.5207744383414,N_ch,20,0.1
0.2,0,156.5990615836226,0.161544873195307,157.3242423723245,149.1875133083569,k_on,20,0.1
0.2,1,168.8251627530332,0.1988977395594145,163.6755762161872,150.6829625453752,k_off,20,0.1
0.2,2,689.8443733194499,0.4066792507388067,681.1472450570935,640.045004577652,i,20,0.1
0.2,3,39.647953351635,-0.9608596803753088,39.30979073889717,42.0962006783596,S,20,0.1
0.2,4,1291.145353468269,1.785703573269983,1292.950465018569,1338.789345495669,baseline,20,0.1
0.2,5,489.8284783803859,0.330777934632121,487.9974532805047,469.8192807103693,N_ch,20,0.1
0.1,0,175.3244232870614,0.01844008907927313,171.8060872079147,158.7680659812189,k_on,20,0.1
0.1,1,195.3181323776053,0.2857595765869834,182.5726023972086,162.6541395283664,k_off,20,0.1
0.1,2,830.2760119756708,0.2542020061230792,828.3394237918695,759.986270645416,i,20,0.1
0.1,3,104.7874040484548,-0.8712849542819423,107.6158507630622,108.0898389005711,S,20,0.1
0.1,4,1364.11814119357,2.5780722982327,1352.124186310429,1369.135828765554,baseline,20,0.1
0.1,5,530.4744047661292,0.09637721094158667,524.3736983730546,499.1615617867784,N_ch,20,0.1
0.05,0,188.2926413288509,-0.1304828656952093,181.194957945386,166.172405225878,k_on,20,0.1
0.05,1,210.2164990698061,0.4913551940069222,188.09024940427,171.3671996414854,k_off,20,0.1
0.05,2,952.6128423768124,0.0660340167920545,934.959224422174,849.7194576915858,i,20,0.1
0.05,3,283.8856084837154,-0.9591599436104494,293.8251760334091,287.8045705925344,S,20,0.1
0.05,4,1404.760657999137,3.580877109122794,1373.288545166019,1384.328742289859,baseline,20,0.1
0.05,5,556.525944377298,-0.1973143434644029,550.9943242617898,521.1279007553388,N_ch,20,0.1
0.02,0,197.0497703088231,-0.2819738146122192,179.8433411744325,170.8642688179789,k_on,20,0.1
0.02,1,229.6215396532549,0.5236255260351115,186.3821116183811,176.8648901357041,k_off,20,0.1
0.02,2,1042.904319526901,-0.1140890920176163,955.7612055371494,904.3609750143488,i,20,0.1
0.02,3,968.274816807692,-0.7608232098330422,1001.937921792485,984.1055375361055,S,20,0.1
0.02,4,1437.713897059837,5.308741493731758,1392.197557750652,1393.314607728821,baseline,20,0.1
0.02,5,582.0172950710147,-0.4149738557661529,551.4452423132394,534.3684369026221,N_ch,20,0.1
0.01,0,198.886622687296,-0.03034780665776733,177.0867651558231,171.7079343862294,k_on,20,0.1
0.01,1,229.9535107671906,0.2391776057417324,184.2470997900701,179.0470134316018,k_off,20,0.1
0.01,2,1090.945702649017,0.524317040005194,954.9302502913584,922.4560976995584,i,20,0.1
0.01,3,2348.967429766608,-0.5492039738887761,2277.070468249289,2259.664595516959,S,20,0.1
0.01,4,1437.60014950362,5.513106907343457,1392.993050658195,1395.612273813295,baseline,20,0.1
0.01,5,596.122695769646,0.1817142622713909,550.29488265792,539.1947813643111,N_ch,20,0.1
1,0,140.6519275970125,0.05693429845693382,138.2057391613421,137.0126491639204,k_on,20,0.2
1,1,153.5698162055628,0.2811544543990197,145.0329939707262,141.5301736753298,k_off,20,0.2
1,2,483.0288337337219,-0.03536527898536683,482.3495538086608,469.9459289455107,i,20,0.2
1,3,5.41159993493331,-0.1257511119512065,5.438341641756808,5.635642702013007,S,20,0.2
1,4,565.2401554506623,0.1723978353073872,565.4564845599643,585.5935619284603,baseline,20,0.2
1,5,435.7505203413148,0.1515382301780727,434.364069477352,425.8473356553427,N_ch,20,0.2
0.5,0,140.5445207039565,-0.08444711581874181,142.7999195745936,140.5079947414051,k_on,20,0.2
0.5,1,139.6735949675918,0.4699357114583534,140.0638845151422,138.8135772452208,k_off,20,0.2
0.5,2,508.90256133717,-0.2571023819231151,524.3515363174565,517.0067845114266,i,20,0.2
0.5,3,12.73564004980625,-0.3615130490200136,12.854882749759,13.66172539660827,S,20,0.2
0.5,4,616.6266069846138,0.6991697604800555,620.313241966287,639.349443482154,baseline,20,0.2
0.5,5,432.6458006041042,-0.1335326344418465,443.9291750041261,439.0033300702813,N_ch,20,0.2
0.2,0,155.6350864652625,-0.04621791665446348,154.2634290893676,147.79439819415,k_on,20,0.2
0.2,1,162.6743846547077,0.09934268534427976,154.9368325955635,147.1362334892083,k_off,20,0.2
0.2,2,645.4161028445692,0.00844542051143389,643.6761849670825,617.254212311956,i,20,0.2
0.2,3,45.27424377436069,-0.5844160591536298,45.25756600668937,46.88908199165828,S,20,0.2
0.2,4,662.1713232384993,1.47826003124832,665.5904289088945,678.2125651896521,baseline,20,0.2
0.2,5,480.4793773895354,-0.05738897287798835,476.3059874752252,464.4546752194222,N_ch,20,0.2
0.1,0,162.9669342403033,-0.00920574084564482,162.8994074871202,153.7995116676968,k_on,20,0.2
0.1,1,174.5637523415986,0.1834177646851359,164.6224368247639,154.6352149635934,k_off,20,0.2
0.1,2,741.8319789989023,0.2667331586433775,741.1645320941293,695.7502654878081,i,20,0.2
0.1,3,118.8389052583141,-0.7287176690104686,122.4831323306769,124.0965113612243,S,20,0.2
0.1,4,675.0738179313785,2.164942511927834,684.2864322725311,691.9028439113831,baseline,20,0.2
0.1,5,505.8262574168946,0.09018861491201632,502.7006466664443,484.028643896686,N_ch,20,0.2
0.05,0,171.6777015157634,0.3140534509033071,165.1090431048251,157.1284298981393,k_on,20,0.2
0.05,1,185.1595186071388,-0.05878563579235219,167.0579914257443,159.850531103943,k_off,20,0.2
0.05,2,803.4240219080518,0.6544665544446028,783.8589539049925,743.4395890974373,i,20,0.2
0.05,3,326.287241994879,-0.9437176123196676,331.7858121675589,329.1617334039931,S,20,0.2
0.05,4,710.4548934896454,2.071442328291448,692.1003533463138,697.132651341272,baseline,20,0.2
0.05,5,526.2094393649335,0.4968490964966068,511.2615505077617,496.1263120702247,N_ch,20,0.2
0.02,0,172.2829519918006,-0.2114704394405593,163.7141476089881,159.8932728767065,k_on,20,0.2
0.02,1,190.6570598546457,0.3546650825859633,165.6194690688275,162.0735338489307,k_off,20,0.2
0.02,2,818.668152183621,0.01194937829779604,787.1131521204878,768.4838416243547,i,20,0.2
0.02,3,1088.56408860011,-0.7013907056154077,1069.995215072103,1064.845126061849,S,20,0.2
0.02,4,700.6138971218088,3.096961531294003,704.5416568770431,706.6038482680037,baseline,20,0.2
0.02,5,520.5099712275355,-0.2253869660150819,508.550165440378,501.9190626148981,N_ch,20,0.2
0.01,0,178.8927851182197,0.00161234704618577,162.6648595956037,160.3544820874189,k_on,20,0.2
0.01,1,194.4603575276204,0.1974800187230471,165.5000460532484,163.3612480242764,k_off,20,0.2
0.01,2,856.9116724696777,0.5661542798691575,789.3383209330791,777.269202999087,i,20,0.2
0.01,3,2367.706697271326,-0.04628320101980957,2367.148180777753,2361.97637554862,S,20,0.2
0.01,4,720.6984717150851,3.358347257830039,703.9424543802488,703.9301384397858,baseline,20,0.2
0.01,5,539.8327073180525,0.1691714936139399,508.9154268459577,504.2688025755751,N_ch,20,0.2
1,0,138.2773186265325,0.1660002628481649,137.3371570991415,135.843902859543,k_on,20,0.5
1,1,147.4206956450702,0.07430415304106686,143.5451050643561,140.0192858761219,k_off,20,0.5
1,2,470.5145841169301,0.2723959186931916,471.9323121394308,464.5237614687653,i,20,0.5
1,3,5.72709248568352,-0.1368871276967249,5.784195094283306,6.033013396273102,S,20,0.5
1,4,240.0898403015336,0.2477234274560423,239.5927478149765,249.6801188377842,baseline,20,0.5
1,5,429.0269858517879,0.3304310537945977,427.7813307388328,422.6371215330455,N_ch,20,0.5
0.5,0,142.728033281196,0.119922862280381,141.4027397935305,138.7971802440831,k_on,20,0.5
0.5,1,139.8253743112803,0.1415261831058745,139.0677554522334,137.8542645003922,k_off,20,0.5
0.5,2,522.7636239463836,0.2741831070310761,521.4133239136979,505.9121382558952,i,20,0.5
0.5,3,14.43155191055654,-0.2582731668683684,14.63352073614061,15.45590554232346,S,20,0.5
0.5,4,257.0802255067192,0.5141422123793042,261.5739855458253,267.6881002818133,baseline,20,0.5
0.5,5,446.9495304084234,0.2289251314296805,443.2317383402328,434.7119982098326,N_ch,20,0.5
0.2,0,145.7288159945768,0.09284790360261289,148.2948359791677,143.880648493171,k_on,20,0.5
0.2,1,146.4136534031767,0.1115503058186231,145.0321007745719,142.10906601901,k_off,20,0.5
0.2,2,582.0795197426892,0.1975230960577804,592.8753819389831,575.1171057242439,i,20,0.5
0.2,3,52.84427932582239,-0.4372922325147654,54.07652679077802,55.87461239191775,S,20,0.5
0.2,4,269.3007532178968,0.787795677042645,275.5758205545283,280.4463667672192,baseline,20,0.5
0.2,5,454.1280516602749,0.08139358583241901,461.724118863622,452.9939103035075,N_ch,20,0.5
0.1,0,152.8039347579446,0.07734101008372088,152.5212702050289,146.8718457571529,k_on,20,0.5
0.1,1,154.5858202320717,0.1843167800024273,148.5863541994059,145.4371634691577,k_off,20,0.5
0.1,2,639.23162638846,0.4558872246313188,636.0084622406134,611.5742127369086,i,20,0.5
0.1,3,148.5821858592202,-0.3877298802511941,150.6032084348198,150.4745718662882,S,20,0.5
0.1,4,285.6173493530719,0.7970440278759635,283.7124748784062,285.5364073423748,baseline,20,0.5
0.1,5,475.1717544365123,0.1896250696276066,474.3417707692068,462.3267784677323,N_ch,20,0.5
0.05,0,155.7426794485031,-0.1463435197436547,151.4167267786118,148.4789987049051,k_on,20,0.5
0.05,1,157.9286605341529,0.2028700952254019,149.0934530659459,147.1704981492242,k_off,20,0.5
0.05,2,649.249435446991,-0.1240839432018041,639.9866616278061,629.0687992212399,i,20,0.5
0.05,3,376.9190719469054,-0.4034000353394365,384.0181939308973,382.3124160313044,S,20,0.5
0.05,4,290.0917164816576,1.338178898233415,287.1241871739686,287.5387319898717,baseline,20,0.5
0.05,5,476.0044558386105,-0.2539060203893676,471.0851130459648,466.545447267314,N_ch,20,0.5
0.02,0,158.4745415829468,0.1760838470447004,150.4677110201984,148.9729871769524,k_on,20,0.5
0.02,1,159.8725547968566,-0.1127867994951098,149.6916622113596,148.8885742203362,k_off,20,0.5
0.02,2,680.3093577100896,0.3357610209148925,647.4384545211104,640.8248047936308,i,20,0.5
0.02,3,1146.806271078737,-0.08223539603710033,1150.791478509451,1148.071804187928,S,20,0.5
0.02,4,292.759705264103,1.306848152250188,287.8647153133777,288.1255058716234,baseline,20,0.5
0.02,5,489.915750633006,0.316689920261607,472.7604212405071,470.0061435187646,N_ch,20,0.5
0.01,0,155.2599861887418,-0.07888832861471076,149.992405949747,149.2686150741871,k_on,20,0.5
0.01,1,158.7188852852438,0.1633484296577079,149.4563643102644,148.9253686565398,k_off,20,0.5
0.01,2,669.8536809587961,-0.1147177911496776,644.2259711959509,641.3746903086242,i,20,0.5
0.01,3,2436.852460624072,-0.3221275064347801,2457.877843507205,2461.016603137748,S,20,0.5
0.01,4,294.7551056706901,0.9870830147696265,289.2697895318447,289.5962963123209,baseline,20,0.5
0.01,5,478.3928507758812,-0.1342636970213841,471.1222485579104,469.8105305689776,N_ch,20,0.5
1,0,137.2956613792098,-0.1919892533287263,134.3974876265513,134.2624510281684,k_on,20,1
1,1,145.5905920600402,0.2900538570818259,141.5766607977883,137.3723947548608,k_off,20,1
1,2,467.0611080527465,-0.2948008304256142,464.621145197307,456.5714166452732,i,20,1
1,3,6.330977065457978,-0.1223746228833727,6.187265880284566,6.611472744267584,S,20,1
1,4,130.3189618775972,0.1780573276205903,129.4882710417997,134.4254819311319,baseline,20,1
1,5,427.0560463598002,-0.2796329718444546,422.1689395550131,417.4258539685536,N_ch,20,1
0.5,0,138.2517010806721,-0.1774048820295358,139.1554030886677,136.8548246570244,k_on,20,1
0.5,1,138.5459952425349,0.1293490320065764,136.7623976592407,135.7017046494888,k_off,20,1
0.5,2,497.0436487668163,-0.1801892387876608,505.3464675181465,491.4115429251033,i,20,1
0.5,3,16.4741895581544,-0.1951391879716856,16.77686452152914,17.44715226423904,S,20,1
0.5,4,137.2932807444648,0.446875570500849,138.4832272791257,141.4317717698404,baseline,20,1
0.5,5,429.3243302943152,-0.2373235347533911,435.9037889480938,427.98870201749793,N_ch,20,1
0.2,0,144.0163030459169,0.0477155099528894,142.8036532240811,140.0057919242439,k_on,20,1
0.2,1,142.0617167460291,-0.04001640119144666,139.8321430782801,138.3267121291065,k_off,20,1
0.2,2,552.3508131288353,0.2374055374819324,550.4223202671893,536.6339633593385,i,20,1
0.2,3,64.29551650268756,-0.0895490392712302,64.46129756753851,64.8874598535861,S,20,1
0.2,4,143.0616878035418,0.5686175547352996,146.1959552720076,146.8533163365124,baseline,20,1
0.2,5,448.6343411352291,0.14182750695077,447.6341713640502,440.44878510815,N_ch,20,1
0.1,0,145.2145649270041,-0.169887528114298,143.5633707715546,141.6163658745113,k_on,20,1
0.1,1,146.1284399126065,0.121267890522021,141.1609567948916,139.5554593376274,k_off,20,1
0.1,2,562.950052952556,-0.1582306423348372,562.0240922604954,554.4487706044056,i,20,1
0.1,3,169.2593802403846,-0.1473978066681896,172.0209078046886,171.7156993266193,S,20,1
0.1,4,151.523945450386,0.4562711527422196,148.0465708506716,148.9612562236022,baseline,20,1
0.1,5,447.7387646015234,-0.2449381581480889,448.8196779926877,445.0052054706466,N_ch,20,1
0.05,0,148.9252575178353,-0.1924811895860622,144.1890249632355,142.4177641329952,k_on,20,1
0.05,1,144.0558845002186,0.1762465318687657,140.9224445983096,140.383765409843,k_off,20,1
0.05,2,570.6713595720656,-0.3320520482263193,567.5404344468432,562.6735439937117,i,20,1
0.05,3,419.9344533850605,-0.027374815257409,418.2589733911936,416.7213628151779,S,20,1
0.05,4,149.4097635587093,0.4811096173569977,149.3454392629747,149.4715037563417,baseline,20,1
0.05,5,452.8374439920437,-0.3983062308216876,449.3778418338159,446.9523965543206,N_ch,20,1
0.02,0,147.6008604386395,-0.01506377490096082,143.4169425021864,142.581767460044,k_on,20,1
0.02,1,147.8535286357514,0.03051672074363624,141.6357830481658,141.1969323559919,k_off,20,1
0.02,2,587.7048338958542,0.1749218646948716,571.2515255843208,568.3516600412227,i,20,1
0.02,3,1196.510781845673,-0.1098716223936451,1195.158288642525,1195.474322589371,S,20,1
0.02,4,154.9354046873658,0.6963319542330122,149.8373991891997,150.0911186663778,baseline,20,1
0.02,5,458.3717927011666,0.08251197954004619,450.4071500480792,448.6697561031903,N_ch,20,1
0.01,0,145.9786322153334,0.198401849539303,143.1066561259027,142.5700000189777,k_on,20,1
0.01,1,146.3373368543322,0.0672196387416367,141.9654170332832,141.586620898804,k_off,20,1
0.01,2,590.5639091814024,0.4610321692250627,572.5786900725941,570.4305661632192,i,20,1
0.01,3,2510.03515007996,0.5207263879980871,2516.769482670452,2514.318301367244,S,20,1
0.01,4,151.5558244594949,0.7662455256861064,150.6010431683866,150.6466792842529,baseline,20,1
0.01,5,455.466859214219,0.3411566098276639,450.7468627890715,449.5282114951336,N_ch,20,1
1,0,107.1838320363278,-0.11390512189765,109.4027752542063,109.7231981195569,k_on,20,10
1,1,116.4855036212062,0.06666039573422732,114.2440653064855,112.9952313954599,k_off,20,10
1,2,359.0561098312259,-0.237833956979089,364.2841443692838,364.8219392498354,i,20,10
1,3,11.30521759612518,0.03306197387752074,11.42976430888056,11.23200662428684,S,20,10
1,4,21.46547628468809,0.02471470499983823,21.59065749562083,21.45718351820512,baseline,20,10
1,5,336.1161147186754,-0.234918238218293,343.174606426338,344.6257589605572,N_ch,20,10
0.5,0,110.6783472534715,0.1326711689174353,110.4101462099193,110.3170028259305,k_on,20,10
0.5,1,115.4364188212583,-0.0878399102939496,113.6505199656381,112.9046584436287,k_off,20,10
0.5,2,382.3671113810456,0.150258630985044,377.3251508979075,374.5411991301934,i,20,10
0.5,3,29.30764842081793,-0.0903463969300994,29.95243022594126,29.91110248933434,S,20,10
0.5,4,21.02782636694535,0.00374922181150407,21.5887020183325,21.77696738686298,baseline,20,10
0.5,5,354.2315577332384,0.1642481612618042,350.2382906878229,349.047940015822,N_ch,20,10
0.2,0,111.380989153963,0.05430073715391999,111.4087584930879,111.19568150813,k_on,20,10
0.2,1,112.0681178051013,0.05684056289694883,112.5474659711618,112.5816249932294,k_off,20,10
0.2,2,381.3413068992828,-0.04547661274075958,379.8179576443641,380.1007501165925,i,20,10
0.2,3,99.27418635344172,-0.02595099188044923,99.78338086525208,100.1601459922153,S,20,10
0.2,4,21.90194934742011,-0.02720095965377047,21.96423154954901,21.98425827677038,baseline,20,10
0.2,5,351.2004466994877,0.00730739826744597,351.339370923701,351.2637225719777,N_ch,20,10
0.1,0,111.1990678314241,0.0720715472231418,111.1108145432974,111.270733083782,k_on,20,10
0.1,1,112.3944419693859,-0.02555482867259618,112.3265932638498,112.4819207624612,k_off,20,10
0.1,2,386.0988450154433,0.159587806301669,382.0105543390353,382.1799132651208,i,20,10
0.1,3,233.0901837162833,-0.0583390476686087,227.9515745907359,227.9675584760408,S,20,10
0.1,4,21.94752131090831,0.01350448961795858,22.04967336680569,22.06615106114941,baseline,20,10
0.1,5,354.5267567716736,0.1540903142322007,351.6620764653651,352.0542675010022,N_ch,20,10
0.05,0,112.1633422874804,-0.08932135562267166,111.474669422261,111.5476427702158,k_on,20,10
0.05,1,113.9872911316635,0.164009272953864,112.1653684016776,112.2806388432562,k_off,20,10
0.05,2,384.7599824184512,-0.161464159500167,381.0512541782191,381.5515907986835,i,20,10
0.05,3,489.203903125732,-0.2225521968494651,489.8120223933282,490.0966734711474,S,20,10
0.05,4,21.61745698831901,0.07754714814274716,22.08029709793789,22.11332994058585,baseline,20,10
0.05,5,353.520611300958,-0.1867604781200883,351.0925438500539,351.6175847490942,N_ch,20,10
0.02,0,110.5340538967721,-0.0310221118666132,111.5438188333001,111.5014601278684,k_on,20,10
0.02,1,111.3083285859654,0.07583744431983314,112.4311875713682,112.3821431191751,k_off,20,10
0.02,2,383.1717815806987,-0.02630322042029453,382.1403075790143,382.036525084686,i,20,10
0.02,3,1286.537736755535,-0.2742380832415668,1282.249983257755,1283.294736181154,S,20,10
0.02,4,21.5091144286096,0.05531049059153682,22.0784898221275,22.10485421263077,baseline,20,10
0.02,5,349.1329790468743,-0.06290560201938844,351.8510393203081,351.8161167528323,N_ch,20,10
0.01,0,111.1407921097798,0.1306673612281306,111.3570710901382,111.3795798336855,k_on,20,10
0.01,1,115.6780323483149,-0.2323341836438036,112.816876023554,112.7695626084658,k_off,20,10
0.01,2,388.9670195652554,0.3127387168444665,383.5733956629776,383.4103718969316,i,20,10
0.01,3,2594.918881442518,0.1240002643268967,2610.834061589843,2607.93415565889,S,20,10
0.01,4,22.02854919725367,-0.06244755322395001,22.05380015723874,22.06188637993577,baseline,20,10
0.01,5,357.0775335078723,0.3106880892040848,352.5593894442492,352.5018127127798,N_ch,20,10
1,0,341.4743062813754,0.19976226499298191,340.5107953624999,342.5575642698844,k_on,50,0.05
1,1,364.6618542586871,0.2517381416669275,350.9906472700347,345.4985237389143,k_off,50,0.05
1,2,1101.660116273503,0.09063210975698784,1100.100522915637,1097.989088738879,i,50,0.05
1,3,5.211558880099449,-0.04285150267019434,5.260938523013255,5.307303743676608,S,50,0.05
1,4,2091.523979756481,1.158078028581649,2102.025983035325,2139.312914654592,baseline,50,0.05
1,5,1048.034166685159,0.2290466058935673,1050.06956347924,1051.701828321812,N_ch,50,0.05
0.5,0,359.681977392609,-0.2164334359797689,349.6482990948404,348.3193508912212,k_on,50,0.05
0.5,1,350.2928276045157,0.3029285351743486,348.0118753431397,345.0012128675174,k_off,50,0.05
0.5,2,1202.772667373093,-0.4477809508156336,1169.2746177585,1157.256488748467,i,50,0.05
0.5,3,10.61031450067716,-0.2023202473858784,10.47025954702039,11.02220670754387,S,50,0.05
0.5,4,2146.649800539037,-0.00216269364365617,2149.932286168595,2208.579015289798,baseline,50,0.05
0.5,5,1112.357483543808,-0.2120767355559023,1078.79475292338,1070.802016735596,N_ch,50,0.05
0.2,0,357.2051294243977,0.09132447197725692,366.535037377162,358.7675952085921,k_on,50,0.05
0.2,1,386.5922065290561,0.4264100164446277,391.2078511626938,363.7528177629336,k_off,50,0.05
0.2,2,1313.941269810825,0.2947832887248016,1343.248646228434,1304.182484863813,i,50,0.05
0.2,3,30.97871234476791,-0.4601082649236127,31.47899789949335,32.36659594459595,S,50,0.05
0.2,4,2272.860060745128,0.5205499813761457,2300.93480439278,2331.001173662483,baseline,50,0.05
0.2,5,1101.454311662811,0.2085805326327462,1126.220268979693,1107.901570424484,N_ch,50,0.05
0.1,0,400.4784579183707,0.0026020953183688,392.0520841860639,374.12568254261,k_on,50,0.05
0.1,1,462.6513110585968,0.2645851957857655,445.4258569281275,390.3938876501182,k_off,50,0.05
0.1,2,1615.650891481798,0.2004687350641164,1593.118516606269,1505.501442787964,i,50,0.05
0.1,3,75.94665318681591,-0.6796655022048336,79.08490926317782,78.54894452119999,S,50,0.05
0.1,4,2430.396732531257,0.5867373742990856,2343.424323157037,2367.93183604309,baseline,50,0.05
0.1,5,1209.939436420074,-0.00313126279802551,1189.282544813107,1155.853015353532,N_ch,50,0.05
0.05,0,427.830886978825,-0.3077824932507887,423.4304986156598,395.7557176157915,k_on,50,0.05
0.05,1,528.9974691076923,0.8174725317973608,488.428309742592,418.3042589074851,k_off,50,0.05
0.05,2,1941.612798121939,-0.3308543598725536,1929.619042941307,1773.863873772738,i,50,0.05
0.05,3,204.294740621178,-0.5287661152076324,210.671902683839,202.190479186428,S,50,0.05
0.05,4,2381.935514332308,2.935268885826836,2382.011266960295,2387.547515672208,baseline,50,0.05
0.05,5,1270.231238225993,-0.6271695942434653,1272.480377335118,1220.519199352462,N_ch,50,0.05
0.02,0,466.7974249232622,0.05130418266975293,450.269119254169,416.7473012121345,k_on,50,0.05
0.02,1,582.0495705640147,0.8337294860050523,494.9093387820583,443.9540180577718,k_off,50,0.05
0.02,2,2366.480304231833,0.9090382102816358,2248.832221579389,2041.320233764019,i,50,0.05
0.02,3,755.936119736069,-0.4033769456629457,775.7633038327363,746.0712002229506,S,50,0.05
0.02,4,2493.995974346105,3.706366276476496,2406.792028693705,2410.16163448594,baseline,50,0.05
0.02,5,1396.730168429901,0.09247495030256908,1354.18779626139,1285.831856837768,N_ch,50,0.05
0.01,0,485.594108443758,-0.0646922179349117,445.8189693165885,424.0777250097315,k_on,50,0.05
0.01,1,614.8834048151248,0.9347166241167132,482.6966505741019,452.1338428393161,k_off,50,0.05
0.01,2,2524.948615171869,1.037505752914413,2277.278820944999,2133.932975425592,i,50,0.05
0.01,3,1933.832775973048,-0.09752118155718838,1950.235678962589,1904.191376096039,S,50,0.05
0.01,4,2445.525162368611,4.028991519961725,2414.279528630816,2412.920383759338,baseline,50,0.05
0.01,5,1434.807404089285,0.1444952219643165,1355.549093723959,1308.471093041317,N_ch,50,0.05
1,0,341.270019018694,0.4717656677042629,344.3042469583189,342.0920921083188,k_on,50,0.1
1,1,352.0685195415624,0.06007921110253945,351.132253953101,345.2752218534972,k_off,50,0.1
1,2,1106.359869828649,0.6909310105423034,1121.595167559208,1097.197240134694,i,50,0.1
1,3,5.336280788057358,-0.01135438590707074,5.336457150623078,5.319254972720255,S,50,0.1
1,4,1090.44325133041,0.2362559629291805,1075.032437780701,1077.856001920706,baseline,50,0.1
1,5,1053.845308532901,0.7894386127653145,1066.58705151306,1051.190079086979,N_ch,50,0.1
0.5,0,354.1889485807395,-0.04135602045279468,350.1753370911062,347.8892740314343,k_on,50,0.1
0.5,1,357.1347271216047,0.04940153414528724,346.3284238894701,345.1133740656834,k_off,50,0.1
0.5,2,1177.181171747393,-0.2206087597712108,1171.646796892658,1155.268337994086,i,50,0.1
0.5,3,11.08007173579313,-0.1702176471974424,11.03518539310886,11.287194957689,S,50,0.1
0.5,4,1103.610459213639,-0.3410011247874077,1099.368344772789,1117.830574261835,baseline,50,0.1
0.5,5,1085.715127741497,-0.0649828703090116,1078.67529853376,1070.189836499284,N_ch,50,0.1
0.2,0,368.255397299846,-0.04655853198785267,366.8764685131617,358.1525553560717,k_on,50,0.1
0.2,1,385.7702584137216,0.3195141793964864,379.2172089562819,360.2836749731089,k_off,50,0.1
0.2,2,1324.763022070672,0.08633602942280713,1332.601986846685,1294.132288186667,i,50,0.1
0.2,3,33.37279674160741,-0.4677767941040609,33.76985987792677,34.95302265554077,S,50,0.1
0.2,4,1151.477087055823,0.9673976467948172,1153.193252415819,1171.846320858147,baseline,50,0.1
0.2,5,1126.393056613077,0.02845104745899434,1124.152727240766,1106.155037381025,N_ch,50,0.1
0.1,0,388.0826539455915,-0.1103030567046231,384.5233450461791,371.5786296900372,k_on,50,0.1
0.1,1,429.5653891688931,0.2038992307500113,417.4824648314172,380.9413532410722,k_off,50,0.1
0.1,2,1545.857222450062,-0.09218775546506686,1532.530184565782,1466.783665366295,i,50,0.1
0.1,3,86.92823841517986,-0.4452644346230666,88.2202650604773,88.11126624360666,S,50,0.1
0.1,4,1210.903241793922,1.81522080733474,1181.683526494738,1189.465950375788,baseline,50,0.1
0.1,5,1178.758722025688,-0.1671626568355126,1172.780227688274,1148.295098337174,N_ch,50,0.1
0.05,0,416.1966223120519,-0.1800132128997508,404.5405655377305,386.3635410544708,k_on,50,0.1
0.05,1,476.926475727759,0.3565760153848804,438.3853737529873,399.2054572269201,k_off,50,0.1
0.05,2,1837.040772756385,0.1993006843718324,1753.706379122475,1651.315725649011,i,50,0.1
0.05,3,232.5318000306181,-0.4129096070686057,238.1296754446083,233.0046887554304,S,50,0.1
0.05,4,1181.570584871047,2.120606448277769,1189.253747412261,1196.690100277638,baseline,50,0.1
0.05,5,1272.172178427004,-0.1425032894238575,1229.940281927261,1193.4505367498,N_ch,50,0.1
0.02,0,423.3968967733839,0.04245517410406537,414.4610923579317,397.4800431543434,k_on,50,0.1
0.02,1,501.0473001342591,0.4144272098868518,435.3795527423321,413.2255523095633,k_off,50,0.1
0.02,2,1953.46355459366,0.4830425140454808,1887.501800211003,1791.580479375957,i,50,0.1
0.02,3,861.5277409991149,-0.1748277690733014,868.6842726601732,851.9906698647253,S,50,0.1
0.02,4,1225.817962749682,2.571098041153373,1203.068610503552,1205.365987961564,baseline,50,0.1
0.02,5,1272.809246674455,0.08630417341917085,1262.577662994647,1227.963419826558,N_ch,50,0.1
0.01,0,449.334366331949,-0.1694785375566883,412.3424080188601,401.3135945618909,k_on,50,0.1
0.01,1,513.3719604968658,0.6126605360802921,429.7698475822301,416.6050339262401,k_off,50,0.1
0.01,2,2076.420505808499,0.2487967330493827,1895.280735131358,1835.255845183355,i,50,0.1
0.01,3,2079.354634585484,-0.1320738797628554,2099.442242197727,2076.277209082104,S,50,0.1
0.01,4,1208.3142307219441,2.548824809126624,1203.935941087881,1204.964619554065,baseline,50,0.1
0.01,5,1331.852068111945,-0.281529736242875,1259.717876354848,1238.363057356863,N_ch,50,0.1
1,0,348.2124935095765,0.1320175120990121,342.953441250099,342.0372232290783,k_on,50,0.2
1,1,369.2781710612989,0.1584779816475798,351.0459057462688,344.5819907610886,k_off,50,0.2
1,2,1131.348749203162,0.0941610849156904,1106.584121153241,1095.659643756235,i,50,0.2
1,3,5.548976057884751,0.00190016089762019,5.55013753287832,5.351971939709966,S,50,0.2
1,4,559.2521543891623,0.3911229006158505,547.89235145608,546.0122907180127,baseline,50,0.2
1,5,1079.307423085933,0.1685377469304007,1057.126933717678,1050.154748667157,N_ch,50,0.2
0.5,0,352.0702198304108,0.01826089938236497,351.3151726443668,347.4050657837907,k_on,50,0.2
0.5,1,343.6606290818444,-0.09450364305511104,345.1898543560468,344.5634387897314,k_off,50,0.2
0.5,2,1158.811760490527,-0.08882586475482268,1161.807441678041,1151.953105461139,i,50,0.2
0.5,3,11.56318548428102,-0.1594405991307118,11.43057118877149,11.71493062196217,S,50,0.2
0.5,4,549.0229843648708,0.2201292735593862,558.5570377370614,566.4394825114055,baseline,50,0.2
0.5,5,1073.648347982768,0.01178887406012771,1076.190655458756,1068.947219718274,N_ch,50,0.2
0.2,0,368.026772701148,-0.08154481968630596,363.8977956827891,357.1324909256143,k_on,50,0.2
0.2,1,371.6812768327348,0.1787949950773876,370.6448426589676,356.8766777299664,k_off,50,0.2
0.2,2,1332.13440707773,-0.03876977347333289,1317.65476560253,1279.217085903095,i,50,0.2
0.2,3,37.43295939160357,-0.282323308894416,37.7783812277826,38.50545483094371,S,50,0.2
0.2,4,600.6752414084496,0.8015302091895468,586.8055270332479,589.434956145897,baseline,50,0.2
0.2,5,1124.562401721284,-0.1024358598749563,1120.004989497877,1102.862955627631,N_ch,50,0.2
0.1,0,383.0316649611171,0.1457919891273859,381.386492168951,367.4987246356182,k_on,50,0.2
0.1,1,409.2108955441701,0.1686446352940044,393.1432046270441,371.4742795047808,k_off,50,0.2
0.1,2,1461.758983017798,0.4411510332403429,1475.748701382184,1414.232289044961,i,50,0.2
0.1,3,97.03969736332004,-0.2099160669655303,100.7352386929149,100.3900099433948,S,50,0.2
0.1,4,605.5948045560267,1.102134499379476,597.7365164372188,598.6801805930158,baseline,50,0.2
0.1,5,1162.092039970286,0.2504128679115674,1162.467989129009,1136.695617558363,N_ch,50,0.2
0.05,0,394.5520123836431,-0.174610916515042,389.2988415706295,376.8004724281372,k_on,50,0.2
0.05,1,427.6459544308574,0.1422719962489181,399.8049748368604,382.1510710899615,k_off,50,0.2
0.05,2,1595.716769765781,-0.2291296412749869,1585.305612499726,1523.6876397152,i,50,0.2
0.05,3,269.0319497376119,-0.5153052742039708,273.1466332253741,270.8036779071483,S,50,0.2
0.05,4,607.7856535779817,1.195924345696584,597.6809591465986,600.8397114424419,baseline,50,0.2
0.05,5,1195.647128836465,-0.3035683177097781,1187.608142881668,1163.764232692644,N_ch,50,0.2
0.02,0,397.567836758691,0.1475766867298961,390.7831465874966,381.8557535854376,k_on,50,0.2
0.02,1,432.0558945167388,0.10779786307946,400.0671903944368,389.4232097759237,k_off,50,0.2
0.02,2,1681.869393304217,0.4998067653716833,1637.955511324691,1594.318507863815,i,50,0.2
0.02,3,961.545916269408,-0.03270187234673327,965.2760632873528,951.6471011306824,S,50,0.2
0.02,4,616.8343582287183,1.477948085137588,603.925410043771,604.5706259245721,baseline,50,0.2
0.02,5,1201.139823264945,0.2207072876664154,1198.260265708505,1181.415026041463,N_ch,50,0.2
0.01,0,401.4026128993722,-0.1119282148679953,388.5608018313009,383.7926449745405,k_on,50,0.2
0.01,1,448.9907563301089,0.0158845569745836,396.5034794187175,391.531204847269,k_off,50,0.2
0.01,2,1720.434959985411,0.1549060179426953,1639.759139794778,1614.496077910069,i,50,0.2
0.01,3,2237.485102878398,-0.2895746897691728,2229.355621959403,2217.779501548245,S,50,0.2
0.01,4,607.0883340361287,2.038926039877591,607.1206344524421,606.5942561924237,baseline,50,0.2
0.01,5,1222.499599063081,-0.07278365536185906,1195.819802970594,1186.211062340397,N_ch,50,0.2
1,0,327.7569153203291,-0.0034533827806894,337.5445695702991,341.0439878238494,k_on,50,0.5
1,1,333.8257924805071,0.2955504855141824,342.7648203356937,342.609199571899,k_off,50,0.5
1,2,1048.266256444179,-0.0891557094055166,1084.244403793499,1091.344668132683,i,50,0.5
1,3,5.415400904159701,-0.05227603237553758,5.439731173713293,5.488168599629507,S,50,0.5
1,4,221.4099247247963,-0.1932612385425547,221.7386590630511,225.6660176221841,baseline,50,0.5
1,5,1004.307478114069,0.02739262905863688,1039.5637523474,1047.075720910277,N_ch,50,0.5
0.5,0,346.835471217832,-0.07493781184580371,348.1578400370312,346.1772228729079,k_on,50,0.5
0.5,1,343.5957135604795,0.0635049491246869,343.3912175829348,342.6940690292415,k_off,50,0.5
0.5,2,1160.612408909231,-0.1795194190298604,1153.76811395083,1143.89156631974,i,50,0.5
0.5,3,12.61885346602111,-0.1419856156467948,12.6528001680501,12.88361782276143,S,50,0.5
0.5,4,232.2558485627802,0.3923630277487519,230.2518204523576,233.8056677495533,baseline,50,0.5
0.5,5,1069.607932449057,-0.1486084425317735,1069.899636818112,1065.308724845628,N_ch,50,0.5
0.2,0,371.6597685754774,-0.1990039813676577,361.8979652539136,354.604685111168,k_on,50,0.5
0.2,1,363.5768087872455,0.4529774728776396,358.5803706761533,350.8238217683608,k_off,50,0.5
0.2,2,1295.076520503487,-0.1990610026348226,1272.525190311102,1247.840017660024,i,50,0.5
0.2,3,43.5319743339647,-0.3455508064327041,43.76503144879219,45.40093828357239,S,50,0.5
0.2,4,241.7794965658297,0.3807992092575532,237.543081464668,241.4374887925326,baseline,50,0.5
0.2,5,1129.59396887819,-0.3158409409719719,1108.195130016416,1094.244962088917,N_ch,50,0.5
0.1,0,372.0335097853451,-0.09240451772292604,368.3562103617236,360.7267516993135,k_on,50,0.5
0.1,1,379.4685063970298,-0.02200202856880483,365.6895367948811,359.2547528161574,k_off,50,0.5
0.1,2,1368.965692365647,-0.09578700433841984,1361.168315922254,1327.39071935929,i,50,0.5
0.1,3,120.8816069280443,-0.2597899927437426,121.7895731849128,121.8568894273102,S,50,0.5
0.1,4,245.798875014276,0.8323670503637476,243.2939641866608,243.3562384810398,baseline,50,0.5
0.1,5,1135.109869970914,-0.1163025290025982,1129.852101740958,1114.820087991999,N_ch,50,0.5
0.05,0,373.775629138089,-0.125962914797455,371.6735170370245,364.7131088037455,k_on,50,0.5
0.05,1,385.6147240741998,0.183447716233664,371.0445874362774,364.0915174185068,k_off,50,0.5
0.05,2,1400.564553064875,-0.2948526674266265,1397.363091025722,1373.802274922983,i,50,0.5
0.05,3,325.8690121724521,-0.1474548326087621,328.9037689076532,327.0852013021592,S,50,0.5
0.05,4,251.8579377878204,0.4647093895938192,245.4118523330192,245.5997101432482,baseline,50,0.5
0.05,5,1133.914257812898,-0.3438634623198882,1136.618562691841,1126.499518425066,N_ch,50,0.5
0.02,0,383.86889074440637,-0.09160704901204492,370.1503587530198,366.7663021590265,k_on,50,0.5
0.02,1,391.8962090447059,0.2093297203248761,370.2038972319424,367.2189093024086,k_off,50,0.5
0.02,2,1481.173377498927,0.1028242803392745,1416.857745751961,1400.90242817691,i,50,0.5
0.02,3,1027.336480420176,-0.5244738544738317,1064.911613170391,1062.781709958665,S,50,0.5
0.02,4,250.4715236552105,0.6600620749755072,245.6711747811596,246.0904979355781,baseline,50,0.5
0.02,5,1173.608434013555,-0.08134034088679383,1140.656453411563,1133.275940560283,N_ch,50,0.5
0.01,0,377.0766964447285,-0.1583921703765328,368.4964014935709,367.2984332685646,k_on,50,0.5
0.01,1,396.7011267308628,0.4719464270025168,369.4868526643477,367.7267072371152,k_off,50,0.5
0.01,2,1436.155242138045,-0.1483067345949414,1413.552506892567,1407.360979306957,i,50,0.5
0.01,3,2352.200000429894,0.0950869867518234,2360.696705499303,2360.772351477622,S,50,0.5
0.01,4,254.9152362216265,0.7126361921424663,247.9510939911125,247.7682059660058,baseline,50,0.5
0.01,5,1138.482985961591,-0.2934972728950809,1136.865449847579,1134.825204119435,N_ch,50,0.5
1,0,341.4285281574235,-0.1652984494065612,336.077454340249,339.3013272293849,k_on,50,1
1,1,347.9370666741493,0.2322345296542392,342.5398792106433,340.6784443503052,k_off,50,1
1,2,1090.702668916652,-0.4148223505275579,1076.562350704533,1084.708386342881,i,50,1
1,3,5.851456555899914,-0.02824300092653156,5.758082715423407,5.741627228396003,S,50,1
1,4,119.8330722140514,0.09438908839964984,116.7718200556243,117.6517055285656,baseline,50,1
1,5,1046.943734325373,-0.3195282565113272,1034.027994154662,1042.038176756798,N_ch,50,1
0.5,0,346.48656827506983,-0.2197191118601596,344.7562333290118,344.1623958309052,k_on,50,1
0.5,1,335.8455766995992,0.4085929761712708,340.71095473868,339.8968616297446,k_off,50,1
0.5,2,1131.189506168187,-0.4862184459326502,1131.8658254272,1132.879994185176,i,50,1
0.5,3,13.82379459495044,-0.08117198873830116,13.95681446301088,14.33740225583993,S,50,1
0.5,4,121.5653300096214,0.2538952787576564,121.031432457446,121.5630739727697,baseline,50,1
0.5,5,1061.684688025598,-0.4706347403833216,1057.062937985305,1059.362032416329,N_ch,50,1
0.2,0,356.1102597214452,-0.06623284702267768,354.0890401665261,350.5098809302865,k_on,50,1
0.2,1,351.3466546425804,0.2261346389971648,349.8307731834891,346.3248977743445,k_off,50,1
0.2,2,1240.22453971238,-0.1247354840467157,1226.311467808813,1213.528268532342,i,50,1
0.2,3,50.02880317631694,-0.2786524589962391,51.04132096558608,52.21736905146118,S,50,1
0.2,4,124.5576172760982,0.2810301230437582,122.9623186596203,124.3960008009519,baseline,50,1
0.2,5,1103.748589690511,-0.1293816349520837,1089.046609984731,1082.814065421829,N_ch,50,1
0.1,0,358.2563946163753,0.05663021601735885,359.8250786451255,354.1101741425794,k_on,50,1
0.1,1,364.6451431729142,-0.04133060579660703,355.5521090978694,351.1640290822373,k_off,50,1
0.1,2,1278.687352777992,0.2108098097609945,1285.072671670499,1259.489706162205,i,50,1
0.1,3,143.0032045110823,-0.01475445272250802,142.9486470399287,142.0870540796812,S,50,1
0.1,4,129.2323925102788,0.1709843749973763,125.4788542842669,125.6161756584966,baseline,50,1
0.1,5,1102.775038411925,0.1177175826343499,1107.806804741939,1095.207953420613,N_ch,50,1
0.05,0,362.5395023472647,-0.07723587763849063,358.6514837570791,356.1064030177515,k_on,50,1
0.05,1,357.0548999025137,-0.1300140427663321,355.4971978050128,353.6913862825322,k_off,50,1
0.05,2,1310.634015887373,-0.2091549709974394,1290.904081160226,1282.25243727137,i,50,1
0.05,3,372.3031362117393,-0.1052342212865052,368.6195797928225,368.3852892023648,S,50,1
0.05,4,129.8792521219278,0.0914525151778227,126.3146845520864,126.1477834666733,baseline,50,1
0.05,5,1109.329325192293,-0.1472017204496429,1104.477949508884,1101.036343033287,N_ch,50,1
0.02,0,374.8478110083958,0.191426833428998,359.1475792242417,356.7744458605455,k_on,50,1
0.02,1,364.7486977935876,0.05813566802165994,356.0459963304298,355.0343365206513,k_off,50,1
0.02,2,1373.132105184259,0.4142150411596252,1306.193062774482,1296.433568840984,i,50,1
0.02,3,1156.809647070704,-0.06485629422398125,1130.033247165135,1129.088260947653,S,50,1
0.02,4,127.1858142850458,0.4918211233904717,126.8493713757124,127.0053229872057,baseline,50,1
0.02,5,1151.781656675037,0.3398929364716355,1109.394980651323,1105.021552313499,N_ch,50,1
0.01,0,364.6794869441442,-0.07570143698079149,358.2729742108446,357.4340309543748,k_on,50,1
0.01,1,362.7119005825909,0.1272916436761759,355.6632610891771,355.2532087029244,k_off,50,1
0.01,2,1345.87717414398,-0.175465314334875,1300.391194532959,1297.266278587935,i,50,1
0.01,3,2365.054006559618,0.1808808615879287,2443.027198281596,2439.168919883781,S,50,1
0.01,4,127.3642412815698,0.2091080011956713,127.118367506723,127.111049446001,baseline,50,1
0.01,5,1126.106104616097,-0.202914781622401,1105.680670770278,1104.729100042345,N_ch,50,1
1,0,306.7591847259685,-0.1840508235790859,309.7282699575475,310.547287230315,k_on,50,10
1,1,313.021274748966,0.2399791689024142,315.1532157553066,311.1856848532364,k_off,50,10
1,2,986.2676936764424,-0.2702380671256009,996.9804015250218,990.2086468869636,i,50,10
1,3,8.47482018070673,-0.00966088135231026,8.514800100631398,8.677866462367597,S,50,10
1,4,16.15709095976619,0.05434704276567,16.46496589589183,16.53716369617464,baseline,50,10
1,5,951.158961588495,-0.293777409264784,962.8461488141631,960.5436010100004,N_ch,50,10
0.5,0,311.1622385904495,-0.01183966523672788,310.8177804150367,312.7189311884448,k_on,50,10
0.5,1,314.6922329291576,-0.07309675085016179,311.8918610307808,312.2009509109711,k_off,50,10
0.5,2,1013.543037416923,-0.1153669890044342,1011.063039335801,1012.29402942244,i,50,10
0.5,3,23.42179551457843,0.03214433406057955,23.56244566468283,23.58598507689001,S,50,10
0.5,4,16.42109495782243,-0.01849660579819274,16.87559376226003,16.81039871201072,baseline,50,10
0.5,5,968.5094010854502,-0.05666953752231097,968.4153771529308,971.0068761640604,N_ch,50,10
0.2,0,314.3881859030338,0.0794592129716765,313.2376327969073,314.3915822914306,k_on,50,10
0.2,1,308.2711103482536,-0.0567036021759783,311.658716301625,312.6867891930276,k_off,50,10
0.2,2,1030.225118792386,0.02624177921032711,1022.921857405411,1028.395706104548,i,50,10
0.2,3,85.67257296624888,-0.0236626901974057,86.3555918974933,86.18480011641427,S,50,10
0.2,4,16.56564729731563,-0.02820177480082673,17.02876384742963,17.04813373360406,baseline,50,10
0.2,5,977.3505302267127,0.08305234546831525,972.0868360460356,977.6955228994046,N_ch,50,10
0.1,0,310.6675941892127,0.4698328173109044,316.5453315317836,314.826670321986,k_on,50,10
0.1,1,315.1847636391341,-0.3462101311955479,314.3936241063333,313.5717534686401,k_off,50,10
0.1,2,1025.460959569203,0.7683347513988834,1042.604483440828,1035.43521723374,i,50,10
0.1,3,206.5624365132931,0.02231551244147514,208.8024762752397,208.8288585931419,S,50,10
0.1,4,16.97705152812637,-0.02898026723052285,17.02673023975076,17.09291536968955,baseline,50,10
0.1,5,968.7890238107632,0.7793011910430222,985.761160689407,980.4570245750313,N_ch,50,10
0.05,0,322.465924147764,0.0446512980367095,316.4754333224668,315.5550570515896,k_on,50,10
0.05,1,318.7184925333448,0.04874853850975721,313.4325595873756,313.1908917656668,k_off,50,10
0.05,2,1058.751108995858,0.07894336720647935,1037.869210790124,1034.775134518997,i,50,10
0.05,3,470.9433492626403,0.04469029743037416,467.435801923804,467.3445843554811,S,50,10
0.05,4,17.20873014701733,0.03502082799240919,17.10816655907067,17.11573211818422,baseline,50,10
0.05,5,999.2239470249916,0.00341069450421771,981.9215023926236,979.7029072033016,N_ch,50,10
0.02,0,317.673336981849,0.3410946646167984,315.7072410873906,315.1965434656209,k_on,50,10
0.02,1,315.5173987508576,-0.2950615620069831,313.7381852206744,313.4977584518307,k_off,50,10
0.02,2,1045.126832268343,0.4863473892253808,1039.767371230414,1037.783093434966,i,50,10
0.02,3,1280.365440555005,0.2056816972250991,1259.090807121269,1257.731744168687,S,50,10
0.02,4,16.56409564269067,-0.05780903336875715,17.10829300356097,17.12727001172112,baseline,50,10
0.02,5,986.4331301369398,0.4939627635029257,982.5913329120154,981.155533225485,N_ch,50,10
0.01,0,302.3578238769841,0.03876945863535401,315.5013085300898,315.4689456350649,k_on,50,10
0.01,1,306.4379953995111,-0.08020200490122557,313.3004788104959,313.3259223798854,k_off,50,10
0.01,2,1001.630418669205,-0.1984936840560923,1035.186240869244,1035.263148586246,i,50,10
0.01,3,2581.396221063834,-0.3904287057030289,2577.247388529341,2581.289716859156,S,50,10
0.01,4,16.80332510109906,0.04118934599108261,17.0997498058733,17.11973749746935,baseline,50,10
0.01,5,938.7501750847608,-0.1041071504157994,979.7637711057052,979.9378620378028,N_ch,50,10
1,0,694.8649094615389,0.00134536431557672,690.1213781085504,684.6111774621417,k_on,100,0.05
1,1,698.3751203089587,0.564567012765989,689.2831353696207,683.2892780120101,k_off,100,0.05
1,2,2174.972541425648,-0.08166909278864841,2156.117547987999,2138.370260707552,i,100,0.05
1,3,5.139770482735371,-0.01640660371698505,5.117776893775441,5.302544197857347,S,100,0.05
1,4,2146.440940016965,-0.02187211080286834,2112.797180330477,2127.091021175089,baseline,100,0.05
1,5,2123.111136186089,-0.01589470502807884,2105.353171813005,2091.986041767938,N_ch,100,0.05
0.5,0,701.6313474957954,0.1684762444932956,703.148949492012,692.7876528896074,k_on,100,0.05
0.5,1,700.5587681929595,-0.2515527879857994,693.728286139307,688.03556883936,k_off,100,0.05
0.5,2,2234.818546666672,0.3223966295455086,2246.637430673439,2207.533606772828,i,100,0.05
0.5,3,10.31737626185994,-0.04769941600347585,10.53982416857519,10.68715746930716,S,100,0.05
0.5,4,2172.561103999623,0.05387865087375453,2129.527954577371,2142.564514769412,baseline,100,0.05
0.5,5,2137.26810870068,0.2997226144416515,2148.365326324704,2119.828336344358,N_ch,100,0.05
0.2,0,703.1608130600857,-0.1838222990655022,713.7069128228566,705.9643662717447,k_on,100,0.05
0.2,1,752.4948745250902,-0.03406192587339649,743.474402454192,711.2735848935243,k_off,100,0.05
0.2,2,2383.386986705861,-0.1137431414691564,2406.867366742903,2367.790413138706,i,100,0.05
0.2,3,29.30129350027117,-0.1636521199213639,28.98405035621833,29.06638359001744,S,100,0.05
0.2,4,2243.531026360559,0.6337726911311691,2181.186810279028,2189.319732437058,baseline,100,0.05
0.2,5,2165.012987240545,-0.1694140069318133,2184.663015353044,2163.984741189631,N_ch,100,0.05
0.1,0,759.250522831473,-0.1291212152684574,737.4707488122137,722.8438999007885,k_on,100,0.05
0.1,1,847.5778398201707,0.1860728617217245,820.5548648458082,745.0559974300066,k_off,100,0.05
0.1,2,2755.379196994313,0.05687677311660137,2671.684647243231,2592.184424436172,i,100,0.05
0.1,3,66.6776448166868,-0.2182154522636779,69.06565084422665,68.15303878072042,S,100,0.05
0.1,4,2270.67850737561,1.411074597534844,2208.361648393744,2210.391159212623,baseline,100,0.05
0.1,5,2311.653021032422,-0.148541993434382,2249.645889538644,2217.743001582817,N_ch,100,0.05
0.05,0,793.9798807980483,0.2547216360683371,778.0594426436988,748.9986404580601,k_on,100,0.05
0.05,1,929.9957932728256,0.1793629134985384,895.3524699630906,787.1660144627557,k_off,100,0.05
0.05,2,3145.283504358326,0.9326084489052704,3089.944264895221,2937.456942019573,i,100,0.05
0.05,3,171.1824651548595,-0.2014827787337055,180.079959063227,172.7046000490381,S,100,0.05
0.05,4,2211.612903701082,2.330529479096437,2219.6492772435,2218.308549393612,baseline,100,0.05
0.05,5,2384.719272387294,0.4869206372106658,2354.807178995154,2300.327383753295,N_ch,100,0.05
0.02,0,846.0376497180887,0.258613608301455,830.6127062766037,785.9205790122834,k_on,100,0.05
0.02,1,1020.941479666333,0.635986115692159,920.5964872510832,830.2186152001569,k_off,100,0.05
0.02,2,3735.547301768959,1.208701764474013,3655.983876779385,3400.466593301345,i,100,0.05
0.02,3,643.9646894955306,-0.2411380641694875,662.4612648110636,637.0484410375407,S,100,0.05
0.02,4,2232.050157179972,1.597925388378588,2219.610918815376,2224.07706569295,baseline,100,0.05
0.02,5,2520.209646920905,0.4744258758573031,2502.684139614604,2412.977358343383,N_ch,100,0.05
0.01,0,881.2863277724377,0.2368965953922878,837.2664281385628,800.7835012566896,k_on,100,0.05
0.01,1,1089.146482673055,0.2234955541380403,901.5210834540584,846.7071520499575,k_off,100,0.05
0.01,2,4097.307802218967,0.909043027816219,3802.761810185014,3588.15381688456,i,100,0.05
0.01,3,1827.162532813059,0.4358015087212227,1744.47059432579,1698.356374174176,S,100,0.05
0.01,4,2255.11064913669,2.596511193410404,2230.464280941673,2230.424523448447,baseline,100,0.05
0.01,5,2655.375129263602,0.372253946669349,2533.041417154785,2458.933651782371,N_ch,100,0.05
1,0,682.5374010820739,-0.06921254546802957,682.8266496202386,684.4587915139533,k_on,100,0.1
1,1,693.3276209784176,-0.01701731525794558,685.4725525670907,683.8319851566845,k_off,100,0.1
1,2,2139.068403183394,-0.1865731040465652,2134.401785379193,2137.735122871172,i,100,0.1
1,3,5.41886255737158,0.02128039632565876,5.397782154893604,5.30446556142179,S,100,0.1
1,4,1073.697758031886,-0.3219469754327287,1076.972290034523,1066.670308163617,baseline,100,0.1
1,5,2084.261629958094,-0.1258905640232507,2082.50629215118,2091.486827325039,N_ch,100,0.1
0.5,0,685.9150079764551,-0.07090036561997394,696.9699664158726,692.8909538589164,k_on,100,0.1
0.5,1,677.0906054059944,0.5596628120065877,686.8915556052912,686.2044010826377,k_off,100,0.1
0.5,2,2195.954597690949,-0.3090615514351853,2224.381711246926,2206.086797989771,i,100,0.1
0.5,3,10.73533412235642,-0.06087319188577054,10.74779621236373,10.78644995819596,S,100,0.1
0.5,4,1073.779490857672,0.2348181041668283,1069.368229638499,1077.182936265169,baseline,100,0.1
0.5,5,2104.567647160676,-0.2287048222105102,2130.913163927947,2119.254773409458,N_ch,100,0.1
0.2,0,715.3227364293599,-0.1014831480971532,710.9786216350647,705.2820607111072,k_on,100,0.1
0.2,1,737.8176370960416,0.2208156485887846,732.0622801914753,707.6915130760669,k_off,100,0.1
0.2,2,2408.523732855291,-0.3920944452876362,2380.793222376192,2360.459959711912,i,100,0.1
0.2,3,29.59005600039508,-0.1420924601398976,30.17113811777121,30.79100274787869,S,100,0.1
0.2,4,1117.246473545581,1.335070458156661,1094.526725714219,1098.45396434226,baseline,100,0.1
0.2,5,2182.353102466882,-0.3639292766728578,2168.218174749553,2162.799037000383,N_ch,100,0.1
0.1,0,754.7964147953993,0.09015953961965788,735.8528037341924,720.9158702819701,k_on,100,0.1
0.1,1,804.5308036719348,0.07003649981806329,789.7614758980153,735.8614146751862,k_off,100,0.1
0.1,2,2679.551294694871,0.2939433053057608,2628.822868676216,2564.407593624222,i,100,0.1
0.1,3,74.2352670183237,-0.1797150837610856,76.88127055916121,75.80658251253404,S,100,0.1
0.1,4,1116.646200945576,0.1878360628803198,1103.389718592392,1106.041917962514,baseline,100,0.1
0.1,5,2283.409370868671,0.1265042725336722,2241.218301247355,2213.035642594799,N_ch,100,0.1
0.05,0,757.7480332943788,-0.2963149224243771,765.442088946758,742.8310390366375,k_on,100,0.1
0.05,1,841.7160350453695,0.2824484378490568,825.4015379600053,764.1302370315683,k_off,100,0.1
0.05,2,2929.321292078271,-0.5117450941584615,2944.777877887494,2833.97256911798,i,100,0.1
0.05,3,200.5798723140934,-0.469377889439225,202.1378798426266,198.1226387496005,S,100,0.1
0.05,4,1138.56856540747,0.8409541757008542,1106.756293223154,1112.61917841663,baseline,100,0.1
0.05,5,2277.917087201512,-0.5230745438450607,2320.070760947249,2278.799002780199,N_ch,100,0.1
0.02,0,811.390049333575,0.16081238765721181,791.974471243184,763.7369517547761,k_on,100,0.1
0.02,1,936.9603916446696,0.3137205383380281,831.8119366727934,789.6188995166588,k_off,100,0.1
0.02,2,3335.941027760871,0.9512676275796556,3251.346472711465,3102.171242929523,i,100,0.1
0.02,3,746.574487181357,-0.09033974981879654,756.9997586396479,741.5658539325591,S,100,0.1
0.02,4,1125.551977267577,1.444912771446559,1116.092944647291,1117.308096282574,baseline,100,0.1
0.02,5,2448.443233733956,0.35043769695843,2402.923457383572,2344.725013020268,N_ch,100,0.1
0.01,0,806.3918305036995,-0.3298164432369102,789.2221671791887,771.4364898988526,k_on,100,0.1
0.01,1,945.8149454151276,0.3972282385012809,821.6140232238718,797.3482236627318,k_off,100,0.1
0.01,2,3456.657476491395,-0.1328564584131202,3285.101334215029,3192.745205652931,i,100,0.1
0.01,3,1915.440653213482,0.1629065022014166,1924.100414234575,1899.511156252216,S,100,0.1
0.01,4,1148.82843212325,1.251095241927701,1120.03531916277,1117.899329814701,baseline,100,0.1
0.01,5,2445.264579314646,-0.4992141453238718,2400.410894053376,2366.498073581029,N_ch,100,0.1
1,0,659.3015188532877,0.1721794281299876,667.7245234335976,683.8073008250375,k_on,100,0.2
1,1,672.1056284046822,0.00540515587487506,678.7918526509397,683.2762197801322,k_off,100,0.2
1,2,2065.166157016753,-0.05328398722478864,2098.301309359671,2136.484712194027,i,100,0.2
1,3,5.307834017538243,-0.00776373918909437,5.194985423977516,5.311014229725228,S,100,0.2
1,4,539.1921283739648,-0.1858435896266111,535.1705741902992,536.3396832846994,baseline,100,0.2
1,5,2022.687915977183,0.1361709913568303,2050.49950827796,2090.483580776571,N_ch,100,0.2
0.5,0,689.5412056033665,-0.4252179374857983,698.6390828346073,692.830709564407,k_on,100,0.2
0.5,1,667.0827627094452,0.6238458791333171,688.66963941906,685.1507135527983,k_off,100,0.2
0.5,2,2199.73318193284,-0.5604102894248758,2231.571531971139,2203.532079731923,i,100,0.2
0.5,3,10.71744180257079,-0.08610881280218675,10.84698169723119,10.99596894201697,S,100,0.2
0.5,4,526.4978827363065,0.07751970707643197,536.3824236033876,542.7992201672117,baseline,100,0.2
0.5,5,2107.789906149102,-0.5715709986721789,2138.942630696075,2118.103332552279,N_ch,100,0.2
0.2,0,719.2614262519039,0.3099738326454551,711.1623025864604,703.9678636571455,k_on,100,0.2
0.2,1,733.7433513527404,-0.00653112761743699,724.8956101985001,704.7964394130893,k_off,100,0.2
0.2,2,2405.22453581801,0.5953448921921652,2381.201063766302,2349.564207127961,i,100,0.2
0.2,3,31.86453482530327,-0.04535411260482435,33.06535968052498,33.54745104178612,S,100,0.2
0.2,4,568.2727849776434,-0.1481886756542297,552.4314943906113,552.4159228561921,baseline,100,0.2
0.2,5,2194.138156474706,0.5154252752644375,2171.74677229744,2160.473427481394,N_ch,100,0.2
0.1,0,722.8877464812757,-0.1794262067970458,734.616446868214,718.7093463103665,k_on,100,0.2
0.1,1,759.5482104226992,0.6446173003976461,762.862362578837,724.3799384774064,k_off,100,0.2
0.1,2,2545.725777546618,-0.1057107954533272,2591.68851079811,2524.273915747326,i,100,0.2
0.1,3,85.63729943095358,0.00610700605210881,87.66664498890896,85.85638264762727,S,100,0.2
0.1,4,566.4538007282957,0.1373820502818205,558.223647989414,556.0873526283452,baseline,100,0.2
0.1,5,2187.805564958342,-0.3945228644693457,2236.283747803756,2204.707236410979,N_ch,100,0.2
0.05,0,756.4865961148149,-0.3186262975234669,750.6205489310302,733.6288116171752,k_on,100,0.2
0.05,1,801.4490657465575,-0.02142972867486118,778.2134321973703,744.109275072748,k_off,100,0.2
0.05,2,2806.748944403928,-0.4421485808237702,2789.210154712649,2709.702406072054,i,100,0.2
0.05,3,227.4519044624645,-0.02162061777741213,233.5529973172019,230.064226616093,S,100,0.2
0.05,4,557.5800686576181,0.8724120233952891,559.0607554977042,558.3475924390202,baseline,100,0.2
0.05,5,2286.246936297078,-0.4671664540002188,2282.640236565379,2250.787049406294,N_ch,100,0.2
0.02,0,778.3080349055814,0.08950774743352975,761.7251085838699,744.6368844937316,k_on,100,0.2
0.02,1,843.5428802491472,0.3074431979303381,778.2025415795865,757.6254184061186,k_off,100,0.2
0.02,2,3024.284795109352,0.6227531872400712,2929.444160890564,2850.342397655814,i,100,0.2
0.02,3,850.6474444226602,-0.1116000631334247,856.5768698529199,849.2418230962242,S,100,0.2
0.02,4,559.0242107188801,0.6520287002797812,559.0025709075097,560.3761796125217,baseline,100,0.2
0.02,5,2362.832978432889,0.2260480992092085,2319.416970482803,2285.682506882713,N_ch,100,0.2
0.01,0,780.5004949324083,0.1301756896948467,756.9837482372718,747.7341679482275,k_on,100,0.2
0.01,1,840.0932484163515,-0.05907444695507727,772.8213811224699,762.1343071047445,k_off,100,0.2
0.01,2,3055.853958235622,0.1659962996010881,2938.286412448181,2895.886345910669,i,100,0.2
0.01,3,2083.665252941621,0.1525452172583301,2083.548862127479,2073.403064659371,S,100,0.2
0.01,4,571.7083292460314,0.6855208352833368,561.7530014528736,561.5897073332154,baseline,100,0.2
0.01,5,2366.694340181859,0.1620743169410609,2313.939469211018,2297.286424034119,N_ch,100,0.2
1,0,684.0901747517441,0.08349134868672359,680.2119354697081,682.8208976255004,k_on,100,0.5
1,1,699.9499841312678,0.03697577216228251,689.0005061285424,681.9253067952022,k_off,100,0.5
1,2,2153.012417500677,0.03585157064552329,2140.20417629413,2132.800064264584,i,100,0.5
1,3,5.32990331728431,-0.03548023684788446,5.402461992386065,5.34911636927834,S,100,0.5
1,4,212.0196692216278,-0.0121010208220528,214.8790881627831,217.9400430287498,baseline,100,0.5
1,5,2105.598115338984,0.0639865675318136,2089.545579114443,2087.488584123736,N_ch,100,0.5
0.5,0,690.3320704414987,0.6158534626999788,694.3372835124651,690.4470512267737,k_on,100,0.5
0.5,1,679.7126387113966,-0.2352726565723243,684.7984505641742,685.3528578887185,k_off,100,0.5
0.5,2,2200.098731142288,0.9160136229300576,2214.801087952455,2197.1415099506,i,100,0.5
0.5,3,12.07516123429696,0.00406188914955003,11.76560934936713,11.66136400303036,S,100,0.5
0.5,4,224.1097455665724,0.1872407101265985,222.9308575368792,221.1554360621585,baseline,100,0.5
0.5,5,2111.745253699582,0.9637339567171824,2124.347565686892,2114.741631725563,N_ch,100,0.5
0.2,0,704.7806290826652,0.06800851998271762,707.1338562492886,702.0386259631417,k_on,100,0.5
0.2,1,723.8892884990958,0.2653261051600891,712.6944129485441,698.2136883370695,k_off,100,0.5
0.2,2,2362.159351650749,0.252287842507634,2350.912531381268,2326.208505732414,i,100,0.5
0.2,3,38.64995295267188,-0.03912825449728307,39.14645127064581,39.01540879206632,S,100,0.5
0.2,4,223.0782640040673,0.3763436241117691,224.4046998649654,224.5880077179256,baseline,100,0.5
0.2,5,2170.619363825259,0.1345218371973256,2167.080045152192,2153.913730023232,N_ch,100,0.5
0.1,0,708.608572445995,-0.1215444252679409,718.0914034522044,712.07820244109,k_on,100,0.5
0.1,1,730.3507838715956,-0.2039934285326463,725.0237920815737,711.7322788855479,k_off,100,0.5
0.1,2,2449.22496155386,-0.3210999346243177,2481.222799839907,2449.552066905465,i,100,0.5
0.1,3,104.7798551650856,-0.06120394587313948,104.0591050638626,103.5315680998115,S,100,0.5
0.1,4,224.7942973248109,0.2968940567412977,226.4937635224802,225.8638126063349,baseline,100,0.5
0.1,5,2161.696239233791,-0.1319719268788407,2196.039011032856,2186.476865564754,N_ch,100,0.5
0.05,0,742.0487644965843,0.07963184596760436,730.8674065115025,719.2960504514264,k_on,100,0.5
0.05,1,768.5922267122394,-0.04805868964597879,734.350509673987,721.0311718989907,k_off,100,0.5
0.05,2,2657.954859170522,0.4213818121327971,2593.352853380598,2540.975942442292,i,100,0.5
0.05,3,278.8355129224348,-0.194903653809284,282.3784187289173,282.683900837696,S,100,0.5
0.05,4,225.509961201427,0.2838358289344923,226.2977395767122,226.8909256497991,baseline,100,0.5
0.05,5,2276.559746396484,0.2572275105994237,2233.900185652556,2209.906718645024,N_ch,100,0.5
0.02,0,739.0511895065627,-0.6586960980033568,728.4336845384744,724.5562412864542,k_on,100,0.5
0.02,1,766.5464208692524,0.5827506349727738,732.2789962014294,725.4466285852899,k_off,100,0.5
0.02,2,2637.32402036005,-1.090518486403701,2609.189752952117,2593.203133961114,i,100,0.5
0.02,3,994.1501065437352,-0.2393823847232838,982.9180150689588,979.6268192612824,S,100,0.5
0.02,4,238.5535693765727,0.1649102716867942,228.0915973678221,227.9842831255237,baseline,100,0.5
0.02,5,2242.025502373757,-1.095076194092706,2226.93979084065,2222.278722688723,N_ch,100,0.5
0.01,0,746.9709792998841,-0.4187646928477429,728.8556273159037,725.96777526761,k_on,100,0.5
0.01,1,764.6586473861919,0.1881326544955916,732.4208345699897,728.2416132971857,k_off,100,0.5
0.01,2,2698.493822526319,-0.5683530527880637,2621.790865707203,2610.375577782811,i,100,0.5
0.01,3,2286.744977623248,0.451397802272221,2260.426894502686,2255.5559115827,S,100,0.5
0.01,4,231.6245403254682,0.6097048250670608,228.2949909972919,228.1310735299008,baseline,100,0.5
0.01,5,2266.835397257758,-0.6548481447447243,2231.766447891149,2226.693313047628,N_ch,100,0.5
1,0,697.9174912687861,0.01680612873984532,685.4263432544462,681.0463512533532,k_on,100,1
1,1,703.2517033454823,-0.03083962873220013,688.595886484872,679.6179020286348,k_off,100,1
1,2,2190.192510649493,-0.01558810407492079,2146.787074947076,2126.820793584579,i,100,1
1,3,5.642627416753428,0.01069975614387313,5.624072490171605,5.445084357448078,S,100,1
1,4,113.1695790826872,0.01551469756244908,112.0565780526513,111.5117831119008,baseline,100,1
1,5,2136.904567724231,-0.0420893935074482,2096.774251215845,2082.489012408077,N_ch,100,1
0.5,0,706.7533479613832,-0.1805290035291156,696.611397743933,689.3133900475597,k_on,100,1
0.5,1,705.8826681369975,0.1356975666899201,686.3738567215909,682.2516679936415,k_off,100,1
0.5,2,2246.903828811274,-0.2210191579191959,2206.256463788355,2187.931679880985,i,100,1
0.5,3,11.9365236896099,-0.09811512593509772,12.22241384858522,12.63403037084948,S,100,1
0.5,4,113.832820040985,-0.06291122289303189,112.0510687357188,113.4338749738282,baseline,100,1
0.5,5,2159.536136309038,-0.3042107166770261,2122.847964953148,2109.144204606853,N_ch,100,1
0.2,0,724.2860941859828,-0.2525643205539123,705.3143220679844,699.1525396688952,k_on,100,1
0.2,1,723.5958149952064,0.09814851131686232,698.8984925958621,692.6230501084453,k_off,100,1
0.2,2,2353.760142291535,-0.4208025259980203,2318.006176293848,2298.074716505582,i,100,1
0.2,3,44.65083852182083,0.01237850381244091,44.81351114365796,44.50773241830678,S,100,1
0.2,4,116.5398923251906,0.07889523285464937,115.1340217792789,114.7764751919839,baseline,100,1
0.2,5,2201.321103925216,-0.4410601438476782,2154.546634474095,2143.986124346185,N_ch,100,1
0.1,0,718.9272390953872,0.2879197933380451,714.9045121854549,705.0437100998366,k_on,100,1
0.1,1,715.2196344718441,-0.1195447437763461,710.4290731586592,701.5246677115794,k_off,100,1
0.1,2,2443.419924330398,0.7017031445116428,2419.806975312406,2380.076196920908,i,100,1
0.1,3,121.7746348857664,0.06502469786573921,121.8537494639821,120.948626840415,S,100,1
0.1,4,115.266194311102,0.03433942816958239,116.0185900199132,115.7189658489476,baseline,100,1
0.1,5,2201.62527284221,0.5158348749335324,2187.770050578409,2166.658547021667,N_ch,100,1
0.05,0,717.4269079683982,-0.04737418569610626,712.8358143433087,709.3450445257863,k_on,100,1
0.05,1,705.7961983004653,-0.02381712462765634,710.5185220097185,706.3068666296501,k_off,100,1
0.05,2,2473.634661439423,-0.2444935401489122,2442.58298108663,2426.915376573394,i,100,1
0.05,3,322.5305176591206,-0.0293435617072044,327.3650574798407,325.9864842043174,S,100,1
0.05,4,119.2456662222637,0.04391795262962783,116.521225475297,116.1706340970587,baseline,100,1
0.05,5,2197.156271657374,-0.09070819600533352,2184.468438623205,2178.946373326208,N_ch,100,1
0.02,0,731.7661006052144,0.03643320832451036,714.3763606599787,711.5023505407421,k_on,100,1
0.02,1,730.6945275311696,-0.1358264833556806,712.5888706573697,709.5157126938418,k_off,100,1
0.02,2,2525.373092314619,0.281933717079893,2467.659050410371,2455.064814165946,i,100,1
0.02,3,1089.799636441023,0.192289570986025,1063.911776634494,1061.681460500186,S,100,1
0.02,4,117.176374641199,0.352082906196029,116.5511838765823,116.3969196041519,baseline,100,1
0.02,5,2230.970183279502,0.2257334306297622,2192.031196270322,2186.330971117154,N_ch,100,1
0.01,0,738.5707795721905,-0.1606997444845952,714.8327642471044,712.2141926206518,k_on,100,1
0.01,1,735.0207459080449,0.0041978175686128,711.5086988504132,709.7143481524473,k_off,100,1
0.01,2,2550.463122252896,-0.0955204781592548,2470.871625624904,2459.852616431682,i,100,1
0.01,3,2406.079527685848,0.8529511740404067,2364.134735680571,2359.495268991841,S,100,1
0.01,4,118.5472191950367,0.1604519054276878,116.709903616727,116.5692998140046,baseline,100,1
0.01,5,2249.145598519796,-0.3100217585790305,2192.939117192284,2186.834578792542,N_ch,100,1
1,0,641.209617651692,-0.2519288711385619,655.195140402191,650.702597400485,k_on,100,10
1,1,647.5743326385859,0.2873606628677872,656.1895178475698,646.8978842859899,k_off,100,10
1,2,2018.089788479281,-0.4445296073225717,2059.483256529837,2032.833229391561,i,100,10
1,3,7.21536686596628,-0.0263062857036306,7.297542240828715,7.301140783627443,S,100,10
1,4,13.78527554990816,0.03641452406004778,14.06761931283746,14.14657465704035,baseline,100,10
1,5,1980.260129977347,-0.4596737082561999,2020.120228706779,1997.610605140094,N_ch,100,10
0.5,0,661.7706446293791,-0.2030692230989309,659.48819970631,655.8790464442961,k_on,100,10
0.5,1,650.230693293657,-0.0940624322131824,649.924534525482,650.3407643161577,k_off,100,10
0.5,2,2066.111453023591,-0.1828218881448999,2080.780103772855,2071.00161443445,i,100,10
0.5,3,19.79880731293165,-0.04317587536314664,19.7366109683172,19.74626240687261,S,100,10
0.5,4,14.25438505916943,0.0189178722903704,14.30066098924101,14.3671476177068,baseline,100,10
0.5,5,2014.037462434419,-0.1987938694619412,2023.014767092956,2017.716284217665,N_ch,100,10
0.2,0,657.5482997304143,0.1640300163683172,661.6069483681073,658.8614362637788,k_on,100,10
0.2,1,670.0407054316482,0.1466349004480214,654.3118109066296,652.2767728376856,k_off,100,10
0.2,2,2115.093667414065,0.3294496613899318,2118.086138636978,2104.195894652129,i,100,10
0.2,3,74.82739067652693,-0.04572477323534909,74.30511445283463,74.75088645335317,S,100,10
0.2,4,14.4187137612601,0.00983191826998521,14.55170104101145,14.58496819607465,baseline,100,10
0.2,5,2040.179699221038,0.2491875562751434,2041.546417489942,2032.189040707915,N_ch,100,10
0.1,0,660.8444115240443,0.1348455498493829,661.3268335223601,660.4352333560731,k_on,100,10
0.1,1,661.5054819587589,-0.04942712467953417,653.3302141153946,653.758784190832,k_off,100,10
0.1,2,2120.980787060299,0.1770918999110712,2119.157490249829,2114.881355862644,i,100,10
0.1,3,192.8493307380842,-0.05893213988512839,190.4682447648982,190.7894127362849,S,100,10
0.1,4,14.74847910577128,0.02777020768970427,14.64937085320726,14.64288371082565,baseline,100,10
0.1,5,2037.70101206386,0.2070403350506299,2038.498333989293,2036.141154819138,N_ch,100,10
0.05,0,666.2027700455396,-0.09624632043366065,660.209005115935,661.1834360788259,k_on,100,10
0.05,1,663.1829651985421,0.1385527443710875,653.9326140248503,654.043256691805,k_off,100,10
0.05,2,2124.09251679985,-0.08209268820038222,2117.792618397661,2118.18914524449,i,100,10
0.05,3,442.4891120134537,-0.476061320201085,440.5232730893068,444.1720176493338,S,100,10
0.05,4,14.55777810094416,0.00381092664299463,14.59516379306721,14.66733760945812,baseline,100,10
0.05,5,2043.944805426117,-0.07124345176386565,2035.779548808881,2036.982657368592,N_ch,100,10
0.02,0,667.7938389825515,0.3702590295243939,659.9663905912616,660.890938226928,k_on,100,10
0.02,1,667.8382900597404,-0.1485211710088584,653.1947533406529,654.558259007301,k_off,100,10
0.02,2,2155.613935324403,0.5949678421362767,2120.012724134636,2123.240993025058,i,100,10
0.02,3,1223.473392006561,-0.257858104450805,1227.06615399688,1230.442245682174,S,100,10
0.02,4,14.69620092355368,-0.01145239204504979,14.70652332243015,14.68593988655005,baseline,100,10
0.02,5,2068.747745634797,0.6162705717681936,2035.299306870577,2039.190612780218,N_ch,100,10
0.01,0,666.999319550652,-0.3222734761133113,661.9843299021612,661.2483571678372,k_on,100,10
0.01,1,658.2938863592977,0.2889406584469921,654.4035006618345,653.8763687739573,k_off,100,10
0.01,2,2144.615844461876,-0.464259306624368,2121.527333833538,2118.874288814849,i,100,10
0.01,3,2543.483308793143,0.7976653261321183,2554.887179713152,2552.457273395232,S,100,10
0.01,4,14.89098172084713,0.01454326247390639,14.69291955415957,14.68627202594954,baseline,100,10
0.01,5,2059.583684569436,-0.4763939192562204,2038.871779239119,2036.900955199691,N_ch,100,10
1,0,470.5509973899735,0.0539088376731451,454.7230814545839,457.5987923073644,k_on,100,100
1,1,479.3866456844116,-0.1390515197597725,468.7026746667941,467.7935860860939,k_off,100,100
1,2,1490.565835109126,0.1502772068776072,1443.333877781269,1451.069311660758,i,100,100
1,3,13.94084329763266,-0.00202922029040724,13.82281790384568,13.80357122758168,S,100,100
1,4,2.706837270368095,7.8906292928662e-4,2.632485184877621,2.633608546345219,baseline,100,100
1,5,1478.499833203476,0.1460221211310269,1430.277486369368,1438.135079267654,N_ch,100,100
0.5,0,457.5074099440203,0.1282604586524186,462.7512108723253,460.7691016377829,k_on,100,100
0.5,1,471.9523864979398,-0.1628004929646351,474.3649449774647,470.8621739921018,k_off,100,100
0.5,2,1464.851459423736,0.271177172551168,1476.195351019288,1467.516977414551,i,100,100
0.5,3,33.86848477152812,0.01899457929209993,34.78517863512354,34.98887562839844,S,100,100
0.5,4,2.634881042167123,0.00590433655466022,2.647788182489655,2.653179516274222,baseline,100,100
0.5,5,1448.062340374734,0.2560253757634651,1461.045862171227,1452.045365362401,N_ch,100,100
0.2,0,463.3584069321951,-0.2993200362690105,463.2188055809351,463.70270100063,k_on,100,100
0.2,1,468.1890640486683,0.4823891603848881,470.5325743245703,470.6772978582787,k_off,100,100
0.2,2,1471.961903223335,-0.6105719970936998,1471.562697044915,1473.822217966337,i,100,100
0.2,3,110.7590288163406,-0.03404965129536695,108.6694365054018,108.883897749353,S,100,100
0.2,4,2.662172944926962,0.02100449020468444,2.660307826915967,2.664025775115357,baseline,100,100
0.2,5,1454.993214330414,-0.5760221363941944,1455.30354260209,1457.588654670231,N_ch,100,100
0.1,0,475.8897020970837,0.217659322167689,464.4598310029965,463.9892213261033,k_on,100,100
0.1,1,477.7054193766868,-0.3568804272420807,472.3037045287287,471.8847540078906,k_off,100,100
0.1,2,1520.659486296219,0.465777735061781,1480.442862068456,1477.593213416972,i,100,100
0.1,3,233.118065049706,0.03846517288071791,238.3903726583239,238.740194142873,S,100,100
0.1,4,2.643719765574359,0.00799101160390187,2.663589847961209,2.663707647073932,baseline,100,100
0.1,5,1499.242239662787,0.449899271553826,1461.22631589624,1459.749353057928,N_ch,100,100
0.05,0,457.8766968031486,0.1884758299186011,464.025525708331,464.2166720992159,k_on,100,100
0.05,1,468.1334839638114,-0.1576080172212424,470.6498745760226,471.6374909274034,k_off,100,100
0.05,2,1457.299787326128,0.3941392490160514,1476.387635814671,1477.917077807214,i,100,100
0.05,3,490.5308809925126,-0.07639098149374635,501.8004632999838,502.2073702093995,S,100,100
0.05,4,2.68903753552769,0.00652269705007721,2.667244715993843,2.665392402466184,baseline,100,100
0.05,5,1438.543294129331,0.4048751572373455,1457.938307132267,1460.004622710641,N_ch,100,100
0.02,0,452.8886930162137,-0.2801489316985033,464.6188625240613,464.5179462043375,k_on,100,100
0.02,1,466.3257410562349,0.3918849786803736,470.6933770634267,470.9283024377021,k_off,100,100
0.02,2,1432.141194676416,-0.5066345552401582,1475.153789709256,1475.393793364329,i,100,100
0.02,3,1283.369859087546,-0.02276968360673861,1293.406198339933,1296.445917853687,S,100,100
0.02,4,2.683539315614145,0.01537299632740536,2.667044936115644,2.666514207418119,baseline,100,100
0.02,5,1416.354745714509,-0.5134648205915581,1458.72029066632,1458.760517578055,N_ch,100,100
0.01,0,464.8820938534963,0.2303847020902772,464.7442156547959,464.1679405812502,k_on,100,100
0.01,1,472.57379559712,-0.1309480142620959,471.7452365895448,471.5103767302579,k_off,100,100
0.01,2,1478.694733796097,0.4179650528386328,1479.939058117293,1478.172948342789,i,100,100
0.01,3,2615.604540966431,0.1761121423092447,2623.555521512359,2621.532806674379,S,100,100
0.01,4,2.631296861021423,-0.01452538058622625,2.665436107841315,2.665817426184103,baseline,100,100
0.01,5,1458.717131661642,0.406404338111324,1461.860852603405,1460.143716854163,N_ch,100,100
1,0,119.3726031277048,0.01480130881070717,120.5642261689428,120.6991779888655,k_on,100,1000
1,1,131.6888618901295,0.09778128962435229,133.1936663025062,131.9852256180416,k_off,100,1000
1,2,387.0262254142925,0.01204042902293165,391.2731759284389,390.5742244088455,i,100,1000
1,3,23.48172461472314,0.05336266151532738,23.46022001597463,23.08924453113115,S,100,1000
1,4,0.4541518198329028,-0.00219217605040544,0.4592201118219515,0.4572646330014807,baseline,100,1000
1,5,386.2725926141032,0.01176538748877221,390.500824263382,389.7878527788801,N_ch,100,1000
0.5,0,124.041985948929,0.08374700716764698,122.6433574897448,122.5482525874104,k_on,100,1000
0.5,1,135.3405028777179,-0.131161300705708,133.5745091155054,133.2594990093453,k_off,100,1000
0.5,2,402.5254958374028,0.1652211259291072,397.6867562700585,397.0394905280682,i,100,1000
0.5,3,49.02785651217186,-0.00444048163722717,48.43139093076663,48.70722541599552,S,100,1000
0.5,4,0.4666093710212668,-0.00932165734581626,0.4572888489687742,0.4574273545886867,baseline,100,1000
0.5,5,401.1145773567046,0.1612198369361728,396.5468400897409,396.1253533001727,N_ch,100,1000
0.2,0,122.3975265831962,-0.02468259811188191,123.6010039475575,123.6095812625375,k_on,100,1000
0.2,1,133.435635586533,0.03126091961124845,133.4358591314068,133.585889373726,k_off,100,1000
0.2,2,396.2869048150221,-0.07661826830624047,399.4244443883504,399.2823624267841,i,100,1000
0.2,3,127.2517091515976,-0.0866380918333457,127.6329847021179,127.444676662693,S,100,1000
0.2,4,0.4539899663336679,0.00526766415840243,0.456687542818176,0.4574950092293211,baseline,100,1000
0.2,5,395.5129644735555,-0.0718236041919775,398.5327584019739,398.3790746976633,N_ch,100,1000
0.1,0,124.1332948641148,0.06003179137949045,124.136591508854,123.7715572594805,k_on,100,1000
0.1,1,133.2344203075653,0.1853660782878638,133.5700529563068,133.5535821869867,k_off,100,1000
0.1,2,402.3338652717208,0.02070790948751676,400.2703651135996,399.7820674665514,i,100,1000
0.1,3,258.3677394880947,0.2362217939604435,261.9710337136293,259.6668218688217,S,100,1000
0.1,4,0.453678201111007,-0.00200864843085902,0.4585064285015855,0.4575384997413725,baseline,100,1000
0.1,5,401.4638279657322,0.01525694412737304,399.3265659224276,398.8031223876197,N_ch,100,1000
0.05,0,124.3989195543391,0.1552275857873195,124.0277633131019,123.7982823207803,k_on,100,1000
0.05,1,131.9938306837752,-0.04581287677689485,133.7541134433767,133.6629298890826,k_off,100,1000
0.05,2,401.9263865794642,0.2614214562212624,400.7125003187289,400.0527712615005,i,100,1000
0.05,3,522.2772825039085,0.2426522109472683,524.4654361526925,524.576913588345,S,100,1000
0.05,4,0.452696393657998,0.00195164863341585,0.4579260560213635,0.4575220854504768,baseline,100,1000
0.05,5,401.04442723219603,0.2703587418316106,399.5922449174175,398.9843051656394,N_ch,100,1000
0.02,0,127.9373946012228,-3.1723627921226e-4,123.8684694956599,123.8363787979191,k_on,100,1000
0.02,1,135.9275669280683,0.04225393086342224,133.6285903788456,133.629849010174,k_off,100,1000
0.02,2,412.0685035027831,0.04462772518747533,400.0755962112652,399.8678632221439,i,100,1000
0.02,3,1306.144670486593,-0.07967861569361961,1318.707757899921,1319.751338593417,S,100,1000
0.02,4,0.4616969210245118,0.00352690572043752,0.4574305754798719,0.4575215401548948,baseline,100,1000
0.02,5,411.3010302958699,0.03403420037628549,399.1335898351762,398.9006834430061,N_ch,100,1000
0.01,0,124.2222876658307,0.1535066249946155,123.9234356420668,123.8490182364827,k_on,100,1000
0.01,1,133.0324869994451,-0.2650176913281806,133.9145764184178,133.8133881425597,k_off,100,1000
0.01,2,401.8168851225605,0.3311621469679116,400.4264908604985,400.0751217797944,i,100,1000
0.01,3,2654.429189797675,0.7264135023604941,2648.9283920924822,2645.180508404455,S,100,1000
0.01,4,0.4524150809276765,-0.00627388040143543,0.4577128645129129,0.45747577935367,baseline,100,1000
0.01,5,399.7557146558364,0.3334587847121149,399.3349805310094,399.0040940100896,N_ch,100,1000
1,0,14.12646528575879,-0.01298585005673859,14.48777281314884,14.53856041683971,k_on,100,10000
1,1,16.21659280163219,0.01523921575343593,16.28024535462349,16.23764384134377,k_off,100,10000
1,2,46.06580249375777,-0.0229950931184415,47.09625524595503,47.27122002052391,i,100,10000
1,3,26.85332145416459,0.00761565026642043,26.57052299881016,26.08874605951569,S,100,10000
1,4,0.05182985485458375,-9.1344107948939e-4,0.05215340075095482,0.05212718182154842,baseline,100,10000
1,5,46.06783333557376,-0.02299204904234474,47.09936900081325,47.26047801934247,N_ch,100,10000
0.5,0,14.75539835833469,-0.01244492658627817,14.90207026720982,14.8010335556274,k_on,100,10000
0.5,1,16.44563001889147,0.02122137623535507,16.49781827582395,16.41216726098521,k_off,100,10000
0.5,2,48.04380833840241,-0.02597403389917214,48.47563098623928,48.14184769028446,i,100,10000
0.5,3,52.26777392623504,0.01921806948625037,52.1907327744754,52.49859286063538,S,100,10000
0.5,4,0.05210948124946823,0.00197776948874635,0.05216752883101667,0.05212743949652083,baseline,100,10000
0.5,5,48.0248250434223,-0.026461210819383,48.46330855549085,48.13010639679828,N_ch,100,10000
0.2,0,15.18857052418278,-0.01398531552245149,14.9877478940394,14.9353473192247,k_on,100,10000
0.2,1,16.86920623207329,0.02815517142454033,16.50839952319034,16.46347709679036,k_off,100,10000
0.2,2,49.28307837913378,-0.0222388709008175,48.63381383621331,48.45145412369106,i,100,10000
0.2,3,132.2417705547287,0.1036848150131386,131.8966962630821,131.9421825030625,S,100,10000
0.2,4,0.05253631904201986,0.00210046970209935,0.05221619791555988,0.05212753767728982,baseline,100,10000
0.2,5,49.27691960208757,-0.0230528096565102,48.61928473647967,48.43890674903897,N_ch,100,10000
0.1,0,14.9540845477472,-0.0030676961004272,14.96398451374162,14.95804462757552,k_on,100,10000
0.1,1,16.17681090175155,-0.02473413530469783,16.44410365581091,16.47314667400642,k_off,100,10000
0.1,2,48.31420994850136,0.00765633046430942,48.48351821986007,48.50021423223733,i,100,10000
0.1,3,260.748944008993,-0.1324822680701126,263.9827643846177,264.4554478258665,S,100,10000
0.1,4,0.05140549779009416,-4.574907980121731e-5,0.05206334916733064,0.05212751279558378,baseline,100,10000
0.1,5,48.28692980231607,0.00723363583279562,48.4685323162204,48.48685756220889,N_ch,100,10000
0.05,0,14.69650379016681,-0.01957751317524374,14.97811753171439,14.96413617896972,k_on,100,10000
0.05,1,16.3886540609757,0.01657413941989505,16.49131382139214,16.47253656096286,k_off,100,10000
0.05,2,47.79489362882474,-0.03638270769534114,48.56249927589898,48.50850671405188,i,100,10000
0.05,3,532.2798260421204,0.2881256819938128,530.2258382081076,529.531963600244,S,100,10000
0.05,4,0.05144025189571716,0.00184537496449384,0.05218817046026809,0.05212757175043076,baseline,100,10000
0.05,5,47.78408760312143,-0.03628962266888138,48.55150280821198,48.49698701394372,N_ch,100,10000
0.02,0,14.8792123337138,0.03080067189170326,14.95156078793615,14.96530819833218,k_on,100,10000
0.02,1,16.42458657627824,-0.0324453594104653,16.46915653385048,16.47637702690132,k_off,100,10000
0.02,2,48.34530027807347,0.0683692334005134,48.4744455058626,48.52339621845331,i,100,10000
0.02,3,1359.745270376867,0.05420418175467159,1322.72119252793,1324.80512099205,S,100,10000
0.02,4,0.05233013398026716,-0.0022260191174056,0.05212757028860302,0.05212751968944122,baseline,100,10000
0.02,5,48.32132665234034,0.0687277158589575,48.45587532182905,48.50609153336167,N_ch,100,10000
0.01,0,14.79330401053576,0.00547606779741036,14.96223314420789,14.96592266666996,k_on,100,10000
0.01,1,16.24940201579031,0.01579285389786586,16.46695101715236,16.47413235808017,k_off,100,10000
0.01,2,48.08367758294093,0.00584190908456987,48.50636397149528,48.51761349669038,i,100,10000
0.01,3,2616.181987302878,-0.08203626969028152,2649.842498446362,2650.275777596347,S,100,10000
0.01,4,0.05188635479049622,8.0623692964978e-4,0.05211896778815288,0.05212758243255856,baseline,100,10000
0.01,5,48.06674243295963,0.00630786760821929,48.49195479720157,48.50345695798439,N_ch,100,10000
1,0,1.48122732343738,-0.00822817822661151,1.467500868514528,1.484480819032789,k_on,100,100000
1,1,1.685259385888627,0.02547591670144649,1.656009886338782,1.662218860473984,k_off,100,100000
1,2,4.842986586799898,-0.01480680196978226,4.773846292312499,4.829462750653594,i,100,100000
1,3,25.89678371634873,-0.02156785841651134,25.862336569039,26.46640312298583,S,100,100000
1,4,0.00533016101531312,0.00137554567372366,0.00528188799485828,0.00529277494289635,baseline,100,100000
1,5,4.843195595486603,-0.01476386283008211,4.774012952157119,4.829363177065796,N_ch,100,100000
0.5,0,1.493263734542055,0.01167462877207647,1.508504056346179,1.511710842546779,k_on,100,100000
0.5,1,1.663521823250407,-0.00778127602638615,1.674316268777713,1.680520049263687,k_off,100,100000
0.5,2,4.863214204746189,0.02186864718818953,4.91476674694499,4.919899471520814,i,100,100000
0.5,3,52.84458515214328,-0.07362989051047465,52.14946000037428,52.96579398467576,S,100,100000
0.5,4,0.00527459455934545,-1.8992263929576e-4,0.00527519968955228,0.00529277492778121,baseline,100,100000
0.5,5,4.86302554028963,0.0219762798883832,4.914348328895924,4.919688882572185,N_ch,100,100000
0.2,0,1.535195405015934,0.01129125711521694,1.526419124880712,1.525528872287053,k_on,100,100000
0.2,1,1.703102314273782,0.00323826119005406,1.689206797896956,1.685817624127676,k_off,100,100000
0.2,2,4.978040540916735,0.01382330831190967,4.955760783991316,4.951818046159833,i,100,100000
0.2,3,132.2688405198816,0.01802103748171635,132.6277624738805,132.4857098017576,S,100,100000
0.2,4,0.00526056034976939,-1.702761368502304e-6,0.00529393058174433,0.00529277526545995,baseline,100,100000
0.2,5,4.977486629698898,0.01375280892618352,4.955418188262809,4.951593126007532,N_ch,100,100000
0.1,0,1.517469546244343,-0.0133084856165564,1.525918505334242,1.52795948858805,k_on,100,100000
0.1,1,1.663529834850783,0.01069902369442498,1.6855020524003,1.68662603378658,k_off,100,100000
0.1,2,4.918728662229584,-0.01761200618637204,4.948111649596012,4.956349370414663,i,100,100000
0.1,3,264.6584611965217,-0.096226197794613,265.176659449616,265.02972732113483,S,100,100000
0.1,4,0.0052430269195711,9.1903749089259e-4,0.00528778789547291,0.00529277513780608,baseline,100,100000
0.1,5,4.918923328140496,-0.01761348696096386,4.948039203929248,4.956297344718905,N_ch,100,100000
0.05,0,1.540267970393521,-0.00492805305451228,1.526256094499199,1.528548315014612,k_on,100,100000
0.05,1,1.717630468461199,0.0082383766705101,1.684018695485366,1.686826081698505,k_off,100,100000
0.05,2,4.995315017532222,-0.00807878507329672,4.947702624488779,4.957688982746341,i,100,100000
0.05,3,531.0958103844379,0.01681218410141288,531.0774647038447,530.1227897599878,S,100,100000
0.05,4,0.00532288411083985,0.00122566853855761,0.00529265188480816,0.00529277527110516,baseline,100,100000
0.05,5,4.995665107428457,-0.00806384821767331,4.947588096490706,4.957583559283211,N_ch,100,100000
0.02,0,1.529548494428103,-0.0271174920505985,1.528830608789672,1.528764884350433,k_on,100,100000
0.02,1,1.670081409767678,0.02777252878766021,1.687966734088393,1.686764971510336,k_off,100,100000
0.02,2,4.970283760035555,-0.04677246533202536,4.959836178633349,4.957599646020395,i,100,100000
0.02,3,1318.21999882405,0.3813335031195802,1325.626336496585,1325.406356384472,S,100,100000
0.02,4,0.00537011614264435,0.00248311364958331,0.00529574191501238,0.00529277534986447,baseline,100,100000
0.02,5,4.970807528206556,-0.04669110481152323,4.959930749598239,4.957712123040227,N_ch,100,100000
0.01,0,1.574253464952949,-0.00880707159842795,1.528312062901527,1.528757797410043,k_on,100,100000
0.01,1,1.737946107305913,0.01065854183679977,1.686094920548917,1.686858244468808,k_off,100,100000
0.01,2,5.102007769368233,-0.01712328903444251,4.956036091107155,4.957974788134644,i,100,100000
0.01,3,2677.442379983984,0.3564039061412128,2654.645429250735,2650.880492449425,S,100,100000
0.01,4,0.00537949940847346,0.00103669190517227,0.00529388874884394,0.0052927752028409,baseline,100,100000
0.01,5,5.101976615231375,-0.01717863387784449,4.956005386324057,4.957924162790518,N_ch,100,100000
1,0,1339.755214786551,0.04514423631019977,1361.618928906583,1368.198988032686,k_on,200,0.05
1,1,1377.855983837364,0.08212846818708952,1364.530219948728,1361.17626200306,k_off,200,0.05
1,2,4138.454229063107,-0.2744267477047964,4201.403986677346,4218.994727884647,i,200,0.05
1,3,5.178461558738341,-0.02067351017030807,5.164051517871604,5.302023700377372,S,200,0.05
1,4,2104.899276764992,-1.131386443467763,2103.980796395108,2123.549689366769,baseline,200,0.05
1,5,4088.926032994448,-0.2412648260063468,4153.255485248525,4172.568659714732,N_ch,200,0.05
0.5,0,1371.318368282823,0.07007117624023224,1377.074522021748,1383.040562467962,k_on,200,0.05
0.5,1,1344.773305606904,0.2821606513846859,1370.488616859793,1371.533728485976,k_off,200,0.05
0.5,2,4261.319960142476,-0.02510363611794399,4288.980565739229,4306.043642814091,i,200,0.05
0.5,3,10.63682194899987,0.04736141099311755,10.93902727172044,10.61415108782751,S,200,0.05
0.5,4,2174.036634249128,-0.3292127054448127,2148.664504665338,2125.615360729316,baseline,200,0.05
0.5,5,4167.373083390647,0.04202458130247948,4195.331624323304,4217.735665103897,N_ch,200,0.05
0.2,0,1400.891384965861,-0.1813680529031892,1407.182059718613,1399.477384161781,k_on,200,0.05
0.2,1,1455.093255265472,-0.1627825135750145,1439.685354778572,1402.018046873902,k_off,200,0.05
0.2,2,4535.164021957602,-0.08317802609711211,4516.662411756024,4484.266824018537,i,200,0.05
0.2,3,27.06829012979886,0.01336983188336286,27.09183892844231,27.32452376759194,S,200,0.05
0.2,4,2090.411231547161,-0.4904476680049311,2139.906561697378,2134.722592645459,baseline,200,0.05
0.2,5,4307.840789501063,-0.1973240397657568,4287.960461526214,4275.273610993404,N_ch,200,0.05
0.1,0,1428.943652082743,-0.06050760599633612,1433.523546223533,1418.057317419263,k_on,200,0.05
0.1,1,1555.930441559995,0.6268530695027281,1538.869664901492,1443.173009957944,k_off,200,0.05
0.1,2,4824.948465406231,0.2429686287593151,4813.754074241911,4728.342840963824,i,200,0.05
0.1,3,60.66141105396775,0.00913319114772524,61.56547702866415,60.75240002436657,S,200,0.05
0.1,4,2230.661758699037,0.3605754816874965,2144.494621771884,2141.329121044056,baseline,200,0.05
0.1,5,4365.689118617252,-0.00541862212953957,4370.334761975452,4335.68778140665,N_ch,200,0.05
0.05,0,1492.900378669306,0.01050959576189056,1471.572620343407,1448.556144109562,k_on,200,0.05
0.05,1,1688.994817724431,0.256254416334421,1643.984786769469,1499.649955477471,k_off,200,0.05
0.05,2,5319.532251717847,-0.3631324152277391,5247.115568361791,5133.264487720414,i,200,0.05
0.05,3,153.6581958239742,0.0454185493441971,156.0946467618824,149.3172088840339,S,200,0.05
0.05,4,2115.948379216715,0.6920466623510236,2148.773457751303,2144.842293140254,baseline,200,0.05
0.05,5,4506.545229064502,-0.2134009236125779,4463.415835904759,4431.993179501401,N_ch,200,0.05
0.02,0,1577.632065820678,0.1239580095943366,1565.167244753352,1504.865816694066,k_on,200,0.05
0.02,1,1847.083488123683,0.6289033740913453,1714.980519549546,1570.444662315471,k_off,200,0.05
0.02,2,6236.475638794293,0.7428467410570518,6146.078276472574,5837.63945529731,i,200,0.05
0.02,3,558.519402510942,0.2092283958227171,562.7182564294283,541.6452244155732,S,200,0.05
0.02,4,2181.815804391123,0.4671121106726037,2149.452038571939,2147.093569886748,baseline,200,0.05
0.02,5,4764.631462319146,0.1424758709231959,4721.598915915391,4602.22344810215,N_ch,200,0.05
0.01,0,1608.959001215703,0.0425140932228622,1588.878712203558,1534.353757450842,k_on,200,0.05
0.01,1,1895.352310428601,0.3926031071697216,1701.592848787788,1602.657929265382,k_off,200,0.05
0.01,2,6672.739978856876,0.3094215177926134,6501.214402055972,6207.390939992114,i,200,0.05
0.01,3,1510.400856614598,-0.09300177129754936,1516.000683376548,1478.045107699698,S,200,0.05
0.01,4,2128.130823524981,0.3047128316208729,2148.598186102976,2150.088373712079,baseline,200,0.05
0.01,5,4824.80106606051,0.00955527572138043,4800.252213438521,4692.442985492808,N_ch,200,0.05
1,0,1353.446767191105,0.2193857763477023,1369.223739860833,1367.715949531585,k_on,200,0.1
1,1,1363.119360121932,-0.3530192657359212,1367.096977234955,1360.852095653272,k_off,200,0.1
1,2,4160.756669288324,0.498829171209745,4227.986971854071,4218.455098690732,i,200,0.1
1,3,5.379951593494018,0.01432785180239364,5.411102690088587,5.302392291801291,S,200,0.1
1,4,1072.122821975748,0.3696336626280445,1069.753609424217,1063.170212324353,baseline,200,0.1
1,5,4098.10147238134,0.4865575961025851,4172.808606542532,4172.089115253123,N_ch,200,0.1
0.5,0,1398.396988069459,-0.1365889213280036,1370.162795451363,1382.606677779404,k_on,200,0.1
0.5,1,1369.559918628652,0.4653622978133894,1366.298809644667,1370.176910152917,k_off,200,0.1
0.5,2,4378.69448212779,-0.3906275991893998,4281.28984122316,4305.07502758604,i,200,0.1
0.5,3,10.39833230087734,-0.0399563867104907,10.64114065659157,10.63707198623392,S,200,0.1
0.5,4,1031.387668148973,0.01535696589297414,1056.283926302691,1064.925388189544,baseline,200,0.1
0.5,5,4270.069204419347,-0.3070873919732044,4186.072791137771,4217.230290774937,N_ch,200,0.1
0.2,0,1416.568910307443,0.3229773587227855,1405.379670253824,1398.276071455903,k_on,200,0.1
0.2,1,1436.814949019347,-0.6105184860204923,1423.517766141656,1400.391275693732,k_off,200,0.1
0.2,2,4539.23314670748,0.317295720647773,4516.869002397142,4479.020704531881,i,200,0.1
0.2,3,28.13084491089061,-0.0281301267189151,28.46219452465011,28.27280869579977,S,200,0.1
0.2,4,1088.457344983326,0.1509565026184959,1068.449247341215,1069.577397184259,baseline,200,0.1
0.2,5,4315.765409486503,0.4747060108966332,4289.563962838033,4274.357805292663,N_ch,200,0.1
0.1,0,1444.776193326514,0.2654039673558105,1429.071680722299,1416.509603653481,k_on,200,0.1
0.1,1,1519.702898199565,-0.2463561503232569,1509.536919793215,1435.82399506742,k_off,200,0.1
0.1,2,4811.790953277391,0.5348605517458819,4767.899195581565,4708.511491433153,i,200,0.1
0.1,3,67.14162374885464,-0.09780112672200554,67.28619219275676,66.31702815648457,S,200,0.1
0.1,4,1093.468327633097,0.09141782732226242,1069.141935999361,1072.210318242554,baseline,200,0.1
0.1,5,4383.384422345811,0.4506251044789755,4356.755131962088,4332.81310077432,N_ch,200,0.1
0.05,0,1461.75691906688,0.355961195190152,1467.391012272969,1443.472503634334,k_on,200,0.1
0.05,1,1619.489146029744,-0.2716399108244345,1571.329766751827,1477.720589122354,k_off,200,0.1
0.05,2,5179.175753044155,0.3430529840052839,5171.296420931805,5056.049286762751,i,200,0.1
0.05,3,170.7005429230659,0.00786439489469132,174.6172010406461,169.815097262341,S,200,0.1
0.05,4,1094.58058850661,-0.1113353594391183,1075.669190618505,1073.992618101332,baseline,200,0.1
0.05,5,4466.32437053996,0.4454502069615823,4460.512378906263,4417.680955889738,N_ch,200,0.1
0.02,0,1525.843489714669,0.1355532256021525,1520.188965141823,1481.003985017219,k_on,200,0.1
0.02,1,1695.357563125566,0.01824230441116138,1599.485375538759,1521.158889294081,k_off,200,0.1
0.02,2,5746.840492812943,0.4735577866154299,5715.368117108088,5519.835975914108,i,200,0.1
0.02,3,636.256483585143,-0.00229019697126656,646.1302777377728,633.4510989245483,S,200,0.1
0.02,4,1094.396955594611,-0.1554593262681901,1076.258748600329,1076.590388793636,baseline,200,0.1
0.02,5,4614.911430819333,0.2822471193411429,4610.133957086075,4531.303537731755,N_ch,200,0.1
0.01,0,1575.143304969364,-0.1977211462079835,1526.126242982539,1496.533454678304,k_on,200,0.1
0.01,1,1776.809275783871,0.6819463316267372,1586.114821103171,1536.492176557715,k_off,200,0.1
0.01,2,6058.348773805145,0.00859119235201383,5848.231469369374,5706.186270364063,i,200,0.1
0.01,3,1717.760535446192,-0.09996304672116348,1718.840930434392,1695.065939926714,S,200,0.1
0.01,4,1063.349573862526,0.6076601076620937,1076.0834030694,1077.075288049248,baseline,200,0.1
0.01,5,4748.453473860746,-0.3751656683468338,4632.7262461973,4576.6815124635305,N_ch,200,0.1
1,0,1346.902785423635,0.2697703448866987,1367.032511084575,1367.233832663751,k_on,200,0.2
1,1,1356.586450589649,-0.03552528236812166,1362.600071566746,1360.155418055151,k_off,200,0.2
1,2,4148.486005199685,0.3830333963932586,4228.835376493418,4217.338692470508,i,200,0.2
1,3,5.234278334076831,-0.04308264581460348,5.222836335527124,5.303835034020678,S,200,0.2
1,4,519.6760826395424,-0.2341672474869535,523.1728112366524,532.9588343620264,baseline,200,0.2
1,5,4099.708788581194,0.4343370569842005,4174.0571579518,4171.098553376465,N_ch,200,0.2
0.5,0,1368.625865681852,-0.00858142297887221,1377.050315098677,1382.460929891626,k_on,200,0.2
0.5,1,1387.480717123244,0.00431281529527884,1364.526930533642,1371.027543332119,k_off,200,0.2
0.5,2,4284.125805346172,-0.06365394804559901,4304.55261482744,4303.161279442354,i,200,0.2
0.5,3,10.71835039522195,0.01793219806369958,10.80815038109739,10.70448003976504,S,200,0.2
0.5,4,539.4867629206088,-0.3523854869435484,537.1891487455664,534.3562272382954,baseline,200,0.2
0.5,5,4191.550049693596,0.04469904302601861,4204.035175942543,4216.148917407675,N_ch,200,0.2
0.2,0,1405.063393047954,-1.093285700041106,1408.44708315349,1399.834199908062,k_on,200,0.2
0.2,1,1437.642165885712,0.8654103915535564,1422.571819801952,1393.731427781182,k_off,200,0.2
0.2,2,4455.271362055521,-1.808282124565205,4497.560611597509,4470.814705253224,i,200,0.2
0.2,3,29.67191266506249,0.03852992410798177,30.22625250881483,30.05631261309608,S,200,0.2
0.2,4,543.0517228405937,0.1589162908518375,539.332464722894,536.9361204214639,baseline,200,0.2
0.2,5,4259.399188517092,-1.897226586103247,4290.418627296831,4272.530677407868,N_ch,200,0.2
0.1,0,1413.750914458003,-0.1094924878130924,1429.107087367705,1415.481255056824,k_on,200,0.2
0.1,1,1490.374620291277,0.5177123191885203,1473.088826847746,1424.092679547736,k_off,200,0.2
0.1,2,4671.671685072271,-0.2436226151239854,4727.236057518386,4679.516045871925,i,200,0.2
0.1,3,74.75526101738635,-0.0072566659667898,74.88564014789736,74.35164395589496,S,200,0.2
0.1,4,541.748495221577,0.08826319548162445,537.9992029972897,538.3854796305511,baseline,200,0.2
0.1,5,4286.683768825958,-0.3662425305221758,4345.967575859939,4327.333756460612,N_ch,200,0.2
0.05,0,1473.452616906528,0.8493519631470199,1459.275963925436,1435.433010447046,k_on,200,0.2
0.05,1,1571.452351783256,-0.6459521192494553,1512.794490217222,1456.145220544478,k_off,200,0.2
0.05,2,5153.663398979125,1.718893329298477,5056.642482894223,4952.518366507536,i,200,0.2
0.05,3,198.1478401692665,-0.2922085504338258,198.1760865778533,195.9970594442558,S,200,0.2
0.05,4,531.905733256523,0.04780379041745463,538.63113995914,539.2831329696282,baseline,200,0.2
0.05,5,4509.254288968208,1.539065046756222,4441.455508097374,4395.848863441001,N_ch,200,0.2
0.02,0,1460.06543951897,0.08851151458774456,1480.288219359779,1458.148397365914,k_on,200,0.2
0.02,1,1604.881067536971,-0.1472178144692329,1517.922281615126,1479.7246590852,k_off,200,0.2
0.02,2,5291.82718048809,0.2154259942530579,5319.308018099115,5220.205187007656,i,200,0.2
0.02,3,727.9686252143857,-0.2173966584995837,746.6143076536566,738.9192625165848,S,200,0.2
0.02,4,542.0112424146974,0.05762968010040179,540.8227944579799,540.5359587942698,baseline,200,0.2
0.02,5,4438.362256473392,0.2164285436850104,4501.232460466984,4462.169212544599,N_ch,200,0.2
0.01,0,1507.30024819236,-0.3488172495746453,1482.632797502295,1465.658486381454,k_on,200,0.2
0.01,1,1616.03417162651,0.3450546920274771,1512.693983047373,1487.439221467465,k_off,200,0.2
0.01,2,5493.541899343864,-0.1875121256067023,5386.619362787849,5312.032392302864,i,200,0.2
0.01,3,1899.219475910978,0.9365759409583244,1913.47083771545,1897.326407186979,S,200,0.2
0.01,4,540.0415891175509,0.4056998827671783,540.8007033637607,540.7483298197382,baseline,200,0.2
0.01,5,4558.054965208688,-0.3699956253037318,4518.330409004492,4484.524685905893,N_ch,200,0.2
1,0,1387.02182109958,0.1627424352830548,1376.563390560008,1366.239451315751,k_on,200,0.5
1,1,1378.874543322926,0.1035354214480917,1361.764664747552,1358.967357432269,k_off,200,0.5
1,2,4297.940321155951,0.04051779246536617,4260.512259957606,4214.025022938254,i,200,0.5
1,3,5.505403348826788,0.00913779304836921,5.468771920108598,5.31300053457008,S,200,0.5
1,4,218.6984099046783,-0.01481662597872444,215.7556528222159,214.8015937559341,baseline,200,0.5
1,5,4253.014163414866,0.08310858301172522,4206.873415183569,4168.14166279979,N_ch,200,0.5
0.5,0,1406.847512278345,-0.1063017672145359,1383.433823362136,1381.293863982714,k_on,200,0.5
0.5,1,1377.61739272225,0.452310344094698,1371.197787131493,1368.276721679828,k_off,200,0.5
0.5,2,4375.724734386647,-0.2536317988342928,4313.039608458234,4297.875201371487,i,200,0.5
0.5,3,11.12750453656037,-0.00748394119041164,11.05058303619248,10.98555057816717,S,200,0.5
0.5,4,214.1449185309083,0.2154570004090475,215.7153367433797,215.7478809050981,baseline,200,0.5
0.5,5,4292.3810861006,-0.2495819842511034,4221.517999661134,4212.853107626447,N_ch,200,0.5
0.2,0,1418.474742904722,-0.02191357178938898,1400.346837693951,1396.108666252458,k_on,200,0.5
0.2,1,1385.765992143509,-0.06137130064410935,1400.09974928681,1389.68647369856,k_off,200,0.5
0.2,2,4516.330229917185,-0.04914509930093344,4467.186213800447,4453.457921069366,i,200,0.5
0.2,3,33.43843124103566,0.01935347488484339,34.17387760691841,34.01830095813271,S,200,0.5
0.2,4,219.4302488889533,0.4758045865332352,217.4272284523856,216.8566213806681,baseline,200,0.5
0.2,5,4309.319553235197,-0.01093552371532383,4269.59875335407,4267.359121542743,N_ch,200,0.5
0.1,0,1453.93117224837,-0.5975714901214085,1420.945858550645,1411.139192557335,k_on,200,0.5
0.1,1,1461.310802371663,0.4412190614992186,1441.723987840711,1408.778060841202,k_off,200,0.5
0.1,2,4791.736389007508,-0.6729296291448956,4675.2004591827,4620.944028728624,i,200,0.5
0.1,3,88.42991141986533,0.03000316413550294,89.76532830147407,88.58349570330563,S,200,0.5
0.1,4,219.2098606758345,0.11736376995038,218.1929046998607,217.5184207997799,baseline,200,0.5
0.1,5,4446.905989780345,-0.8214557784013397,4343.870976037629,4313.281154890637,N_ch,200,0.5
0.05,0,1458.493496089062,-0.2239275146436401,1437.9784586294,1423.740878274033,k_on,200,0.5
0.05,1,1466.600344870114,0.4028439980221918,1453.666019828888,1425.426105579013,k_off,200,0.5
0.05,2,4926.329866301114,-0.3530125293762599,4832.844217328568,4782.021133527301,i,200,0.5
0.05,3,244.2980961954779,0.044891362749447473,241.926179088989,240.7434561230172,S,200,0.5
0.05,4,217.7439215494543,0.2042667944759829,218.1951681880324,218.0984507589463,baseline,200,0.5
0.05,5,4446.834462637875,-0.5213186320073029,4377.495547617693,4354.884628585974,N_ch,200,0.5
0.02,0,1463.092315627627,-0.2009863219487477,1444.664277448319,1433.147317684361,k_on,200,0.5
0.02,1,1500.15202341602,0.04006797267545349,1453.663141100831,1437.660606794923,k_off,200,0.5
0.02,2,4986.534472351276,0.01782913861467345,4943.493800064061,4895.266384457798,i,200,0.5
0.02,3,874.5239698869505,-0.352522228443484,883.2826600877661,881.2189458466231,S,200,0.5
0.02,4,222.2580472538209,0.02640964056673879,218.0581137988593,218.565194145841,baseline,200,0.5
0.02,5,4423.709821541479,-0.2077756926328611,4408.020123370124,4383.500757025956,N_ch,200,0.5
0.01,0,1479.531925891676,0.2177568368252869,1441.060506137154,1435.360996902965,k_on,200,0.5
0.01,1,1535.898020629874,-0.0391482965405454,1448.247354274799,1441.222323855616,k_off,200,0.5
0.01,2,5128.039933175311,-0.05375203318594107,4956.740589998682,4932.050292598467,i,200,0.5
0.01,3,2154.084520931141,0.4097550962872969,2129.132416635768,2121.273092252257,S,200,0.5
0.01,4,225.8434446966391,0.1487532109368246,219.0929718855774,218.7218366006373,baseline,200,0.5
0.01,5,4496.667442035785,0.1763640301320527,4401.436300268548,4393.310946930991,N_ch,200,0.5
1,0,1382.229112347016,0.4215760225982412,1368.308511869255,1364.343887750958,k_on,200,1
1,1,1322.41637654156,-0.1691458977429403,1357.624211443871,1357.502404890368,k_off,200,1
1,2,4239.797412626182,0.4207863501838494,4207.197442019135,4208.525262866261,i,200,1
1,3,5.500529859229214,0.02414859621037581,5.456939620568322,5.340736055638819,S,200,1
1,4,109.3918368661984,0.08481629923912658,109.9064956090369,108.6892508187727,baseline,200,1
1,5,4194.734034671937,0.4253392791663094,4151.959654987655,4163.189621846014,N_ch,200,1
0.5,0,1377.992361658344,0.4113712611512426,1381.368865646499,1378.597324722458,k_on,200,1
0.5,1,1414.22236676539,-0.5604368185644595,1371.340528427081,1367.420410168413,k_off,200,1
0.5,2,4324.910194608864,0.7550025706881196,4332.127961316458,4290.083844488455,i,200,1
0.5,3,11.57331923209738,-5.1498806212747e-4,11.42157904933815,11.50954512746902,S,200,1
0.5,4,111.1349585405032,0.1619171522089556,109.6944104970089,109.3835993648123,baseline,200,1
0.5,5,4236.778499795398,0.7458525895212667,4232.457730179231,4207.506916208391,N_ch,200,1
0.2,0,1393.386833694904,0.04277356162890225,1404.400806489962,1393.161402475554,k_on,200,1
0.2,1,1415.765252046739,-0.2495044157518228,1397.6743366223361,1384.107749741773,k_off,200,1
0.2,2,4467.750319645451,0.1469130937836307,4471.890161996127,4431.691245695986,i,200,1
0.2,3,37.07371582060932,-0.09383388694873436,38.06747283045808,38.34720396697458,S,200,1
0.2,4,109.3238996105107,0.06580653719322274,109.4827440943988,110.0090717427109,baseline,200,1
0.2,5,4281.100299642008,0.1061698819157622,4281.104829165613,4259.052717303873,N_ch,200,1
0.1,0,1412.862554307661,-0.1755136949252303,1407.853934683544,1404.309246798002,k_on,200,1
0.1,1,1416.801889048402,-0.1394983231263531,1409.93985814383,1397.721185757386,k_off,200,1
0.1,2,4577.347608850318,-0.4208327992065699,4576.430610962754,4558.853596251255,i,200,1
0.1,3,103.8690995430822,0.07041377257776876,103.199281284974,102.6652432349118,S,200,1
0.1,4,109.6244111229282,0.03568919258353329,110.5709987873549,110.4181862460051,baseline,200,1
0.1,5,4288.614354642217,-0.2725401244631239,4293.436502875505,4295.481984022243,N_ch,200,1
0.05,0,1419.491709498583,0.03336130814574994,1422.412166436642,1412.048254207445,k_on,200,1
0.05,1,1459.28501733942,0.2134425556430918,1422.186594982743,1407.345514552165,k_off,200,1
0.05,2,4668.348482582114,0.1043438073683348,4691.384697275027,4651.614206078317,i,200,1
0.05,3,276.4674838369011,0.4529490551399386,284.6682637536757,281.6751097182811,S,200,1
0.05,4,113.1263915468865,0.1803164606040999,111.1795126090951,110.7992374694664,baseline,200,1
0.05,5,4323.393108908364,0.01515177047836082,4339.515969944208,4320.327206660997,N_ch,200,1
0.02,0,1437.20524299082,-0.05903704655567546,1425.592336634669,1416.863140933322,k_on,200,1
0.02,1,1468.990461502144,-0.4433523159248699,1420.718596404032,1413.565217350185,k_off,200,1
0.02,2,4760.106704349725,0.151529175606351,4730.475215007033,4707.726534399892,i,200,1
0.02,3,978.8162537121036,0.1845236645818226,982.3410439469044,978.4373642337432,S,200,1
0.02,4,108.7292262780815,0.1048997537047846,111.1637399183628,110.99827542288,baseline,200,1
0.02,5,4350.679567062985,-0.09668813277277684,4348.047274577995,4334.670800830999,N_ch,200,1
0.01,0,1431.662623153004,0.02804364412332803,1420.618854532566,1418.062980369877,k_on,200,1
0.01,1,1455.481348042413,0.06665674045363486,1416.892693218721,1414.945989190607,k_off,200,1
0.01,2,4759.996647159197,-0.08008294999942028,4731.386875678068,4724.016783502717,i,200,1
0.01,3,2244.594095717464,-0.7957630294857175,2255.458032330495,2254.550520950241,S,200,1
0.01,4,112.7752512250157,-0.05980144765977702,111.1369021019041,111.0893681944397,baseline,200,1
0.01,5,4352.199128714678,-0.08080160486748243,4338.929445819289,4338.970073487514,N_ch,200,1
1,0,1341.999305938539,-0.4381317892109685,1332.560113038299,1333.370967221249,k_on,200,10
1,1,1326.819354817696,0.2978277358461075,1317.195288359217,1321.598952287733,k_off,200,10
1,2,4155.620530996977,-0.7793792237394023,4119.942861001202,4115.772741864222,i,200,10
1,3,6.215952996394098,-0.02447830838834718,6.155002141509653,6.343704447974747,S,200,10
1,4,12.49250072608699,-0.02497212809259056,12.55567351450379,12.63894331916847,baseline,200,10
1,5,4111.827707214874,-0.7199671227250772,4078.448325178741,4076.49521802149,N_ch,200,10
0.5,0,1355.240391747918,0.2667788837829542,1345.769780762067,1344.124926116609,k_on,200,10
0.5,1,1338.347861670896,-0.02560070105372474,1334.647940092498,1330.894426469725,k_off,200,10
0.5,2,4216.858962280861,0.4200873815326391,4188.598619119881,4179.100580536203,i,200,10
0.5,3,16.94627519958406,-0.00417345803754923,16.57765034207322,16.74349761524475,S,200,10
0.5,4,12.72181989626029,0.02304705424164593,12.71895565422336,12.79489356228561,baseline,200,10
0.5,5,4143.376539781431,0.4035163380301773,4120.489179088346,4115.178112169995,N_ch,200,10
0.2,0,1360.173440016731,0.04850464034688014,1356.05430672927,1351.858385524797,k_on,200,10
0.2,1,1330.525364553029,-0.01553545013671791,1338.556877004785,1337.336719874761,k_off,200,10
0.2,2,4286.27640032444,0.03345326921312416,4258.022684759636,4241.482205772358,i,200,10
0.2,3,63.83739014772711,0.0627102384419645,63.89595427293034,63.52223607735978,S,200,10
0.2,4,12.85970405780177,0.03163355771223349,12.99120100205966,12.95190997686433,baseline,200,10
0.2,5,4176.91239107448,0.03172697750505784,4155.542200729466,4144.702997356872,N_ch,200,10
0.1,0,1337.225057564219,0.3436787238122174,1350.094466623664,1354.284343192127,k_on,200,10
0.1,1,1332.723790891844,-0.1598683943932782,1337.871855344624,1340.427399029017,k_off,200,10
0.1,2,4221.001407929268,0.3427172017701758,4262.717422270543,4264.76972095321,i,200,10
0.1,3,171.167106637397,-0.113767701468919,169.2590252887997,169.9632837469965,S,200,10
0.1,4,12.96981977656973,2.275327138447e-4,13.00039129955953,13.01858988020524,baseline,200,10
0.1,5,4103.128270803835,0.4745297791658791,4145.262562603101,4153.952179814438,N_ch,200,10
0.05,0,1369.747691006437,-0.2258159914101981,1359.129269336887,1355.966262140824,k_on,200,10
0.05,1,1379.936116765506,-0.09790860952145504,1341.009027357531,1341.228896747972,k_off,200,10
0.05,2,4336.198116656113,-0.3577650350733869,4277.068663098278,4272.171041368288,i,200,10
0.05,3,416.9996007705808,0.04330998044376045,414.7462418379527,415.0110980664538,S,200,10
0.05,4,13.01073309118739,-0.02760708086078214,13.04186619381383,13.04226076793211,baseline,200,10
0.05,5,4216.024554408274,-0.3413137440220017,4159.994736873226,4155.973926801801,N_ch,200,10
0.02,0,1383.984429229543,0.1997039614493369,1355.738460347343,1355.849371317509,k_on,200,10
0.02,1,1367.168803715599,-0.03597292457589029,1342.678158566823,1341.936850282915,k_off,200,10
0.02,2,4367.93392863086,0.3692663447920355,4279.989595231103,4279.558419799341,i,200,10
0.02,3,1215.945473907892,-0.1733932292262542,1193.27049743621,1193.942663327598,S,200,10
0.02,4,13.24182023972048,0.01716484721239552,13.02581730886106,13.05926892039337,baseline,200,10
0.02,5,4237.363381237526,0.3287885470897575,4157.968737978732,4158.776185406616,N_ch,200,10
0.01,0,1372.509282478919,0.5071285117525672,1358.406402667129,1355.754505707913,k_on,200,10
0.01,1,1348.429729812555,-0.6917870896343034,1344.111605784236,1342.795106252805,k_off,200,10
0.01,2,4333.663656507936,0.9981899346402828,4289.295679982598,4282.909775801912,i,200,10
0.01,3,2570.423362419219,0.9033340978964508,2522.096932569832,2512.765686440349,S,200,10
0.01,4,13.02052611226846,-0.00302120128929107,13.0635407652343,13.05079863405861,baseline,200,10
0.01,5,4199.174224476202,0.906004729165822,4166.397349498542,4160.202409346118,N_ch,200,10
1,0,3389.907001131884,0.1768115911270726,3410.245777736075,3419.204019824172,k_on,500,0.05
1,1,3336.181071071539,-0.19107873412566,3400.182648833305,3394.082788824473,k_off,500,0.05
1,2,10389.576734208371,0.4686979384694538,10468.97389498061,10460.78649921285,i,500,0.05
1,3,5.49558866654512,0.01680216556745324,5.493850423147579,5.301915566209292,S,500,0.05
1,4,2144.240198530856,0.1428833784344791,2136.799591280397,2121.829042515684,baseline,500,0.05
1,5,10334.83462516791,0.4746630241006238,10410.40729090585,10414.33159363935,N_ch,500,0.05
0.5,0,3430.032364097603,0.3932571233987675,3451.681406415039,3452.046393717693,k_on,500,0.05
0.5,1,3421.070393890841,-1.140512632960902,3436.072150667885,3426.566061323128,k_off,500,0.05
0.5,2,10583.64094599293,0.7997926304160277,10618.40775085742,10600.16535631179,i,500,0.05
0.5,3,10.41087962214362,-0.01402501886032338,10.4513651807408,10.60475816106938,S,500,0.05
0.5,4,2108.745468891541,0.4281014913073598,2115.628735298861,2122.095881479877,baseline,500,0.05
0.5,5,10450.5826503414,0.8017278896425388,10512.94398412451,10511.53557964934,N_ch,500,0.05
0.2,0,3441.477763979175,-0.1594671396185427,3493.713127558174,3479.752163304103,k_on,500,0.05
0.2,1,3469.881592778911,-0.4132672736427174,3507.969406265077,3469.441246372587,k_off,500,0.05
0.2,2,10651.94144710052,-0.3838332633469312,10855.20974940414,10821.21937830432,i,500,0.05
0.2,3,26.20862116507697,-0.0036675198760497,26.52034071751932,26.64364349299242,S,500,0.05
0.2,4,2091.107507314744,0.1563214228703206,2121.625892461314,2122.656902831573,baseline,500,0.05
0.2,5,10447.6528614442,-0.4097986025327305,10627.76307024688,10608.3522433541,N_ch,500,0.05
0.1,0,3570.322310361612,0.785735892454133,3520.511849832721,3500.717704004294,k_on,500,0.05
0.1,1,3730.97278361804,-0.04019184438970466,3644.452369061095,3523.221978376538,k_off,500,0.05
0.1,2,11443.97393881471,1.62918928100186,11203.79480378552,11093.48381497568,i,500,0.05
0.1,3,55.709204319726076,0.00340454371616559,55.62679567058094,55.42202422459786,S,500,0.05
0.1,4,2092.250670646564,-0.4262598518784619,2123.195780469659,2123.109192321504,baseline,500,0.05
0.1,5,10936.98926514889,1.405898385831879,10746.88723745124,10684.36608468758,N_ch,500,0.05
0.05,0,3592.723465691484,-0.3557264125436236,3565.267016411276,3538.097400126561,k_on,500,0.05
0.05,1,3961.451910288291,1.189583226736566,3805.75926497864,3598.009569813146,k_off,500,0.05
0.05,2,11695.68435968078,-0.510725454071784,11691.3425027453,11557.21018676825,i,500,0.05
0.05,3,134.2262718923078,0.1391976018717594,129.9901089381484,127.0290232933658,S,500,0.05
0.05,4,2111.796855100618,0.1605951392311866,2126.92254605584,2123.834583601915,baseline,500,0.05
0.05,5,10923.29979347159,-0.8300273560221774,10851.09779864538,10796.23879625983,N_ch,500,0.05
0.02,0,3690.791767793904,0.1379251008792091,3675.589175277049,3615.744486149108,k_on,500,0.05
0.02,1,4076.635162822268,0.3673636118513712,3981.106484845259,3718.599621762547,k_off,500,0.05
0.02,2,12902.07611566118,0.728584365054942,12866.56190478225,12571.17980792995,i,500,0.05
0.02,3,458.7247781799195,-0.2717157254970219,455.5994978201221,441.2971509169432,S,500,0.05
0.02,4,2095.925244474923,0.3698495288920609,2122.145149863349,2124.862412344492,baseline,500,0.05
0.02,5,11178.41424112926,0.3870206374750355,11158.01810966224,11038.92394856914,N_ch,500,0.05
0.01,0,3850.358856603485,0.2748901587747881,3769.510119316304,3679.448609355737,k_on,500,0.05
0.01,1,4229.357307937269,0.1517748053158854,3994.43910901218,3789.717272092694,k_off,500,0.05
0.01,2,14106.67948447433,0.7411078842886709,13777.05132297113,13368.17197996543,i,500,0.05
0.01,3,1258.50253700153,-0.1406470106265899,1227.981851273272,1199.978183966108,S,500,0.05
0.01,4,2175.278667632793,0.05322430547895025,2125.276714109792,2125.662570022593,baseline,500,0.05
0.01,5,11650.60062398408,0.2428312113277354,11396.64827540317,11232.71962807037,N_ch,500,0.05
1,0,3386.778706178196,-0.9316178528045698,3410.742953998444,3419.348653673494,k_on,500,0.1
1,1,3446.543145366263,0.6108611473511963,3398.362622196984,3392.042909635104,k_off,500,0.1
1,2,10376.0273486475,-1.558103581963711,10420.7486148214,10460.32128451179,i,500,0.1
1,3,5.285867590844695,9.1194978230814e-4,5.310003092893793,5.301967782637601,S,500,0.1
1,4,1067.401804631843,0.00375420784794808,1061.612708998555,1061.448521734785,baseline,500,0.1
1,5,10340.51609887455,-1.529257344274209,10385.48359550327,10413.88982244226,N_ch,500,0.1
0.5,0,3532.550465203866,-0.3188454086884365,3441.77218181022,3452.897831938031,k_on,500,0.1
0.5,1,3516.473475710405,-0.05861088014045821,3437.809546440482,3424.260646069271,k_off,500,0.1
0.5,2,10850.77365793872,-0.1730991198392936,10589.0812297475,10599.4331697611,i,500,0.1
0.5,3,10.76690533581519,0.04205749910021966,10.65104171062906,10.60756614964159,S,500,0.1
0.5,4,1071.766576384886,-0.2267016434220756,1071.231220381185,1061.716396087363,baseline,500,0.1
0.5,5,10768.07188897744,-0.1620386218452877,10504.77282229878,10510.9920136757,N_ch,500,0.1
0.2,0,3470.624305151517,-1.029741288114236,3465.868750735664,3480.491477807466,k_on,500,0.1
0.2,1,3529.214145296749,0.705834787941596,3488.953862015642,3464.771979218928,k_off,500,0.1
0.2,2,10749.9946506172,-2.016074034999027,10770.09038680872,10818.09231792274,i,500,0.1
0.2,3,27.81205451054727,-0.02689241029100941,27.03627892826445,26.91002659217091,S,500,0.1
0.2,4,1050.091541442401,-0.09304856251546492,1059.157117698935,1062.144263281264,baseline,500,0.1
0.2,5,10554.94542070348,-1.838330289204267,10553.70226689628,10607.63113745195,N_ch,500,0.1
0.1,0,3520.528920270313,-0.40186240121258,3533.352131701079,3502.182616577689,k_on,500,0.1
0.1,1,3554.068769579662,1.120843455757301,3609.546003121577,3512.767888612994,k_off,500,0.1
0.1,2,11102.95999443287,-0.5951588480551704,11165.17899338274,11080.62905786654,i,500,0.1
0.1,3,57.62591184682324,-0.09537708738204836,57.91076824828588,58.32731707508788,S,500,0.1
0.1,4,1072.538584839517,-0.2533921210858769,1056.241542330332,1062.562938088002,baseline,500,0.1
0.1,5,10681.81753016824,-0.7556065347121605,10739.54028345358,10682.69638463869,N_ch,500,0.1
0.05,0,3542.412055620463,-0.6330178231999417,3539.3735475528392,3535.791778751462,k_on,500,0.1
0.05,1,3787.43334426921,-0.7157435449082178,3716.700469632796,3578.54222991384,k_off,500,0.1
0.05,2,11537.36858191374,-1.311137710515907,11544.19611301651,11507.49015073901,i,500,0.1
0.05,3,143.4650657761331,0.01414036491441572,144.5029137625042,141.3838451501011,S,500,0.1
0.05,4,1083.862124698961,-0.3112311462009371,1065.848306823048,1063.012148426937,baseline,500,0.1
0.05,5,10781.04537087667,-0.7498978054251905,10777.78113291315,10788.74212798079,N_ch,500,0.1
0.02,0,3697.190030211889,2.043064884299755,3660.953516840409,3594.681315823036,k_on,500,0.1
0.02,1,3939.159608258332,-0.8256671857943183,3815.8896542563,3662.812898364047,k_off,500,0.1
0.02,2,12744.74464722072,3.456487823259838,12552.45156102865,12297.02332829114,i,500,0.1
0.02,3,529.4045141748952,0.2985688377747817,522.2513210136702,512.1689490777934,S,500,0.1
0.02,4,1081.013312211319,0.1409658871185342,1064.963265744768,1063.886256305715,baseline,500,0.1
0.02,5,11251.79678867773,3.136878203174078,11104.56110364411,10982.09590661185,N_ch,500,0.1
0.01,0,3793.823101155598,-0.144264644755962,3695.142957806811,3634.539843611114,k_on,500,0.1
0.01,1,4079.979436458444,-0.1617874633245731,3806.125822721,3699.075725826329,k_off,500,0.1
0.01,2,13403.00600757817,-0.6851679485362304,12998.49747836971,12748.73558910023,i,500,0.1
0.01,3,1442.697311282835,0.2556170533070787,1423.348026953528,1404.846237973402,S,500,0.1
0.01,4,1052.505851235373,-0.00367252027585464,1063.181760416711,1064.387143611655,baseline,500,0.1
0.01,5,11501.94126999078,-0.8558957290918814,11198.7290464282,11091.98807547068,N_ch,500,0.1
1,0,3375.491382974389,0.4628023143405323,3414.17511133922,3417.809484072078,k_on,500,0.2
1,1,3366.523205035393,-0.1741184364936008,3406.197834627861,3392.501697805469,k_off,500,0.2
1,2,10377.39634255672,0.4476040999422085,10483.02368643679,10459.29328650547,i,500,0.2
1,3,5.406650909992583,0.00829848212794386,5.367014169567472,5.302173808844957,S,500,0.2
1,4,535.9628490421516,0.09904190120889546,533.1249280422066,531.2562809105688,baseline,500,0.2
1,5,10309.37887626145,0.4349456401007073,10429.08568989352,10412.91014796559,N_ch,500,0.2
0.5,0,3462.809134995394,0.7122022330912128,3460.781080186752,3451.535921280339,k_on,500,0.2
0.5,1,3324.068834583336,-0.1026212292202152,3404.123615737703,3424.541716262255,k_off,500,0.2
0.5,2,10574.36713804617,0.8339024654898691,10624.00266189164,10598.05798346614,i,500,0.2
0.5,3,10.79402850794811,-0.03010494334114597,10.56487477917871,10.61789298494524,S,500,0.2
0.5,4,538.502110806721,-0.06447296469662794,528.1407626042156,531.5183879356148,baseline,500,0.2
0.5,5,10480.15703419721,0.9393816314104064,10520.19834866247,10509.97503973089,N_ch,500,0.2
0.2,0,3428.837686346628,0.01256108213598577,3492.058993911123,3478.321510913052,k_on,500,0.2
0.2,1,3507.542582667249,-0.3647497376871076,3496.852305018486,3464.835697278083,k_off,500,0.2
0.2,2,10674.67868359945,0.07527949901720991,10850.60689924462,10812.87124006721,i,500,0.2
0.2,3,26.1928299371933,-0.07865031049171875,26.76849329821256,27.58140956486364,S,500,0.2
0.2,4,521.2941289124143,0.4562711587551518,528.0602618885828,531.8810029200254,baseline,500,0.2
0.2,5,10493.50488282922,0.02855197318554957,10622.92021221546,10606.21052849146,N_ch,500,0.2
0.1,0,3524.780992204499,0.08876237669613322,3508.037973735111,3499.745605915409,k_on,500,0.2
0.1,1,3594.804746906937,-0.1117481786095579,3573.345912471719,3505.882865345507,k_off,500,0.2
0.1,2,11110.16355323245,0.1444581062727177,11096.60580488427,11061.95610880523,i,500,0.2
0.1,3,64.51503130670376,0.06081294275508923,63.5905913592444,63.24539420008784,S,500,0.2
0.1,4,527.7042703466867,-0.1801257582929392,532.9912108930305,532.184637094118,baseline,500,0.2
0.1,5,10712.04781486979,0.1667588751505025,10683.70198643168,10679.51534923101,N_ch,500,0.2
0.05,0,3548.170819986616,0.4918255985560922,3561.838610965955,3529.912166469261,k_on,500,0.2
0.05,1,3646.595818851659,-0.9894407261422892,3660.458288796453,3556.399468775331,k_off,500,0.2
0.05,2,11510.92509316802,0.9580671062448084,11540.90149095921,11437.02601851102,i,500,0.2
0.05,3,160.151069263542,0.03423777437200815,162.5265152658427,160.8573004481184,S,500,0.2
0.05,4,550.950631459868,-0.06891145627976926,533.116687548585,532.5988525506987,baseline,500,0.2
0.05,5,10751.34606267503,0.8722798595988164,10827.14872341982,10775.57418049362,N_ch,500,0.2
0.02,0,3625.142491534152,0.01842375844170826,3615.934557226783,3574.448877853529,k_on,500,0.2
0.02,1,3798.351905186788,-0.09913227918468576,3697.376303683062,3607.48825006175,k_off,500,0.2
0.02,2,12248.02266571127,0.545033865371677,12151.57401672252,11979.07706886904,i,500,0.2
0.02,3,600.2072394302459,0.07286469811253375,605.2606448046508,599.851891233745,S,500,0.2
0.02,4,527.2260091999377,-0.1897038457627281,533.2089061621223,533.1895723552731,baseline,500,0.2
0.02,5,11002.97360929158,0.2395300486347201,10990.13945408207,10910.48593141424,N_ch,500,0.2
0.01,0,3633.758661025658,-0.2767118963646132,3620.259986584476,3593.028885646227,k_on,500,0.2
0.01,1,3808.98822393033,0.2376780579889021,3682.278193663702,3626.936174490909,k_off,500,0.2
0.01,2,12327.41898198287,-0.4856057014312773,12336.43150597558,12213.19627770418,i,500,0.2
0.01,3,1636.991016096267,-0.02864288791859601,1633.146563315746,1623.504075686076,S,500,0.2
0.01,4,527.8107909400638,0.07613226358117377,533.6602038483375,533.489760908485,baseline,500,0.2
0.01,5,11024.97924062497,-0.4435109280355253,11017.37581081545,10968.21299810323,N_ch,500,0.2
1,0,3395.077814828562,-0.2445006150066146,3385.42285127477,3417.479573751731,k_on,500,0.5
1,1,3415.200053708135,-0.1298738905997688,3364.695173147601,3391.973745840179,k_off,500,0.5
1,2,10425.74515933036,-0.7058383935947192,10378.50569092704,10456.18560499715,i,500,0.5
1,3,5.362777153117107,0.03434176244146905,5.410291451470484,5.303564051319887,S,500,0.5
1,4,213.338634884794,-0.2031739315519294,216.2461015457107,213.1351975672309,baseline,500,0.5
1,5,10374.24897456973,-0.6249212271377779,10328.4390655084,10409.9505322782,N_ch,500,0.5
0.5,0,3399.804337236617,0.05344488872007318,3426.951442886745,3450.89369926373,k_on,500,0.5
0.5,1,3457.066527477806,-0.06817083629062387,3404.057945220361,3422.333536947142,k_off,500,0.5
0.5,2,10467.48962198343,-0.09011373381649287,10543.81383895047,10593.89023810373,i,500,0.5
0.5,3,10.78050204073008,0.01927791695731829,10.6101609592349,10.67791815446549,S,500,0.5
0.5,4,215.6897958072333,-0.1535576162197613,214.4330739074387,213.3817294938324,baseline,500,0.5
0.5,5,10384.07003473988,0.01590119595633672,10452.14729734106,10506.7820526553,N_ch,500,0.5
0.2,0,3487.703202306999,0.2531271742047789,3486.202031726351,3476.458676012152,k_on,500,0.5
0.2,1,3465.201838351204,-0.3237989978265534,3479.023076240073,3459.217384568758,k_off,500,0.5
0.2,2,10833.83771407586,0.3702292992050941,10824.68546158682,10800.67111925763,i,500,0.5
0.2,3,29.99056257231145,0.05947814751864308,30.13523624759782,29.63001289716015,S,500,0.5
0.2,4,215.0887797098688,0.0362158258674905,214.6480930532153,213.656296550886,baseline,500,0.5
0.2,5,10595.47388604317,0.3912028780868388,10606.3004904694,10601.95388598901,N_ch,500,0.5
0.1,0,3513.514147678779,0.6859866735606768,3502.526294896268,3495.837916804518,k_on,500,0.5
0.1,1,3561.037917187827,-0.9909414660058328,3533.087403813889,3493.05848789944,k_off,500,0.5
0.1,2,11059.63432160425,1.03608207908453,11042.02718317018,11023.36376207671,i,500,0.5
0.1,3,72.59459614500594,0.07061858239294777,73.96784942898412,73.3206564709144,S,500,0.5
0.1,4,204.3356993822142,0.1154259862349942,213.7470696898304,213.8961977492639,baseline,500,0.5
0.1,5,10707.80543993807,1.129875471796681,10662.79532961307,10670.54287383561,N_ch,500,0.5
0.05,0,3549.566179993307,-0.3512146735008774,3546.53935259624,3521.240167746516,k_on,500,0.5
0.05,1,3527.463015134978,0.1493957496423523,3585.676636411631,3521.789958139183,k_off,500,0.5
0.05,2,11304.77900568666,-0.3198390816422469,11411.77948633794,11300.9141936421,i,500,0.5
0.05,3,196.8432837087595,0.1591411384321728,196.0863492453092,194.7391923969076,S,500,0.5
0.05,4,213.3737780529937,0.0862098005697181,214.3940237179162,214.1896006071383,baseline,500,0.5
0.05,5,10695.44579161644,-0.5339406780553229,10804.57118746714,10744.52024676838,N_ch,500,0.5
0.02,0,3628.161574130612,0.8247521689923702,3558.581108138435,3541.707259487701,k_on,500,0.5
0.02,1,3722.728130739018,-0.388117537673054,3584.863406337355,3549.541814461908,k_off,500,0.5
0.02,2,11890.21139479623,1.256504900514036,11644.32176730589,11575.51104570978,i,500,0.5
0.02,3,741.8317043895066,0.1233709036272854,740.5581679591171,737.4503105329292,S,500,0.5
0.02,4,214.4958221958867,-0.02126716330460538,214.3831040117134,214.5294959793821,baseline,500,0.5
0.02,5,11038.92579871465,1.365922516286502,10838.87640654933,10815.67718777729,N_ch,500,0.5
0.01,0,3480.265180892802,-0.1136642386549519,3565.020848302581,3550.356571158085,k_on,500,0.5
0.01,1,3580.070837942008,-0.4519103507587441,3577.832873396713,3556.724348212585,k_off,500,0.5
0.01,2,11499.73950221266,-0.3285746876306587,11728.24068011259,11665.71085411296,i,500,0.5
0.01,3,1882.370258151896,0.5656963072017245,1901.390187552146,1895.277858903517,S,500,0.5
0.01,4,212.2740961471866,-0.02576924787482316,214.7357148970876,214.6205689737644,baseline,500,0.5
0.01,5,10592.23823023753,-0.1451327962385833,10868.54824886744,10837.56214336266,N_ch,500,0.5
1,0,3435.669328014199,-0.2903510388398571,3436.855497011598,3415.606872331195,k_on,500,1
1,1,3428.168243284521,0.03080114122194531,3388.595165980131,3388.766998841094,k_off,500,1
1,2,10468.58774503144,-0.2722650634326537,10508.4714466389,10451.001624500659,i,500,1
1,3,5.305633613961944,-0.01444344293404044,5.292502857715319,5.308289385531305,S,500,1
1,4,106.6731491614199,0.1570691135855921,106.3902780524925,107.0891188250947,baseline,500,1
1,5,10422.40633252243,-0.2733253564679279,10464.91056201312,10405.00164979653,N_ch,500,1
0.5,0,3330.304235597988,0.06205946040120643,3435.842346382184,3448.769624366215,k_on,500,1
0.5,1,3383.022350231512,0.00381207341732083,3433.198417279383,3419.301740013439,k_off,500,1
0.5,2,10323.10366137438,0.2823798397635068,10579.66914702412,10587.25327934594,i,500,1
0.5,3,10.67035104244838,-0.01716287361358235,10.7279875986181,10.83232600449866,S,500,1
0.5,4,107.3393629546137,0.01060529075872253,107.1445355104399,107.308463256786,baseline,500,1
0.5,5,10201.41897585354,0.3113353996183233,10487.9674719867,10501.51517597903,N_ch,500,1
0.2,0,3527.481263864395,0.4282525680217248,3484.532957371745,3473.346599245421,k_on,500,1
0.2,1,3499.736013734777,-0.547986634037886,3476.283535972113,3453.163452319477,k_off,500,1
0.2,2,10997.78266804199,0.8649061632177696,10822.51801571876,10784.83639970408,i,500,1
0.2,3,32.07002301530837,-0.02139718591602894,32.080675896240606,32.41333508078161,S,500,1
0.2,4,107.3775888829711,0.07224012873646651,107.1996986663441,107.5272874131327,baseline,500,1
0.2,5,10791.36920487111,0.7744240793953239,10613.577142635,10594.9572557086,N_ch,500,1
0.1,0,3582.589929116927,0.6811046428796104,3516.952321056457,3491.250545329553,k_on,500,1
0.1,1,3500.46856937502,-0.2926422880729398,3509.163577046668,3478.5163497381,k_off,500,1
0.1,2,11225.37904900018,1.042757881112717,11048.16234847029,10977.61857836517,i,500,1
0.1,3,85.48677016591702,-0.03361266061024471,84.0248427985609,83.88912850491148,S,500,1
0.1,4,107.9362128700557,0.00419442557749403,107.4659517603584,107.7246787523447,baseline,500,1
0.1,5,10861.86790674999,1.014675989741471,10699.3889784604,10656.90904651521,N_ch,500,1
0.05,0,3461.257597286237,0.2996931062783785,3520.544838340405,3508.330102448907,k_on,500,1
0.05,1,3559.447694154367,-0.2269189656620357,3528.279671595212,3498.521353297894,k_off,500,1
0.05,2,11027.462672485,0.2915744478539595,11229.47232199992,11170.86380046862,i,500,1
0.05,3,231.2615569576314,-0.1346643619889812,227.9800569864908,227.6644638317722,S,500,1
0.05,4,105.0755112487564,0.1279285733409452,107.9118811630747,107.9418340168611,baseline,500,1
0.05,5,10554.00603697658,0.3689941833284677,10737.08729271028,10710.70720747512,N_ch,500,1
0.02,0,3522.164522442564,-0.2303194837009845,3537.535735498975,3521.791631518549,k_on,500,1
0.02,1,3587.8664468844772,1.209362072603436,3534.636364264473,3511.6743401765402,k_off,500,1
0.02,2,11384.59983720323,-0.1668637824624164,11375.58236776122,11312.62051606671,i,500,1
0.02,3,854.5399671896989,0.2032765915985052,848.78887128719,846.6069793901884,S,500,1
0.02,4,109.3478713336238,-0.07493879672569585,108.1645706732755,108.1250587982847,baseline,500,1
0.02,5,10785.09362297692,-0.3990300164189007,10786.09436927096,10747.67386513145,N_ch,500,1
0.01,0,3529.670777973658,-0.3248777721227036,3531.169522349318,3525.053695654115,k_on,500,1
0.01,1,3594.468380433256,0.1493283816546765,3521.826208386271,3516.799197922334,k_off,500,1
0.01,2,11390.85430346814,-0.7025596245125492,11382.89369623993,11357.23968551911,i,500,1
0.01,3,2067.373635258615,-0.901364616585814,2068.004013539479,2070.624338917792,S,500,1
0.01,4,108.4806693565649,-0.06851321549738171,107.9508963237828,108.1673362160536,baseline,500,1
0.01,5,10766.9715291297,-0.5547708680791299,10767.96079656345,10758.98992411658,N_ch,500,1
1,0,3338.866327830241,-0.7044943332057266,3380.10539784612,3383.675954391343,k_on,500,10
1,1,3399.511084986393,0.08966882449345276,3366.515045874035,3351.765270768263,k_off,500,10
1,2,10209.60565506322,-1.144936846016254,10306.87412395001,10359.96726914549,i,500,10
1,3,5.795013689463182,-0.00850431702163132,5.735384443612856,5.63244201189747,S,500,10
1,4,11.69650869406267,0.01253913856926573,11.47928455432772,11.52679292348579,baseline,500,10
1,5,10186.92746618724,-1.162383110193552,10276.76309653528,10317.2023870679,N_ch,500,10
0.5,0,3450.306837790346,0.8066502199430868,3402.311685423577,3412.264959646428,k_on,500,10
0.5,1,3429.41059398048,-1.092479393480355,3382.77436547615,3381.007036993833,k_off,500,10
0.5,2,10701.11990336419,1.516343299775694,10510.8851047176,10482.84988773245,i,500,10
0.5,3,13.72263401321873,-0.00283662673076613,13.68307834756646,13.81712537239244,S,500,10
0.5,4,11.69517411656894,2.3427424312468e-4,11.56313437438441,11.61603093557465,baseline,500,10
0.5,5,10633.76662235436,1.538290774619078,10424.52304148192,10408.80986220391,N_ch,500,10
0.2,0,3410.870680442557,1.2623988965343,3433.913063374157,3430.533057483412,k_on,500,10
0.2,1,3428.216389119299,-1.06247443839614,3399.114275633912,3400.677608212063,k_off,500,10
0.2,2,10582.1062697195,2.25027896230634,10630.83608478227,10614.76895380605,i,500,10
0.2,3,52.11225777622722,0.1133071839987243,51.72698744839268,51.0336117064736,S,500,10
0.2,4,11.5021266530722,0.04617263018564161,11.75786955710086,11.71305480605104,baseline,500,10
0.2,5,10448.23667552379,2.246453454155803,10489.80127579967,10482.58187309192,N_ch,500,10
0.1,0,3419.471955114851,0.6364855039524988,3441.005478088044,3438.864690989103,k_on,500,10
0.1,1,3379.961272180995,-1.299173730850165,3414.999604749893,3408.787212063878,k_off,500,10
0.1,2,10675.23803816665,1.3906919356072,10701.04515210645,10673.73788504646,i,500,10
0.1,3,143.3182104544843,0.1569170828507242,141.3775046906357,140.5862613986025,S,500,10
0.1,4,11.89028734315908,0.05386282587699519,11.80076804171604,11.76917067145969,baseline,500,10
0.1,5,10505.06082524944,1.39405311449427,10523.87700917991,10508.05813671535,N_ch,500,10
0.05,0,3427.603586901092,-0.602330190478859,3436.510913255914,3443.060417983798,k_on,500,10
0.05,1,3455.584540873907,0.4967895708362978,3412.212884714242,3409.020954032865,k_off,500,10
0.05,2,10690.29433436917,-1.237570703051758,10679.60821342072,10695.7314732597,i,500,10
0.05,3,363.2821898883533,0.1404293163252776,367.8995836685122,366.9045658337355,S,500,10
0.05,4,11.76551629142741,-0.04117557285972333,11.80855022017693,11.79951468191262,baseline,500,10
0.05,5,10499.43895318677,-1.121440235613455,10500.32561697433,10515.53885940039,N_ch,500,10
0.02,0,3490.558043145366,0.8663111591127621,3444.540998237997,3443.029730244474,k_on,500,10
0.02,1,3384.624713747164,-1.093214312626321,3415.172451440282,3413.595257775563,k_off,500,10
0.02,2,10898.51670368727,1.812178651793418,10731.84336108138,10719.158432014,i,500,10
0.02,3,1118.02631705113,-0.2482271984666993,1125.950820035358,1127.31531741455,S,500,10
0.02,4,11.97367406089036,0.0402462748478562,11.8151200568634,11.80997455751508,baseline,500,10
0.02,5,10645.35990379793,1.769767979514332,10531.25889349269,10524.6908837802,N_ch,500,10
0.01,0,3476.245743477931,0.1677492285956972,3448.473807546061,3444.406975789114,k_on,500,10
0.01,1,3431.42851906014,0.128411872703451,3416.114893626473,3412.198278488207,k_off,500,10
0.01,2,10701.58212888482,0.00396366009643484,10730.16454498919,10716.06307843907,i,500,10
0.01,3,2385.65127182886,0.6418810655007776,2443.481653176601,2437.652413649737,S,500,10
0.01,4,11.62672031371731,-0.00988825760600551,11.81523099732873,11.81599638894414,baseline,500,10
0.01,5,10520.9155558998,-0.06156571962550982,10534.26147724868,10522.52442328385,N_ch,500,10
1,0,6767.644651470016,-0.02827871229014458,6871.665694019186,6836.493852418805,k_on,1000,0.05
1,1,6698.721294158742,0.4551627423515848,6852.580591976504,6779.656697903694,k_off,1000,0.05
1,2,20573.99776743903,-0.4253823070931831,20938.92704495851,20863.87334083372,i,1000,0.05
1,3,5.28285373221162,0.01935017426994255,5.290152453426074,5.301902311950547,S,1000,0.05
1,4,2121.228300633937,1.094516953561737,2138.479309143975,2121.288033508511,baseline,1000,0.05
1,5,20526.33643113192,-0.4698736149662999,20895.33670797538,20817.40696373269,N_ch,1000,0.05
0.5,0,6910.7304494788395,0.5653518826876975,6946.515179956242,6901.873742091149,k_on,1000,0.05
0.5,1,6823.858570895618,0.6034733871643014,6860.508126992563,6846.199321926508,k_off,1000,0.05
0.5,2,21014.89480414287,0.6596622767432412,21153.40638744624,21089.92183830659,i,1000,0.05
0.5,3,10.23622910697553,-0.02492053681937035,10.21490305932895,10.60401690996004,S,1000,0.05
0.5,4,2070.445896625595,0.4318912182429798,2109.784541816889,2121.402801499239,baseline,1000,0.05
0.5,5,20906.33990566073,0.6115169244468447,21053.97880554474,21001.19668742329,N_ch,1000,0.05
0.2,0,7048.436235881652,-0.4811469181224022,6958.449316394786,6946.789568134732,k_on,1000,0.05
0.2,1,7041.152185835005,0.4579366508034509,6957.103893549169,6909.093198729666,k_off,1000,0.05
0.2,2,21529.35134743683,-0.7613455687340207,21433.46038300917,21377.57760229432,i,1000,0.05
0.2,3,26.38851451216012,0.00742140091863002,26.45576348068897,26.54119763214296,S,1000,0.05
0.2,4,2153.576335609345,0.8874894999799794,2122.511996426003,2121.557871366678,baseline,1000,0.05
0.2,5,21364.32049764525,-0.7469006543611932,21212.92856002697,21163.25490954651,N_ch,1000,0.05
0.1,0,7035.926365536889,-1.351992866944259,6988.624733018661,6977.469902942848,k_on,1000,0.05
0.1,1,7175.66052477066,0.6864387281199845,7071.316396062594,6974.399114032176,k_off,1000,0.05
0.1,2,21924.1144651999,-2.62191632184183,21705.50078606178,21680.61935545292,i,1000,0.05
0.1,3,53.36508853536451,-0.07246736160350695,53.203999493512,53.83619009402381,S,1000,0.05
0.1,4,2102.06647212156,-0.02393694152716838,2112.517419615827,2121.73205054155,baseline,1000,0.05
0.1,5,21548.89829895156,-2.692892863099948,21262.22848085909,21263.62201522881,N_ch,1000,0.05
0.05,0,6964.147501372772,-0.654443977747513,7033.238122551852,7015.888921775106,k_on,1000,0.05
0.05,1,7316.767463589853,0.2846841692507426,7309.645127700565,7069.80378285539,k_off,1000,0.05
0.05,2,22063.5758900893,-1.506538980471535,22254.89851323822,22183.29136933571,i,1000,0.05
0.05,3,120.3256776667922,-0.08782813373204817,118.2189585118784,116.3998850638426,S,1000,0.05
0.05,4,2094.551332701344,0.4398036325789196,2116.712038722751,2121.979209460258,baseline,1000,0.05
0.05,5,21196.63481929939,-1.427360990840449,21415.49583853941,21390.90552922927,N_ch,1000,0.05
0.02,0,7203.693733346809,-0.6614236272541555,7164.099657434181,7108.36617966698,k_on,1000,0.05
0.02,1,7848.940064268078,-0.0536970413241164,7606.302714728957,7233.761248903586,k_off,1000,0.05
0.02,2,23857.51798043251,-1.00742993107061,23658.59012550247,23381.40211197107,i,1000,0.05
0.02,3,396.3927600716623,0.2461922256323127,393.0718292836314,382.9727972353974,S,1000,0.05
0.02,4,2128.688875207836,0.3496555715712787,2124.294733903559,2122.526675607891,baseline,1000,0.05
0.02,5,21948.02357955112,-0.9865357451762125,21789.96164635121,21676.31855155127,N_ch,1000,0.05
0.01,0,7427.299400901937,-0.1887956822053901,7318.818930266146,7204.102621108858,k_on,1000,0.05
0.01,1,7915.395053604455,1.610690549876804,7702.194763040407,7348.099620218635,k_off,1000,0.05
0.01,2,25442.25747430688,-0.05991255759285997,25066.96093363552,24595.54922668612,i,1000,0.05
0.01,3,1043.543754230443,0.1578342782828711,1045.316971737765,1023.207334696858,S,1000,0.05
0.01,4,2154.511477083474,1.245419450458794,2122.798293854748,2123.140520911347,baseline,1000,0.05
0.01,5,22427.17114366385,-0.8827942053322871,22175.65800821733,21969.6849075604,N_ch,1000,0.05
1,0,6753.618548166022,2.131280701120063,6861.556512323162,6835.657304970901,k_on,1000,0.1
1,1,6868.169495545194,-1.967749623594567,6836.675737093314,6782.852602550491,k_off,1000,0.1
1,2,20736.28506359589,3.847444795348069,20985.90484553468,20863.19750736314,i,1000,0.1
1,3,5.373761202147126,-0.00327533297978517,5.404283786044428,5.30191485620123,S,1000,0.1
1,4,1055.62291599799,-0.3250369282246212,1059.252265360294,1060.90777239733,baseline,1000,0.1
1,5,20660.9977459306,3.794435795161588,20910.71581402004,20816.74511485442,N_ch,1000,0.1
0.5,0,6873.522468503795,-1.170864306994216,6853.066238227874,6903.556293528193,k_on,1000,0.1
0.5,1,6694.708874993596,1.166224514669436,6872.805742778232,6844.368423612209,k_off,1000,0.1
0.5,2,21035.60635759482,-2.165493654607433,21014.72825943945,21089.20293492737,i,1000,0.1
0.5,3,10.34901967066592,-0.05739891172389561,10.31872784469058,10.60466492691764,S,1000,0.1
0.5,4,1054.816509058194,0.1525551016327763,1047.677471743088,1061.021819839952,baseline,1000,0.1
0.5,5,20972.29552215562,-2.193653837019306,20931.18687191292,21000.57186389402,N_ch,1000,0.1
0.2,0,7017.751795808099,-0.1928530764758083,7001.840719732316,6946.098295162032,k_on,1000,0.1
0.2,1,6897.603900928519,1.118338390144919,6971.917477857705,6907.003283883014,k_off,1000,0.1
0.2,2,21692.10722925475,-0.5274981629843376,21532.05858372709,21375.51188676856,i,1000,0.1
0.2,3,26.23175191361413,-0.01650781168899751,26.4606748868746,26.62193090518193,S,1000,0.1
0.2,4,1052.390477671177,-0.1370674076780569,1058.948335170845,1061.173739552786,baseline,1000,0.1
0.2,5,21425.85799507093,-0.7052790631645562,21295.50232722304,21162.5590732228,N_ch,1000,0.1
0.1,0,7060.23328427356,-0.9723575014699376,7010.572817266246,6976.492822051763,k_on,1000,0.1
0.1,1,7084.217662868339,0.3178869485396352,7093.64609579732,6969.13452097657,k_off,1000,0.1
0.1,2,21948.85346799327,-1.237445968438939,21788.19804997409,21671.82341176356,i,1000,0.1
0.1,3,57.15984508277327,0.1298465184236683,56.03658928680281,55.1867946382783,S,1000,0.1
0.1,4,1063.348595529482,0.1616593148612005,1066.704513969279,1061.323320524149,baseline,1000,0.1
0.1,5,21518.1470213232,-1.413948593234111,21341.02959380438,21262.41836458085,N_ch,1000,0.1
0.05,0,6979.085443935972,0.4687808315259581,7067.166642457683,7012.329542120606,k_on,1000,0.1
0.05,1,7364.967365164654,0.4656922554634765,7257.496971147595,7049.676874590506,k_off,1000,0.1
0.05,2,22082.96791300019,0.9643166302421444,22334.52625052924,22147.88097074248,i,1000,0.1
0.05,3,126.6467617195192,0.09431793828679934,128.0928405231523,126.3220290206797,S,1000,0.1
0.05,4,1057.346177645672,-0.3626200689098913,1063.057953885618,1061.548875055744,baseline,1000,0.1
0.05,5,21254.97779432292,0.700667997289762,21508.14321133857,21386.50434592007,N_ch,1000,0.1
0.02,0,7237.629178841464,-0.2383664887912288,7139.458779602383,7093.300106633126,k_on,1000,0.1
0.02,1,7508.73332099009,-0.07425896118240756,7401.088393809652,7170.188416580096,k_off,1000,0.1
0.02,2,23745.32455243373,-1.009627275502312,23331.59462098857,23168.39795173466,i,1000,0.1
0.02,3,433.2177792260721,-0.3719990372092706,444.4783601773709,439.9815188728397,S,1000,0.1
0.02,4,1057.812638474931,0.03363393119510574,1059.86208773481,1062.019507472526,baseline,1000,0.1
0.02,5,22016.89138978099,-0.6326904098060695,21684.36966094924,21635.92317231465,N_ch,1000,0.1
0.01,0,7302.466852487776,-0.9543134618366134,7233.935704103892,7159.19290000666,k_on,1000,0.1
0.01,1,7816.674300142696,1.716280803518538,7438.689824891178,7239.975654998751,k_off,1000,0.1
0.01,2,24366.04753378851,-1.829593074514447,24254.92983545463,23964.78095752576,i,1000,0.1
0.01,3,1180.367453069759,0.04686231246934568,1212.220872414834,1198.871753732855,S,1000,0.1
0.01,4,1065.508715343105,0.5327220911585474,1064.242446474147,1062.470451457749,baseline,1000,0.1
0.01,5,22116.10124475225,-1.952600738270693,21953.27416180177,21830.48646759854,N_ch,1000,0.1
1,0,6919.399243068643,0.4451087970984401,6845.863578860703,6836.158151375716,k_on,1000,0.2
1,1,6952.075878023419,-1.499281697692217,6838.973730908305,6782.014110034297,k_off,1000,0.2
1,2,21159.15998566594,0.6982493053190945,20922.00096146511,20862.29139784095,i,1000,0.2
1,3,5.523268604996312,0.04185839272133825,5.443503663698505,5.301964449071766,S,1000,0.2
1,4,545.6888131261643,-0.05976866147783118,540.3404156529994,530.7169349334159,baseline,1000,0.2
1,5,21088.77419932047,0.6658761969305884,20863.03911946114,20815.86332963027,N_ch,1000,0.2
0.5,0,6773.88325920746,-0.0197775496167279,6843.427756424713,6902.043727872462,k_on,1000,0.2
0.5,1,6706.896565177702,0.6339318783462558,6830.497531066153,6844.858616380412,k_off,1000,0.2
0.5,2,20606.53645708071,-0.081887286005847,20945.91617474287,21087.9790713948,i,1000,0.2
0.5,3,10.69748175751291,0.00481540887022791,10.45964719602895,10.60717850125382,S,1000,0.2
0.5,4,520.8053761878358,0.0527229392126236,531.3121219669978,530.8308310648838,baseline,1000,0.2
0.5,5,20515.54453640806,-0.04166445479684202,20839.50477375688,20999.53127163492,N_ch,1000,0.2
0.2,0,6882.094904360587,2.427283197318313,6903.995822020246,6941.665918044519,k_on,1000,0.2
0.2,1,6920.123437646541,-0.8354547920303843,6903.382351994909,6909.202891708328,k_off,1000,0.2
0.2,2,21238.91323414408,4.030124671379467,21281.70873510342,21371.87400709363,i,1000,0.2
0.2,3,26.24916141450887,-0.05783494564359872,26.46455555949838,26.86430214983529,S,1000,0.2
0.2,4,527.8773338447988,-0.4496407414663331,528.0234638526258,530.9723328570295,baseline,1000,0.2
0.2,5,21025.71241543694,4.314896563891375,21036.24836866482,21161.26850710969,N_ch,1000,0.2
0.1,0,7016.431019622971,0.1595199126781846,6994.139485777788,6973.038435747539,k_on,1000,0.2
0.1,1,7174.984629512895,-0.3050718197888851,7049.179943772352,6962.482948811638,k_off,1000,0.2
0.1,2,21957.38319616295,0.4940949062120954,21738.28580387351,21658.30722674548,i,1000,0.2
0.1,3,56.93574565515133,0.02171692280400651,58.2071481205393,58.03020605832639,S,1000,0.2
0.1,4,542.8195775865391,-0.2529436196630035,531.7520076733432,531.108628174199,baseline,1000,0.2
0.1,5,21516.39067754018,0.4765867989109107,21313.56648860627,21260.0810971629,N_ch,1000,0.2
0.05,0,7027.121732165044,-0.7815813514232576,7048.426687935504,7011.81668927906,k_on,1000,0.2
0.05,1,7289.243907496919,0.2390995986814825,7174.452644447042,7026.96540124371,k_off,1000,0.2
0.05,2,22049.5546511891,-1.186691173314305,22205.3998786593,22096.92823105404,i,1000,0.2
0.05,3,141.6267841171098,0.1128848981463918,142.5565854499197,140.8452297192129,S,1000,0.2
0.05,4,526.7430792481811,0.1220389530154797,532.3213016829345,531.3034506728125,baseline,1000,0.2
0.05,5,21293.4828389453,-1.313548778218153,21439.12923237404,21377.9377768191,N_ch,1000,0.2
0.02,0,7007.18054069216,0.6240818471680097,7124.624817789186,7073.550759879645,k_on,1000,0.2
0.02,1,7441.113405172293,-0.4157179386525607,7262.195005275912,7112.900759932613,k_off,1000,0.2
0.02,2,22685.94945882199,0.9631292016788012,23095.3995703384,22891.7745881543,i,1000,0.2
0.02,3,509.2210696438686,-0.1083180862019776,516.2808163550052,511.2355939493522,S,1000,0.2
0.02,4,521.5929237802095,-0.2823614532023959,531.9683649943239,531.6953597571548,baseline,1000,0.2
0.02,5,21301.67126512243,0.9394543304851272,21670.54954450009,21577.20733218417,N_ch,1000,0.2
0.01,0,7125.330708940754,-0.7910278468777341,7143.059689229601,7112.491784948223,k_on,1000,0.2
0.01,1,7500.435110687536,1.110563828886972,7242.927273994998,7150.286578017874,k_off,1000,0.2
0.01,2,23395.69778098843,-2.680302247502183,23468.80174969991,23344.88235227974,i,1000,0.2
0.01,3,1404.599354324486,-0.7367899795318726,1409.727505801944,1404.108559086153,S,1000,0.2
0.01,4,543.3297298191817,0.4313470764767673,531.7839636235188,531.9767888157157,baseline,1000,0.2
0.01,5,21673.99957948238,-1.900825049306079,21714.48932641437,21688.89430068207,N_ch,1000,0.2
1,0,6932.162688729525,0.1561301592531552,6869.676694537186,6835.80017446073,k_on,1000,0.5
1,1,6726.404808642118,-0.5644758994575136,6801.404059253931,6779.750768543268,k_off,1000,0.5
1,2,21153.02336645189,0.6667067563294913,21013.09256427278,20859.18438077501,i,1000,0.5
1,3,5.341031232931291,0.02984971977484546,5.37663160968448,5.302308162810991,S,1000,0.5
1,4,214.3873919605089,-0.08752999497000272,215.3507221304748,212.6021172411867,baseline,1000,0.5
1,5,21072.16881923076,0.6714526686562574,20953.43099666415,20812.83043164147,N_ch,1000,0.5
0.5,0,7069.224337546599,-0.1648890210999022,6924.839741610331,6900.927604210213,k_on,1000,0.5
0.5,1,7034.742353950413,-0.915272812877213,6855.331965793685,6845.987660750794,k_off,1000,0.5
0.5,2,21565.49954283377,-0.06210712110859012,21143.53086807636,21084.36750703975,i,1000,0.5
0.5,3,10.28998266395291,-0.02542726851743764,10.33498719558221,10.62294972776589,S,1000,0.5
0.5,4,209.3363965960894,-0.08040875995706355,211.471438592541,212.7094893230308,baseline,1000,0.5
0.5,5,21497.58850569072,-0.1039654264102979,21051.09048041293,20996.43991804415,N_ch,1000,0.5
0.2,0,6978.756335281209,-0.08351053812476562,6944.758754963426,6943.868724831572,k_on,1000,0.5
0.2,1,7047.387157255078,-0.8991166776356446,6936.815280004123,6903.7917835407025,k_off,1000,0.5
0.2,2,21525.82464282526,0.2127641395191057,21415.07060194419,21362.53057315395,i,1000,0.5
0.2,3,27.66387275407634,-0.01028443221331249,27.967818826599,27.83670877953393,S,1000,0.5
0.2,4,211.3599913470021,-0.01098384380208182,212.5041190263092,212.8348350428274,baseline,1000,0.5
0.2,5,21325.67321893894,0.206095630763204,21189.21469324789,21157.35126145753,N_ch,1000,0.5
0.1,0,6899.895355602085,0.894932279688797,7025.152599574509,6970.024783750177,k_on,1000,0.5
0.1,1,6975.275539709117,-0.3955826987896654,7019.953797756221,6948.872284107178,k_off,1000,0.5
0.1,2,21324.59398100869,1.462135923684083,21759.70747910751,21629.73038116086,i,1000,0.5
0.1,3,64.84519160882068,-0.07983380884430852,65.0205827346238,64.96928593234152,S,1000,0.5
0.1,4,215.7677987652418,-0.09564241280744833,212.4424048215821,212.9491298762013,baseline,1000,0.5
0.1,5,20896.0168919086,1.356594975234263,21352.97915474894,21253.24476068932,N_ch,1000,0.5
0.05,0,7044.576304685851,0.1421688611517755,7044.906219090315,7003.135732746273,k_on,1000,0.5
0.05,1,7261.763651317138,-0.4155452246949898,7081.965159845135,6995.583748416286,k_off,1000,0.5
0.05,2,22146.30854812374,-0.03320746694931168,22111.23675366556,21994.96825808447,i,1000,0.5
0.05,3,168.700729859172,-0.1481868805168436,168.1377561499654,167.6863460649765,S,1000,0.5
0.05,4,209.7686211918019,-0.1954870585135581,212.9838220399276,213.1143277351007,baseline,1000,0.5
0.05,5,21445.27536420362,-0.03028764441079973,21428.73734797614,21356.01203844144,N_ch,1000,0.5
0.02,0,7301.186946620387,-0.7831071955185979,7077.996672721056,7043.814066413574,k_on,1000,0.5
0.02,1,7253.668314050517,0.2187351894131752,7109.268276627005,7039.734577709827,k_off,1000,0.5
0.02,2,23095.66195693587,-1.902542746281583,22582.71180215873,22465.42244939505,i,1000,0.5
0.02,3,650.4383314830347,0.1561383581848253,633.3707665141156,630.744415294185,S,1000,0.5
0.02,4,213.1744909040056,-0.02160052224074473,213.642520654374,213.3753010669722,baseline,1000,0.5
0.02,5,22050.66081448921,-1.86407741894229,21533.95859444675,21477.4270603256,N_ch,1000,0.5
0.01,0,7063.283490666979,-0.3863609212610828,7077.048137206139,7057.920446835255,k_on,1000,0.5
0.01,1,7160.248868093805,0.449718383559939,7102.44705560332,7057.981926345064,k_off,1000,0.5
0.01,2,22732.76885633048,-0.4027245174085191,22744.54877711626,22657.06291818225,i,1000,0.5
0.01,3,1713.572833391211,0.4997176201539217,1697.973369612378,1692.124278320228,S,1000,0.5
0.01,4,214.2828268003548,-0.04100931849407062,213.5109600311116,213.4935467414263,baseline,1000,0.5
0.01,5,21427.72121278827,-0.2748991082347382,21566.57950985891,21526.42202618672,N_ch,1000,0.5
1,0,6895.697430191561,1.245487544591636,6807.765811172547,6832.614589961707,k_on,1000,1
1,1,6799.59094739332,-1.009243279961572,6786.295155055729,6777.380763461218,k_off,1000,1
1,2,20942.50236011873,2.043480538853499,20817.12311329873,20854.1701738917,i,1000,1
1,3,5.241958074146051,0.01955276540751247,5.267983822558254,5.303507053490981,S,1000,1
1,4,108.7970845959641,-0.2775852533329272,107.4044726943572,106.5618579061159,baseline,1000,1
1,5,20873.71684533141,2.022367284291665,20745.56194520931,20807.93257354348,N_ch,1000,1
0.5,0,6961.971407748933,-0.2006118277382046,6832.051322692549,6899.224775717165,k_on,1000,1
0.5,1,6813.663812079007,-0.2508512627544011,6774.766284955238,6841.728666281985,k_off,1000,1
0.5,2,21253.8690512725,-0.1865224641538737,20919.2113398363,21078.26554138055,i,1000,1
0.5,3,10.56940662741735,-0.01620209480501127,10.55149983042579,10.67103383485527,S,1000,1
0.5,4,106.6685487895365,-0.01965171380189931,106.3769545155719,106.6645095404531,baseline,1000,1
0.5,5,21137.05965671352,-0.00941064545618479,20817.60278895419,20991.13027183818,N_ch,1000,1
0.2,0,7090.323557230823,0.5497028084289359,6972.242565995993,6940.557904648203,k_on,1000,1
0.2,1,6977.294248203206,0.7461217408809228,6914.632384981702,6894.738909048257,k_off,1000,1
0.2,2,21890.69210171656,0.3989757340682732,21409.64865755435,21349.66856204472,i,1000,1
0.2,3,30.33732807021389,0.0865870583701237,29.8034460769747,29.51336803971288,S,1000,1
0.2,4,108.304684828785,-0.1061023161282341,107.4220236129896,106.7755521539529,baseline,1000,1
0.2,5,21579.94953129544,0.362505782255838,21183.79542501875,21150.84956238359,N_ch,1000,1
0.1,0,7054.26106422884,0.7337302245321932,6994.872774952843,6966.307356289178,k_on,1000,1
0.1,1,7073.887013731215,-0.4203527341815521,6993.06941529625,6935.496771451051,k_off,1000,1
0.1,2,21975.92979628405,1.326809645242629,21707.84461591837,21595.12426177635,i,1000,1
0.1,3,73.13796135638815,0.0909631156038736,73.1735841946153,73.04969420552877,S,1000,1
0.1,4,105.9034242292599,-0.1203898843298259,107.1068516417798,106.8740394032422,baseline,1000,1
0.1,5,21562.40178780738,1.25759950400899,21323.82950817268,21242.23349984091,N_ch,1000,1
0.05,0,6970.821737260831,-0.898015563624338,7013.153486676008,6994.541235099167,k_on,1000,1
0.05,1,7012.411044884249,0.3594712702544716,7018.967797324441,6966.892669283091,k_off,1000,1
0.05,2,21750.40915167688,-1.364616836639132,21977.55098016708,21882.76157039032,i,1000,1
0.05,3,196.2790857293821,-0.1434047184695278,193.33760474251,194.3303771982659,S,1000,1
0.05,4,107.1198517829491,-0.09136525490139616,106.7169556455183,107.011113840298,baseline,1000,1
0.05,5,21148.64000063525,-1.39324691365407,21375.77825750964,21326.55740491924,N_ch,1000,1
0.02,0,7069.282853867513,-1.131743675788166,7035.130573743504,7018.023308608265,k_on,1000,1
0.02,1,7139.555129559435,0.3329387377595213,7024.039739591715,6993.431388986217,k_off,1000,1
0.02,2,22295.1538308873,-2.27995881017448,22209.08370647809,22156.21073698088,i,1000,1
0.02,3,743.5847445525795,-0.1791753696232786,737.177806327646,736.918903759834,S,1000,1
0.02,4,106.9432802802531,0.03448240684856604,107.0355445248437,107.1746452817752,baseline,1000,1
0.02,5,21520.73513146344,-2.131144143158574,21415.75415914063,21399.49624868652,N_ch,1000,1
0.01,0,7054.64057673948,1.224474522351876,7027.442511483872,7022.957547459468,k_on,1000,1
0.01,1,6987.944948749016,-1.423978890629524,7019.041854190356,7007.10351322931,k_off,1000,1
0.01,2,22400.59795511618,2.252549264588918,22282.89198213759,22261.29291231222,i,1000,1
0.01,3,1863.529520801774,-0.5543607458975384,1896.888158584135,1894.868840107519,S,1000,1
0.01,4,106.0232967845702,-0.07033559198056842,107.2992484406616,107.2258155368959,baseline,1000,1
0.01,5,21454.58331398282,2.52149815854618,21423.02985482554,21429.31091176399,N_ch,1000,1
1,0,6842.764677961848,1.069500277773862,6870.07325047941,6800.474922327248,k_on,1000,10
1,1,6778.201151140896,-1.493800735433625,6766.760925835484,6739.93080705131,k_off,1000,10
1,2,20984.16809375037,1.867385770702656,20985.12843740621,20764.18250115939,i,1000,10
1,3,5.166466968722548,-0.04198052289546943,5.15246655519542,5.413871619853795,S,1000,10
1,4,10.82243014165105,-0.04862447125752728,10.89101529697742,11.0916349570543,baseline,1000,10
1,5,20897.84605102977,1.827360465436187,20913.44778070301,20719.77604900371,N_ch,1000,10
0.5,0,7024.847942192873,0.1044084872841802,6903.714642012803,6862.436904055766,k_on,1000,10
0.5,1,6823.686955953854,-0.3237369476251592,6850.363830814746,6799.011131220581,k_off,1000,10
0.5,2,21402.44949597204,-0.2392066823441328,21130.35016275349,20977.39632517188,i,1000,10
0.5,3,12.70312452641273,0.02813887569978955,12.57555369671038,12.30336696592873,S,1000,10
0.5,4,11.1532783068612,-0.03454697319693363,11.26990230122876,11.14943296235935,baseline,1000,10
0.5,5,21304.18683673517,-0.2758637724485054,21036.28075887675,20898.33513315723,N_ch,1000,10
0.2,0,7009.051157285165,0.6218778743721696,6898.099008428713,6899.038378132626,k_on,1000,10
0.2,1,6893.566946251164,-0.4060250776212637,6820.106765893629,6838.26892660332,k_off,1000,10
0.2,2,21445.81683892659,0.7491045140618547,21141.02381196807,21194.77083882247,i,1000,10
0.2,3,44.82841616835375,0.08574864636680862,44.29646243521253,43.63576943835037,S,1000,10
0.2,4,11.27012380487832,-0.03794596810146539,11.23268205448954,11.20764253684157,baseline,1000,10
0.2,5,21271.46929504504,0.8487716673377382,20962.41637442963,21039.95955530189,N_ch,1000,10
0.1,0,6977.158270155307,-1.280546243348389,6907.515992026552,6915.18834193435,k_on,1000,10
0.1,1,6878.912539121503,0.5848054717677051,6875.433370657656,6851.085758434871,k_off,1000,10
0.1,2,21460.15410971789,-1.953790941593121,21307.97936165569,21304.90972181867,i,1000,10
0.1,3,118.6569718540267,-0.1006517611820938,119.3008852122562,119.7048197183361,S,1000,10
0.1,4,11.20343115330563,0.01956506790910308,11.19779918532882,11.2537987439783,baseline,1000,10
0.1,5,21236.80299588187,-1.953239769895294,21085.94876952744,21092.36345566295,N_ch,1000,10
0.05,0,7003.570544881526,-0.05274558021870775,6942.111561300034,6920.923353051388,k_on,1000,10
0.05,1,6859.392458376167,0.7066865066381856,6865.998968953943,6860.386421445032,k_off,1000,10
0.05,2,21533.50547440962,-0.2512020577162712,21413.68408337719,21364.07012731601,i,1000,10
0.05,3,326.6365630536117,0.04067525243467703,325.4304463387626,324.7763047910085,S,1000,10
0.05,4,10.95509414105647,-0.00883615141015562,11.28192877141104,11.28477322388751,baseline,1000,10
0.05,5,21233.22330783137,-0.411662324602842,21151.61306373837,21116.06942513632,N_ch,1000,10
0.02,0,7008.234366930917,-0.7893594443783145,6931.237143057497,6926.137421589552,k_on,1000,10
0.02,1,6815.769252472075,1.596080595426314,6860.263356740964,6864.313804139861,k_off,1000,10
0.02,2,21646.25248829794,-1.710390985192873,21388.85705786946,21389.93391375746,i,1000,10
0.02,3,1057.39421358438,-0.3207375221382213,1058.627366522557,1060.33590486232,S,1000,10
0.02,4,11.45972498277837,0.03145580527543258,11.29372263298557,11.2987267635648,baseline,1000,10
0.02,5,21328.28412314762,-1.734271355857602,21120.45872396559,21124.13486847127,N_ch,1000,10
0.01,0,6968.988100749813,-0.6455389293556212,6932.855199440878,6925.641407029587,k_on,1000,10
0.01,1,6875.564790362409,0.3862960214376549,6875.321509181495,6866.50297576611,k_off,1000,10
0.01,2,21413.3448879526,-0.7838938322383057,21431.34367036476,21399.22773941921,i,1000,10
0.01,3,2350.284257510055,0.6042725917924231,2357.204178808802,2358.136159529282,S,1000,10
0.01,4,11.21013650150703,0.040242859332928,11.30675906321513,11.29964806887982,baseline,1000,10
0.01,5,21160.40508996965,-0.9160712020754462,21157.02509814522,21127.22106362531,N_ch,1000,10
1,0,6465.140544853098,0.40396304292501,6552.480858334266,6496.392658911043,k_on,1000,100
1,1,6332.156324475078,-0.05463870629871176,6487.971133412965,6422.877081092818,k_off,1000,100
1,2,19842.6382724674,0.7908398989514391,20129.71030393461,19922.40382044222,i,1000,100
1,3,7.134614725983258,6.8371312917153e-4,7.174326984059989,7.232736440808325,S,1000,100
1,4,1.423047776369137,0.0046476670396506,1.403414569537085,1.406361998608407,baseline,1000,100
1,5,19804.25018068374,0.732794792758079,20092.00454929191,19887.05535526513,N_ch,1000,100
0.5,0,6573.654275416435,0.3965600343611672,6528.484947039961,6537.72580592992,k_on,1000,100
0.5,1,6472.623415696845,-0.0914977862471814,6474.978257932713,6474.616512652444,k_off,1000,100
0.5,2,20298.77985682827,0.7913767057519453,20077.59747772752,20091.79539116831,i,1000,100
0.5,3,19.66758669353761,0.05441863347432746,19.52447852728045,19.57698006836082,S,1000,100
0.5,4,1.417970017614079,-0.00680811681405614,1.429703983470878,1.423412445763058,baseline,1000,100
0.5,5,20239.90346794205,0.8018357979752515,20026.96760889888,20038.15171516546,N_ch,1000,100
0.2,0,6514.887623569139,0.6318008838724056,6559.465476734319,6561.610869858303,k_on,1000,100
0.2,1,6637.211042958647,-0.5191934413891368,6498.679477299943,6497.406464786946,k_off,1000,100
0.2,2,20203.4057883338,0.8409460197249322,20218.72215857895,20198.61156488461,i,1000,100
0.2,3,73.8933314246091,-0.03177809733158174,74.54225843818271,74.38536710015268,S,1000,100
0.2,4,1.453317799089716,-0.01906051785875766,1.43489747151214,1.439168147501549,baseline,1000,100
0.2,5,20098.21168985822,0.843324340418579,20134.4504711997,20126.1372051992,N_ch,1000,100
0.1,0,6527.244978881446,-1.333806108469605,6540.914745435065,6569.546149673914,k_on,1000,100
0.1,1,6611.861511654473,-0.1468071480683865,6495.202484809238,6500.745898550332,k_off,1000,100
0.1,2,20253.27288941935,-1.65749313813866,20152.29946495374,20217.40402382461,i,1000,100
0.1,3,189.9764914931409,-0.05254727983704677,190.6734474455015,190.4375587117325,S,1000,100
0.1,4,1.421199683703126,-0.00415447139308831,1.444504943223465,1.444246817986282,baseline,1000,100
0.1,5,20177.07400141411,-1.643905165091071,20075.52199630055,20141.67253158082,N_ch,1000,100
0.05,0,6606.831548997196,0.2261207670048362,6570.632478843056,6570.299104339956,k_on,1000,100
0.05,1,6497.775377224528,-0.4063716831510875,6493.498999395484,6502.84516761226,k_off,1000,100
0.05,2,20310.72764999875,0.625255915300589,20214.80913005181,20234.01232689462,i,1000,100
0.05,3,451.2705813610088,0.117734041773049,443.5454586041075,443.8117215169228,S,1000,100
0.05,4,1.450146475173761,-0.0269514052767879,1.448044197275207,1.445788850511776,baseline,1000,100
0.05,5,20219.60832055945,0.6508902008163474,20130.97577126444,20151.32208915835,N_ch,1000,100
0.02,0,6571.913031054896,0.5964365146009116,6568.378221093688,6571.305935646686,k_on,1000,100
0.02,1,6403.392069714525,-0.4077772236714173,6503.914679109695,6503.889955726634,k_off,1000,100
0.02,2,20208.02244234863,1.138468871203862,20242.4046923874,20239.08828199875,i,1000,100
0.02,3,1230.137838911256,0.319931236561927,1230.87883138399,1230.036602839969,S,1000,100
0.02,4,1.412676683376396,-0.01145830152277233,1.449437524132946,1.44653049917017,baseline,1000,100
0.02,5,20113.18038471922,1.182856382426156,20155.70929374934,20154.04949896299,N_ch,1000,100
0.01,0,6514.890828204972,-0.3579968706372286,6566.417910031265,6571.700828516658,k_on,1000,100
0.01,1,6450.413681692356,0.5169236322191305,6495.423866164477,6502.383747700053,k_off,1000,100
0.01,2,20054.70481660809,-0.828063453260981,20213.7071754871,20231.90073165608,i,1000,100
0.01,3,2517.207875694015,-0.7634663680287415,2547.524178581167,2552.012884919809,S,1000,100
0.01,4,1.464104054016389,0.01098975231827001,1.444430984847325,1.446682647093586,baseline,1000,100
0.01,5,19958.59249040716,-0.7727113642029515,20131.34786609701,20150.53454597497,N_ch,1000,100
1,0,4488.476541021418,-1.456854853782088,4545.9443167627815,4573.786535912885,k_on,1000,1000
1,1,4559.855263918072,1.316549239886397,4657.057517658774,4649.874736784374,k_off,1000,1000
1,2,14115.57821290237,-2.583602089441336,14293.34523398657,14357.40253255558,i,1000,1000
1,3,14.22568226871854,0.05207847276233849,14.03442932561962,13.79093212049952,S,1000,1000
1,4,0.2602426084380617,0.00711377185525542,0.2646962531713367,0.2632091288063234,baseline,1000,1000
1,5,14097.04553427186,-2.570558497614771,14281.38429337636,14345.47623621307,N_ch,1000,1000
0.5,0,4613.956593863593,0.09305326245149886,4621.501269729948,4604.349269183349,k_on,1000,1000
0.5,1,4688.2570620687065,-0.7417366363675238,4671.566525310784,4686.230247561789,k_off,1000,1000
0.5,2,14470.50699767652,0.378053098100959,14568.80410912901,14493.02970542692,i,1000,1000
0.5,3,35.51729771097668,-0.0393160105290267,34.48720670211167,34.95024307324826,S,1000,1000
0.5,4,0.2676173594112747,-0.00372142265937228,0.2650245348986369,0.2650350019769767,baseline,1000,1000
0.5,5,14455.28593203179,0.3812658769848276,14552.99668266278,14477.69395513586,N_ch,1000,1000
0.2,0,4770.102390119224,-0.2110246015896717,4650.112932232018,4631.042370022835,k_on,1000,1000
0.2,1,4664.399795170577,0.2587824125990113,4705.755422405409,4695.18051102406,k_off,1000,1000
0.2,2,14931.25556894591,-0.2365231596229286,14613.37470317966,14551.9448916516,i,1000,1000
0.2,3,106.9626101750003,-0.05318311934057578,109.218603879974,108.8803104166834,S,1000,1000
0.2,4,0.2642280500662883,-8.2723053731797e-4,0.2652641323631039,0.2659239878614425,baseline,1000,1000
0.2,5,14902.07852272376,-0.2896676935147014,14595.11093997507,14535.38185832362,N_ch,1000,1000
0.1,0,4609.156133214839,-0.04566890241573396,4639.141004292069,4636.434019682813,k_on,1000,1000
0.1,1,4648.550117500024,-0.6684467458535928,4692.720759096159,4697.87303328623,k_off,1000,1000
0.1,2,14533.50938818597,0.00628477183422721,14560.23877165049,14562.60194301169,i,1000,1000
0.1,3,236.734025874282,0.0593570824232164,239.4960183481287,238.6809972798196,S,1000,1000
0.1,4,0.2654691937075334,-6.9730655361084e-4,0.2663655393489662,0.266035614127296,baseline,1000,1000
0.1,5,14499.58536253772,0.02716429257138007,14543.18613524271,14545.36816537476,N_ch,1000,1000
0.05,0,4539.835492913776,0.04785212513283834,4656.053859968659,4637.89420562371,k_on,1000,1000
0.05,1,4547.088639030236,-0.1022895613144216,4701.640269927168,4697.642576935587,k_off,1000,1000
0.05,2,14233.92305816671,-0.01209150578226406,14607.87810222888,14565.25879641503,i,1000,1000
0.05,3,512.3745631693739,0.1244111614421135,502.4472134028208,502.1626681082685,S,1000,1000
0.05,4,0.2618819181350073,-0.0044291567723714,0.2661020485945864,0.2660973308093332,baseline,1000,1000
0.05,5,14215.56317419137,0.01484519197735392,14592.00003206419,14547.91206851293,N_ch,1000,1000
0.02,0,4713.676004648322,-0.03669363049304481,4639.429295122995,4638.458671919044,k_on,1000,1000
0.02,1,4758.458626805001,-0.4920695773737449,4697.46012090411,4698.309762381098,k_off,1000,1000
0.02,2,14750.35704319699,0.06741701110645405,14563.1543721999,14565.94151015213,i,1000,1000
0.02,3,1327.419931525995,-0.00998764212191244,1295.105287065991,1296.390160321369,S,1000,1000
0.02,4,0.2653194929976281,-0.0040415457088753,0.266055386235878,0.266096376733406,baseline,1000,1000
0.02,5,14727.75374300871,0.05123538364911637,14545.06547489135,14548.5392944987,N_ch,1000,1000
0.01,0,4616.167705906093,-0.8115568580879854,4644.311063503455,4638.666829338794,k_on,1000,1000
0.01,1,4724.96379863083,0.5989494204243536,4702.675996442067,4696.711988405796,k_off,1000,1000
0.01,2,14573.75399876063,-1.450625423462339,14581.50591440008,14561.88857347765,i,1000,1000
0.01,3,2617.457296145477,1.436939972102886,2623.850859381836,2621.500169680913,S,1000,1000
0.01,4,0.267071835037018,0.00588477415007298,0.2664398995213205,0.2661214208044624,baseline,1000,1000
0.01,5,14561.27415966565,-1.471438281990252,14566.57980780254,14546.64867729497,N_ch,1000,1000
1,0,1203.234028210503,0.08756241669174476,1203.95256581842,1206.832011926081,k_on,1000,10000
1,1,1315.159719195167,-0.1185073744820927,1324.796157933594,1318.093007241575,k_off,1000,10000
1,2,3883.077604920463,0.2233028957213596,3887.395148403084,3896.341995169273,i,1000,10000
1,3,23.08574082051408,0.01210434539962014,23.44271978761645,23.08859302855156,S,1000,10000
1,4,0.04659676679875552,-2.7009316432979e-4,0.04576213138603172,0.04572533704875783,baseline,1000,10000
1,5,3881.538413522414,0.2201670737919129,3886.332842113342,3895.540284005866,N_ch,1000,10000
0.5,0,1218.683296692721,-0.0694643209992695,1223.248827680257,1225.486688670137,k_on,1000,10000
0.5,1,1310.132305418848,-0.00523805089397937,1317.934330847606,1330.336740731122,k_off,1000,10000
0.5,2,3940.28418748997,-0.08538112433543597,3948.770401150165,3959.159061119516,i,1000,10000
0.5,3,48.24997151985174,-0.08002678452582263,47.96578774948593,48.70448275200626,S,1000,10000
0.5,4,0.0447768335388735,-5.722688140834e-4,0.04558380975918586,0.04574256716597794,baseline,1000,10000
0.5,5,3940.627454279512,-0.07327901886523681,3948.249624399562,3958.317667664863,N_ch,1000,10000
0.2,0,1232.746126602361,-0.5945270283627385,1245.640634846643,1235.894623866225,k_on,1000,10000
0.2,1,1336.197966120993,0.4509162222375011,1336.276053016462,1333.769359435874,k_off,1000,10000
0.2,2,3971.154405726829,-0.9818926949121624,4011.248317373375,3981.552543946029,i,1000,10000
0.2,3,127.4683784705593,0.08814006067988282,127.7612100870997,127.4456862750793,S,1000,10000
0.2,4,0.04639009936053506,0.00401209429815761,0.04581534321250816,0.04574894632075279,baseline,1000,10000
0.2,5,3970.228960523926,-0.9890561667186296,4010.430504255536,3981.004002032473,N_ch,1000,10000
0.1,0,1239.925327145696,-0.1534993162822024,1232.967945275423,1237.69217842315,k_on,1000,10000
0.1,1,1322.630384328987,-0.143601284197924,1331.84866259289,1334.595510966809,k_off,1000,10000
0.1,2,3986.252739290298,-0.2016909270504066,3974.128690499036,3985.638002696254,i,1000,10000
0.1,3,264.9033079571937,-0.2032484347455268,258.8998749541945,259.6602537695663,S,1000,10000
0.1,4,0.04481262395629858,-3.9000841987268e-4,0.04566612617903167,0.04574937021426234,baseline,1000,10000
0.1,5,3984.42795955347,-0.1949400713606968,3973.617008996849,3984.822246455056,N_ch,1000,10000
0.05,0,1220.533298684093,-0.467241371964277,1237.600358509848,1238.169947364196,k_on,1000,10000
0.05,1,1315.145128640382,0.572315430627006,1332.654662032073,1334.40610985045,k_off,1000,10000
0.05,2,3927.191034253217,-0.8315694168112787,3981.769520537516,3986.112877376718,i,1000,10000
0.05,3,527.0964341011031,0.04424943321192479,525.0726707712134,524.5754000363622,S,1000,10000
0.05,4,0.04490475105435327,0.00299841308084994,0.04576154896091308,0.04575052328245187,baseline,1000,10000
0.05,5,3926.90098236959,-0.8258651513851301,3981.059843437717,3985.516152640461,N_ch,1000,10000
0.02,0,1237.067934825503,-0.6244737290520149,1237.405926347031,1238.375507693322,k_on,1000,10000
0.02,1,1319.793906572746,0.5277123550628526,1332.799165712252,1334.490408710032,k_off,1000,10000
0.02,2,3967.573675501331,-1.067843213175582,3981.399810547013,3986.069716988208,i,1000,10000
0.02,3,1338.424450725072,0.1073455635863596,1320.539021739552,1319.74768265788,S,1000,10000
0.02,4,0.046531664403388,0.0012539770690375,0.04575903429853558,0.04575022675559143,baseline,1000,10000
0.02,5,3966.476904751282,-1.069144059723657,3980.867676190951,3985.615861408064,N_ch,1000,10000
0.01,0,1244.572287230585,0.3188523560285274,1239.229528726071,1238.22933694149,k_on,1000,10000
0.01,1,1339.374497056242,0.03358518208424914,1335.758592287086,1334.617769173563,k_off,1000,10000
0.01,2,4017.582792501882,0.3951915769159694,3990.814304570019,3987.532384491146,i,1000,10000
0.01,3,2601.694946165661,0.6359455077731675,2645.508147112824,2645.183936721579,S,1000,10000
0.01,4,0.04516380331948056,-5.8251937983443e-4,0.04576988340201327,0.04575048927718597,baseline,1000,10000
0.01,5,4016.431440501281,0.3948672273700877,3989.657890246326,3986.367771867545,N_ch,1000,10000
1,0,143.2987314527795,0.05006080644166117,144.9958809459893,145.3827443136349,k_on,1000,100000
1,1,159.8876826258833,-0.01179578090440635,160.7140616323946,162.3592002854432,k_off,1000,100000
1,2,466.0578336360813,0.04867400441399383,471.1527767500764,472.5900579065381,i,1000,100000
1,3,25.44994622247958,-0.1059559183764274,25.19464285710431,26.08871277542601,S,1000,100000
1,4,0.00516011040635955,5.3889060112642e-4,0.00516417030249409,0.00521271534786429,baseline,1000,100000
1,5,465.9983974545962,0.04941340114564712,471.1253498095872,472.5770907419787,N_ch,1000,100000
0.5,0,147.3149980060695,0.06963240172397026,148.3388129433561,148.0038694765686,k_on,1000,100000
0.5,1,164.0336228149298,-0.0757577286423499,163.9347463400628,164.0991032007687,k_off,1000,100000
0.5,2,478.3851965318278,0.1413299876508756,480.8041208702024,481.2939404249544,i,1000,100000
0.5,3,53.31698306043918,0.03431794864153379,52.9701121908045,52.49855922662596,S,1000,100000
0.5,4,0.0053531580250045,-5.0816019675697e-4,0.00521993045827521,0.00521274179661421,baseline,1000,100000
0.5,5,478.3995821719301,0.1413586841781727,480.7759523228139,481.2766904584298,N_ch,1000,100000
0.2,0,150.8373929489334,-0.00775856571832947,148.4617663177818,149.3497312095829,k_on,1000,100000
0.2,1,166.2647426072095,-0.1191087634977595,163.9997095621744,164.6227849010291,k_off,1000,100000
0.2,2,488.8398956691714,0.00740261006894021,481.4567945992083,484.367151887772,i,1000,100000
0.2,3,131.2715871243814,-0.09961528466714734,132.153556178494,131.9421321275635,S,1000,100000
0.2,4,0.0051458457161675,-4.7177977862399e-4,0.00520325374302698,0.00521274898220111,baseline,1000,100000
0.2,5,488.7622214617384,0.00775284748281413,481.430228115675,484.3555815370049,N_ch,1000,100000
0.1,0,147.3715797684611,-0.1026665969523053,149.5142422818449,149.5818648931339,k_on,1000,100000
0.1,1,160.5858248103115,0.1053592742256011,164.4585486869105,164.6865023373929,k_off,1000,100000
0.1,2,476.1999519413902,-0.1979035463816922,484.6593002981783,484.8234074092259,i,1000,100000
0.1,3,260.5321611094746,-0.3499061791554456,262.2426069032241,264.4554039718395,S,1000,100000
0.1,4,0.00511854607126559,-2.6660814743291e-4,0.00519631766599047,0.00521275368224975,baseline,1000,100000
0.1,5,476.2395235161,-0.1967962798227215,484.6508618558505,484.8198617369008,N_ch,1000,100000
0.05,0,148.0870674202831,0.07390008521816091,149.9327596081479,149.6404311220761,k_on,1000,100000
0.05,1,163.8893438784417,-0.1889058561194654,165.1078704691516,164.7252766892893,k_off,1000,100000
0.05,2,480.180094856536,0.1580255339289778,486.1094672346558,484.9754762753848,i,1000,100000
0.05,3,528.8130365589869,0.5288802071304854,530.7013159449547,529.5319348658895,S,1000,100000
0.05,4,0.00506257832794209,5.436278869896499e-5,0.00522418371246254,0.00521274992037884,baseline,1000,100000
0.05,5,480.1371549937991,0.1574661673539653,486.0891134422836,484.9554822679292,N_ch,1000,100000
0.02,0,149.072383500422,0.04063033175397126,149.6314868840521,149.6566732426644,k_on,1000,100000
0.02,1,164.6530758379506,-0.08350771712115725,164.6643809438564,164.7226020774178,k_off,1000,100000
0.02,2,484.8976634573521,0.07302574334360407,484.9819310142781,485.0022794528527,i,1000,100000
0.02,3,1311.238317557394,-0.2381361149644489,1325.03325935827,1324.805155483634,S,1000,100000
0.02,4,0.00531521923036892,-3.7519686485084e-4,0.00521001042581326,0.00521275216636996,baseline,1000,100000
0.02,5,484.876252884198,0.07273580063193155,484.96277851204,484.9856985817111,N_ch,1000,100000
0.01,0,147.3247456072359,-0.1351611184944689,149.6701769346339,149.6631690362377,k_on,1000,100000
0.01,1,163.5147719105911,-0.00291238355581541,164.6565648405211,164.7226716734608,k_off,1000,100000
0.01,2,478.0269215436547,-0.1852649689827682,485.0481287307004,484.9765670336188,i,1000,100000
0.01,3,2662.53582601934,-0.1248743166960996,2652.491942141165,2650.275755448773,S,1000,100000
0.01,4,0.00513604641258313,3.739576786835837e-6,0.00521167627757137,0.00521275086684107,baseline,1000,100000
0.01,5,478.0268718923502,-0.1853094393162543,485.0468561919031,484.9752203983834,N_ch,1000,100000
1,0,14.76438887457503,0.08309136282215634,14.91701926625914,14.8447857480627,k_on,1000,1000000
1,1,16.21570183389395,-0.09491429355397138,16.61576540883403,16.62332218489009,k_off,1000,1000000
1,2,48.04169316448841,0.1468815828045972,48.49974820710961,48.29424436866656,i,1000,1000000
1,3,27.01462683385544,0.02545629533706471,26.55277145505263,26.46640157776461,S,1000,1000000
1,4,5.1697786512472e-4,-4.0966903802024e-4,5.3040436550722e-4,5.292774658766e-4,baseline,1000,1000000
1,5,48.03710073748322,0.1469537577699768,48.49762522902762,48.29378661668621,N_ch,1000,1000000
0.5,0,15.06604186261876,-0.00733346891062283,15.02312396876692,15.11724661006394,k_on,1000,1000000
0.5,1,16.88208625286094,0.00917916771176421,16.74917199938744,16.80415313582796,k_off,1000,1000000
0.5,2,49.1842844922998,-0.01330636163046471,48.87840217906748,49.19574155690165,i,1000,1000000
0.5,3,52.23727358374341,-0.01704664808428593,52.63370341918531,52.96579518729343,S,1000,1000000
0.5,4,5.1845733185675e-4,3.4176308956414e-4,5.2884385698804e-4,5.2927749932868e-4,baseline,1000,1000000
0.5,5,49.18188472053014,-0.01331144642445368,48.87752318595635,49.19565177205192,N_ch,1000,1000000
0.2,0,15.4375356752719,-0.03147501217706096,15.17998463133753,15.25563401396658,k_on,1000,1000000
0.2,1,16.94730001175212,0.01918355469953949,16.82720920778042,16.8581862458423,k_off,1000,1000000
0.2,2,49.95797532239659,-0.06211848363780459,49.25022297274174,49.51417810173197,i,1000,1000000
0.2,3,133.7005987953778,-0.11925955473877,131.9462073012808,132.4857081549045,S,1000,1000000
0.2,4,5.2976590477368e-4,-1.007360255696e-4,5.2814251561084e-4,5.2927750821065e-4,baseline,1000,1000000
0.2,5,49.95832417750609,-0.06211623534754043,49.25039771402108,49.51434919294668,N_ch,1000,1000000
0.1,0,14.89973069130032,-0.01309121551776998,15.28759932552228,15.27935774062932,k_on,1000,1000000
0.1,1,16.34116365973552,0.04095219072448655,16.83706869148882,16.86615100779289,k_off,1000,1000000
0.1,2,48.17232858572328,-0.02802175473093644,49.55380696500586,49.5634006618216,i,1000,1000000
0.1,3,264.8616031423878,-0.00543324979133324,264.79534515242773,265.0297278867498,S,1000,1000000
0.1,4,5.1147092697823e-4,1.3956722106835e-4,5.2919635663196e-4,5.292775161225e-4,baseline,1000,1000000
0.1,5,48.17342469215117,-0.02795610691551923,49.55400971293209,49.5633486305568,N_ch,1000,1000000
0.05,0,15.05602856127791,0.00330016257065981,15.29570767046675,15.28545212351508,k_on,1000,1000000
0.05,1,16.72401775409493,-0.00731651858893592,16.85971218498002,16.86832944403669,k_off,1000,1000000
0.05,2,48.78109225215277,0.00695623512139738,49.61024155908741,49.57597602249594,i,1000,1000000
0.05,3,526.0748339794806,-0.065943367482636,529.9304507859537,530.122788535548,S,1000,1000000
0.05,4,5.2716635871932e-4,-3.0951481135242e-4,5.2906226645816e-4,5.2927750899309e-4,baseline,1000,1000000
0.05,5,48.78152630174291,0.00702372590727204,49.61014178834994,49.57580181706562,N_ch,1000,1000000
0.02,0,15.17610645871375,-0.00180518027192491,15.301421585669,15.28712787533794,k_on,1000,1000000
0.02,1,16.79036874657629,0.03383106616516205,16.86429502346549,16.86858780162985,k_off,1000,1000000
0.02,2,49.32688967272387,-0.01441827948578289,49.61921473706307,49.57932571267575,i,1000,1000000
0.02,3,1317.221786387183,0.2003722122646147,1324.356570258284,1325.406355629288,S,1000,1000000
0.02,4,5.1836992685446e-4,2.2413722898926e-4,5.2940642383194e-4,5.2927752013556e-4,baseline,1000,1000000
0.02,5,49.32734538077218,-0.01442189583749511,49.61902180445659,49.57920770426007,N_ch,1000,1000000
0.01,0,15.51002057714346,-0.01272180577020828,15.28822121820562,15.28747557979219,k_on,1000,1000000
0.01,1,17.16239438662376,0.01081802439325503,16.85737759906075,16.86896270578404,k_off,1000,1000000
0.01,2,50.37753382606951,-0.02540331175923179,49.58378353701001,49.57955413185942,i,1000,1000000
0.01,3,2601.800941275314,-0.7247283736883736,2648.111654791555,2650.880491532547,S,1000,1000000
0.01,4,5.3320393650845e-4,-4.956737548834465e-5,5.2889007420498e-4,5.2927751021379e-4,baseline,1000,1000000
0.01,5,50.37906850948508,-0.02539801314266299,49.58377893290069,49.57956932065798,N_ch,1000,1000000
1,0,13244.41130599693,2.225009371620132,13499.37620897318,13671.69911607605,k_on,2000,0.05
1,1,13512.6447302717,-1.692722692516541,13515.37872658451,13557.65824621071,k_off,2000,0.05
1,2,40391.6533385825,3.402920571369279,41179.54534777972,41669.68235007424,i,2000,0.05
1,3,5.317773639149348,0.0113626142965024,5.259806481488093,5.301899137269309,S,2000,0.05
1,4,2145.51468967694,0.3511389818825609,2131.34935417368,2121.021959917282,baseline,2000,0.05
1,5,40336.88633224689,3.429923241304333,41123.132681538416,41623.21240097269,N_ch,2000,0.05
0.5,0,14044.8796800771,-0.6993701155168016,13770.31828858024,13802.546765431,k_on,2000,0.05
0.5,1,13809.17808614843,0.7346121965414342,13671.92622581111,13689.62315664247,k_off,2000,0.05
0.5,2,42777.73389799523,-1.762332037445832,42016.95589294201,42069.16190905216,i,2000,0.05
0.5,3,10.61302884547153,0.02925802541239631,10.58821090370047,10.60384862614601,S,2000,0.05
0.5,4,2119.63819211325,-0.101379094090239,2134.310165910062,2121.074436554017,baseline,2000,0.05
0.5,5,42681.29887453704,-1.683977823555317,41932.0333477447,41980.38968958799,N_ch,2000,0.05
0.2,0,14083.9055204596,2.430998979707246,13887.43064934757,13876.06261712345,k_on,2000,0.05
0.2,1,13746.11497540127,0.0919338904228754,13865.8634987669,13793.34615741855,k_off,2000,0.05
0.2,2,43124.36456066108,3.985502995291217,42629.57304641192,42488.00569242288,i,2000,0.05
0.2,3,26.84476045785935,0.09335163356998798,27.14210787536533,26.51732036028103,S,2000,0.05
0.2,4,2147.035612455752,0.3925191024077757,2138.234169928721,2121.139118173091,baseline,2000,0.05
0.2,5,42849.78787963404,4.047946619920917,42393.35421500789,42272.92347443707,N_ch,2000,0.05
0.1,0,13767.4062066354,0.1901837364941269,13930.31475279247,13920.66302387882,k_on,2000,0.05
0.1,1,14019.39493296003,0.04719684113928269,14005.03288069346,13875.309264207861,k_off,2000,0.05
0.1,2,42743.91954261079,0.368584707374648,42946.35609451672,42843.33226080079,i,2000,0.05
0.1,3,52.39936342227134,-0.01048767902926533,52.97139501228793,53.26144887349149,S,2000,0.05
0.1,4,2066.699548700459,0.09659419449074516,2119.575245519683,2121.210116038492,baseline,2000,0.05
0.1,5,42199.37658630373,0.2890687512564272,42481.34580617407,42421.42724689528,N_ch,2000,0.05
0.05,0,13864.778887836,0.1977338283176986,14006.26930623621,13966.97570580602,k_on,2000,0.05
0.05,1,14089.65267109736,-0.3367568066215879,14239.33220246848,13989.94508932586,k_off,2000,0.05
0.05,2,43050.6146860592,0.3952056665490934,43531.12605701208,43390.06181459063,i,2000,0.05
0.05,3,109.7766224590094,-0.187654382356986,109.4858907642839,110.4312850775365,S,2000,0.05
0.05,4,2114.173643938627,0.1064941671890146,2112.541374048837,2121.32580866721,baseline,2000,0.05
0.05,5,42166.40196853343,0.462050218678606,42640.85459114981,42575.10193089236,N_ch,2000,0.05
0.02,0,13929.43499928194,2.281675455918886,14135.23513792601,14066.48336032878,k_on,2000,0.05
0.02,1,14745.08898470837,-0.9229512486772812,14699.44387284099,14204.89109018075,k_off,2000,0.05
0.02,2,44226.21396395039,3.830730060282316,45050.67687990888,44731.90549831188,i,2000,0.05
0.02,3,346.5561103427257,0.4037797361852014,345.1278428213552,337.9036850707078,S,2000,0.05
0.02,4,2108.033000668598,-0.6856271675086397,2124.822928759178,2121.608299281762,baseline,2000,0.05
0.02,5,42270.82047871153,3.663290924719717,43042.11838564893,42897.59926463694,N_ch,2000,0.05
0.01,0,14362.62230230271,2.254377995608091,14322.46026055816,14192.7007174509,k_on,2000,0.05
0.01,1,15290.84959748506,-2.132841032758566,14903.51963015777,14382.22461380069,k_off,2000,0.05
0.01,2,46894.97557410131,3.922867898187496,46875.77964113124,46349.27997362913,i,2000,0.05
0.01,3,917.6084378312886,0.3905670969474028,896.1388293667433,879.38796466217,S,2000,0.05
0.01,4,2148.238845702081,0.1599386326070749,2122.955665808516,2121.976803549833,baseline,2000,0.05
0.01,5,43451.49962596754,3.877817700496132,43521.29346753888,43285.69394940205,N_ch,2000,0.05
1,0,13772.52503188675,0.426669746985761,13538.28852740612,13672.41687479765,k_on,2000,0.1
1,1,13967.78756633337,-1.038412776247946,13504.82929530502,13556.05632543594,k_off,2000,0.1
1,2,42271.43387292894,0.8317162756893833,41378.74690392697,41669.26169477222,i,2000,0.1
1,3,5.2840310972303,0.00676872783241295,5.29034279720578,5.301902206924057,S,2000,0.1
1,4,1071.106465296604,0.0822004416574507,1063.59957634646,1060.642250479077,baseline,2000,0.1
1,5,42190.14119576317,0.8976873557132287,41339.03028905213,41622.79756644902,N_ch,2000,0.1
0.5,0,14074.82546218219,0.5236931918272967,13872.42553865173,13800.88577956031,k_on,2000,0.1
0.5,1,13854.18666674556,-0.400677459043092,13768.47983330136,13690.51684566052,k_off,2000,0.1
0.5,2,42938.63424229809,1.002388072508914,42318.01065421886,42068.51875821732,i,2000,0.1
0.5,3,10.80152680873237,-0.01193792687940938,10.61673494094161,10.60400468094149,S,2000,0.1
0.5,4,1034.450212414101,-0.1156727748460045,1057.925586725685,1060.694696160227,baseline,2000,0.1
0.5,5,42876.89958387017,0.9666065155848494,42227.46624769032,41979.79303095346,N_ch,2000,0.1
0.2,0,13567.35995969161,-0.6715016114472866,13907.9790948917,13880.35399126468,k_on,2000,0.1
0.2,1,13473.97332465088,0.8575848046268016,13814.16133326724,13790.12684944235,k_off,2000,0.1
0.2,2,41407.20961704455,-1.261416493083844,42501.92706824213,42486.71141489805,i,2000,0.1
0.2,3,27.11173870088676,0.0189959091801391,26.36521426720899,26.53875639597498,S,2000,0.1
0.2,4,1066.433058192095,0.3590322256193051,1062.254437363363,1060.757824067848,baseline,2000,0.1
0.2,5,41199.46767297774,-1.342120622539394,42282.47835015054,42272.36395047368,N_ch,2000,0.1
0.1,0,14471.25464136027,-0.1041115998722971,13899.97936403912,13920.23433769094,k_on,2000,0.1
0.1,1,14586.74736954245,-0.4245563397654071,13970.47447828315,13871.79334008742,k_off,2000,0.1
0.1,2,44492.07304293911,0.1430910050656697,42713.34413802415,42837.63014144739,i,2000,0.1
0.1,3,53.53984518967641,0.06022169618467441,54.11047474449183,53.7837538773436,S,2000,0.1
0.1,4,1078.234094168715,0.4486260891150977,1062.931807494148,1060.82600536409,baseline,2000,0.1
0.1,5,43943.1691953677,0.1258148052515609,42281.65654794812,42420.50091778434,N_ch,2000,0.1
0.05,0,13898.36603985992,-0.6610884522216469,14053.49353368245,13968.49559136211,k_on,2000,0.1
0.05,1,14147.90301056697,1.236150117168109,14233.15164015871,13970.9374584367,k_off,2000,0.1
0.05,2,43506.99588953733,-0.4575521180424728,43642.85126825036,43364.88577575363,i,2000,0.1
0.05,3,116.0902560489438,-0.04412938185512737,116.6383907322677,116.1696321726406,S,2000,0.1
0.05,4,1036.708116821608,-0.7827823822314178,1059.240874613276,1060.933775131661,baseline,2000,0.1
0.05,5,42516.52714799415,-0.8484503521109794,42777.62566309299,42572.27859896321,N_ch,2000,0.1
0.02,0,14264.03914925527,-2.038861859733269,14137.43389375777,14066.22859094742,k_on,2000,0.1
0.02,1,14734.03770265033,1.433013896593493,14483.09068555164,14134.51483107311,k_off,2000,0.1
0.02,2,45573.03418633874,-3.697510246518843,44822.57786343013,44576.73070738446,i,2000,0.1
0.02,3,389.7855754325294,-0.05676858159765132,387.058236538867,382.2299431674006,S,2000,0.1
0.02,4,1065.204384626868,-0.1085604763738277,1061.908904498884,1061.191822673972,baseline,2000,0.1
0.02,5,43587.20745694749,-3.621170148414419,42998.19664640732,42871.78000698027,N_ch,2000,0.1
0.01,0,14056.55396343166,-0.9006155089528525,14239.66576478817,14160.33355553555,k_on,2000,0.1
0.01,1,14397.69966273641,0.621256784933596,14565.08132264846,14256.25720533893,k_off,2000,0.1
0.01,2,45507.71770717849,-1.863945243779938,46119.7730472006,45796.03300571931,i,2000,0.1
0.01,3,1029.34272872025,0.4236687935076078,1033.130425071639,1022.401092953483,S,2000,0.1
0.01,4,1063.089309161888,0.2290002503618795,1062.357674561824,1061.494656238563,baseline,2000,0.1
0.01,5,42604.68056760835,-1.492232773727509,43283.85239101885,43169.74061646736,N_ch,2000,0.1
1,0,13976.11879533411,0.5558107931108447,13602.81415427922,13672.02956546375,k_on,2000,0.2
1,1,13759.51467976684,-1.037632314637301,13652.5283728237,13556.36897742946,k_off,2000,0.2
1,2,42822.1908767264,1.115648453164367,41645.34162227569,41668.2934373641,i,2000,0.2
1,3,5.255396535213154,0.01826349798449841,5.192170645459106,5.301914512663152,S,2000,0.2
1,4,535.8631484525083,-0.0134362172145126,534.630162613714,530.4523539455772,baseline,2000,0.2
1,5,42742.35704722552,1.089684978107187,41573.85345597599,41621.84168844356,N_ch,2000,0.2
0.5,0,13809.45415952599,0.1255157637536952,13848.00038399528,13800.98043935944,k_on,2000,0.2
0.5,1,13569.33607625161,0.657740532957073,13631.41841297865,13688.39734329127,k_off,2000,0.2
0.5,2,41811.43972065324,0.1224099223886737,42141.00606725225,42067.40934893267,i,2000,0.2
0.5,3,10.99050839370116,-0.00359055393588088,10.71632546009996,10.60461830974256,S,2000,0.2
0.5,4,528.8449409349109,0.2919786584225176,530.0478901709683,530.5045265822108,baseline,2000,0.2
0.5,5,41699.93768789019,0.1692500889005727,42032.98478728715,41978.77614966987,N_ch,2000,0.2
0.2,0,14060.31972993927,-0.6061811169674427,13948.10458683027,13880.43784568787,k_on,2000,0.2
0.2,1,13834.06272022181,1.002140550344386,13805.17598031296,13788.81531871821,k_off,2000,0.2
0.2,2,42921.9468159276,-1.159726109574931,42534.98653782117,42484.04147014918,i,2000,0.2
0.2,3,26.8440175364653,0.1210706803646972,27.15626076174831,26.61361568811846,S,2000,0.2
0.2,4,538.9742818137416,0.08378708818868166,536.0291309241444,530.5664141502432,baseline,2000,0.2
0.2,5,42703.51782507098,-1.151697934500414,42317.35084533321,42271.04843882465,N_ch,2000,0.2
0.1,0,13778.11674909305,-1.095548659113181,13948.27217461307,13922.35985973531,k_on,2000,0.2
0.1,1,13839.22005207486,0.3643937365972865,13992.93055030473,13864.63253762188,k_off,2000,0.2
0.1,2,42464.93930189133,-1.640677990426177,42958.19374331276,42828.06170287082,i,2000,0.2
0.1,3,55.61505452649422,-0.07532104222126225,55.49397291250365,55.10958577208168,S,2000,0.2
0.1,4,523.9604612699437,0.06936140532659427,529.4717703447739,530.6301691695328,baseline,2000,0.2
0.1,5,42000.67439558236,-1.694990400073146,42518.44171126113,42418.57189321703,N_ch,2000,0.2
0.05,0,14117.54895076586,-0.7435949701143657,13997.8587583196,13965.86109312034,k_on,2000,0.2
0.05,1,14565.81897328809,-0.07980479219694664,14164.95482346938,13952.69263001555,k_off,2000,0.2
0.05,2,44036.36683380042,-0.6388521287386705,43426.51784078224,43328.41858207055,i,2000,0.2
0.05,3,128.3592556175691,0.1662144047224086,127.5743830327832,126.0521010950407,S,2000,0.2
0.05,4,534.6015745174041,0.196477972626533,531.9419561153969,530.7297750079501,baseline,2000,0.2
0.05,5,43051.0562093331,-1.010015769157271,42625.8812323289,42566.85917323973,N_ch,2000,0.2
0.02,0,14039.66061881342,0.908221635363573,14127.84580541648,14047.29317393941,k_on,2000,0.2
0.02,1,14367.69503147646,-1.062423985463206,14318.44841313812,14079.18328634869,k_off,2000,0.2
0.02,2,44062.50180552735,1.341096654577544,44619.03296424052,44363.45462059598,i,2000,0.2
0.02,3,437.9505696606305,0.0069583686416267,441.8455051822282,439.4217491337854,S,2000,0.2
0.02,4,537.625630919529,0.188193474487612,530.6838296939985,530.959637563668,baseline,2000,0.2
0.02,5,42385.24960982314,1.108407627976761,42957.2254055848,42830.41465687168,N_ch,2000,0.2
0.01,0,14345.85688035687,2.216896384644944,14203.39972181332,14109.51375265319,k_on,2000,0.2
0.01,1,14569.93977485111,-1.08959050343508,14339.95227611078,14150.57271396907,k_off,2000,0.2
0.01,2,46055.15603837399,3.398578497181453,45521.33314540976,45168.62245210676,i,2000,0.2
0.01,3,1181.593190796138,-0.09624821346161087,1202.634992408244,1197.976712266952,S,2000,0.2
0.01,4,535.2206524759549,-0.194140021096637,530.8290558800111,531.1783611718186,baseline,2000,0.2
0.01,5,43539.26180599846,3.12009517530715,43214.19263992092,43031.1957152859,N_ch,2000,0.2
1,0,13599.18636470414,0.5000186585304874,13611.08018731101,13671.24540143031,k_on,2000,0.5
1,1,13652.24990392267,0.3563319548020427,13632.68226463123,13552.53810408675,k_off,2000,0.5
1,2,41725.94915094336,1.195589984758922,41644.24921101241,41665.23822771819,i,2000,0.5
1,3,5.289367679869672,0.02259954089615335,5.241527671115167,5.302000319406996,S,2000,0.5
1,4,212.0947639864845,0.2874989588834887,214.3718937885668,212.3384065632728,baseline,2000,0.5
1,5,41688.36503860114,1.153522152513832,41578.43063164609,41618.82288046036,N_ch,2000,0.5
0.5,0,13920.03738636457,0.1594491763837327,13761.015648887,13799.29741295781,k_on,2000,0.5
0.5,1,13780.96110560186,-0.3445480550208893,13709.39547673134,13688.24972745977,k_off,2000,0.5
0.5,2,42356.61030696186,0.5618918451158319,41994.28841346024,42064.09149610753,i,2000,0.5
0.5,3,10.54226977062063,-0.02484851476714941,10.40647243853008,10.60871576930643,S,2000,0.5
0.5,4,211.2532260317307,-0.1789169400640813,211.2313769017411,212.389302921919,baseline,2000,0.5
0.5,5,42287.69411867876,0.6160998255287626,41898.26517444367,41975.72746770974,N_ch,2000,0.5
0.2,0,13542.51518891963,-3.185296350855463,13831.67281157188,13883.01658271804,k_on,2000,0.5
0.2,1,13815.17415480814,1.740489996943743,13769.70818731907,13782.37997516664,k_off,2000,0.5
0.2,2,41791.74288381615,-5.47754350829324,42288.13138560651,42476.88067938041,i,2000,0.5
0.2,3,27.64739875294153,-0.01260359107878405,27.154221102412,26.98553286990003,S,2000,0.5
0.2,4,213.9209461203749,-0.4715501278542759,212.2565400871673,212.4473371606242,baseline,2000,0.5
0.2,5,41617.21297508321,-5.309755110348556,42100.06823062499,42267.32142741752,N_ch,2000,0.5
0.1,0,13622.34815836686,-0.6133173837792432,13936.82878982529,13919.19361052389,k_on,2000,0.5
0.1,1,13897.3555555762,-0.2630869311344199,13982.53392893472,13852.94845261914,k_off,2000,0.5
0.1,2,42403.75914389038,-0.6569213963542194,42900.13898757778,42806.69707440941,i,2000,0.5
0.1,3,59.391700398743,0.19844790014028,59.74316879874736,59.22614767560722,S,2000,0.5
0.1,4,209.2950624988273,0.02763974372684665,213.81989141424,212.5040583262315,baseline,2000,0.5
0.1,5,41835.62685337011,-0.8696687788794618,42485.23568849545,42412.86510843055,N_ch,2000,0.5
0.05,0,14141.85436250003,-0.5530743971338734,14012.27229309705,13960.71148990889,k_on,2000,0.5
0.05,1,14417.1179380324,1.74474545499193,14079.1773152557,13916.68121767534,k_off,2000,0.5
0.05,2,43551.49396186834,-0.8716393089112232,43431.74387451589,43253.86771359601,i,2000,0.5
0.05,3,144.4591882033459,-0.00767250632791763,147.2940483802047,146.3608462016182,S,2000,0.5
0.05,4,216.6652786386981,0.08056424044333202,212.6750384389668,212.5945745208348,baseline,2000,0.5
0.05,5,42842.20054579091,-1.154786464077369,42695.67042224106,42551.52713137523,N_ch,2000,0.5
0.02,0,14249.27239653531,0.6256329520677615,14056.84562909652,14018.97165478699,k_on,2000,0.5
0.02,1,14359.37033533283,-1.819634919301041,14081.28665272263,13998.04405303996,k_off,2000,0.5
0.02,2,44741.26183061327,0.3387065886167118,44113.14329076861,43982.08825926336,i,2000,0.5
0.02,3,556.8610238350204,-0.2796212356379551,538.9267846797869,537.1697432055514,S,2000,0.5
0.02,4,215.7068266247769,-0.03911101644592051,212.7608294366131,212.7701352808072,baseline,2000,0.5
0.02,5,43292.3943100605,0.576690175714259,42771.14362874879,42744.95958558418,N_ch,2000,0.5
0.01,0,14025.17981547484,-0.05626546777465709,14089.52894649822,14051.8886826602,k_on,2000,0.5
0.01,1,14232.4973374904,-0.2550705892600202,14114.92728312886,14029.56255004418,k_off,2000,0.5
0.01,2,44659.83021879904,-0.5556611734028974,44492.64090837797,44355.44099684771,i,2000,0.5
0.01,3,1483.230480305077,-0.3994779716965385,1473.601390636287,1473.650585173252,S,2000,0.5
0.01,4,216.780405778151,-0.1039234365955094,212.5037895015001,212.8835528423087,baseline,2000,0.5
0.01,5,42820.00192492765,-0.6412851197262003,42899.33821948233,42839.56470049112,N_ch,2000,0.5
1,0,13333.49871872146,1.302041045085324,13512.8534519492,13669.05314717493,k_on,2000,1
1,1,13355.82805985661,0.0514651200421866,13478.67443554179,13551.179941357599,k_off,2000,1
1,2,40762.35932818178,1.525131581085527,41330.50354236779,41660.17941752278,i,2000,1
1,3,5.57329552633446,0.02122624839245094,5.60072134355509,5.302299945265358,S,2000,1
1,4,107.1181634497312,-0.02335674739541503,107.2767624179601,106.2996885006948,baseline,2000,1
1,5,40702.29863604651,1.603620514446809,41261.90417141366,41613.82445196043,N_ch,2000,1
0.5,0,13890.81127438075,-1.013323129700677,13778.95172274033,13799.45583800009,k_on,2000,1
0.5,1,13464.47428687165,-0.3985974706492674,13638.69026616066,13686.51195826562,k_off,2000,1
0.5,2,42173.67464299431,-2.03685498035334,41895.27652543366,42058.34159574627,i,2000,1
0.5,3,10.10313438422621,-0.00509610405898543,10.46051985309668,10.62226163675957,S,2000,1
0.5,4,105.0690407517743,-0.05678990890647594,106.1868398094184,106.3492421599628,baseline,2000,1
0.5,5,42038.3489013631,-2.024849137172788,41809.53386406694,41970.41008604522,N_ch,2000,1
0.2,0,13972.85836023886,0.5377178408015443,13904.86781514946,13874.56012940144,k_on,2000,1
0.2,1,13672.06175958293,-1.359407327618464,13850.84086899077,13783.2471362692,k_off,2000,1
0.2,2,42453.83564742866,1.632063245763657,42589.38781681081,42466.32285334513,i,2000,1
0.2,3,27.86860240752739,-0.00880251659645924,27.78164161758858,27.79035707305645,S,2000,1
0.2,4,108.7024039113615,0.106031424913321,106.2879632791242,106.402918108049,baseline,2000,1
0.2,5,42271.5489453933,1.600046816873798,42370.51480746848,42261.07631500529,N_ch,2000,1
0.1,0,13971.34137825419,-0.4254138131576522,13912.38200592948,13915.46045957794,k_on,2000,1
0.1,1,14056.66997098645,-0.1095891766051577,13874.52151466451,13838.58574587795,k_off,2000,1
0.1,2,43138.88510814076,-0.6009374598049566,42800.86232078933,42780.04466680023,i,2000,1
0.1,3,65.7465328368761,-0.02086894690327708,65.34422800476433,64.83232480402278,S,2000,1
0.1,4,107.8277267331691,0.09995627128472188,106.4005345993377,106.4547720080718,baseline,2000,1
0.1,5,42727.98277122408,-0.4208655469326166,42416.36404532853,42403.56091444164,N_ch,2000,1
0.05,0,14031.02030675305,-1.548448443315814,13942.63680690547,13954.15947467594,k_on,2000,1
0.05,1,13703.2630337435,0.1857836671328587,13972.08897592779,13890.27590579697,k_off,2000,1
0.05,2,43207.23932064773,-2.528331374162431,43163.24041464071,43167.50850471885,i,2000,1
0.05,3,166.657287895751,-0.02325640788192531,167.066113638718,167.4755105294861,S,2000,1
0.05,4,107.4727097181499,0.04976391419158394,106.3401167715677,106.5348116425025,baseline,2000,1
0.05,5,42563.90313092095,-2.288591828013431,42489.79207107874,42528.79034731847,N_ch,2000,1
0.02,0,13827.45969924496,-1.216193881862527,14006.76703389522,13995.50275267215,k_on,2000,1
0.02,1,13747.15750854696,0.7653575008103058,14012.66777356302,13939.87765764067,k_off,2000,1
0.02,2,43285.90195819686,-1.387554820691967,43722.29725144584,43650.26917928011,i,2000,1
0.02,3,627.6759836976426,-0.08371126558087677,630.8359904843974,630.5926609871369,S,2000,1
0.02,4,107.2805585246289,0.1779248152501598,106.5888881386283,106.6628462732078,baseline,2000,1
0.02,5,42217.66392943242,-1.298809917741163,42675.45069334464,42661.95299735901,N_ch,2000,1
0.01,0,14280.27381643756,-1.88635831448841,14029.76602233544,14011.80497795174,k_on,2000,1
0.01,1,14145.1790122701,0.3923609650679727,14003.10561338633,13956.64429799795,k_off,2000,1
0.01,2,44725.69635594313,-2.420594674262327,43900.60535747557,43838.37489950655,i,2000,1
0.01,3,1688.348291163695,-0.00951237868849182,1693.150446400855,1691.871202654035,S,2000,1
0.01,4,106.245546229923,0.01487526219883921,106.7165916758254,106.720061383872,baseline,2000,1
0.01,5,43616.06982678653,-2.604699490974994,42739.77295654145,42710.18143226583,N_ch,2000,1
1,0,13824.58358339578,0.1503153586034083,13742.63443902501,13637.16014814315,k_on,2000,10
1,1,13671.73973113346,-1.212179323531172,13597.65661518945,13513.28399783152,k_off,2000,10
1,2,42457.33033364882,0.2339271106278009,42100.6612583173,41570.81951621726,i,2000,10
1,3,5.140615143535324,-0.05061170860672376,5.142090983044086,5.335052940946306,S,2000,10
1,4,10.88768417417459,-0.00490715679543735,10.64256886111556,10.85568883374742,baseline,2000,10
1,5,42401.99164438112,0.2490289221721494,42029.88935606085,41525.46959716467,N_ch,2000,10
0.5,0,13949.93493836164,-0.2774285800104693,13806.02882506596,13762.15339972043,k_on,2000,10
0.5,1,13840.62076665603,-0.3542874478312528,13731.74251208196,13640.03490143751,k_off,2000,10
0.5,2,42641.25877298578,0.1763366510788651,42101.77715405812,41960.15464798643,i,2000,10
0.5,3,11.14523663474561,-0.01726595425744399,11.25325605024704,11.37136038331871,S,2000,10
0.5,4,10.89399831029194,-0.03908261629678824,10.85697298285266,10.89146624404453,baseline,2000,10
0.5,5,42574.8782216127,0.1061345831959006,42023.15958803207,41877.45909789819,N_ch,2000,10
0.2,0,13818.57500999117,-1.494041008855322,13811.25244997871,13836.52196451733,k_on,2000,10
0.2,1,13626.17305510993,0.8994072190608676,13684.31939612348,13715.62565582813,k_off,2000,10
0.2,2,42103.43632593335,-2.364594548847593,42235.92279551628,42324.0302700419,i,2000,10
0.2,3,37.32221943172789,0.00717772621043716,37.89742058867865,37.81752864543182,S,2000,10
0.2,4,10.77255324241029,-0.01280330565852348,10.93150753267969,10.925071607836,baseline,2000,10
0.2,5,41909.50345181415,-2.284835737084038,42077.67663719997,42151.41440368351,N_ch,2000,10
0.1,0,13946.8103966151,0.4174171039659222,13852.66541317086,13861.64469924435,k_on,2000,10
0.1,1,13685.27793899695,-0.8022542572358828,13765.22630895768,13751.57163684195,k_off,2000,10
0.1,2,42601.12623077055,1.033553541330577,42532.68169290276,42523.37949322163,i,2000,10
0.1,3,102.2486005289351,0.095760043461183,102.7735258475409,101.8867252703929,S,2000,10
0.1,4,10.95089237463333,-0.02602207448993554,11.02830689832654,10.95685686339473,baseline,2000,10
0.1,5,42335.45811464731,1.044571051124222,42239.91415438541,42259.43926060895,N_ch,2000,10
0.05,0,13969.30504091188,-1.325687501412615,13916.78844067496,13879.7939567263,k_on,2000,10
0.05,1,13704.78260889354,1.082398467464444,13812.86624843847,13764.89397470853,k_off,2000,10
0.05,2,42786.67516572039,-1.833384843946774,42819.00668833125,42639.28377599523,i,2000,10
0.05,3,277.0628502803187,0.1485084937549739,281.0561083194671,280.7011396002946,S,2000,10
0.05,4,11.0543622849762,-0.00448786413672604,10.97531942517266,10.98430804762438,baseline,2000,10
0.05,5,42491.32312487188,-2.003749296854275,42482.6401024983,42309.4357799419,N_ch,2000,10
0.02,0,13952.83120660102,1.626941084593548,13891.44867780713,13883.15365001782,k_on,2000,10
0.02,1,13842.10457481079,0.4829071804075806,13794.90024129851,13777.40838061111,k_off,2000,10
0.02,2,42946.53835478388,3.255177897360276,42766.91596281444,42717.35567664771,i,2000,10
0.02,3,963.8895541420766,-0.1546304382460801,977.4806838746574,977.5943461161368,S,2000,10
0.02,4,10.76122410545894,0.02478035326858634,10.98722904914006,11.00074775383646,baseline,2000,10
0.02,5,42510.21165112845,3.097369386507189,42376.66107621691,42339.59735776793,N_ch,2000,10
0.01,0,13915.97012653206,-1.007508945954044,13883.23570736371,13887.5798773659,k_on,2000,10
0.01,1,13710.47532327643,2.055819814784995,13772.34491540979,13776.00499654313,k_off,2000,10
0.01,2,42992.99973017928,-1.764818035711928,42701.62059320194,42720.39136621646,i,2000,10
0.01,3,2232.245400714452,-0.08557351938405272,2252.872011159852,2253.580140938018,S,2000,10
0.01,4,11.1107971567825,0.02788721516298708,11.00936878806636,11.00285968698021,baseline,2000,10
0.01,5,42605.64831628132,-1.728878374726085,42315.27846185005,42337.92902045709,N_ch,2000,10
1,0,34085.5419202107,-0.43323630327014,34449.34045451011,34182.07848771199,k_on,5000,0.05
1,1,34341.34299275849,-1.512174948538053,34160.46907433192,33881.78618189364,k_off,5000,0.05
1,2,103738.0422517239,0.1135206783254727,104959.7772743068,104087.596044526,i,5000,0.05
1,3,5.179462702251419,0.01705654725176584,5.231170505933563,5.301898273490798,S,5000,0.05
1,4,2140.379717654886,0.5739900193648457,2136.370454416512,2120.863970793709,baseline,5000,0.05
1,5,103753.8669424295,0.06136105123571243,104909.027826473,104041.1231059002,N_ch,5000,0.05
0.5,0,34492.78302272366,-2.554302606082288,34689.35372002095,34502.59857079471,k_on,5000,0.05
0.5,1,34340.02173448095,1.198659088121372,34556.3136987449,34220.37995425341,k_off,5000,0.05
0.5,2,105100.4272682418,-4.175409607034836,105594.1223629596,105006.8334594029,i,5000,0.05
0.5,3,10.51879698358306,-0.04951087757881807,10.41328970361879,10.60380445373945,S,5000,0.05
0.5,4,2110.782464008488,0.00347415473548644,2097.825118338389,2120.883979757994,baseline,5000,0.05
0.5,5,104945.3251039991,-4.309940181711027,105509.1954144555,104918.033448007,N_ch,5000,0.05
0.2,0,34516.79797793136,0.350221494030145,34490.24059949347,34680.10373954395,k_on,5000,0.05
0.2,1,34646.27189879693,0.9201135218789154,34420.10339961256,34438.93232819303,k_off,5000,0.05
0.2,2,105971.0156318362,-0.8331918175013391,105358.7025865915,105817.5569781339,i,5000,0.05
0.2,3,26.01603046719577,0.06278964673229293,26.56808569142294,26.51072666398044,S,5000,0.05
0.2,4,2128.229182965781,-0.3564460007696779,2132.244221755385,2120.906674831988,baseline,5000,0.05
0.2,5,105713.2617689922,-0.7344331515617817,105123.4346517465,105602.0132399841,N_ch,5000,0.05
0.1,0,34952.16263493798,-0.9139417972529462,34929.47896377606,34759.52613215357,k_on,5000,0.05
0.1,1,34559.74373061644,-0.3230510926973948,34774.53311224721,34564.45038022244,k_off,5000,0.05
0.1,2,106845.4721078614,-1.777057585172696,106710.8305859631,106319.6846824889,i,5000,0.05
0.1,3,54.25878521592588,0.00317585794642852,52.88783088544271,53.06216269132723,S,5000,0.05
0.1,4,2092.0542944674,0.8032804915117775,2121.142721252751,2120.931014335796,baseline,5000,0.05
0.1,5,106344.0858447154,-1.889579919086579,106254.7048716894,105894.3770917383,N_ch,5000,0.05
0.05,0,34342.03595533124,-0.1338426712161419,34874.11839389398,34824.80815678528,k_on,5000,0.05
0.05,1,34408.62943101143,-0.4285646268324605,34964.83990324614,34714.0109141961,k_off,5000,0.05
0.05,2,104646.8793171844,-0.1673529928476001,106983.9582586118,106957.1444289521,i,5000,0.05
0.05,3,105.3988223288093,0.06393351444142045,107.6890595705045,107.1400414178359,S,5000,0.05
0.05,4,2103.949639388571,-1.012655158031263,2122.86048634578,2120.973847362246,baseline,5000,0.05
0.05,5,103771.2971370075,-0.201346879285916,106069.9370358448,106123.1617285718,N_ch,5000,0.05
0.02,0,34734.06222064108,-0.08085360112045198,35030.60331801094,34943.39606786308,k_on,5000,0.05
0.02,1,35544.11449313039,-0.9803318014071938,35610.189913529954,34995.69666830661,k_off,5000,0.05
0.02,2,107222.6740676266,-0.2489558534266726,108718.9804408867,108459.0412095181,i,5000,0.05
0.02,3,294.7196704666391,-0.1382142432764279,297.8209882412821,297.2292140721905,S,5000,0.05
0.02,4,2139.846261153452,0.2545621241317276,2118.4962384071,2121.088330654341,baseline,5000,0.05
0.02,5,104945.4271139887,-0.2848791399598182,106633.4833047348,106505.4465427707,N_ch,5000,0.05
0.01,0,35405.8741199912,-2.567221965279804,35206.33434197494,35104.50327849856,k_on,5000,0.05
0.01,1,36875.42118880052,1.280976070639763,36092.25927554514,35263.53676645458,k_off,5000,0.05
0.01,2,111233.5909227061,-4.6476109529551914,110890.0936527719,110486.3912981274,i,5000,0.05
0.01,3,741.9572528829972,-0.2086668342946191,739.1547965678794,733.0007042645213,S,5000,0.05
0.01,4,2140.037837537912,-0.5803804637912271,2120.552206606813,2121.25711658522,baseline,5000,0.05
0.01,5,107481.5856554607,-4.702876585086316,107151.6738621677,106987.6056637896,N_ch,5000,0.05
1,0,34029.69740931368,1.979163260286442,34058.14815175777,34181.03467253013,k_on,5000,0.1
1,1,34739.65766884742,-2.741975516565935,34051.44891423029,33883.05633357679,k_off,5000,0.1
1,2,103408.9093528607,3.692851683246316,103830.1410596118,104086.9352869311,i,5000,0.1
1,3,5.5092898060424,0.01031619821986751,5.371396899987058,5.301898761932486,S,5000,0.1
1,4,1073.418480824326,0.2704932321069429,1065.082623898994,1060.484353458146,baseline,5000,0.1
1,5,103310.0941997421,3.676027167803081,103737.5945224805,104040.4649791755,N_ch,5000,0.1
0.5,0,34540.19740619212,-4.816687136690912,34600.19743751138,34505.86420189476,k_on,5000,0.1
0.5,1,34657.42448958622,2.792490831762334,34040.0578967482,34217.24075185221,k_off,5000,0.1
0.5,2,105289.405314398,-7.913842255842009,104913.702931056,105006.1734060602,i,5000,0.1
0.5,3,10.35770439988455,-0.00556827148751861,10.59396453673252,10.60382893054042,S,5000,0.1
0.5,4,1049.469626128727,-0.3988441517151655,1059.062573311226,1060.50434540937,baseline,5000,0.1
0.5,5,105191.968276357,-7.884207365630142,104861.6637864126,104917.3928576583,N_ch,5000,0.1
0.2,0,34876.77301768181,1.059090998043031,34793.31531938293,34679.33987722224,k_on,5000,0.1
0.2,1,34617.61422040255,-0.9593095851857916,34554.40304068691,34442.38771369599,k_off,5000,0.1
0.2,2,106444.6461805388,2.268344402668996,106065.1890603632,105816.584310769,i,5000,0.1
0.2,3,26.12766752488603,0.0294655990334156,26.52316145875302,26.514300541486,S,5000,0.1
0.2,4,1078.622645993072,0.05116220469918396,1063.305146732951,1060.52694820414,baseline,5000,0.1
0.2,5,106253.5338345655,2.224359559000827,105842.4215350476,105601.3452993601,N_ch,5000,0.1
0.1,0,34506.17795139205,2.625667701882313,34650.64040765846,34754.13273519954,k_on,5000,0.1
0.1,1,34855.61130997677,-1.662660866249358,34654.76616428883,34567.63799512559,k_off,5000,0.1
0.1,2,105808.0497333225,4.001288174756951,105989.1248981942,106316.5896508924,i,5000,0.1
0.1,3,54.15267212919909,0.04970589219357567,53.6983685798584,53.17439120841825,S,5000,0.1
0.1,4,1062.795908902132,-0.101685569099906,1062.815681341917,1060.55096764045,baseline,5000,0.1
0.1,5,105476.8469653158,4.078478629490348,105498.2894702813,105893.5522337372,N_ch,5000,0.1
0.05,0,34814.51460206813,3.594831320221198,34801.50671306749,34816.17510004112,k_on,5000,0.1
0.05,1,34729.90499053201,-2.376580053145037,35005.31310566891,34707.30174056966,k_off,5000,0.1
0.05,2,106743.4035635586,6.500870871339551,107061.0426403583,106942.3004304657,i,5000,0.1
0.05,3,108.0912593893247,-0.1263642987434612,108.8382489700153,109.1942140990179,S,5000,0.1
0.05,4,1050.389641517488,-0.06313572681779955,1057.914281714579,1060.592611037531,baseline,5000,0.1
0.05,5,105743.5633740996,6.338953934098544,106145.3588916853,106121.5462023991,N_ch,5000,0.1
0.02,0,35747.9530398597,1.860982591925387,35010.31115790792,34935.19441793304,k_on,5000,0.1
0.02,1,36558.61687670281,-1.537659157550866,35465.71578482785,34942.94673441563,k_off,5000,0.1
0.02,2,111048.6918348343,4.586083650900823,108638.4877343987,108361.4294076677,i,5000,0.1
0.02,3,325.0978970965365,0.1056685685426985,327.9152721329787,325.690900988999,S,5000,0.1
0.02,4,1064.617736903956,-0.0673363735333315,1061.9351892482,1060.702086859972,baseline,5000,0.1
0.02,5,109160.5231808928,4.395391359036442,106628.575604018,106493.2870551205,N_ch,5000,0.1
0.01,0,35031.9827784657,1.679666718177653,35169.79559215028,35073.73978241012,k_on,5000,0.1
0.01,1,36012.14103207248,-2.036748384240167,35719.27233067378,35145.87976486449,k_off,5000,0.1
0.01,2,109670.9140865823,2.659695014911482,110444.0014479814,110104.0880828363,i,5000,0.1
0.01,3,837.389777757451,0.1439509343453227,847.0408197253522,839.1298283052643,S,5000,0.1
0.01,4,1049.33112670132,-0.1042830674389314,1060.969488875932,1060.854967935151,baseline,5000,0.1
0.01,5,106532.5802312348,2.662256088530064,107024.7410922221,106918.9959131215,N_ch,5000,0.1
1,0,33126.87320635296,1.036322785709741,33847.7222879718,34179.47713341512,k_on,5000,0.2
1,1,33390.8998472247,-0.1444154200550279,33688.0127861657,33878.05078215462,k_off,5000,0.2
1,2,101313.9545536287,-0.04257883641666368,103380.9395124401,104086.0624982832,i,5000,0.2
1,3,5.603328073304152,0.05013261867017189,5.691994643588547,5.301900707694666,S,5000,0.2
1,4,536.1331005433948,0.2626393091961086,541.7769483894036,530.2945023214022,baseline,5000,0.2
1,5,101214.6754997215,-0.01024053241526881,103317.5867565013,104039.5966272403,N_ch,5000,0.2
0.5,0,33955.46397974285,0.399182545759156,34254.18202325891,34500.13589630595,k_on,5000,0.2
0.5,1,34132.4159548705,-0.1159243969357153,34061.77726531681,34223.82295956337,k_off,5000,0.2
0.5,2,103680.055505358,0.2244208144328519,104180.6465823747,105005.0750722102,i,5000,0.2
0.5,3,10.60425698398224,-0.01590474576454387,10.54610853914681,10.60392587600781,S,5000,0.2
0.5,4,534.0056083986417,-0.2310401700285888,528.481274137604,530.3144596141177,baseline,5000,0.2
0.5,5,103559.0136046885,0.3664386485270987,104079.289290551,104916.3314097534,N_ch,5000,0.2
0.2,0,35689.75089794016,4.741273534551889,34542.72637208801,34672.53857652146,k_on,5000,0.2
0.2,1,35893.20839813535,-1.625923750883697,34547.25702604226,34442.97323246104,k_off,5000,0.2
0.2,2,109478.9994710762,7.887351632112622,105668.370942593,105814.8222824749,i,5000,0.2
0.2,3,26.23850157158306,0.09734600862752764,26.97932167053403,26.52779872755715,S,5000,0.2
0.2,4,529.9343499489022,0.5790781856982745,534.7129164303174,530.3369659558856,baseline,5000,0.2
0.2,5,109201.7193220723,7.835350142921967,105389.0564458895,105600.1671158467,N_ch,5000,0.2
0.1,0,33742.55875697926,-1.367768225815531,34672.68090110757,34759.23419231096,k_on,5000,0.2
0.1,1,34100.58207379287,2.2383745224574,34677.31996624228,34553.45160619129,k_off,5000,0.2
0.1,2,103145.4965611581,-2.656738665801378,106062.6075383269,106310.9016946075,i,5000,0.2
0.1,3,53.12963151638974,0.1107676488184158,54.34823010726232,53.53299224045256,S,5000,0.2
0.1,4,523.0952380454988,-0.1172941380049989,532.9814440562145,530.3606675986597,baseline,5000,0.2
0.1,5,102643.2162904993,-2.485840035565727,105645.3280916947,105891.9169076002,N_ch,5000,0.2
0.05,0,34931.96258625452,-1.093386874641317,34795.31069878767,34823.73569440399,k_on,5000,0.2
0.05,1,35629.39728533244,-0.3746827498427808,34893.37811308067,34684.84553693221,k_off,5000,0.2
0.05,2,108079.7432814975,-1.854966424760093,106853.3511057507,106918.8696495875,i,5000,0.2
0.05,3,112.0244800508652,-3.9915111770355e-4,114.1321635931145,113.7612036124381,S,5000,0.2
0.05,4,524.989382659777,-0.1903732751161813,530.8927586649952,530.4003303484885,baseline,5000,0.2
0.05,5,107198.8674809468,-1.715067444167868,106004.9814103541,106118.0648486296,N_ch,5000,0.2
0.02,0,35135.12166516039,-1.033195187307953,34922.39055215741,34932.98545490875,k_on,5000,0.2
0.02,1,35731.86401137599,2.264503455703958,35261.29067023179,34873.10762769256,k_off,5000,0.2
0.02,2,108767.9542633872,-1.931489781530741,108261.0584564166,108221.2416829324,i,5000,0.2
0.02,3,369.5499471586422,0.2841120056117014,368.9495750078838,366.3472761774917,S,5000,0.2
0.02,4,527.1925183282647,0.1140573392498092,531.4814311732439,530.5038915401282,baseline,5000,0.2
0.02,5,106924.4839525585,-1.763580340120945,106393.2648748097,106470.0283032151,N_ch,5000,0.2
0.01,0,34875.31119543516,1.163075836033874,35133.10856919798,35039.51512729435,k_on,5000,0.2
0.01,1,35721.74201711484,-1.720997204010303,35364.65887904262,35019.77696121416,k_off,5000,0.2
0.01,2,109347.5702819188,1.444190334871912,109934.5840509791,109589.1145389701,i,5000,0.2
0.01,3,971.8606986999072,0.2385730535494739,977.016943154644,972.3257898009532,S,5000,0.2
0.01,4,530.2472827569045,0.306477143505447,531.099045770487,530.6329287512239,baseline,5000,0.2
0.01,5,106362.6891090225,1.609628554939821,106928.5053245581,106812.6132072195,N_ch,5000,0.2
1,0,34788.95660466321,1.942110412880107,34643.1182368633,34179.23504157874,k_on,5000,0.5
1,1,34125.10123193543,-1.038739042449827,34204.46378025693,33878.379685976,k_off,5000,0.5
1,2,105616.5281386706,3.356024311132504,105074.8639401731,104082.8920932113,i,5000,0.5
1,3,5.117289590853398,-0.04633752979969529,5.121232576753138,5.301914328026567,S,5000,0.5
1,4,208.9233366089092,-0.01309985103278064,207.9094326643209,212.1805933502643,baseline,5000,0.5
1,5,105549.1956527672,3.235664427629719,105040.6521639576,104036.4411108386,N_ch,5000,0.5
0.5,0,33975.69112110358,-2.150441549701211,34416.16269695213,34500.60995603191,k_on,5000,0.5
0.5,1,33845.6980118364,2.918287453228546,34156.22860415874,34214.87078766883,k_off,5000,0.5
0.5,2,103886.152386429,-3.663463090579447,104794.6716660493,105002.0021668704,i,5000,0.5
0.5,3,10.2416726387168,0.00114202651477884,10.37140664503077,10.60460010607289,S,5000,0.5
0.5,4,207.5942756878886,-0.04881412634127574,212.2002879946291,212.2005170434404,baseline,5000,0.5
0.5,5,103866.7806983724,-3.688291091226289,104714.8667926995,104913.3703880921,N_ch,5000,0.5
0.2,0,34156.68220526009,0.02217644084658588,34730.62273651441,34678.57811676797,k_on,5000,0.5
0.2,1,34523.70524368542,1.295185673417763,34555.92566233037,34432.55729504834,k_off,5000,0.5
0.2,2,104796.5406068527,-0.3973205396336118,106058.925823401,105809.5616234845,i,5000,0.5
0.2,3,27.36520387444237,0.01234264936654262,27.03189391039793,26.60937576421452,S,5000,0.5
0.2,4,215.8827576935539,0.1213523594527307,212.4460808412787,212.2223435655688,baseline,5000,0.5
0.2,5,104500.0591387668,-0.5175497645327612,105823.9668248444,105596.5445577305,N_ch,5000,0.5
0.1,0,34559.7600068332,-1.644107104492024,34726.13851379715,34757.28090178817,k_on,5000,0.5
0.1,1,33921.45305760334,2.685849695999478,34640.33432067524,34541.05313691832,k_off,5000,0.5
0.1,2,106116.1083811343,-2.412456927431511,106111.5775104889,106296.5894072754,i,5000,0.5
0.1,3,56.22747103479353,0.00962399539153419,55.31798458071525,55.061839951608754,S,5000,0.5
0.1,4,213.1376227489753,-0.12799837813094261,212.3163310461333,212.2447724443993,baseline,5000,0.5
0.1,5,105582.951094042,-2.432864459297915,105692.621042829,105887.0209036661,N_ch,5000,0.5
0.05,0,34562.40347490991,0.9877259664031448,34794.66016324847,34818.59797467262,k_on,5000,0.5
0.05,1,34594.34680823184,-0.9357548025310872,34770.82656163282,34659.86676042601,k_off,5000,0.5
0.05,2,105665.0454005924,1.352567337430509,106728.2971390796,106869.923355075,i,5000,0.5
0.05,3,123.7842216803228,0.05778638291974011,126.6768443837293,125.8334467192415,S,5000,0.5
0.05,4,214.1054290929413,-0.2100495442094002,212.570225900722,212.2823348511319,baseline,5000,0.5
0.05,5,104758.8764078035,1.5692317339032411,105916.9462483861,106108.1596819085,N_ch,5000,0.5
0.02,0,35877.24478632616,1.629939619465815,34944.35111573815,34911.00339904109,k_on,5000,0.5
0.02,1,35557.85440988637,-0.08479510339728571,35030.89065286842,34792.81632690076,k_off,5000,0.5
0.02,2,111818.0561120229,2.471560282005005,108102.4457402514,107946.9418587895,i,5000,0.5
0.02,3,434.0590433470781,0.2171507183408535,439.9966194231464,439.2235725623222,S,5000,0.5
0.02,4,212.5165962578107,0.2996017623765833,212.1930999604086,212.3729640303983,baseline,5000,0.5
0.02,5,109939.7953680881,2.494153306363303,106456.9816658469,106413.4744900965,N_ch,5000,0.5
0.01,0,36140.25349636402,-0.645590474700694,35080.13126372137,34981.06853465544,k_on,5000,0.5
0.01,1,35259.45311402482,0.0285667342365415,35070.47676123014,34864.60486128223,k_off,5000,0.5
0.01,2,112708.1272679869,-0.481010252190907,109096.4679591639,108758.0065883873,i,5000,0.5
0.01,3,1204.696480967765,0.0645950174167082,1202.455836878225,1197.625630143509,S,5000,0.5
0.01,4,210.0790232565305,-0.00952305108522383,212.3181994853356,212.4600323319065,baseline,5000,0.5
0.01,5,110203.6987585716,-0.9598476160115124,106828.7574837662,106622.7537637883,N_ch,5000,0.5
1,0,34338.03789352858,-0.03523671705367379,34209.58537634905,34178.34994444482,k_on,5000,1
1,1,33613.70279385287,-1.254491016552072,33645.02416083454,33875.36680014564,k_off,5000,1
1,2,104133.6173118541,0.5916664295667633,103869.6105388421,104078.0144265976,i,5000,1
1,3,5.326034432907399,-0.00656603303194801,5.33093577004278,5.301962562250719,S,5000,1
1,4,105.2194211006864,-0.08706316932076513,105.8215948534373,106.1425196869747,baseline,5000,1
1,5,104085.2516049759,0.622481672929791,103808.4030802861,104031.5881931073,N_ch,5000,1
0.5,0,35056.32457585075,-0.3435668617844339,34512.8834773967,34497.2697242937,k_on,5000,1
0.5,1,35398.6243455006,-0.3718018902985389,34261.79288013437,34218.79955455656,k_off,5000,1
0.5,2,106997.63747213,-0.5709246927878465,105389.5907403647,104996.5391328414,i,5000,1
0.5,3,10.44640416155202,-0.01502099345754423,10.58968519419724,10.6068978697084,S,5000,1
0.5,4,104.0762159865344,0.2036053981505786,105.7881944080155,106.1621177246246,baseline,5000,1
0.5,5,106911.5171294914,-0.5768983550022754,105285.8880417482,104908.0871305973,N_ch,5000,1
0.2,0,33783.72066926169,1.400906886096423,34483.64335762338,34674.20342409685,k_on,5000,1
0.2,1,33865.83588255049,-1.546116174892711,34507.79806756587,34433.57775063217,k_off,5000,1
0.2,2,103312.1631419524,1.81902962993891,105428.3092867927,105801.1617175297,i,5000,1
0.2,3,28.27850439973628,0.060075156100694783,27.88306526588672,26.83505984146228,S,5000,1
0.2,4,107.6154375666566,0.02168853999373843,106.6589973457507,106.1832351539311,baseline,5000,1
0.2,5,103056.9267958617,1.780986888908133,105180.1634687383,105590.4736839364,N_ch,5000,1
0.1,0,34279.55432282062,-1.293920959469543,34725.21582884292,34753.46654915209,k_on,5000,1
0.1,1,34774.27380840517,2.996994082768714,34636.81235063312,34528.37795991763,k_off,5000,1
0.1,2,105123.1986428357,-2.348404845895129,106153.252914577,106277.2276324937,i,5000,1
0.1,3,57.03016044274007,-0.00659617725045999,57.62956632340213,57.84349579461101,S,5000,1
0.1,4,105.2351861043403,0.0598095586040395,106.1527757552057,106.2047620898266,baseline,5000,1
0.1,5,104715.1431833812,-2.383162643963729,105738.86484279,105878.8719886491,N_ch,5000,1
0.05,0,34032.76669751205,-2.248824869497839,34758.1576447186,34816.95418922207,k_on,5000,1
0.05,1,34410.64383811068,2.586382924123533,34753.93425090477,34621.48418843267,k_off,5000,1
0.05,2,103973.6998433227,-3.17264884431817,106668.849113931,106810.9913523334,i,5000,1
0.05,3,142.4359543497694,0.2098180609818842,141.6785934898112,140.4970515378494,S,5000,1
0.05,4,106.7804155378538,-0.270865455856702,106.5016099718838,106.2401629432273,baseline,5000,1
0.05,5,103435.7601721457,-3.205053530920127,105904.9319099714,106091.9229898786,N_ch,5000,1
0.02,0,35536.65342139095,2.0625096596508,34894.11530854057,34885.90950953781,k_on,5000,1
0.02,1,35305.64703693177,0.3762654061257222,34855.69187691203,34725.11859365618,k_off,5000,1
0.02,2,109433.8566475704,3.380909742011286,107745.9268814699,107659.9751543216,i,5000,1
0.02,3,505.5595978342678,-0.0144680957032215,511.6072937576581,510.6746865788105,S,5000,1
0.02,4,104.7739478790371,-0.02417929413563331,106.2644716821341,106.3159069459923,baseline,5000,1
0.02,5,107868.0609842518,3.471846026310857,106334.3503825277,106344.1356439224,N_ch,5000,1
0.01,0,34811.73978365273,-0.662085572855275,34975.02828017696,34929.23726004421,k_on,5000,1
0.01,1,35111.47053537732,1.407803039350937,34880.49633596384,34764.70094425281,k_off,5000,1
0.01,2,107617.3341363459,-1.375767616087981,108265.4421990865,108123.7234564787,i,5000,1
0.01,3,1421.453613615814,0.200048982352041,1405.045513075732,1403.43211079404,S,5000,1
0.01,4,106.9541072810551,-0.05742394168806016,106.3427081208654,106.3703563964595,baseline,5000,1
0.01,5,105834.0160943044,-1.46575642205778,106535.5774930656,106467.1812356782,N_ch,5000,1
1,0,34226.02813835529,-0.9290881053786216,34303.57216344936,34146.14760827595,k_on,5000,10
1,1,34200.72783812628,1.538949574756218,33971.00637942652,33831.46409577189,k_off,5000,10
1,2,103953.1730521415,-0.8231325064371413,104502.9963937346,103989.106301238,i,5000,10
1,3,5.276390268231284,-0.02350553682374422,5.260249397316616,5.307867598819168,S,5000,10
1,4,10.46400757522324,0.0716007247540786,10.59878841803231,10.70683611629156,baseline,5000,10
1,5,103929.7613175902,-0.833020683967247,104465.9823779678,103943.1097932074,N_ch,5000,10
0.5,0,34619.30137721598,-1.840162855958992,34123.87968263838,34462.70462260719,k_on,5000,10
0.5,1,34549.47405469942,1.222458952438652,34052.03926320669,34167.95930268743,k_off,5000,10
0.5,2,105550.4122542288,-3.22440935371554,103901.0052124141,104900.7949251434,i,5000,10
0.5,3,10.62569346721474,-0.03153316015267218,10.55472657243165,10.80786106530579,S,5000,10
0.5,4,10.51305977990622,-0.04874466377850018,10.64364199605312,10.72350366186917,baseline,5000,10
0.5,5,105438.9079044592,-3.171749550241705,103829.9772548656,104815.0324270683,N_ch,5000,10
0.2,0,34916.84569232547,1.189986906688377,34687.80058898235,34633.43378349488,k_on,5000,10
0.2,1,35083.4965717616,0.8800037164762547,34389.78211749055,34360.36889954501,k_off,5000,10
0.2,2,106370.7269854824,0.8507282665412168,105601.388664636,105672.6487836225,i,5000,10
0.2,3,31.0909168606645,-0.03344666181436629,31.56749676288715,32.18110055465499,S,5000,10
0.2,4,10.63551984124092,0.04609724356147675,10.71795561525804,10.73942833600993,baseline,5000,10
0.2,5,106173.6205950498,0.8415934647084385,105389.1535524514,105482.5876538446,N_ch,5000,10
0.1,0,34770.91524539714,-0.3897636442238088,34649.78453433235,34704.36554257309,k_on,5000,10
0.1,1,34938.68879072978,-0.6353007438574947,34371.02553626094,34438.76218123431,k_off,5000,10
0.1,2,106435.0476687233,-0.4698711449967256,105909.4064446599,106061.4876622041,i,5000,10
0.1,3,82.96016208451556,-0.04490141080662962,83.73282497185556,83.4386586722974,S,5000,10
0.1,4,10.62474156504503,-0.02825741098881167,10.76256524320134,10.75529337946267,baseline,5000,10
0.1,5,106078.0183198414,-0.3648446927041057,105588.9871210783,105740.9178169143,N_ch,5000,10
0.05,0,35120.23940730881,3.745042334160578,34676.69840863493,34737.02666052242,k_on,5000,10
0.05,1,34644.00310468242,-1.33986968131291,34455.51341086504,34485.32160200168,k_off,5000,10
0.05,2,108410.7588816875,5.329763592364166,106289.8560840593,106345.2512394314,i,5000,10
0.05,3,225.1058689950346,-0.1643286176815356,226.9705648637065,227.0924402825509,S,5000,10
0.05,4,10.61598762011308,0.01271074862980561,10.77530979417519,10.77514646305409,baseline,5000,10
0.05,5,107699.6728336267,5.435671283179619,105765.5852785055,105882.4720005539,N_ch,5000,10
0.02,0,35345.20059809923,1.361515665597461,34693.50818552081,34760.6724361361,k_on,5000,10
0.02,1,34553.17891357085,0.00216616214946138,34489.45372423783,34504.8324863489,k_off,5000,10
0.02,2,107053.4332632929,0.8389407059242033,106364.3729461494,106518.9676340051,i,5000,10
0.02,3,871.6852324596256,-0.2385101572595685,845.1262199537621,845.7402947295154,S,5000,10
0.02,4,10.70963422199894,-6.9913073706e-4,10.77731002976731,10.79239803747943,baseline,5000,10
0.02,5,106442.2217342915,0.9530795083420864,105764.0012220882,105952.5560710368,N_ch,5000,10
0.01,0,34191.59040060235,-0.5894945996171659,34752.32744993954,34767.43601026995,k_on,5000,10
0.01,1,34040.04658219258,0.2541584360688041,34517.90115539794,34508.62286192562,k_off,5000,10
0.01,2,104702.6264667535,-1.315533384953482,106541.8135049649,106563.7271178996,i,5000,10
0.01,3,2039.526073358866,0.4380906340077073,2072.748334943445,2070.138539314085,S,5000,10
0.01,4,10.85258499271649,-0.06141621018046345,10.81005712577603,10.79642509878677,baseline,5000,10
0.01,5,103990.7780357265,-1.3562202895563,105928.7472886251,105966.6250092978,N_ch,5000,10
1,0,68125.67609334037,-1.803815513249207,67948.9660563677,68363.53481481381,k_on,10000,0.05
1,1,67203.6571218143,1.336369178386046,67392.3440719857,67748.0123085166,k_off,10000,0.05
1,2,206386.9502855157,-3.160416833802317,206780.1417368357,208117.0791868698,i,10000,0.05
1,3,5.223214464006475,-0.0305447333803843,5.174967567185251,5.301898150970088,S,10000,0.05
1,4,2053.662574148182,-0.0937822218322213,2092.648864222605,2120.81156705613,baseline,10000,0.05
1,5,206381.8198976446,-3.111226665155788,206735.6476738469,208070.6051597561,N_ch,10000,0.05
0.5,0,70440.11049027792,0.7128720709459817,69034.8478841396,68997.33859424494,k_on,10000,0.05
0.5,1,70599.41813901246,0.3532347426223815,68577.45408319635,68441.5716123283,k_off,10000,0.05
0.5,2,213927.0058421844,1.948214687907524,209761.8042355836,209902.6067147519,i,10000,0.05
0.5,3,10.64175481797892,-0.03796429638307808,10.35916835917122,10.60379825576999,S,10000,0.05
0.5,4,2068.647515126461,0.2126428310090423,2103.03467616034,2120.821409205411,baseline,10000,0.05
0.5,5,213858.9827488802,1.895134682803518,209669.518138675,209813.7976445235,N_ch,10000,0.05
0.2,0,69590.62343764413,0.5074784374861387,69317.11765097608,69349.28012589543,k_on,10000,0.05
0.2,1,69911.85968064443,1.00176841830608,68699.54858152167,68851.58074521966,k_off,10000,0.05
0.2,2,212200.1100286625,-0.9109470082584276,210724.504996283,211366.2509443795,i,10000,0.05
0.2,3,26.41468752288488,0.04506963215779999,26.7257130838139,26.50980021340507,S,10000,0.05
0.2,4,2178.727450949334,-0.5272777402141667,2128.930109792259,2120.832259222429,baseline,10000,0.05
0.2,5,212076.4435858326,-0.8478653213146135,210554.1036463554,211150.5518816175,N_ch,10000,0.05
0.1,0,68550.155119294,-7.812790117220496,69606.47102437387,69502.67392809512,k_on,10000,0.05
0.1,1,68102.08382847517,10.18888745061705,69363.56901182461,69022.86720534643,k_off,10000,0.05
0.1,2,207933.8687700504,-13.18774287889835,212633.5015946308,212108.8833509284,i,10000,0.05
0.1,3,53.65792038208071,0.05014014046689486,53.08277994834674,53.0303033480973,S,10000,0.05
0.1,4,2104.75645160782,0.092875438952336,2125.174033257108,2120.843870971532,baseline,10000,0.05
0.1,5,207421.8237003723,-13.2976896304668,212238.6229330609,211682.3555225657,N_ch,10000,0.05
0.05,0,68835.28392820037,3.134040477419012,69695.66111769067,69577.73706683324,k_on,10000,0.05
0.05,1,69552.69988095923,-1.2406146554531,69529.65519012471,69235.77863053017,k_off,10000,0.05
0.05,2,209540.3136768298,4.366561284785848,213195.841690417,212877.4359928264,i,10000,0.05
0.05,3,106.3247594472733,0.0923108491926847,106.4292324604523,106.370361426269,S,10000,0.05
0.05,4,2112.745765560207,-0.3529619626916866,2124.650675832605,2120.864222862061,baseline,10000,0.05
0.05,5,208734.8114090457,4.230978265436599,212245.4838644499,212035.2744784836,N_ch,10000,0.05
0.02,0,70468.29121006002,-1.891126983105456,69899.55113725683,69727.16355573955,k_on,10000,0.05
0.02,1,71163.06794667832,0.7822617380815227,70325.2170065707,69570.11942674614,k_off,10000,0.05
0.02,2,216412.9874994122,-3.063404128217714,214946.0794372004,214514.0425209975,i,10000,0.05
0.02,3,281.697328874068,-0.1323079255165014,279.4976824078713,279.6852445656668,S,10000,0.05
0.02,4,2113.900645152587,0.5996526787374843,2118.277816062436,2120.921345455188,baseline,10000,0.05
0.02,5,214666.2422594086,-3.450680926192999,212815.3279739048,212498.1271864841,N_ch,10000,0.05
0.01,0,70547.08898937344,0.7860521499262496,70112.37181139429,69898.83962934678,k_on,10000,0.05
0.01,1,73273.91464499217,-2.79425867530969,70981.41278327878,69938.7925278538,k_off,10000,0.05
0.01,2,218181.5042972298,1.506256958139304,217364.49047276,216771.9792970603,i,10000,0.05
0.01,3,649.2898654310874,4.1831915025248e-4,656.1347669643037,651.5921522990462,S,10000,0.05
0.01,4,2107.465807925524,-0.1360130687972628,2122.088305817567,2121.009883597836,baseline,10000,0.05
0.01,5,214745.7939019451,1.053969112293472,213414.0130179946,213039.6868634339,N_ch,10000,0.05
1,0,69668.36750609301,0.9660266842453712,69015.56071208866,68359.97814735766,k_on,10000,0.1
1,1,67688.92606224358,3.778237654002829,67124.16064259256,67740.70528876143,k_off,10000,0.1
1,2,210616.9130989701,0.160292411759714,208636.5286287946,208116.4558370823,i,10000,0.1
1,3,5.2797680346655564,-0.01291516754381782,5.286296503368204,5.301898272630535,S,10000,0.1
1,4,1065.306581196056,-0.2322254070971548,1054.461668290683,1060.431968218765,baseline,10000,0.1
1,5,210579.8979311598,0.1654647368691423,208615.7774559323,208069.9827608056,N_ch,10000,0.1
0.5,0,69839.15068832554,3.994935671649072,68839.59815079867,68991.94118696736,k_on,10000,0.1
0.5,1,69546.7388227491,-3.129105541527067,68309.39916767896,68447.02586652052,k_off,10000,0.1
0.5,2,211353.0586931442,6.124193749596941,209226.9124322663,209902.0699261657,i,10000,0.1
0.5,3,10.63061022519888,-0.00522996958967253,10.71513807542196,10.60380434945856,S,10000,0.1
0.5,4,1056.31130452224,0.4085599404824286,1059.171082532628,1060.441765917302,baseline,10000,0.1
0.5,5,211192.4721697793,6.145100358424165,209137.1221726983,209813.2697236744,N_ch,10000,0.1
0.2,0,68756.40320200457,0.3936482219262804,69158.2970297373,69344.87840246479,k_on,10000,0.1
0.2,1,68038.3148584449,-0.2144352640420234,68873.93707958456,68848.41083669776,k_off,10000,0.1
0.2,2,209284.3891638739,0.5126972339901708,211054.4798387776,211365.3459105347,i,10000,0.1
0.2,3,25.71967197405042,-0.03642831646766938,26.16637979430956,26.51070869146558,S,10000,0.1
0.2,4,1083.711808053694,0.2847652980518433,1057.051686085805,1060.452606798519,baseline,10000,0.1
0.2,5,209020.3828342709,0.5292460436612679,210795.2338049354,211149.8003090145,N_ch,10000,0.1
0.1,0,72076.32981061934,0.04959530814330484,69240.09282361883,69486.59373578352,k_on,10000,0.1
0.1,1,71252.65574364056,0.1494686010604429,69046.88868604256,69044.34030342246,k_off,10000,0.1
0.1,2,221057.3047574061,-0.4831647788053329,211503.8603381794,212106.9161561374,i,10000,0.1
0.1,3,52.52256851538013,0.02648897815308131,53.10621085093963,53.06184793632392,S,10000,0.1
0.1,4,1051.730847482064,0.2126935611385993,1061.508275284103,1060.464161159445,baseline,10000,0.1
0.1,5,220421.5831680267,-0.3428585105996164,211031.1371103818,211681.6026129962,N_ch,10000,0.1
0.05,0,69335.83078349603,-0.9654010662788304,69707.04550015191,69585.12433955165,k_on,10000,0.1
0.05,1,67661.27012977545,-1.992986960956787,69529.74825982391,69228.9000575312,k_off,10000,0.1
0.05,2,212107.75802948,-0.1256230219403248,213153.8762387016,212868.0150226993,i,10000,0.1
0.05,3,105.135145972317,0.1145517384922622,107.7583689564986,107.1247982891945,S,10000,0.1
0.05,4,1082.490376000432,-0.5228184457203882,1062.902118244185,1060.484267780207,baseline,10000,0.1
0.05,5,211117.1729620905,-0.2364319440248731,212294.3420874424,212034.0001682811,N_ch,10000,0.1
0.02,0,69613.42923355885,-3.517572206180122,69893.67785177671,69728.86463777893,k_on,10000,0.1
0.02,1,68074.54616298697,1.716894699044152,70168.66288480865,69521.77736669613,k_off,10000,0.1
0.02,2,214032.8367353219,-6.129853280000544,214879.5734916917,214444.2286064182,i,10000,0.1
0.02,3,301.1677619143449,0.1514604395203057,299.7709550140511,297.0844051135084,S,10000,0.1
0.02,4,1073.956528212928,0.5204076122869864,1061.78668037881,1060.539928491548,baseline,10000,0.1
0.02,5,211949.5707409664,-6.335602047605964,212850.5637458063,212490.7034871971,N_ch,10000,0.1
0.01,0,69553.61288984945,-3.814417324122406,69927.1725309476,69889.40173178264,k_on,10000,0.1
0.01,1,68929.60734280257,1.053758857430716,70520.40062253234,69801.85809899367,k_off,10000,0.1
0.01,2,216228.7416830011,-6.306405297949452,216536.4345701623,216496.0529877018,i,10000,0.1
0.01,3,727.4188504779032,-0.2967316361615253,735.8860719110985,732.8733575061229,S,10000,0.1
0.01,4,1079.108742430935,-0.303888546146257,1059.222113301341,1060.623735827759,baseline,10000,0.1
0.01,5,212186.8865871097,-5.810216069786183,212848.424364492,212997.1812352459,N_ch,10000,0.1
1,0,68022.89984658714,-3.290132196106293,67774.8528601972,68364.7353055876,k_on,10000,0.2
1,1,67515.44252440505,0.4926120421837021,67142.97092735568,67748.88089223046,k_off,10000,0.2
1,2,207869.6862384474,-5.170523109356276,206255.7173582189,208115.5450427297,i,10000,0.2
1,3,5.245980711937193,0.00105814110925887,5.281747149431737,5.30189875865292,S,10000,0.2
1,4,519.8458552361426,-0.2508681611000748,530.4504897870731,530.2421079700657,baseline,10000,0.2
1,5,207778.2753097411,-5.143030597400344,206215.9947491733,208069.074858361,N_ch,10000,0.2
0.5,0,68814.54608599545,3.612112353940261,68863.14433695447,68991.88600111025,k_on,10000,0.2
0.5,1,68099.56219874084,-2.259136719760453,68594.03499775816,68446.6253363603,k_off,10000,0.2
0.5,2,209451.3398100167,4.63566834372921,209605.7382881525,209901.2124942287,i,10000,0.2
0.5,3,10.61339605309369,-0.06510939477089907,10.634729537877,10.60382854518605,S,10000,0.2
0.5,4,523.3112160327394,-0.1127831719621945,522.6870610180024,530.251915142724,baseline,10000,0.2
0.5,5,209382.0559697663,4.604211592247276,209476.0908515743,209812.4306675757,N_ch,10000,0.2
0.2,0,68765.86902862109,1.263442278130427,69078.81820372048,69346.85839297158,k_on,10000,0.2
0.2,1,69106.07673367494,-1.829276561401573,68572.64509933784,68854.35703563156,k_off,10000,0.2
0.2,2,210413.0577902445,2.09905909913012,210607.0587602541,211363.7971077806,i,10000,0.2
0.2,3,26.70251669478602,0.03890185334489286,26.71578120273222,26.51422011640717,S,10000,0.2
0.2,4,536.3237732963229,-0.2062267870504556,532.0345505319192,530.2627116494498,baseline,10000,0.2
0.2,5,210266.9055963202,2.284675057020559,210333.6449666018,211148.5553145552,N_ch,10000,0.2
0.1,0,69124.67429427,-3.817432338931408,69127.82501004807,69491.43952712942,k_on,10000,0.2
0.1,1,70195.37967314965,0.6861609467299284,69041.74362746518,69037.10285785599,k_off,10000,0.2
0.1,2,211037.2540115604,-5.151715803734122,211241.2278700347,212103.1020430526,i,10000,0.2
0.1,3,52.24980960051162,-0.03190480022803621,52.86417863706176,53.17298790412239,S,10000,0.2
0.1,4,538.4607788984315,-0.3533808698391391,529.5608406088521,530.274152458065,baseline,10000,0.2
0.1,5,210765.8124862305,-5.011040842460591,210824.1595833484,211680.0734457445,N_ch,10000,0.2
0.05,0,70290.6063818167,0.1203454846232918,69635.47436103442,69582.03031284592,k_on,10000,0.2
0.05,1,70143.58532373742,2.830457365153567,69513.26941681578,69205.99996455995,k_off,10000,0.2
0.05,2,214975.52395635,-1.278136253583791,213026.5891344077,212852.0156115482,i,10000,0.2
0.05,3,110.054073223957,0.3085758900706882,110.4552279792796,109.1611089259478,S,10000,0.2
0.05,4,526.7491365196759,-0.1974047560900748,533.9688476643587,530.2939235649764,baseline,10000,0.2
0.05,5,213968.1755448414,-1.319666428480919,212165.1758044969,212031.2774728901,N_ch,10000,0.2
0.02,0,69832.70443348492,0.8307756785498736,69754.34249121734,69715.08038306267,k_on,10000,0.2
0.02,1,70377.4315395366,-1.948780009726582,69954.65023455763,69472.56874940702,k_off,10000,0.2
0.02,2,215272.9071874082,0.02478470478633478,214550.8028354474,214344.9609016331,i,10000,0.2
0.02,3,327.3331921313024,0.1470200608964324,327.1757249369057,325.5179340185588,S,10000,0.2
0.02,4,531.3794373791534,0.05053899823987844,531.0614701261276,530.347657482781,baseline,10000,0.2
0.02,5,213464.1438097531,0.3239915501442535,212561.7049276288,212476.8627870601,N_ch,10000,0.2
0.01,0,70120.43305348969,-4.104108434819674,69959.74447550077,69868.0701608243,k_on,10000,0.2
0.01,1,71931.60474890794,-1.727087081856337,70231.3662326953,69678.80330820582,k_off,10000,0.2
0.01,2,217980.7141106897,-5.492790351787152,216410.8536696284,216107.8826744025,i,10000,0.2
0.01,3,836.6807239573933,-0.01166918816396057,841.5279854014278,838.7428984310058,S,10000,0.2
0.01,4,531.3273976812621,0.01324261862781712,530.2488444496397,530.4238148926867,baseline,10000,0.2
0.01,5,214855.303812323,-5.283081019312439,213042.8856903252,212924.4565534079,N_ch,10000,0.2
1,0,68833.6056414389,1.730425506412598,68848.18570278343,68359.10101894077,k_on,10000,0.5
1,1,68180.714305782,-0.7617750365682138,67512.46964976942,67748.29827312054,k_off,10000,0.5
1,2,208925.1952560983,2.317186138945029,209079.2153201267,208112.6007548034,i,10000,0.5
1,3,5.282625760464616,0.0156704801104994,5.268951101127215,5.301902149061835,S,10000,0.5
1,4,212.7322157302498,0.1331000729150034,213.5538326723221,212.1282244255068,baseline,10000,0.5
1,5,208852.2852699668,2.346657557999851,209011.8415054838,208066.1375657852,N_ch,10000,0.5
0.5,0,68581.60049328234,-1.858673129718652,68540.5835958343,68996.72510447566,k_on,10000,0.5
0.5,1,68801.77764242364,1.314517253919882,68493.41561070272,68437.34440848263,k_off,10000,0.5
0.5,2,208752.9516041955,-3.529949193608062,209260.3959262102,209898.1496418384,i,10000,0.5
0.5,3,10.33471094124911,-0.05081376296858806,10.32162421723409,10.60399751143553,S,10000,0.5
0.5,4,212.5038568937067,-0.1387865723375664,209.7902496778604,212.1380141551449,baseline,10000,0.5
0.5,5,208804.3110762841,-3.527507673501938,209233.5468013389,209809.4246526555,N_ch,10000,0.5
0.2,0,68841.44472247783,0.366140015879389,69303.11568185664,69346.86638082388,k_on,10000,0.5
0.2,1,69797.31656908811,1.095500106851865,68874.75194582705,68846.69716873545,k_off,10000,0.5
0.2,2,210438.4145500149,-0.7180229827242519,211185.9620290674,211359.3042804467,i,10000,0.5
0.2,3,25.61587200146225,-0.0525060620285614,25.78032595100752,26.53707499692096,S,10000,0.5
0.2,4,210.4866082702296,0.1837220755062571,211.1442282769548,212.1487200677173,baseline,10000,0.5
0.2,5,210289.0977071063,-0.6317512725180989,210989.2479373636,211144.937285739,N_ch,10000,0.5
0.1,0,69188.7007126233,-4.698355277794721,69373.8203645525,69492.16966812957,k_on,10000,0.5
0.1,1,68963.85686342111,3.374194050447576,69212.91149111594,69023.69173107763,k_off,10000,0.5
0.1,2,210409.7529465386,-8.098684139720461,211884.3434651703,212092.5957005783,i,10000,0.5
0.1,3,54.90872719242928,0.09040744505095964,54.22818731497108,53.74550603395623,S,10000,0.5
0.1,4,212.3407611467361,0.1891802619410294,213.0175172687275,212.1598023694822,baseline,10000,0.5
0.1,5,209973.7293224637,-8.014462483321314,211493.3026444227,211675.4206264692,N_ch,10000,0.5
0.05,0,68877.75102552408,3.607177789107523,69354.30329945828,69572.97768595452,k_on,10000,0.5
0.05,1,69292.9251652545,-2.404099145463756,69293.39936791328,69193.49257523076,k_off,10000,0.5
0.05,2,211090.9029988293,6.442200492039637,212252.343926821,212816.303207439,i,10000,0.5
0.05,3,116.1274728558636,0.1629244416102498,117.5282792812996,115.9599451687823,S,10000,0.5
0.05,4,207.4240712833779,0.0021976113260593,212.9009032406164,212.1788781826393,baseline,10000,0.5
0.05,5,210333.1875848773,6.648289293986998,211422.648029083,212023.36148059,N_ch,10000,0.5
0.02,0,70281.91999921294,-2.288793339261579,69930.22916623653,69708.38376415064,k_on,10000,0.5
0.02,1,69502.26459136546,2.573687145041569,69906.99418321559,69379.29937554887,k_off,10000,0.5
0.02,2,214970.8375705101,-3.150082965655725,214805.4456855787,214142.9646102847,i,10000,0.5
0.02,3,383.6633106944803,0.2541978106000858,384.1669135009618,381.8781711484595,S,10000,0.5
0.02,4,208.3607194618014,0.01714767242577622,212.6418997384519,212.2289274450906,baseline,10000,0.5
0.02,5,213290.561389309,-4.00111749880658,213031.035582578,212437.8709971728,N_ch,10000,0.5
0.01,0,70461.89503245566,-0.02145458063703544,69842.11545930676,69809.09448001668,k_on,10000,0.5
0.01,1,69354.61242292731,-0.5726541630801506,69785.61803903156,69511.67446732298,k_off,10000,0.5
0.01,2,216061.9283282588,0.3588414408661298,215569.8184976806,215397.1816294892,i,10000,0.5
0.01,3,1028.964521274029,0.02387962035435895,1023.823784572864,1021.442583054447,S,10000,0.5
0.01,4,209.7451053827349,0.1085849229856632,212.6058592362995,212.288595492869,baseline,10000,0.5
0.01,5,213469.3236367116,0.6996374368964176,212788.8405221964,212770.2706092388,N_ch,10000,0.5
1,0,67646.66050006401,-2.213261199786414,67718.53946041137,68360.3443848384,k_on,10000,1
1,1,67923.04347349658,1.74648146210708,67304.33487716585,67744.53245581214,k_off,10000,1
1,2,205417.8749786097,-3.737365702999747,205677.099287225,208107.7520699022,i,10000,1
1,3,5.520325608042846,0.03824550492323547,5.595047485966962,5.301914279596946,S,10000,1
1,4,107.5485101344565,-0.2403755305547082,107.8209274585623,106.0902401934429,baseline,10000,1
1,5,205389.1066903622,-3.706295676186425,205641.8297096923,208061.3017766094,N_ch,10000,1
0.5,0,69257.40279513792,0.6411721703526986,69474.00546265172,68990.68293637317,k_on,10000,1
0.5,1,69484.42808093874,0.4989752294220512,68386.90932252585,68433.62085792958,k_off,10000,1
0.5,2,211486.7184233984,1.822152819127658,210798.8123613635,209892.6651360875,i,10000,1
0.5,3,10.70087180147512,0.00585419888619411,10.68324842131134,10.60458862836611,S,10000,1
0.5,4,106.6635320344293,-0.04853381020243108,106.2354393052595,106.100002429231,baseline,10000,1
0.5,5,211406.9513674422,1.796229647700969,210719.2235442777,209804.0294750991,N_ch,10000,1
0.2,0,70822.11992670449,2.319424300483121,69751.41386732754,69344.95909982847,k_on,10000,1
0.2,1,70990.14505564097,-2.150491715279919,69135.96688450297,68850.5466586001,k_off,10000,1
0.2,2,217213.7163246441,4.432929110689836,212414.4085134337,211351.8885367487,i,10000,1
0.2,3,26.63557703964472,-0.03629654075939837,26.47489744332667,26.60797279468035,S,10000,1
0.2,4,103.2407064972906,0.01915465331086804,105.7999317183963,106.1104810121904,baseline,10000,1
0.2,5,217062.9566233285,4.322462149146848,212165.5008467085,211138.8560742439,N_ch,10000,1
0.1,0,69800.90245617446,0.289817084501658,69437.81018058585,69479.43059015664,k_on,10000,1
0.1,1,69763.23570479262,0.2308126107601652,68998.44056283907,69019.60594474379,k_off,10000,1
0.1,2,213877.3739959104,1.3246667803568,211912.4373559338,212077.4182309467,i,10000,1
0.1,3,55.57810900430724,0.09048061085841136,55.17333376048767,55.05069103651783,S,10000,1
0.1,4,108.3878596717765,0.1786629013241935,106.4634738863458,106.1212989220358,baseline,10000,1
0.1,5,213784.1194549882,1.424235165220668,211471.2044385418,211667.7813024413,N_ch,10000,1
0.05,0,71010.938845479,1.440968245854524,69541.73220169527,69572.92627487125,k_on,10000,1
0.05,1,71514.25355539397,4.035973457446759,69377.61902388229,69154.3444606056,k_off,10000,1
0.05,2,217098.6914881582,0.4347686144278511,212715.9098418393,212771.930361276,i,10000,1
0.05,3,122.7665927129399,-0.2807335225142905,124.7280490719179,125.769391582726,S,10000,1
0.05,4,106.296228819885,-0.09913912819120337,105.6657498243996,106.1397512015318,baseline,10000,1
0.05,5,216269.709021354,0.4381737756612335,211923.834702808,212010.2234785531,N_ch,10000,1
0.02,0,68254.32735951706,-1.518090493065035,69681.93813509236,69691.23089501866,k_on,10000,1
0.02,1,69242.84815314013,-0.8081923713823836,69508.2033698026,69316.24024262646,k_off,10000,1
0.02,2,211691.0777284358,-1.351044440379934,213937.9253727678,213916.6278333284,i,10000,1
0.02,3,439.7894756042045,0.02812530428049242,438.6115960156156,439.0230773481662,S,10000,1
0.02,4,105.6915306856831,-0.05025389253963705,106.2792243749857,106.1846845039546,baseline,10000,1
0.02,5,209790.2203752791,-1.211922335197515,212316.7903376972,212383.9553412999,N_ch,10000,1
0.01,0,71239.04917059379,-3.743817025196145,69855.30311715565,69765.5671872272,k_on,10000,1
0.01,1,70785.79154733718,1.493366409507221,69584.95430436434,69388.9992061223,k_off,10000,1
0.01,2,218638.627681809,-4.763915747343139,215096.8876593461,214743.358923356,i,10000,1
0.01,3,1197.629134345871,-0.6165446416126225,1195.902805372903,1197.428211178708,S,10000,1
0.01,4,105.0774080166129,-0.09597537902826048,106.0989136611962,106.2280395069573,baseline,10000,1
0.01,5,216184.0504231272,-4.99403805368922,212843.952542037,212610.3927213336,N_ch,10000,1
1,0,69408.31345007027,-2.048488730394583,68028.23531894448,68326.57417742388,k_on,10000,10
1,1,66372.47184650158,4.583262163651806,67284.36607899924,67696.17558505015,k_off,10000,10
1,2,211730.6576181315,-4.485521051924328,207077.2399321359,208018.8050776978,i,10000,10
1,3,5.188885123930227,-0.00741028591379104,5.18009336229164,5.3034460867057716,S,10000,10
1,4,10.41013117070259,0.00341432304639554,10.62469823045092,10.6556866309685,baseline,10000,10
1,5,211658.3153551044,-4.397638244529841,207042.2883567705,207972.5703946479,N_ch,10000,10
0.5,0,69953.80641893642,2.838547221947056,68903.77053375244,68953.71477170572,k_on,10000,10
0.5,1,69656.2012961231,-1.37319810137792,68455.9093069471,68389.96361503798,k_off,10000,10
0.5,2,212022.1705948033,4.481520078706991,209489.4387469277,209797.9958058584,i,10000,10
0.5,3,10.60492755473756,-0.04921818414915311,10.42763708589132,10.66716171997496,S,10000,10
0.5,4,10.66064511707698,0.00532382262688638,10.54536686825458,10.66461603878273,baseline,10000,10
0.5,5,211792.6147629883,4.415820362441383,209322.7990919531,209710.8115689303,N_ch,10000,10
0.2,0,69662.346284272,-2.767499504129626,69252.94439015392,69307.87902548321,k_on,10000,10
0.2,1,69676.93506452469,3.036380224881965,68884.8671330525,68763.93158457485,k_off,10000,10
0.2,2,214190.4552049344,-3.723212941942934,211245.6594668436,211230.2628425002,i,10000,10
0.2,3,29.34132983557942,0.00841350110785225,29.41190339820475,29.39300503999912,S,10000,10
0.2,4,10.54410136264741,0.03497112400449719,10.69924430470205,10.67336718560304,baseline,10000,10
0.2,5,213867.3292120889,-3.652677322025417,211034.1086683645,211031.4654268034,N_ch,10000,10
0.1,0,69009.25598758958,2.873467984193484,69549.45575802868,69427.47261073644,k_on,10000,10
0.1,1,69480.2997047959,-0.2784295316087201,69053.90639247403,68917.89844309556,k_off,10000,10
0.1,2,209759.3338987804,4.40684593885705,212116.8129770079,211887.126661773,i,10000,10
0.1,3,73.67015188140826,0.03162391145698717,73.01060260273822,72.81104507824165,S,10000,10
0.1,4,10.64257443310098,-0.02454910402064312,10.71747136990159,10.68228133894554,baseline,10000,10
0.1,5,209393.0337617522,4.330911684690233,211729.1993132432,211533.810484985,N_ch,10000,10
0.05,0,70506.30043579536,-1.486520811821709,69588.83644399907,69508.44397662558,k_on,10000,10
0.05,1,70385.40150628574,1.540407591438523,69026.68875998414,68995.2437575261,k_off,10000,10
0.05,2,215594.2842665599,-2.842713279416559,212422.0286778993,212362.8775783748,i,10000,10
0.05,3,191.4382468468669,0.1502080898590863,194.5694056990226,193.993002758766,S,10000,10
0.05,4,10.62237742223165,-0.0413099669516646,10.73926534729389,10.69529683611651,baseline,10000,10
0.05,5,215037.4432359464,-2.89099263427756,211856.9704004,211807.1311466555,N_ch,10000,10
0.02,0,68882.49153514937,3.258194425392682,69603.27850489574,69547.00171871734,k_on,10000,10
0.02,1,69335.6619162377,-5.04257433980103,69194.50554385872,69055.52752366496,k_off,10000,10
0.02,2,210963.3032296432,5.659972654980834,213043.4522307658,212736.3034249499,i,10000,10
0.02,3,722.8863057012009,0.2213841390352495,735.4272434013853,736.6658471605921,S,10000,10
0.02,4,10.59307747843227,-0.04168629818001619,10.6999202922171,10.71100817179101,baseline,10000,10
0.02,5,209892.8587614364,5.472837557165986,212222.4599945251,211972.3214510714,N_ch,10000,10
0.01,0,70014.46484503504,4.223012870025272,69591.98992319331,69560.17177484279,k_on,10000,10
0.01,1,68625.06394042399,-4.39260389009282,69079.25478883805,69070.78852057169,k_off,10000,10
0.01,2,213794.2080201051,7.233733280941421,213004.3078794027,212855.2149243023,i,10000,10
0.01,3,1913.116621214727,-0.1985022691265325,1890.349010396971,1894.530453618611,S,10000,10
0.01,4,10.92139555990658,-0.00977730522785295,10.71188897139405,10.71613122873522,baseline,10000,10
0.01,5,213080.198399458,7.304264134035005,212110.7077983389,212016.8761633955,N_ch,10000,10
1,0,68363.21349468885,-2.384758925124796,67657.55757598093,68002.66700339587,k_on,10000,100
1,1,67024.61936509228,3.758378028640324,67157.74989684776,67315.4687602896,k_off,10000,100
1,2,208034.4009995693,-5.87419599320568,205972.7065238013,207136.9522351101,i,10000,100
1,3,5.369378489147421,2.6751207284501e-4,5.377579448421204,5.411249453116787,S,10000,100
1,4,1.11788242820601,-0.00388296017809359,1.107992395680426,1.108834963577554,baseline,10000,100
1,5,207980.4510225332,-5.863444676730571,205910.9456177602,207092.5950090972,N_ch,10000,100
0.5,0,68955.06857166681,0.6095259520960657,68436.6408463564,68600.12785421254,k_on,10000,100
0.5,1,66718.0673555763,0.9495698376569888,68017.49452086343,67957.20883396523,k_off,10000,100
0.5,2,210804.7718884435,1.468223576444985,209049.5494439926,208868.5522339855,i,10000,100
0.5,3,12.51796745244759,0.03092417356213601,12.53790016792563,12.27556975483082,S,10000,100
0.5,4,1.129670006590528,-7.7668239980885e-4,1.123660468474001,1.1141516314960631,baseline,10000,100
0.5,5,210646.7481368067,1.516708376508184,208940.9676305284,208789.4293908111,N_ch,10000,100
0.2,0,69775.45852847183,2.366163603928503,68578.12714529043,68907.66383007223,k_on,10000,100
0.2,1,68226.57474821871,-0.4316334959615211,67968.03703173152,68286.94526763815,k_off,10000,100
0.2,2,212852.9755928015,3.948248489892955,208962.4309790615,210152.4411556049,i,10000,100
0.2,3,43.7082939545987,-0.01344023862568165,43.65878786929404,43.5648002273354,S,10000,100
0.2,4,1.126875291082272,0.00118868487930853,1.118854922866545,1.119541414033953,baseline,10000,100
0.2,5,212677.1904230501,4.06078927685942,208753.5508337325,209996.9767507492,N_ch,10000,100
0.1,0,69847.3813856955,-2.491760392943648,68993.4338472441,69009.29532138683,k_on,10000,100
0.1,1,69241.86609905891,2.252282894110311,68282.3951327658,68376.32251628849,k_off,10000,100
0.1,2,211758.3639272599,-5.233978827619361,210295.4594448562,210568.4587082578,i,10000,100
0.1,3,121.0109397673097,0.1513545490450674,120.2341305541206,119.6054254895846,S,10000,100
0.1,4,1.144051649170469,5.8890695206733e-4,1.130328460115152,1.123931931833958,baseline,10000,100
0.1,5,211543.5809354467,-5.238551675477621,210076.672538481,210358.4538446504,N_ch,10000,100
0.05,0,68749.96933478488,0.8349980435643887,68929.26316859054,69040.41234478817,k_on,10000,100
0.05,1,68529.28542137613,0.3258420587389104,68291.54719781388,68417.96711105309,k_off,10000,100
0.05,2,210986.5380699594,0.8401335427118876,210313.031419165,210744.7739603778,i,10000,100
0.05,3,323.4433442606003,-0.2091221493349692,324.5624199187148,324.5163266792363,S,10000,100
0.05,4,1.120415227795832,0.00357568589622575,1.124087524409633,1.126853201599815,baseline,10000,100
0.05,5,210751.2526656972,0.9362208967972404,210084.0968427822,210494.9245646143,N_ch,10000,100
0.02,0,70369.11393425832,3.912629815099568,69160.47091651066,69049.74324487521,k_on,10000,100
0.02,1,69468.35704635773,-2.94223259747647,68482.8581472797,68435.74667656951,k_off,10000,100
0.02,2,214270.8529070453,6.628664672885737,211103.6520053316,210829.0464357907,i,10000,100
0.02,3,1054.9275216844121,0.5814074970970868,1064.44254925185,1060.330804568362,S,10000,100
0.02,4,1.134007068014448,0.00760814781828395,1.129011962776387,1.128079642385185,baseline,10000,100
0.02,5,213862.4653727254,6.403908085950392,210811.4398897894,210549.4552192372,N_ch,10000,100
0.01,0,71412.43930569371,2.132287714076968,69013.52966712129,69052.47172128418,k_on,10000,100
0.01,1,69699.16156873382,-0.7312422123809245,68448.20413024838,68435.3035524086,k_off,10000,100
0.01,2,216903.7476861583,3.84991489240005,210805.0804418819,210833.7187971589,i,10000,100
0.01,3,2361.92416408674,-0.2067606887136212,2355.125188919339,2357.812301264978,S,10000,100
0.01,4,1.154021437304277,0.00865842748964382,1.127728365535695,1.128284038674033,baseline,10000,100
0.01,5,216576.1119277125,3.907068643900133,210518.3767555056,210552.9569259735,N_ch,10000,100
1,0,64796.47050443072,0.6320424420750479,64633.08653255021,64955.33562273686,k_on,10000,1000
1,1,66746.27850296465,-0.07375673379504404,64559.90279883332,64177.62879649014,k_off,10000,1000
1,2,199633.3863633295,-0.4343870120664927,198459.691409946,198816.4833774863,i,10000,1000
1,3,7.250877490873397,0.03325194066519969,7.194999252786385,7.22213313154684,S,10000,1000
1,4,0.142010269508369,2.8319530823946e-4,0.1418377222691077,0.1405582580199064,baseline,10000,1000
1,5,199640.5994721001,-0.4450672709009043,198456.4489261763,198781.0750673795,N_ch,10000,1000
0.5,0,66282.40048579582,-0.09654834407486096,66163.51992433627,65361.54059550336,k_on,10000,1000
0.5,1,64878.456971510714,0.6255446190378088,64834.31503864386,64712.87161913398,k_off,10000,1000
0.5,2,202745.5301962545,0.1525123959023631,202165.8369188166,200293.7187057653,i,10000,1000
0.5,3,19.80565959510229,0.01198553338262238,19.46247264714371,19.55370228994431,S,10000,1000
0.5,4,0.1424678525236091,-0.00321473448682674,0.1422835657296889,0.1422148119252001,baseline,10000,1000
0.5,5,202722.8768451253,0.1112937884025018,202091.3716641963,200239.7443797837,N_ch,10000,1000
0.2,0,66081.64644713253,-0.00228655277148666,65660.04600769871,65589.79716017478,k_on,10000,1000
0.2,1,64033.18453757235,-2.329187625238346,64875.34846935076,64937.10350639714,k_off,10000,1000
0.2,2,201465.6097278539,1.286043852001545,201106.1353754741,201135.2579482044,i,10000,1000
0.2,3,73.94139247384696,-0.00907079576020467,74.19000793234098,74.37228712384531,S,10000,1000
0.2,4,0.1450513897512186,-0.00297931161186386,0.1437565789552549,0.1437753354470952,baseline,10000,1000
0.2,5,201404.6099635864,1.262082911716022,201027.2692654018,201062.1599543594,N_ch,10000,1000
0.1,0,66016.65835996694,-1.527144451113169,65776.12617373145,65651.9412788408,k_on,10000,1000
0.1,1,64546.71056898181,-0.137412456501068,65049.13148493662,64974.89839244687,k_off,10000,1000
0.1,2,201868.2407769906,-3.012384378166054,201715.3978942879,201300.5588447569,i,10000,1000
0.1,3,187.9922819222389,0.01396916353432851,191.2646472362331,190.4510329197138,S,10000,1000
0.1,4,0.1483151630824774,0.00392202597979962,0.1440947366356659,0.1442641541503441,baseline,10000,1000
0.1,5,201755.8859489188,-3.075573007999933,201637.6264168833,201226.559045158,N_ch,10000,1000
0.05,0,66140.48281359873,-2.288080545520203,65765.92846788607,65672.68787750855,k_on,10000,1000
0.05,1,65641.8727986547,-0.3621403041856053,64985.02014848546,64988.55190396904,k_off,10000,1000
0.05,2,202374.8964041536,-3.281025687306693,201451.3338476862,201345.7493246167,i,10000,1000
0.05,3,437.2594388458069,-0.1258392118261782,443.3618826930824,443.8411475460442,S,10000,1000
0.05,4,0.1448783463394125,0.00155080418795969,0.144346864078952,0.1444085062171047,baseline,10000,1000
0.05,5,202225.4332300334,-3.339700244451453,201361.8817271199,201271.0547610178,N_ch,10000,1000
0.02,0,66751.8080278387,0.7121393718505992,65659.5432286326,65674.99047321064,k_on,10000,1000
0.02,1,65543.33409824327,-3.022933462468646,64979.122157495,64995.65652718199,k_off,10000,1000
0.02,2,203808.541221094,1.55348817241206,201292.9273508971,201378.8252483694,i,10000,1000
0.02,3,1229.718085534547,0.03387314545020343,1232.092002222948,1230.019369592132,S,10000,1000
0.02,4,0.1397588686221835,-0.00409798924626057,0.1444411722289947,0.1444521608033939,baseline,10000,1000
0.02,5,203777.1468814731,1.572134948037568,201201.0422776715,201293.8301697023,N_ch,10000,1000
0.01,0,64996.59111169382,-2.202840949417411,65718.66908594075,65675.50331667214,k_on,10000,1000
0.01,1,64629.32157472381,0.5807677781331576,65010.42930476488,64989.17999693687,k_off,10000,1000
0.01,2,199653.4603623461,-3.301955897298864,201464.4273863899,201364.0669448773,i,10000,1000
0.01,3,2471.873387059674,0.3307969445913615,2549.8899931614,2552.066483289938,S,10000,1000
0.01,4,0.1433033757543675,-0.00428584799576323,0.1444975590383728,0.1444708106673722,baseline,10000,1000
0.01,5,199561.2133504234,-3.335344233155345,201383.7900729821,201287.4209384631,N_ch,10000,1000
1,0,45656.20542824148,-3.063530665959196,45974.59732526189,45729.7674358126,k_on,10000,10000
1,1,47213.89170815959,1.574685656877186,46702.58806348166,46483.81807051568,k_off,10000,10000
1,2,143468.9989485114,-4.190779934240513,144408.8204231163,143438.4928482466,i,10000,10000
1,3,13.39627396196771,0.01279265836434298,13.69812651562778,13.79038526722157,S,10000,10000
1,4,0.02619753071004411,0.00186827728347481,0.02638616025930585,0.02631846776774543,baseline,10000,10000
1,5,143476.0246624428,-4.210277657891271,144410.5804271716,143427.6083494949,N_ch,10000,10000
0.5,0,45929.43400357175,-2.34608570191768,46072.31649486787,46041.43415855928,k_on,10000,10000
0.5,1,46972.93259332549,0.1878040427404326,46807.15513371923,46833.45881314981,k_off,10000,10000
0.5,2,144331.8312508486,-3.395872832900116,144908.1188610844,144745.1049562891,i,10000,10000
0.5,3,35.171431605342264,-0.01101943944599994,35.00024882884394,34.95572165589957,S,10000,10000
0.5,4,0.02662003443649174,8.5744964347681e-4,0.02650622255934614,0.0265021707949435,baseline,10000,10000
0.5,5,144303.8433154105,-3.38929960659558,144892.6899163977,144732.6267381223,N_ch,10000,10000
0.2,0,47399.15273339704,5.271481223368328,46528.20744017702,46301.65817951765,k_on,10000,10000
0.2,1,46841.29592123086,-3.130214203414149,46976.02230499707,46941.97981286216,k_off,10000,10000
0.2,2,149112.1699995213,8.868862420148842,145972.861012011,145349.3579652876,i,10000,10000
0.2,3,106.3046952156959,0.0441285367924882,108.8280217178815,108.8775318620311,S,10000,10000
0.2,4,0.02634675770381142,-0.00177343684319419,0.0266394389231838,0.02658804885249052,baseline,10000,10000
0.2,5,149053.3609976647,8.802130079936115,145939.6422127554,145321.9942043354,N_ch,10000,10000
0.1,0,45488.82565517547,-2.69468541616649,46617.62812915749,46361.22354205392,k_on,10000,10000
0.1,1,47456.57533229797,1.741137098407373,47089.64698359407,46952.22215323896,k_off,10000,10000
0.1,2,142705.7257811296,-4.1812386752700466,146122.5538127435,145413.3730911489,i,10000,10000
0.1,3,240.3713878676072,0.00305283058260161,238.754327859322,238.7171502917519,S,10000,10000
0.1,4,0.02709569211100731,0.00132127932114814,0.02656737100535242,0.02660268783617484,baseline,10000,10000
0.1,5,142746.2197213654,-4.219971119251975,146113.031530277,145402.0004358185,N_ch,10000,10000
0.05,0,47207.72114597084,-0.125668250059645,46454.90831971601,46374.64411224744,k_on,10000,10000
0.05,1,48314.42491584382,-2.182310983764985,47001.35415809156,46961.28817742314,k_off,10000,10000
0.05,2,149099.8274856873,1.370473938167736,145698.3626863353,145450.1670984411,i,10000,10000
0.05,3,501.9862907102225,0.03582576938756837,502.6245178777189,502.191290953135,S,10000,10000
0.05,4,0.02680138963126441,-4.6928730881344e-4,0.02660473875277145,0.02660567980140137,baseline,10000,10000
0.05,5,149054.5863106812,1.34164894815002,145683.6185696592,145432.4564369654,N_ch,10000,10000
0.02,0,46055.5979683203,2.369546975297617,46345.05408698205,46378.22490662019,k_on,10000,10000
0.02,1,47034.887623488154,0.1153666818094257,46924.09300509717,46959.95729169453,k_off,10000,10000
0.02,2,144860.8810333059,3.045766567979684,145378.4656534693,145468.0295992304,i,10000,10000
0.02,3,1272.815878415447,-0.03057554819594176,1296.280759054261,1296.355765499355,S,10000,10000
0.02,4,0.02717291616597642,2.1317427402116e-4,0.02660692808026875,0.02660786401588974,baseline,10000,10000
0.02,5,144817.258641976,3.071145349866122,145353.5427014131,145445.1706746745,N_ch,10000,10000
0.01,0,47150.16311125414,-0.7827868401651883,46403.49969582824,46379.44080311826,k_on,10000,10000
0.01,1,47259.3944413674,0.5990422461893894,47021.11796562022,46958.10035989928,k_off,10000,10000
0.01,2,148635.9843076711,-1.536195281412551,145540.9239417734,145454.9159624226,i,10000,10000
0.01,3,2666.387631660272,0.9933882270525294,2626.727722896934,2621.500885332579,S,10000,10000
0.01,4,0.02653060703142519,-7.7067410051361e-4,0.02662399355618953,0.02660764594794915,baseline,10000,10000
0.01,5,148602.5856535244,-1.565736780296874,145526.1986216356,145439.1395523293,N_ch,10000,10000
1,0,12128.376981345271,0.6745511900336026,12067.74686027655,12068.16197914574,k_on,10000,100000
1,1,13091.55932699908,-0.3440857202820581,13139.01995047815,13178.71062567286,k_off,10000,100000
1,2,39149.27794128868,1.441041431976894,38960.17373626537,38954.19894200064,i,10000,100000
1,3,22.7910870795969,-0.02375515862810801,23.12841752509114,23.08785892711829,S,10000,100000
1,4,0.00449697617114936,2.4594713212184e-4,0.00456264026683647,0.00457253261599076,baseline,10000,100000
1,5,39152.5690545465,1.445498468990498,38960.85040319912,38953.15938834466,N_ch,10000,100000
0.5,0,12081.99652825146,0.9219684768796628,12307.67989617511,12254.24030652934,k_on,10000,100000
0.5,1,13275.64615706957,-0.1603800620385283,13344.08092900015,13301.11550070459,k_off,10000,100000
0.5,2,39030.26449146994,1.92774472003001,39776.53420501594,39583.10357179063,i,10000,100000
0.5,3,48.39641745343885,0.04634349642056289,48.4536087381233,48.70634741255487,S,10000,100000
0.5,4,0.00463962388956993,-3.667207273320459e-5,0.00458232946666565,0.00457427091469714,baseline,10000,100000
0.5,5,39027.71579512432,1.923298093936966,39774.77764782073,39581.60283492873,N_ch,10000,100000
0.2,0,12409.16063844993,-0.9028976345342002,12376.88198776773,12358.1444802711,k_on,10000,100000
0.2,1,13520.66927818204,1.330001266246156,13344.88002919462,13336.92987943511,k_off,10000,100000
0.2,2,40068.3182136532,-1.929745114930652,39856.43552056493,39810.83639166211,i,10000,100000
0.2,3,127.1834037312907,-0.04301213149963094,127.6637834865141,127.4446456797715,S,10000,100000
0.2,4,0.00452754667141183,-3.061241610696054e-6,0.00457032068406355,0.00457488330615908,baseline,10000,100000
0.2,5,40066.70804927051,-1.93071882420382,39856.6643134394,39810.55470153515,N_ch,10000,100000
0.1,0,12396.88721672194,0.1991532977116412,12382.8775388034,12376.15600957885,k_on,10000,100000
0.1,1,13389.5911126619,-0.9030120774434904,13324.40691492973,13343.23632125606,k_off,10000,100000
0.1,2,39955.24833841073,0.8833979664426961,39851.44928776396,39848.26423011782,i,10000,100000
0.1,3,254.1226397650046,-0.08467840472852287,258.5087204627518,259.6656529266263,S,10000,100000
0.1,4,0.00454403163384127,6.835839956017673e-5,0.00457228986986692,0.00457496595111898,baseline,10000,100000
0.1,5,39953.17832960367,0.8699284637059266,39849.81565717027,39847.05778654887,N_ch,10000,100000
0.05,0,12839.18682094872,-0.7035813244147542,12372.77996503897,12381.08513494933,k_on,10000,100000
0.05,1,13803.47733718997,-0.00131690810860405,13320.91815216845,13344.28532624236,k_off,10000,100000
0.05,2,41599.09171521156,-1.129084976779103,39815.2242666739,39855.62255474081,i,10000,100000
0.05,3,530.3857876956027,-0.2751110233912618,522.0206726949993,524.5802438258073,S,10000,100000
0.05,4,0.00465673008843769,-2.4228335526693e-4,0.00456932057879865,0.00457499200699247,baseline,10000,100000
0.05,5,41603.90453704661,-1.140404974669509,39814.77938573178,39855.25218553639,N_ch,10000,100000
0.02,0,12393.61506660166,-0.5372791609467495,12391.89629610884,12382.23827753142,k_on,10000,100000
0.02,1,13429.1962015512,0.3188481748214086,13362.16257771064,13344.20639136094,k_off,10000,100000
0.02,2,39896.05345686934,-0.9259281772100512,39903.59199960757,39858.54382152064,i,10000,100000
0.02,3,1310.148640110857,0.5352959589798624,1320.602025699748,1319.747476439019,S,10000,100000
0.02,4,0.00443931026953498,-3.2358143289122e-4,0.00457857340988027,0.00457501300325874,baseline,10000,100000
0.02,5,39892.36626571277,-0.9251487270175612,39902.83110364331,39858.00134920759,N_ch,10000,100000
0.01,0,12725.38290468888,0.92000043762076,12401.06710567325,12382.33615575787,k_on,10000,100000
0.01,1,13541.24623996995,-0.4465332067833853,13352.03231482434,13344.93991727014,k_off,10000,100000
0.01,2,40835.9622337781,1.774518221397539,39920.9092931757,39861.34675349111,i,10000,100000
0.01,3,2621.070915818513,0.6930323261110425,2647.286509655803,2645.184057599289,S,10000,100000
0.01,4,0.00477089836825608,-1.2061790660431e-4,0.00457748619786885,0.00457501120191838,baseline,10000,100000
0.01,5,40838.32822585046,1.772051614982366,39919.32552110434,39859.5665598117,N_ch,10000,100000
1,0,1485.777024190125,0.05161421196912819,1468.896417027986,1453.831640438596,k_on,10000,1000000
1,1,1679.489353474821,-0.1497949051042802,1643.905585191342,1623.55941729698,k_off,10000,1000000
1,2,4831.809779359598,0.1129722008579701,4778.020768349359,4725.728665347289,i,10000,1000000
1,3,26.76777631083623,0.09196158347215404,26.6176724923733,26.08874103283589,S,10000,1000000
1,4,5.287228052084e-4,-2.0545566189099e-4,5.2540763223e-4,5.2127152692323e-4,baseline,10000,1000000
1,5,4831.833343327899,0.1111494861558686,4777.963236002101,4725.718142899829,N_ch,10000,1000000
0.5,0,1497.245164785452,0.2205042628595812,1479.475161532612,1480.043553349257,k_on,10000,1000000
0.5,1,1646.030614864551,0.2448810701319304,1644.501221160256,1640.917408516725,k_off,10000,1000000
0.5,2,4868.804282524354,0.2601622009681328,4813.629524882605,4812.728634065786,i,10000,1000000
0.5,3,51.34151980751776,0.00678604477437063,52.57076461695011,52.49855645568138,S,10000,1000000
0.5,4,5.2909941403681e-4,-1.6354263643842e-4,5.21354822557e-4,5.2127426430742e-4,baseline,10000,1000000
0.5,5,4868.626088362625,0.2604872746174788,4813.535601464531,4812.6992935669095,N_ch,10000,1000000
0.2,0,1491.182159227558,-0.2393997581440194,1491.395991776363,1493.484647616007,k_on,10000,1000000
0.2,1,1653.802510565429,0.4824614879186166,1639.396461903105,1646.080887308685,k_off,10000,1000000
0.2,2,4859.58492234685,-0.5996559001276112,4839.864239194652,4843.500123989191,i,10000,1000000
0.2,3,129.1888096807193,-0.2890219192952718,130.0098461629049,131.9421735077974,S,10000,1000000
0.2,4,5.2664403400684e-4,4.846034406479486e-5,5.1860507156851e-4,5.2127519686344e-4,baseline,10000,1000000
0.2,5,4859.803935672207,-0.5998732358476336,4839.896759143222,4843.510353116193,N_ch,10000,1000000
0.1,0,1469.56550197777,-0.3234429157751693,1496.45290706876,1495.802320013446,k_on,10000,1000000
0.1,1,1609.631132470589,0.5274538244762843,1647.69145496275,1646.855666701766,k_off,10000,1000000
0.1,2,4758.560566305446,-0.6556236913208352,4850.392973195511,4848.211155406371,i,10000,1000000
0.1,3,268.4612259219393,0.1248586131045771,264.2375655478379,264.4554086429577,S,10000,1000000
0.1,4,5.1703016650954e-4,1.3292681076931e-4,5.2178596887891e-4,5.2127534650184e-4,baseline,10000,1000000
0.1,5,4758.648339475852,-0.6551237590872099,4850.425746975041,4848.22740119323,N_ch,10000,1000000
0.05,0,1473.245721788325,-0.09283401580999368,1494.34465087884,1496.384665060065,k_on,10000,1000000
0.05,1,1618.436876922242,0.6614844781884748,1641.268376825975,1647.029310610597,k_off,10000,1000000
0.05,2,4771.355580759253,-0.3003224369855628,4838.213068023367,4849.452737743708,i,10000,1000000
0.05,3,522.8177182925245,-0.3798876018208187,526.804537797775,529.5319248314669,S,10000,1000000
0.05,4,5.1764091047058e-4,6.526846040644e-4,5.2036922876539e-4,5.2127548649598e-4,baseline,10000,1000000
0.05,5,4771.300657011489,-0.2998738448967011,4838.199272330328,4849.445393798743,N_ch,10000,1000000
0.02,0,1455.925588721437,0.1938040608187468,1496.697761006965,1496.553761696304,k_on,10000,1000000
0.02,1,1617.75703559619,-0.3544261717591703,1647.927463958317,1647.143073160654,k_off,10000,1000000
0.02,2,4715.067828132408,0.3527041015413963,4851.049243003605,4849.830900281779,i,10000,1000000
0.02,3,1316.583404993609,0.6652866243464294,1327.150527303852,1324.805120450068,S,10000,1000000
0.02,4,5.1684353559391e-4,-1.3525228381202e-4,5.2182980572676e-4,5.2127532341396e-4,baseline,10000,1000000
0.02,5,4715.055694649475,0.3532172721663311,4851.026334267081,4849.802025471889,N_ch,10000,1000000
0.01,0,1478.842468785039,-0.9077046465781468,1498.203682072652,1496.605734797635,k_on,10000,1000000
0.01,1,1614.750551098175,0.3892617931411134,1647.391516655869,1647.13312909608,k_off,10000,1000000
0.01,2,4772.978364668162,-1.535240615453559,4853.562361588525,4849.661962459449,i,10000,1000000
0.01,3,2648.170637793317,0.7542495013215668,2651.939852079834,2650.275757332563,S,10000,1000000
0.01,4,5.1504082149905e-4,4.0336773070988e-4,5.2156197959998e-4,5.212752905221e-4,baseline,10000,1000000
0.01,5,4773.07622270824,-1.534604883495793,4853.644731398443,4849.741444372612,N_ch,10000,1000000
1,0,151.49130664464101,0.04652721497516403,149.4226971936143,148.4487639339171,k_on,10000,10000000
1,1,167.9128570740369,-0.1271637407802154,166.4362887256869,166.2296783494638,k_off,10000,10000000
1,2,492.0212380981053,0.1043189672707731,486.5492793897687,482.9344393323784,i,10000,10000000
1,3,26.55081197751399,0.02293516335774562,26.39957809900602,26.46640189105475,S,10000,10000000
1,4,5.381898636170009e-5,2.678956570087061e-5,5.302781922970516e-5,5.292774699027246e-5,baseline,10000,10000000
1,5,492.0187790489395,0.1042664635943241,486.5490911310238,482.9342102619131,N_ch,10000,10000000
0.5,0,150.0276935518966,-0.06448296812121468,151.2815194894341,151.1722966716855,k_on,10000,10000000
0.5,1,163.1827242696527,0.1065621889819372,167.9867085299701,168.0409143989034,k_off,10000,10000000
0.5,2,486.5799223703589,-0.1514419951372549,492.4239168940688,491.9557400879992,i,10000,10000000
0.5,3,53.1571551777239,-0.02175915886928265,52.37905776144135,52.96579535337361,S,10000,10000000
0.5,4,5.226134882635485e-5,-3.67504284051036e-6,5.287326182718992e-5,5.292775006332297e-5,baseline,10000,10000000
0.5,5,486.5784231073054,-0.1514295513381168,492.4245731423616,491.9560716200623,N_ch,10000,10000000
0.2,0,154.7714814617234,-0.07183340499824283,151.6170586528467,152.5554436098407,k_on,10000,10000000
0.2,1,169.00107428120361,0.03482798093400852,167.7589722029749,168.5821609745989,k_off,10000,10000000
0.2,2,502.6093004726166,-0.1125759524736123,492.0222526067679,495.1451289576003,i,10000,10000000
0.2,3,133.7112169030318,-0.2672218812368419,131.0561327855683,132.4857081225173,S,10000,10000000
0.2,4,5.216826471097594e-5,4.757206172724174e-5,5.267784332789624e-5,5.292775085249325e-5,baseline,10000,10000000
0.2,5,502.6140113986465,-0.1125592145800379,492.0234155944669,495.1455815241716,N_ch,10000,10000000
0.1,0,150.7909825923948,-0.07426648240931823,152.7834784243433,152.7930591605869,k_on,10000,10000000
0.1,1,164.9815409033608,0.09399147200724586,168.54120439076,168.6616355604457,k_off,10000,10000000
0.1,2,491.2232266710215,-0.1358344456463627,495.5598908316682,495.6327784454289,i,10000,10000000
0.1,3,266.6292586743834,-0.0927133466298846,264.9204901106721,265.0297279493406,S,10000,10000000
0.1,4,5.351221472246383e-5,-1.900853692912776e-5,5.287993916368653e-5,5.292775127364887e-5,baseline,10000,10000000
0.1,5,491.226253940549,-0.1357531551041157,495.5606542622365,495.6332918671404,N_ch,10000,10000000
0.05,0,154.875015167396,-0.0724862038283,153.1405919905867,152.8544508126934,k_on,10000,10000000
0.05,1,171.0452179323707,0.08030827007302507,169.0161341364592,168.6821000304198,k_off,10000,10000000
0.05,2,502.5582853673053,-0.1158387250165317,496.6616759005207,495.7562075253005,i,10000,10000000
0.05,3,544.0304852854146,0.3168630420447112,532.305824233203,530.1227890874547,S,10000,10000000
0.05,4,5.430057917669972e-5,2.421717178840449e-5,5.299542062703454e-5,5.292775128229596e-5,baseline,10000,10000000
0.05,5,502.5520304359899,-0.1158748647170922,496.6617704685602,495.7566616132552,N_ch,10000,10000000
0.02,0,149.8695658947408,-0.09016140970303116,152.75486693994,152.8719451490699,k_on,10000,10000000
0.02,1,166.1553665250024,0.09657692327110803,168.5883764260938,168.6881379529756,k_off,10000,10000000
0.02,2,486.7390946576363,-0.148082083171646,495.2975319749439,495.7904891496808,i,10000,10000000
0.02,3,1315.463224843567,0.07839079649700452,1325.125040715165,1325.406354862343,S,10000,10000000
0.02,4,5.242928422208826e-5,3.331545219657663e-5,5.292928551328884e-5,5.292775124946742e-5,baseline,10000,10000000
0.02,5,486.7404858147311,-0.1480602413649102,495.2981229608753,495.7911157826758,N_ch,10000,10000000
0.01,0,154.6988980950078,-0.3021613756986639,152.8593776550297,152.8745174950379,k_on,10000,10000000
0.01,1,169.2222449456356,0.3098116012818228,168.6964266174529,168.6872785576954,k_off,10000,10000000
0.01,2,501.001556005955,-0.5231680319167856,495.8525134836997,495.7912490625973,i,10000,10000000
0.01,3,2673.834941555394,-0.07126627372795805,2651.342028332367,2650.88049153554,S,10000,10000000
0.01,4,5.396963149942586e-5,1.9263731557844e-4,5.291917918437993e-5,5.292775148304383e-5,baseline,10000,10000000
0.01,5,500.9980746705566,-0.5230769424306422,495.8551067567922,495.7939714304356,N_ch,10000,10000000
